Nom,Categorie,CID,Formule,Masse_molaire,LogP,HBD,HBA,TPSA,SMILES,Source_structure,Source_toxicologie,Plante,Partie_utilisee,Statut_donnees,RDKit_Masse_molaire,RDKit_LogP,RDKit_HBD,RDKit_HBA,RDKit_TPSA,Atomes_lourds,Anneaux,Liaisons_rotatables,LD50_mg_kg,LogLD50,Toxicite,Risque,RKdit_masse_molaire,PubChem_CID,Formule_PubChem,Masse_molaire_PubChem,LogP_PubChem,HBD_PubChem,HBA_PubChem,TPSA_PubChem,Atomes_lourds_PubChem,Anneaux_PubChem,Liaisons_rotatables_PubChem,SMILES_isomerique,IUPAC_Name,PubChem_Statut,RDKit_Atomes_lourds,RDKit_Anneaux,RDKit_Liaisons_rotatables,Nom_original,Nom_PubChem,IUPAC_Name_PubChem,SMILES_PubChem,InChI_PubChem,InChIKey_PubChem
3-Hydroxybenzyl alcohol,Industrial,102,C7H8O2,124.14,0.5,2,2,40.5,C1=CC(=CC(=C1)O)CO,PubChem,,,,Structure_PubChem,124.139,0.8845,2,2,40.46,9,1,1,,,,,124.139,,C7H8O2,,,,,,,,,,,Trouvé,,,,CID_102,3-Hydroxybenzyl alcohol,3-(hydroxymethyl)phenol,C1=CC(=CC(=C1)O)CO,"InChI=1S/C7H8O2/c8-5-6-2-1-3-7(9)4-6/h1-4,8-9H,5H2",OKVJCVWFVRATSG-UHFFFAOYSA-N
4-Hydroxybenzyl Alcohol,Industrial,125,C7H8O2,124.14,0.2,2,2,40.5,C1=CC(=CC=C1CO)O,PubChem,,,,Structure_PubChem,124.139,0.8845,2,2,40.46,9,1,1,,,,,124.139,,C7H8O2,,,,,,,,,,,Trouvé,,,,CID_125,4-Hydroxybenzyl Alcohol,4-(hydroxymethyl)phenol,C1=CC(=CC=C1CO)O,"InChI=1S/C7H8O2/c8-5-6-1-3-7(9)4-2-6/h1-4,8-9H,5H2",BVJSUAQZOZWCKN-UHFFFAOYSA-N
Acetone,Industrial,180,C3H6O,58.08,-0.1,0,1,17.1,CC(=O)C,PubChem,,,,Structure_PubChem,58.08,0.5953,0,1,17.07,4,0,0,,,,,58.08,,C3H6O,,,,,,,,,,,Trouvé,,,,CID_180,Acetone,propan-2-one,CC(=O)C,InChI=1S/C3H6O/c1-3(2)4/h1-2H3,CSCPPACGZOOCGX-UHFFFAOYSA-N
Benzene,Industrial,241,C6H6,78.11,2.1,0,0,0.0,C1=CC=CC=C1,PubChem,,,,Structure_PubChem,78.114,1.6866,0,0,0.0,6,1,0,,,,,78.114,,C6H6,,,,,,,,,,,Trouvé,,,,CID_241,Benzene,benzene,C1=CC=CC=C1,InChI=1S/C6H6/c1-2-4-6-5-3-1/h1-6H,UHOVQNZJYSORNB-UHFFFAOYSA-N
Catechol,Industrial,289,C6H6O2,110.11,0.9,2,2,40.5,C1=CC=C(C(=C1)O)O,PubChem,,,,Structure_PubChem,110.112,1.0978,2,2,40.46,8,1,0,,,,,110.112,,C6H6O2,,,,,,,,,,,Trouvé,,,,CID_289,Catechol,"benzene-1,2-diol",C1=CC=C(C(=C1)O)O,"InChI=1S/C6H6O2/c7-5-3-1-2-4-6(5)8/h1-4,7-8H",YCIMNLLNPGFGHC-UHFFFAOYSA-N
Coumarin,Industrial,323,C9H6O2,146.14,1.4,0,2,26.3,C1=CC=C2C(=C1)C=CC(=O)O2,PubChem,,,,Structure_PubChem,146.145,1.793,0,2,30.21,11,2,0,,,,,146.145,,C9H6O2,,,,,,,,,,,Trouvé,,,,CID_323,Coumarin,chromen-2-one,C1=CC=C2C(=C1)C=CC(=O)O2,InChI=1S/C9H6O2/c10-9-6-5-7-3-1-2-4-8(7)11-9/h1-6H,ZYGHJZDHTFUPRJ-UHFFFAOYSA-N
O-Cresol,Industrial,335,C7H8O,108.14,2.0,1,1,20.2,CC1=CC=CC=C1O,PubChem,,,,Structure_PubChem,108.14,1.7006,1,1,20.23,8,1,0,,,,,108.14,,C7H8O,,,,,,,,,,,Trouvé,,,,CID_335,O-Cresol,2-methylphenol,CC1=CC=CC=C1O,"InChI=1S/C7H8O/c1-6-4-2-3-5-7(6)8/h2-5,8H,1H3",QWVGKYWNOKOFNN-UHFFFAOYSA-N
Salicylic Acid,Industrial,338,C7H6O3,138.12,2.3,2,3,57.5,C1=CC=C(C(=C1)C(=O)O)O,PubChem,,,,Structure_PubChem,138.122,1.0904,2,2,57.53,10,1,1,,,,,138.122,,C7H6O3,,,,,,,,,,,Trouvé,,,,CID_338,Salicylic Acid,2-hydroxybenzoic acid,C1=CC=C(C(=C1)C(=O)O)O,"InChI=1S/C7H6O3/c8-6-4-2-1-3-5(6)7(9)10/h1-4,8H,(H,9,10)",YGSDEFSMJLZEOE-UHFFFAOYSA-N
M-Cresol,Industrial,342,C7H8O,108.14,2.0,1,1,20.2,CC1=CC(=CC=C1)O,PubChem,,,,Structure_PubChem,108.14,1.7006,1,1,20.23,8,1,0,,,,,108.14,,C7H8O,,,,,,,,,,,Trouvé,,,,CID_342,M-Cresol,3-methylphenol,CC1=CC(=CC=C1)O,"InChI=1S/C7H8O/c1-6-3-2-4-7(8)5-6/h2-5,8H,1H3",RLSSMJSEOOYNOY-UHFFFAOYSA-N
Phloroglucinol,Industrial,359,C6H6O3,126.11,0.2,3,3,60.7,C1=C(C=C(C=C1O)O)O,PubChem,,,,Structure_PubChem,126.111,0.8034,3,3,60.69,9,1,0,,,,,126.111,,C6H6O3,,,,,,,,,,,Trouvé,,,,CID_359,Phloroglucinol,"benzene-1,3,5-triol",C1=C(C=C(C=C1O)O)O,"InChI=1S/C6H6O3/c7-4-1-5(8)3-6(9)2-4/h1-3,7-9H",QCDYQQDYXPDABM-UHFFFAOYSA-N
Butanedione,Industrial,650,C4H6O2,86.09,-1.3,0,2,34.1,CC(=O)C(=O)C,PubChem,,,,Structure_PubChem,86.09,0.1644,0,2,34.14,6,0,1,,,,,86.09,,C4H6O2,,,,,,,,,,,Trouvé,,,,CID_650,Butanedione,"butane-2,3-dione",CC(=O)C(=O)C,InChI=1S/C4H6O2/c1-3(5)4(2)6/h1-2H3,QSJXEFYPDANLFS-UHFFFAOYSA-N
Dihydrocoumarin,Industrial,660,C9H8O2,148.16,1.6,0,2,26.3,C1CC(=O)OC2=CC=CC=C21,PubChem,,,,Structure_PubChem,148.161,1.5382,0,2,26.3,11,2,0,,,,,148.161,,C9H8O2,,,,,,,,,,,Trouvé,,,,CID_660,Dihydrocoumarin,"3,4-dihydrochromen-2-one",C1CC(=O)OC2=CC=CC=C21,"InChI=1S/C9H8O2/c10-9-6-5-7-3-1-2-4-8(7)11-9/h1-4H,5-6H2",VMUXSMXIQBNMGZ-UHFFFAOYSA-N
Ethanol,Industrial,702,C2H6O,46.07,-0.1,1,1,20.2,CCO,PubChem,,,,Structure_PubChem,46.069,-0.0014,1,1,20.23,3,0,0,,,,,46.069,,C2H6O,,,,,,,,,,,Trouvé,,,,CID_702,Ethanol,ethanol,CCO,"InChI=1S/C2H6O/c1-2-3/h3H,2H2,1H3",LFQSCWFLJHTTHZ-UHFFFAOYSA-N
Hydroquinone,Industrial,785,C6H6O2,110.11,0.6,2,2,40.5,C1=CC(=CC=C1O)O,PubChem,,,,Structure_PubChem,110.112,1.0978,2,2,40.46,8,1,0,,,,,110.112,,C6H6O2,,,,,,,,,,,Trouvé,,,,CID_785,Hydroquinone,"benzene-1,4-diol",C1=CC(=CC=C1O)O,"InChI=1S/C6H6O2/c7-5-1-2-6(8)4-3-5/h1-4,7-8H",QIGBRXMKCJKVMJ-UHFFFAOYSA-N
Methanol,Industrial,887,CH4O,32.042,-0.5,1,1,20.2,CO,PubChem,,,,Structure_PubChem,32.042,-0.3915,1,1,20.23,2,0,0,,,,,32.042,,CH4O,,,,,,,,,,,Trouvé,,,,CID_887,Methanol,methanol,CO,"InChI=1S/CH4O/c1-2/h2H,1H3",OKKJLVBELUTLKV-UHFFFAOYSA-N
Phenol,Industrial,996,C6H6O,94.11,1.5,1,1,20.2,C1=CC=C(C=C1)O,PubChem,,,,Structure_PubChem,94.113,1.3922,1,1,20.23,7,1,0,,,,,94.113,,C6H6O,,,,,,,,,,,Trouvé,,,,CID_996,Phenol,phenol,C1=CC=C(C=C1)O,"InChI=1S/C6H6O/c7-6-4-2-1-3-5-6/h1-5,7H",ISWSIDIOOBJBQZ-UHFFFAOYSA-N
1-Propanol,Industrial,1031,C3H8O,60.1,0.3,1,1,20.2,CCCO,PubChem,,,,Structure_PubChem,60.096,0.3887,1,1,20.23,4,0,1,,,,,60.096,,C3H8O,,,,,,,,,,,Trouvé,,,,CID_1031,1-Propanol,propan-1-ol,CCCO,"InChI=1S/C3H8O/c1-2-3-4/h4H,2-3H2,1H3",BDERNNFJNOPAEC-UHFFFAOYSA-N
Pyrogallol,Industrial,1057,C6H6O3,126.11,0.5,3,3,60.7,C1=CC(=C(C(=C1)O)O)O,PubChem,,,,Structure_PubChem,126.111,0.8034,3,3,60.69,9,1,0,,,,,126.111,,C6H6O3,,,,,,,,,,,Trouvé,,,,CID_1057,Pyrogallol,"benzene-1,2,3-triol",C1=CC(=C(C(=C1)O)O)O,"InChI=1S/C6H6O3/c7-4-2-1-3-5(8)6(4)9/h1-3,7-9H",WQGWDDDVZFFDIG-UHFFFAOYSA-N
Toluene,Industrial,1140,C7H8,92.14,2.7,0,0,0.0,CC1=CC=CC=C1,PubChem,,,,Structure_PubChem,92.141,1.995,0,0,0.0,7,1,0,,,,,92.141,,C7H8,,,,,,,,,,,Trouvé,,,,CID_1140,Toluene,toluene,CC1=CC=CC=C1,"InChI=1S/C7H8/c1-7-5-3-2-4-6-7/h2-6H,1H3",YXFVVABEGXRONW-UHFFFAOYSA-N
"2,4-Dihydroxybenzoic Acid",Industrial,1491,C7H6O4,154.12,1.6,3,4,77.8,C1=CC(=C(C=C1O)O)C(=O)O,PubChem,,,,Structure_PubChem,154.121,0.796,3,3,77.76,11,1,1,,,,,154.121,1491.0,C7H6O4,154.12,1.6,3.0,4.0,77.8,11.0,,1.0,C1=CC(=C(C=C1O)O)C(=O)O,"2,4-dihydroxybenzoic acid",Trouvé,11.0,1.0,1.0,CID_1491,"2,4-Dihydroxybenzoic Acid","2,4-dihydroxybenzoic acid",C1=CC(=C(C=C1O)O)C(=O)O,"InChI=1S/C7H6O4/c8-4-1-2-5(7(10)11)6(9)3-4/h1-3,8-9H,(H,10,11)",UIAFKZKHHVMJGS-UHFFFAOYSA-N
4-Nonylphenol,Industrial,1752,C15H24O,220.35,5.9,1,1,20.2,CCCCCCCCCC1=CC=C(C=C1)O,PubChem,,,,Structure_PubChem,220.356,4.6853,1,1,20.23,16,1,8,,,,,220.356,,C15H24O,,,,,,,,,,,Trouvé,,,,CID_1752,4-Nonylphenol,4-nonylphenol,CCCCCCCCCC1=CC=C(C=C1)O,"InChI=1S/C15H24O/c1-2-3-4-5-6-7-8-9-14-10-12-15(16)13-11-14/h10-13,16H,2-9H2,1H3",IGFHQQFPSIBGKE-UHFFFAOYSA-N
Aspirin,Industrial,2244,C9H8O4,180.16,1.2,1,4,63.6,CC(=O)OC1=CC=CC=C1C(=O)O,PubChem,,,,Structure_PubChem,180.159,1.3101,1,3,63.6,13,1,2,,,,,180.159,2244.0,C9H8O4,180.16,1.2,1.0,4.0,63.6,13.0,,3.0,CC(=O)OC1=CC=CC=C1C(=O)O,2-acetyloxybenzoic acid,Trouvé,13.0,1.0,2.0,CID_2244,Aspirin,2-acetyloxybenzoic acid,CC(=O)OC1=CC=CC=C1C(=O)O,"InChI=1S/C9H8O4/c1-6(10)13-8-5-3-2-4-7(8)9(11)12/h2-5H,1H3,(H,11,12)",BSYNRYMUTXBXSQ-UHFFFAOYSA-N
Chromocarb,Industrial,2741,C10H6O4,190.15,1.6,1,4,63.6,C1=CC=C2C(=C1)C(=O)C=C(O2)C(=O)O,PubChem,,,,Structure_PubChem,190.154,1.4912,1,3,67.51,14,2,1,,,,,190.154,,C10H6O4,,,,,,,,,,,Trouvé,,,,CID_2741,Chromocarb,4-oxochromene-2-carboxylic acid,C1=CC=C2C(=C1)C(=O)C=C(O2)C(=O)O,"InChI=1S/C10H6O4/c11-7-5-9(10(12)13)14-8-4-2-1-3-6(7)8/h1-5H,(H,12,13)",RVMGXWBCQGAWBR-UHFFFAOYSA-N
P-Cresol,Industrial,2879,C7H8O,108.14,1.9,1,1,20.2,CC1=CC=C(C=C1)O,PubChem,,,,Structure_PubChem,108.14,1.7006,1,1,20.23,8,1,0,,,,,108.14,,C7H8O,,,,,,,,,,,Trouvé,,,,CID_2879,P-Cresol,4-methylphenol,CC1=CC=C(C=C1)O,"InChI=1S/C7H8O/c1-6-2-4-7(8)5-3-6/h2-5,8H,1H3",IWDCLRJOBJJRNH-UHFFFAOYSA-N
Fosfosal,Industrial,3418,C7H7O6P,218.1,0.0,3,6,104.0,C1=CC=C(C(=C1)C(=O)O)OP(=O)(O)O,PubChem,,,,Structure_PubChem,218.101,0.8563,3,3,104.06,14,1,3,,,,,218.101,,C7H7O6P,,,,,,,,,,,Trouvé,,,,CID_3418,Fosfosal,2-phosphonooxybenzoic acid,C1=CC=C(C(=C1)C(=O)O)OP(=O)(O)O,"InChI=1S/C7H7O6P/c8-7(9)5-3-1-2-4-6(5)13-14(10,11)12/h1-4H,(H,8,9)(H2,10,11,12)",FFKUDWZICMJVPA-UHFFFAOYSA-N
"2,5-Dihydroxybenzoic acid",Industrial,3469,C7H6O4,154.12,1.6,3,4,77.8,C1=CC(=C(C=C1O)C(=O)O)O,PubChem,,,,Structure_PubChem,154.121,0.796,3,3,77.76,11,1,1,,,,,154.121,,C7H6O4,,,,,,,,,,,Trouvé,,,,CID_3469,"2,5-Dihydroxybenzoic acid","2,5-dihydroxybenzoic acid",C1=CC(=C(C=C1O)C(=O)O)O,"InChI=1S/C7H6O4/c8-4-1-2-6(9)5(3-4)7(10)11/h1-3,8-9H,(H,10,11)",WXTMDXOMEHJXQO-UHFFFAOYSA-N
Methyl Salicylate,Industrial,4133,C8H8O3,152.15,2.3,1,3,46.5,COC(=O)C1=CC=CC=C1O,PubChem,,,,Structure_PubChem,152.149,1.1788,1,3,46.53,11,1,1,,,,,152.149,,C8H8O3,,,,,,,,,,,Trouvé,,,,CID_4133,Methyl Salicylate,methyl 2-hydroxybenzoate,COC(=O)C1=CC=CC=C1O,"InChI=1S/C8H8O3/c1-11-8(10)6-4-2-3-5-7(6)9/h2-5,9H,1H3",OSWPMRLSEDHDFF-UHFFFAOYSA-N
2-Hydroxy-4-methoxybenzophenone,Industrial,4632,C14H12O3,228.24,3.6,1,3,46.5,COC1=CC(=C(C=C1)C(=O)C2=CC=CC=C2)O,PubChem,,,,Structure_PubChem,228.247,2.6318,1,3,46.53,17,2,3,,,,,228.247,,C14H12O3,,,,,,,,,,,Trouvé,,,,CID_4632,2-Hydroxy-4-methoxybenzophenone,(2-hydroxy-4-methoxyphenyl)-phenylmethanone,COC1=CC(=C(C=C1)C(=O)C2=CC=CC=C2)O,"InChI=1S/C14H12O3/c1-17-11-7-8-12(13(15)9-11)14(16)10-5-3-2-4-6-10/h2-9,15H,1H3",DXGLGDHPHMLXJC-UHFFFAOYSA-N
4-Chlorophenol,Industrial,4684,C6H5ClO,128.55,2.4,1,1,20.2,C1=CC(=CC=C1O)Cl,PubChem,,,,Structure_PubChem,128.558,2.0456,1,1,20.23,8,1,0,,,,,128.558,,C6H5ClO,,,,,,,,,,,Trouvé,,,,CID_4684,4-Chlorophenol,4-chlorophenol,C1=CC(=CC=C1O)Cl,"InChI=1S/C6H5ClO/c7-5-1-3-6(8)4-2-5/h1-4,8H",WXNZTHHGJRFXKQ-UHFFFAOYSA-N
4-Hydroxybenzenesulfonic acid,Industrial,4765,C6H6O4S,174.18,0.2,2,4,83.0,C1=CC(=CC=C1O)S(=O)(=O)O,PubChem,,,,Structure_PubChem,174.177,0.6389,2,3,74.6,11,1,1,,,,,174.177,,C6H6O4S,,,,,,,,,,,Trouvé,,,,CID_4765,4-Hydroxybenzenesulfonic acid,4-hydroxybenzenesulfonic acid,C1=CC(=CC=C1O)S(=O)(=O)O,"InChI=1S/C6H6O4S/c7-5-1-3-6(4-2-5)11(8,9)10/h1-4,7H,(H,8,9,10)",FEPBITJSIHRMRT-UHFFFAOYSA-N
Phenylarsine Oxide,Industrial,4778,C6H5AsO,168.02,,0,1,17.1,C1=CC=C(C=C1)[As]=O,PubChem,,,,Structure_PubChem,168.027,0.3616,0,1,17.07,8,1,1,,,,,168.027,,C6H5AsO,,,,,,,,,,,Trouvé,,,,CID_4778,Phenylarsine Oxide,arsorosobenzene,C1=CC=C(C=C1)[As]=O,InChI=1S/C6H5AsO/c8-7-6-4-2-1-3-5-6/h1-5H,BQVCCPGCDUSGOE-UHFFFAOYSA-N
Resorcinol,Industrial,5054,C6H6O2,110.11,0.8,2,2,40.5,C1=CC(=CC(=C1)O)O,PubChem,,,,Structure_PubChem,110.112,1.0978,2,2,40.46,8,1,0,,,,,110.112,,C6H6O2,,,,,,,,,,,Trouvé,,,,CID_5054,Resorcinol,"benzene-1,3-diol",C1=CC(=CC(=C1)O)O,"InChI=1S/C6H6O2/c7-5-2-1-3-6(8)4-5/h1-4,7-8H",GHMLBKRAJCXXBS-UHFFFAOYSA-N
2-Iodotoluene,Industrial,5128,C7H7I,218.03,2.9,0,0,0.0,CC1=CC=CC=C1I,PubChem,,,,Structure_PubChem,218.037,2.5996,0,0,0.0,8,1,0,,,,,218.037,,C7H7I,,,,,,,,,,,Trouvé,,,,CID_5128,2-Iodotoluene,1-iodo-2-methylbenzene,CC1=CC=CC=C1I,"InChI=1S/C7H7I/c1-6-4-2-3-5-7(6)8/h2-5H,1H3",RINOYHWVBUKAQE-UHFFFAOYSA-N
Salicyl Alcohol,Industrial,5146,C7H8O2,124.14,0.7,2,2,40.5,C1=CC=C(C(=C1)CO)O,PubChem,,,,Structure_PubChem,124.139,0.8845,2,2,40.46,9,1,1,,,,,124.139,,C7H8O2,,,,,,,,,,,Trouvé,,,,CID_5146,Salicyl Alcohol,2-(hydroxymethyl)phenol,C1=CC=C(C(=C1)CO)O,"InChI=1S/C7H8O2/c8-5-6-3-1-2-4-7(6)9/h1-4,8-9H,5H2",CQRYARSYNCAZFO-UHFFFAOYSA-N
Salsalate,Industrial,5161,C14H10O5,258.23,3.0,2,5,83.8,C1=CC=C(C(=C1)C(=O)OC2=CC=CC=C2C(=O)O)O,PubChem,,,,Structure_PubChem,258.229,2.3096,2,4,83.83,19,2,3,,,,,258.229,,C14H10O5,,,,,,,,,,,Trouvé,,,,CID_5161,Salsalate,2-(2-hydroxybenzoyl)oxybenzoic acid,C1=CC=C(C(=C1)C(=O)OC2=CC=CC=C2C(=O)O)O,"InChI=1S/C14H10O5/c15-11-7-3-1-5-9(11)14(18)19-12-8-4-2-6-10(12)13(16)17/h1-8,15H,(H,16,17)",WVYADZUPLLSGPU-UHFFFAOYSA-N
"Se,Se'-(1,4-Phenylenebis(methylene)) diselenocyanate",Industrial,5708,C10H8N2Se2,314.1,,0,2,47.6,C1=CC(=CC=C1C[Se]C#N)C[Se]C#N,PubChem,,,,Structure_PubChem,314.108,1.0572,0,2,47.58,14,1,4,,,,,314.108,,C10H8N2Se2,,,,,,,,,,,Trouvé,,,,CID_5708,"Se,Se'-(1,4-Phenylenebis(methylene)) diselenocyanate",[4-(selenocyanatomethyl)phenyl]methyl selenocyanate,C1=CC(=CC=C1C[Se]C#N)C[Se]C#N,"InChI=1S/C10H8N2Se2/c11-7-13-5-9-1-2-10(4-3-9)6-14-8-12/h1-4H,5-6H2",QFTBWTJGZHUOAW-UHFFFAOYSA-N
2-Hydroxy-p-toluic acid,Industrial,5788,C8H8O3,152.15,3.0,2,3,57.5,CC1=CC(=C(C=C1)C(=O)O)O,PubChem,,,,Structure_PubChem,152.149,1.3988,2,2,57.53,11,1,1,,,,,152.149,,C8H8O3,,,,,,,,,,,Trouvé,,,,CID_5788,2-Hydroxy-p-toluic acid,2-hydroxy-4-methylbenzoic acid,CC1=CC(=C(C=C1)C(=O)O)O,"InChI=1S/C8H8O3/c1-5-2-3-6(8(10)11)7(9)4-5/h2-4,9H,1H3,(H,10,11)",NJESAXZANHETJV-UHFFFAOYSA-N
Triphenylethylene,Industrial,6025,C20H16,256.3,6.1,0,0,0.0,C1=CC=C(C=C1)C=C(C2=CC=CC=C2)C3=CC=CC=C3,PubChem,,,,Structure_PubChem,256.348,5.2755,0,0,0.0,20,3,3,,,,,256.348,,C20H16,,,,,,,,,,,Trouvé,,,,CID_6025,Triphenylethylene,"1,2-diphenylethenylbenzene",C1=CC=C(C=C1)C=C(C2=CC=CC=C2)C3=CC=CC=C3,InChI=1S/C20H16/c1-4-10-17(11-5-1)16-20(18-12-6-2-7-13-18)19-14-8-3-9-15-19/h1-16H,MKYQPGPNVYRMHI-UHFFFAOYSA-N
Methyl Ethyl Ketone,Industrial,6569,C4H8O,72.11,0.3,0,1,17.1,CCC(=O)C,PubChem,,,,Structure_PubChem,72.107,0.9854,0,1,17.07,5,0,1,,,,,72.107,,C4H8O,,,,,,,,,,,Trouvé,,,,CID_6569,Methyl Ethyl Ketone,butan-2-one,CCC(=O)C,"InChI=1S/C4H8O/c1-3-4(2)5/h3H2,1-2H3",ZWEHNKRNPOVVGH-UHFFFAOYSA-N
3-Methylsalicylic Acid,Industrial,6738,C8H8O3,152.15,2.9,2,3,57.5,CC1=C(C(=CC=C1)C(=O)O)O,PubChem,,,,Structure_PubChem,152.149,1.3988,2,2,57.53,11,1,1,,,,,152.149,,C8H8O3,,,,,,,,,,,Trouvé,,,,CID_6738,3-Methylsalicylic Acid,2-hydroxy-3-methylbenzoic acid,CC1=C(C(=CC=C1)C(=O)O)O,"InChI=1S/C8H8O3/c1-5-3-2-4-6(7(5)9)8(10)11/h2-4,9H,1H3,(H,10,11)",WHSXTWFYRGOBGO-UHFFFAOYSA-N
"2,2'-Dihydroxy-4-(octyloxy)benzophenone",Industrial,6801,C21H26O4,342.4,6.5,2,4,66.8,CCCCCCCCOC1=CC(=C(C=C1)C(=O)C2=CC=CC=C2O)O,PubChem,,,,Structure_PubChem,342.435,5.0681,2,4,66.76,25,2,10,,,,,342.435,,C21H26O4,,,,,,,,,,,Trouvé,,,,CID_6801,"2,2'-Dihydroxy-4-(octyloxy)benzophenone",(2-hydroxy-4-octoxyphenyl)-(2-hydroxyphenyl)methanone,CCCCCCCCOC1=CC(=C(C=C1)C(=O)C2=CC=CC=C2O)O,"InChI=1S/C21H26O4/c1-2-3-4-5-6-9-14-25-16-12-13-18(20(23)15-16)21(24)17-10-7-8-11-19(17)22/h7-8,10-13,15,22-23H,2-6,9,14H2,1H3",XRCGPZWJUXJKJF-UHFFFAOYSA-N
Isobutyl salicylate,Industrial,6873,C11H14O3,194.23,3.9,1,3,46.5,CC(C)COC(=O)C1=CC=CC=C1O,PubChem,,,,Structure_PubChem,194.23,2.205,1,3,46.53,14,1,3,,,,,194.23,,C11H14O3,,,,,,,,,,,Trouvé,,,,CID_6873,Isobutyl salicylate,2-methylpropyl 2-hydroxybenzoate,CC(C)COC(=O)C1=CC=CC=C1O,"InChI=1S/C11H14O3/c1-8(2)7-14-11(13)9-5-3-4-6-10(9)12/h3-6,8,12H,7H2,1-2H3",PTXDBYSCVQQBNF-UHFFFAOYSA-N
Isoamyl salicylate,Industrial,6874,C12H16O3,208.25,4.6,1,3,46.5,CC(C)CCOC(=O)C1=CC=CC=C1O,PubChem,,,,Structure_PubChem,208.257,2.5951,1,3,46.53,15,1,4,,,,,208.257,,C12H16O3,,,,,,,,,,,Trouvé,,,,CID_6874,Isoamyl salicylate,3-methylbutyl 2-hydroxybenzoate,CC(C)CCOC(=O)C1=CC=CC=C1O,"InChI=1S/C12H16O3/c1-9(2)7-8-15-12(14)10-5-3-4-6-11(10)13/h3-6,9,13H,7-8H2,1-2H3",PMGCQNGBLMMXEW-UHFFFAOYSA-N
Glycol Salicylate,Industrial,6880,C9H10O4,182.17,1.9,2,4,66.8,C1=CC=C(C(=C1)C(=O)OCCO)O,PubChem,,,,Structure_PubChem,182.175,0.5413,2,4,66.76,13,1,3,,,,,182.175,,C9H10O4,,,,,,,,,,,Trouvé,,,,CID_6880,Glycol Salicylate,2-hydroxyethyl 2-hydroxybenzoate,C1=CC=C(C(=C1)C(=O)OCCO)O,"InChI=1S/C9H10O4/c10-5-6-13-9(12)7-3-1-2-4-8(7)11/h1-4,10-11H,5-6H2",LVYLCBNXHHHPSB-UHFFFAOYSA-N
2-Isopropylphenol,Industrial,6943,C9H12O,136.19,2.9,1,1,20.2,CC(C)C1=CC=CC=C1O,PubChem,,,,Structure_PubChem,136.194,2.5156,1,1,20.23,10,1,1,,,,,136.194,,C9H12O,,,,,,,,,,,Trouvé,,,,CID_6943,2-Isopropylphenol,2-propan-2-ylphenol,CC(C)C1=CC=CC=C1O,"InChI=1S/C9H12O/c1-7(2)8-5-3-4-6-9(8)10/h3-7,10H,1-2H3",CRBJBYGJVIBWIY-UHFFFAOYSA-N
5-Methylsalicylic acid,Industrial,6973,C8H8O3,152.15,2.8,2,3,57.5,CC1=CC(=C(C=C1)O)C(=O)O,PubChem,,,,Structure_PubChem,152.149,1.3988,2,2,57.53,11,1,1,,,,,152.149,,C8H8O3,,,,,,,,,,,Trouvé,,,,CID_6973,5-Methylsalicylic acid,2-hydroxy-5-methylbenzoic acid,CC1=CC(=C(C=C1)O)C(=O)O,"InChI=1S/C8H8O3/c1-5-2-3-7(9)6(4-5)8(10)11/h2-4,9H,1H3,(H,10,11)",DLGBEGBHXSAQOC-UHFFFAOYSA-N
2-sec-Butylphenol,Industrial,6984,C10H14O,150.22,3.4,1,1,20.2,CCC(C)C1=CC=CC=C1O,PubChem,,,,Structure_PubChem,150.221,2.9057,1,1,20.23,11,1,2,,,,,150.221,,C10H14O,,,,,,,,,,,Trouvé,,,,CID_6984,2-sec-Butylphenol,2-butan-2-ylphenol,CCC(C)C1=CC=CC=C1O,"InChI=1S/C10H14O/c1-3-8(2)9-6-4-5-7-10(9)11/h4-8,11H,3H2,1-2H3",NGFPWHGISWUQOI-UHFFFAOYSA-N
o-Xylyl bromide,Industrial,6992,C8H9Br,185.06,3.0,0,0,0.0,CC1=CC=CC=C1CBr,PubChem,,,,Structure_PubChem,185.064,2.8899,0,0,0.0,9,1,1,,,,,185.064,,C8H9Br,,,,,,,,,,,Trouvé,,,,CID_6992,o-Xylyl bromide,1-(bromomethyl)-2-methylbenzene,CC1=CC=CC=C1CBr,"InChI=1S/C8H9Br/c1-7-4-2-3-5-8(7)6-9/h2-5H,6H2,1H3",WGVYCXYGPNNUQA-UHFFFAOYSA-N
2-Ethylphenol,Industrial,6997,C8H10O,122.16,2.5,1,1,20.2,CCC1=CC=CC=C1O,PubChem,,,,Structure_PubChem,122.167,1.9546,1,1,20.23,9,1,1,,,,,122.167,,C8H10O,,,,,,,,,,,Trouvé,,,,CID_6997,2-Ethylphenol,2-ethylphenol,CCC1=CC=CC=C1O,"InChI=1S/C8H10O/c1-2-7-5-3-4-6-8(7)9/h3-6,9H,2H2,1H3",IXQGCWUGDFDQMF-UHFFFAOYSA-N
Mercufenol Chloride,Industrial,6999,C6H5ClHgO,329.15,,1,1,20.2,C1=CC=C(C(=C1)O)[Hg]Cl,PubChem,,,,Structure_PubChem,329.148,1.2538,1,1,20.23,9,1,1,,,,,329.148,,C6H5ClHgO,,,,,,,,,,,Trouvé,,,,CID_6999,Mercufenol Chloride,chloro-(2-hydroxyphenyl)mercury,C1=CC=C(C(=C1)O)[Hg]Cl,"InChI=1S/C6H5O.ClH.Hg/c7-6-4-2-1-3-5-6;;/h1-4,7H;1H;/q;;+1/p-1",GABVDWALKPAUEQ-UHFFFAOYSA-M
Xanthone,Industrial,7020,C13H8O2,196.2,3.4,0,2,26.3,C1=CC=C2C(=C1)C(=O)C3=CC=CC=C3O2,PubChem,,,,Structure_PubChem,196.205,2.9462,0,2,30.21,15,3,0,,,,,196.205,,C13H8O2,,,,,,,,,,,Trouvé,,,,CID_7020,Xanthone,xanthen-9-one,C1=CC=C2C(=C1)C(=O)C3=CC=CC=C3O2,InChI=1S/C13H8O2/c14-13-9-5-1-3-7-11(9)15-12-8-4-2-6-10(12)13/h1-8H,JNELGWHKGNBSMD-UHFFFAOYSA-N
"2,4-Dimethoxybenzoic acid",Industrial,7052,C9H10O4,182.17,1.6,1,4,55.8,COC1=CC(=C(C=C1)C(=O)O)OC,PubChem,,,,Structure_PubChem,182.175,1.402,1,3,55.76,13,1,3,,,,,182.175,,C9H10O4,,,,,,,,,,,Trouvé,,,,CID_7052,"2,4-Dimethoxybenzoic acid","2,4-dimethoxybenzoic acid",COC1=CC(=C(C=C1)C(=O)O)OC,"InChI=1S/C9H10O4/c1-12-6-3-4-7(9(10)11)8(5-6)13-2/h3-5H,1-2H3,(H,10,11)",GPVDHNVGGIAOQT-UHFFFAOYSA-N
Biphenyl,Industrial,7095,C12H10,154.21,4.0,0,0,0.0,C1=CC=C(C=C1)C2=CC=CC=C2,PubChem,,,,Structure_PubChem,154.212,3.3536,0,0,0.0,12,2,1,,,,,154.212,,C12H10,,,,,,,,,,,Trouvé,,,,CID_7095,Biphenyl,"1,1'-biphenyl",C1=CC=C(C=C1)C2=CC=CC=C2,InChI=1S/C12H10/c1-3-7-11(8-4-1)12-9-5-2-6-10-12/h1-10H,ZUOUZKKEUPVFJK-UHFFFAOYSA-N
"(1,2-Dibromoethyl)benzene",Industrial,7145,C8H8Br2,263.96,3.3,0,0,0.0,C1=CC=C(C=C1)C(CBr)Br,PubChem,,,,Structure_PubChem,263.96,3.5175,0,0,0.0,10,1,2,,,,,263.96,,C8H8Br2,,,,,,,,,,,Trouvé,,,,CID_7145,"(1,2-Dibromoethyl)benzene","1,2-dibromoethylbenzene",C1=CC=C(C=C1)C(CBr)Br,"InChI=1S/C8H8Br2/c9-6-8(10)7-4-2-1-3-5-7/h1-5,8H,6H2",SHKKTLSDGJRCTR-UHFFFAOYSA-N
Phenyl benzoate,Industrial,7169,C13H10O2,198.22,3.6,0,2,26.3,C1=CC=C(C=C1)C(=O)OC2=CC=CC=C2,PubChem,,,,Structure_PubChem,198.221,2.9058,0,2,26.3,15,2,2,,,,,198.221,,C13H10O2,,,,,,,,,,,Trouvé,,,,CID_7169,Phenyl benzoate,phenyl benzoate,C1=CC=C(C=C1)C(=O)OC2=CC=CC=C2,InChI=1S/C13H10O2/c14-13(11-7-3-1-4-8-11)15-12-9-5-2-6-10-12/h1-10H,FCJSHPDYVMKCHI-UHFFFAOYSA-N
Propylparaben,Industrial,7175,C10H12O3,180.2,3.0,1,3,46.5,CCCOC(=O)C1=CC=C(C=C1)O,PubChem,,,,Structure_PubChem,180.203,1.959,1,3,46.53,13,1,3,,,,,180.203,7175.0,C10H12O3,180.2,3.0,1.0,3.0,46.5,13.0,,4.0,CCCOC(=O)C1=CC=C(C=C1)O,propyl 4-hydroxybenzoate,Trouvé,13.0,1.0,3.0,CID_7175,Propylparaben,propyl 4-hydroxybenzoate,CCCOC(=O)C1=CC=C(C=C1)O,"InChI=1S/C10H12O3/c1-2-7-13-10(12)8-3-5-9(11)6-4-8/h3-6,11H,2,7H2,1H3",QELSKZZBTMNZEB-UHFFFAOYSA-N
Butylparaben,Industrial,7184,C11H14O3,194.23,3.6,1,3,46.5,CCCCOC(=O)C1=CC=C(C=C1)O,PubChem,,,,Structure_PubChem,194.23,2.3491,1,3,46.53,14,1,4,,,,,194.23,7184.0,C11H14O3,194.23,3.6,1.0,3.0,46.5,14.0,,5.0,CCCCOC(=O)C1=CC=C(C=C1)O,butyl 4-hydroxybenzoate,Trouvé,14.0,1.0,4.0,CID_7184,Butylparaben,butyl 4-hydroxybenzoate,CCCCOC(=O)C1=CC=C(C=C1)O,"InChI=1S/C11H14O3/c1-2-3-8-14-11(13)9-4-6-10(12)7-5-9/h4-7,12H,2-3,8H2,1H3",QFOHBWFCKVYLES-UHFFFAOYSA-N
Indene,Industrial,7219,C9H8,116.16,2.9,0,0,0.0,C1C=CC2=CC=CC=C21,PubChem,,,,Structure_PubChem,116.163,2.2559,0,0,0.0,9,2,0,,,,,116.163,,C9H8,,,,,,,,,,,Trouvé,,,,CID_7219,Indene,1H-indene,C1C=CC2=CC=CC=C21,"InChI=1S/C9H8/c1-2-5-9-7-3-6-8(9)4-1/h1-6H,7H2",YBYIRNPNPLQARY-UHFFFAOYSA-N
2-Bromotoluene,Industrial,7236,C7H7Br,171.03,3.5,0,0,0.0,CC1=CC=CC=C1Br,PubChem,,,,Structure_PubChem,171.037,2.7575,0,0,0.0,8,1,0,,,,,171.037,,C7H7Br,,,,,,,,,,,Trouvé,,,,CID_7236,2-Bromotoluene,1-bromo-2-methylbenzene,CC1=CC=CC=C1Br,"InChI=1S/C7H7Br/c1-6-4-2-3-5-7(6)8/h2-5H,1H3",QSSXJPIWXQTSIX-UHFFFAOYSA-N
O-Xylene,Industrial,7237,C8H10,106.16,3.1,0,0,0.0,CC1=CC=CC=C1C,PubChem,,,,Structure_PubChem,106.168,2.3034,0,0,0.0,8,1,0,,,,,106.168,,C8H10,,,,,,,,,,,Trouvé,,,,CID_7237,O-Xylene,"1,2-xylene",CC1=CC=CC=C1C,"InChI=1S/C8H10/c1-7-5-3-4-6-8(7)2/h3-6H,1-2H3",CTQNGGLPUBDAKN-UHFFFAOYSA-N
2-Chlorotoluene,Industrial,7238,C7H7Cl,126.58,3.4,0,0,0.0,CC1=CC=CC=C1Cl,PubChem,,,,Structure_PubChem,126.586,2.6484,0,0,0.0,8,1,0,,,,,126.586,,C7H7Cl,,,,,,,,,,,Trouvé,,,,CID_7238,2-Chlorotoluene,1-chloro-2-methylbenzene,CC1=CC=CC=C1Cl,"InChI=1S/C7H7Cl/c1-6-4-2-3-5-7(6)8/h2-5H,1H3",IBSQPLPBRSHTTG-UHFFFAOYSA-N
2-Fluorotoluene,Industrial,7241,C7H7F,110.13,2.9,0,1,0.0,CC1=CC=CC=C1F,PubChem,,,,Structure_PubChem,110.131,2.1341,0,0,0.0,8,1,0,,,,,110.131,,C7H7F,,,,,,,,,,,Trouvé,,,,CID_7241,2-Fluorotoluene,1-fluoro-2-methylbenzene,CC1=CC=CC=C1F,"InChI=1S/C7H7F/c1-6-4-2-3-5-7(6)8/h2-5H,1H3",MMZYCBHLNZVROM-UHFFFAOYSA-N
2-Bromophenol,Industrial,7244,C6H5BrO,173.01,2.4,1,1,20.2,C1=CC=C(C(=C1)O)Br,PubChem,,,,Structure_PubChem,173.009,2.1547,1,1,20.23,8,1,0,,,,,173.009,,C6H5BrO,,,,,,,,,,,Trouvé,,,,CID_7244,2-Bromophenol,2-bromophenol,C1=CC=C(C(=C1)O)Br,"InChI=1S/C6H5BrO/c7-5-3-1-2-4-6(5)8/h1-4,8H",VADKRMSMGWJZCF-UHFFFAOYSA-N
2-Chlorophenol,Industrial,7245,C6H5ClO,128.55,2.1,1,1,20.2,C1=CC=C(C(=C1)O)Cl,PubChem,,,,Structure_PubChem,128.558,2.0456,1,1,20.23,8,1,0,,,,,128.558,,C6H5ClO,,,,,,,,,,,Trouvé,,,,CID_7245,2-Chlorophenol,2-chlorophenol,C1=CC=C(C(=C1)O)Cl,"InChI=1S/C6H5ClO/c7-5-3-1-2-4-6(5)8/h1-4,8H",ISPYQTSUDJAMAB-UHFFFAOYSA-N
"1,2,4-Trimethylbenzene",Industrial,7247,C9H12,120.19,3.0,0,0,0.0,CC1=CC(=C(C=C1)C)C,PubChem,,,,Structure_PubChem,120.195,2.6119,0,0,0.0,9,1,0,,,,,120.195,,C9H12,,,,,,,,,,,Trouvé,,,,CID_7247,"1,2,4-Trimethylbenzene","1,2,4-trimethylbenzene",CC1=CC(=C(C=C1)C)C,"InChI=1S/C9H12/c1-7-4-5-8(2)9(3)6-7/h4-6H,1-3H3",GWHJZXXIDMPWGX-UHFFFAOYSA-N
Durene,Industrial,7269,C10H14,134.22,4.0,0,0,0.0,CC1=CC(=C(C=C1C)C)C,PubChem,,,,Structure_PubChem,134.222,2.9203,0,0,0.0,10,1,0,,,,,134.222,,C10H14,,,,,,,,,,,Trouvé,,,,CID_7269,Durene,"1,2,4,5-tetramethylbenzene",CC1=CC(=C(C=C1C)C)C,"InChI=1S/C10H14/c1-7-5-9(3)10(4)6-8(7)2/h5-6H,1-4H3",SQNZJJAZBFDUTD-UHFFFAOYSA-N
Phenylarsonic Acid,Industrial,7365,C6H7AsO3,202.04,,2,3,57.5,C1=CC=C(C=C1)[As](=O)(O)O,PubChem,,,,Structure_PubChem,202.041,-0.7524,2,1,57.53,10,1,1,,,,,202.041,,C6H7AsO3,,,,,,,,,,,Trouvé,,,,CID_7365,Phenylarsonic Acid,phenylarsonic acid,C1=CC=C(C=C1)[As](=O)(O)O,"InChI=1S/C6H7AsO3/c8-7(9,10)6-4-2-1-3-5-6/h1-5H,(H2,8,9,10)",LVKZSFMYNWRPJX-UHFFFAOYSA-N
Tert-Butylbenzene,Industrial,7366,C10H14,134.22,4.1,0,0,0.0,CC(C)(C)C1=CC=CC=C1,PubChem,,,,Structure_PubChem,134.222,2.9841,0,0,0.0,10,1,0,,,,,134.222,,C10H14,,,,,,,,,,,Trouvé,,,,CID_7366,Tert-Butylbenzene,tert-butylbenzene,CC(C)(C)C1=CC=CC=C1,"InChI=1S/C10H14/c1-10(2,3)9-7-5-4-6-8-9/h4-8H,1-3H3",YTZKOQUCBOVLHL-UHFFFAOYSA-N
Benzotrichloride,Industrial,7367,C7H5Cl3,195.5,3.7,0,0,0.0,C1=CC=C(C=C1)C(Cl)(Cl)Cl,PubChem,,,,Structure_PubChem,195.476,3.5133,0,0,0.0,10,1,0,,,,,195.476,,C7H5Cl3,,,,,,,,,,,Trouvé,,,,CID_7367,Benzotrichloride,trichloromethylbenzene,C1=CC=C(C=C1)C(Cl)(Cl)Cl,"InChI=1S/C7H5Cl3/c8-7(9,10)6-4-2-1-3-5-6/h1-5H",XEMRAKSQROQPBR-UHFFFAOYSA-N
(Trifluoromethyl)benzene,Industrial,7368,C7H5F3,146.11,3.0,0,3,0.0,C1=CC=C(C=C1)C(F)(F)F,PubChem,,,,Structure_PubChem,146.111,2.7054,0,0,0.0,10,1,0,,,,,146.111,,C7H5F3,,,,,,,,,,,Trouvé,,,,CID_7368,(Trifluoromethyl)benzene,trifluoromethylbenzene,C1=CC=C(C=C1)C(F)(F)F,"InChI=1S/C7H5F3/c8-7(9,10)6-4-2-1-3-5-6/h1-5H",GETTZEONDQJALK-UHFFFAOYSA-N
Phenyltrichlorosilane,Industrial,7372,C6H5Cl3Si,211.5,,0,0,0.0,C1=CC=C(C=C1)[Si](Cl)(Cl)Cl,PubChem,,,,Structure_PubChem,211.551,2.5489,0,0,0.0,10,1,1,,,,,211.551,,C6H5Cl3Si,,,,,,,,,,,Trouvé,,,,CID_7372,Phenyltrichlorosilane,trichloro(phenyl)silane,C1=CC=C(C=C1)[Si](Cl)(Cl)Cl,"InChI=1S/C6H5Cl3Si/c7-10(8,9)6-4-2-1-3-5-6/h1-5H",ORVMIVQULIKXCP-UHFFFAOYSA-N
Oxarsanilic acid,Industrial,7373,C6H7AsO4,218.04,,3,4,77.8,C1=CC(=CC=C1O)[As](=O)(O)O,PubChem,,,,Structure_PubChem,218.04,-1.0468,3,2,77.76,11,1,1,,,,,218.04,,C6H7AsO4,,,,,,,,,,,Trouvé,,,,CID_7373,Oxarsanilic acid,(4-hydroxyphenyl)arsonic acid,C1=CC(=CC=C1O)[As](=O)(O)O,"InChI=1S/C6H7AsO4/c8-6-3-1-5(2-4-6)7(9,10)11/h1-4,8H,(H2,9,10,11)",RSRFURJMCNJVOW-UHFFFAOYSA-N
3-(Trifluoromethyl)phenol,Industrial,7376,C7H5F3O,162.11,3.0,1,4,20.2,C1=CC(=CC(=C1)O)C(F)(F)F,PubChem,,,,Structure_PubChem,162.11,2.411,1,1,20.23,11,1,0,,,,,162.11,,C7H5F3O,,,,,,,,,,,Trouvé,,,,CID_7376,3-(Trifluoromethyl)phenol,3-(trifluoromethyl)phenol,C1=CC(=CC(=C1)O)C(F)(F)F,"InChI=1S/C7H5F3O/c8-7(9,10)5-2-1-3-6(11)4-5/h1-4,11H",UGEJOEBBMPOJMT-UHFFFAOYSA-N
5-Tert-butyl-m-xylene,Industrial,7378,C12H18,162.27,4.3,0,0,0.0,CC1=CC(=CC(=C1)C(C)(C)C)C,PubChem,,,,Structure_PubChem,162.276,3.6009,0,0,0.0,12,1,0,,,,,162.276,,C12H18,,,,,,,,,,,Trouvé,,,,CID_7378,5-Tert-butyl-m-xylene,"1-tert-butyl-3,5-dimethylbenzene",CC1=CC(=CC(=C1)C(C)(C)C)C,"InChI=1S/C12H18/c1-9-6-10(2)8-11(7-9)12(3,4)5/h6-8H,1-5H3",FZSPYHREEHYLCB-UHFFFAOYSA-N
4-tert-Butyltoluene,Industrial,7390,C11H16,148.24,4.5,0,0,0.0,CC1=CC=C(C=C1)C(C)(C)C,PubChem,,,,Structure_PubChem,148.249,3.2925,0,0,0.0,11,1,0,,,,,148.249,,C11H16,,,,,,,,,,,Trouvé,,,,CID_7390,4-tert-Butyltoluene,1-tert-butyl-4-methylbenzene,CC1=CC=C(C=C1)C(C)(C)C,"InChI=1S/C11H16/c1-9-5-7-10(8-6-9)11(2,3)4/h5-8H,1-4H3",QCWXDVFBZVHKLV-UHFFFAOYSA-N
Cumene,Industrial,7406,C9H12,120.19,3.7,0,0,0.0,CC(C)C1=CC=CC=C1,PubChem,,,,Structure_PubChem,120.195,2.81,0,0,0.0,9,1,1,,,,,120.195,,C9H12,,,,,,,,,,,Trouvé,,,,CID_7406,Cumene,cumene,CC(C)C1=CC=CC=C1,"InChI=1S/C9H12/c1-8(2)9-6-4-3-5-7-9/h3-8H,1-2H3",RWGFKTVRMDUZSP-UHFFFAOYSA-N
Alpha-Methylstyrene,Industrial,7407,C9H10,118.18,3.5,0,0,0.0,CC(=C)C1=CC=CC=C1,PubChem,,,,Structure_PubChem,118.179,2.7197,0,0,0.0,9,1,1,,,,,118.179,,C9H10,,,,,,,,,,,Trouvé,,,,CID_7407,Alpha-Methylstyrene,prop-1-en-2-ylbenzene,CC(=C)C1=CC=CC=C1,"InChI=1S/C9H10/c1-8(2)9-6-4-3-5-7-9/h3-7H,1H2,2H3",XYLMUPLGERFSHI-UHFFFAOYSA-N
Benzal chloride,Industrial,7411,C7H6Cl2,161.03,3.0,0,0,0.0,C1=CC=C(C=C1)C(Cl)Cl,PubChem,,,,Structure_PubChem,161.031,3.1628,0,0,0.0,9,1,1,,,,,161.031,,C7H6Cl2,,,,,,,,,,,Trouvé,,,,CID_7411,Benzal chloride,dichloromethylbenzene,C1=CC=C(C=C1)C(Cl)Cl,"InChI=1S/C7H6Cl2/c8-7(9)6-4-2-1-3-5-6/h1-5,7H",CAHQGWAXKLQREW-UHFFFAOYSA-N
"1,3-Diisopropylbenzene",Industrial,7450,C12H18,162.27,4.8,0,0,0.0,CC(C)C1=CC(=CC=C1)C(C)C,PubChem,,,,Structure_PubChem,162.276,3.9334,0,0,0.0,12,1,2,,,,,162.276,,C12H18,,,,,,,,,,,Trouvé,,,,CID_7450,"1,3-Diisopropylbenzene","1,3-di(propan-2-yl)benzene",CC(C)C1=CC(=CC=C1)C(C)C,"InChI=1S/C12H18/c1-9(2)11-6-5-7-12(8-11)10(3)4/h5-10H,1-4H3",UNEATYXSUBPPKP-UHFFFAOYSA-N
P-Cymene,Industrial,7463,C10H14,134.22,4.1,0,0,0.0,CC1=CC=C(C=C1)C(C)C,PubChem,,,,Structure_PubChem,134.222,3.1184,0,0,0.0,10,1,1,,,,,134.222,,C10H14,,,,,,,,,,,Trouvé,,,,CID_7463,P-Cymene,1-methyl-4-propan-2-ylbenzene,CC1=CC=C(C=C1)C(C)C,"InChI=1S/C10H14/c1-8(2)10-6-4-9(3)5-7-10/h4-8H,1-3H3",HFPZCAJZSCWRBC-UHFFFAOYSA-N
4-Isopropylphenol,Industrial,7465,C9H12O,136.19,2.9,1,1,20.2,CC(C)C1=CC=C(C=C1)O,PubChem,,,,Structure_PubChem,136.194,2.5156,1,1,20.23,10,1,1,,,,,136.194,,C9H12O,,,,,,,,,,,Trouvé,,,,CID_7465,4-Isopropylphenol,4-propan-2-ylphenol,CC(C)C1=CC=C(C=C1)O,"InChI=1S/C9H12O/c1-7(2)8-3-5-9(10)6-4-8/h3-7,10H,1-2H3",YQUQWHNMBPIWGK-UHFFFAOYSA-N
4-Methoxybenzoic Acid,Industrial,7478,C8H8O3,152.15,2.0,1,3,46.5,COC1=CC=C(C=C1)C(=O)O,PubChem,,,,Structure_PubChem,152.149,1.3934,1,2,46.53,11,1,2,,,,,152.149,,C8H8O3,,,,,,,,,,,Trouvé,,,,CID_7478,4-Methoxybenzoic Acid,4-methoxybenzoic acid,COC1=CC=C(C=C1)C(=O)O,"InChI=1S/C8H8O3/c1-11-7-4-2-6(3-5-7)8(9)10/h2-5H,1H3,(H,9,10)",ZEYHEAKUIGZSGI-UHFFFAOYSA-N
"1,4-Diisopropylbenzene",Industrial,7486,C12H18,162.27,4.9,0,0,0.0,CC(C)C1=CC=C(C=C1)C(C)C,PubChem,,,,Structure_PubChem,162.276,3.9334,0,0,0.0,12,1,2,,,,,162.276,,C12H18,,,,,,,,,,,Trouvé,,,,CID_7486,"1,4-Diisopropylbenzene","1,4-di(propan-2-yl)benzene",CC(C)C1=CC=C(C=C1)C(C)C,"InChI=1S/C12H18/c1-9(2)11-5-7-12(8-6-11)10(3)4/h5-10H,1-4H3",SPPWGCYEYAMHDT-UHFFFAOYSA-N
Benzyl Bromide,Industrial,7498,C7H7Br,171.03,2.9,0,0,0.0,C1=CC=C(C=C1)CBr,PubChem,,,,Structure_PubChem,171.037,2.5815,0,0,0.0,8,1,1,,,,,171.037,,C7H7Br,,,,,,,,,,,Trouvé,,,,CID_7498,Benzyl Bromide,bromomethylbenzene,C1=CC=C(C=C1)CBr,"InChI=1S/C7H7Br/c8-6-7-4-2-1-3-5-7/h1-5H,6H2",AGEZXYOZHKGVCM-UHFFFAOYSA-N
Ethylbenzene,Industrial,7500,C8H10,106.16,3.1,0,0,0.0,CCC1=CC=CC=C1,PubChem,,,,Structure_PubChem,106.168,2.249,0,0,0.0,8,1,1,,,,,106.168,,C8H10,,,,,,,,,,,Trouvé,,,,CID_7500,Ethylbenzene,ethylbenzene,CCC1=CC=CC=C1,"InChI=1S/C8H10/c1-2-8-6-4-3-5-7-8/h3-7H,2H2,1H3",YNQLUTRBYVCPMQ-UHFFFAOYSA-N
Styrene,Industrial,7501,C8H8,104.15,2.9,0,0,0.0,C=CC1=CC=CC=C1,PubChem,,,,Structure_PubChem,104.152,2.3296,0,0,0.0,8,1,1,,,,,104.152,,C8H8,,,,,,,,,,,Trouvé,,,,CID_7501,Styrene,styrene,C=CC1=CC=CC=C1,"InChI=1S/C8H8/c1-2-8-6-4-3-5-7-8/h2-7H,1H2",PPBRXRYQALVLMV-UHFFFAOYSA-N
Benzyl Chloride,Industrial,7503,C7H7Cl,126.58,2.3,0,0,0.0,C1=CC=C(C=C1)CCl,PubChem,,,,Structure_PubChem,126.586,2.4254,0,0,0.0,8,1,1,,,,,126.586,,C7H7Cl,,,,,,,,,,,Trouvé,,,,CID_7503,Benzyl Chloride,chloromethylbenzene,C1=CC=C(C=C1)CCl,"InChI=1S/C7H7Cl/c8-6-7-4-2-1-3-5-7/h1-5H,6H2",KCXMKQUNVWSEMD-UHFFFAOYSA-N
Benzonitrile,Industrial,7505,C7H5N,103.12,1.6,0,1,23.8,C1=CC=C(C=C1)C#N,PubChem,,,,Structure_PubChem,103.124,1.5583,0,1,23.79,8,1,0,,,,,103.124,,C7H5N,,,,,,,,,,,Trouvé,,,,CID_7505,Benzonitrile,benzonitrile,C1=CC=C(C=C1)C#N,InChI=1S/C7H5N/c8-6-7-4-2-1-3-5-7/h1-5H,JFDZBHWFFUWGJE-UHFFFAOYSA-N
Benzyl mercaptan,Industrial,7509,C7H8S,124.21,2.4,1,1,1.0,C1=CC=C(C=C1)CS,PubChem,,,,Structure_PubChem,124.208,2.1164,1,1,0.0,8,1,1,,,,,124.208,,C7H8S,,,,,,,,,,,Trouvé,,,,CID_7509,Benzyl mercaptan,phenylmethanethiol,C1=CC=C(C=C1)CS,"InChI=1S/C7H8S/c8-6-7-4-2-1-3-5-7/h1-5,8H,6H2",UENWRTRMUIOCKN-UHFFFAOYSA-N
Phenylmercuric Chloride,Industrial,7511,C6H5ClHg,313.15,,0,0,0.0,C1=CC=C(C=C1)[Hg]Cl,PubChem,,,,Structure_PubChem,313.149,1.5482,0,0,0.0,8,1,1,,,,,313.149,,C6H5ClHg,,,,,,,,,,,Trouvé,,,,CID_7511,Phenylmercuric Chloride,chloro(phenyl)mercury,C1=CC=C(C=C1)[Hg]Cl,InChI=1S/C6H5.ClH.Hg/c1-2-4-6-5-3-1;;/h1-5H;1H;/q;;+1/p-1,AWGTVRDHKJQFAX-UHFFFAOYSA-M
Phenylmercuric hydroxide,Industrial,7512,C6H7HgO,295.71,,1,1,1.0,C1=CC=C(C=C1)[Hg].O,PubChem,,,,Structure_PubChem,295.711,0.034,0,0,31.5,8,1,0,,,,,295.711,,C6H7HgO,,,,,,,,,,,Trouvé,,,,CID_7512,Phenylmercuric hydroxide,phenylmercury;hydrate,C1=CC=C(C=C1)[Hg].O,InChI=1S/C6H5.Hg.H2O/c1-2-4-6-5-3-1;;/h1-5H;;1H2,MSYUMXXVCSLXMR-UHFFFAOYSA-N
1-Ethenyl-3-methylbenzene,Industrial,7529,C9H10,118.18,3.6,0,0,0.0,CC1=CC(=CC=C1)C=C,PubChem,,,,Structure_PubChem,118.179,2.638,0,0,0.0,9,1,1,,,,,118.179,,C9H10,,,,,,,,,,,Trouvé,,,,CID_7529,1-Ethenyl-3-methylbenzene,1-ethenyl-3-methylbenzene,CC1=CC(=CC=C1)C=C,"InChI=1S/C9H10/c1-3-9-6-4-5-8(2)7-9/h3-7H,1H2,2H3",JZHGRUMIRATHIU-UHFFFAOYSA-N
4-Benzylphenol,Industrial,7563,C13H12O,184.23,3.5,1,1,20.2,C1=CC=C(C=C1)CC2=CC=C(C=C2)O,PubChem,,,,Structure_PubChem,184.238,2.983,1,1,20.23,14,2,2,,,,,184.238,,C13H12O,,,,,,,,,,,Trouvé,,,,CID_7563,4-Benzylphenol,4-benzylphenol,C1=CC=C(C=C1)CC2=CC=C(C=C2)O,"InChI=1S/C13H12O/c14-13-8-6-12(7-9-13)10-11-4-2-1-3-5-11/h1-9,14H,10H2",HJSPWKGEPDZNLK-UHFFFAOYSA-N
Diphenylmethane,Industrial,7580,C13H12,168.23,4.1,0,0,0.0,C1=CC=C(C=C1)CC2=CC=CC=C2,PubChem,,,,Structure_PubChem,168.239,3.2774,0,0,0.0,13,2,2,,,,,168.239,,C13H12,,,,,,,,,,,Trouvé,,,,CID_7580,Diphenylmethane,benzylbenzene,C1=CC=C(C=C1)CC2=CC=CC=C2,"InChI=1S/C13H12/c1-3-7-12(8-4-1)11-13-9-5-2-6-10-13/h1-10H,11H2",CZZYITDELCSZES-UHFFFAOYSA-N
Phenylmercury(1+),Industrial,7629,C6H5Hg+,277.7,,0,0,0.0,C1=CC=C(C=C1)[Hg+],PubChem,,,,Structure_PubChem,277.696,0.8587,0,0,0.0,7,1,0,,,,,277.696,,C6H5Hg+,,,,,,,,,,,Trouvé,,,,CID_7629,Phenylmercury(1+),phenylmercury(1+),C1=CC=C(C=C1)[Hg+],InChI=1S/C6H5.Hg/c1-2-4-6-5-3-1;/h1-5H;/q;+1,BODKAQWWZBLGOU-UHFFFAOYSA-N
Dibenzyl,Industrial,7647,C14H14,182.26,4.8,0,0,0.0,C1=CC=C(C=C1)CCC2=CC=CC=C2,PubChem,,,,Structure_PubChem,182.266,3.4718,0,0,0.0,14,2,3,,,,,182.266,,C14H14,,,,,,,,,,,Trouvé,,,,CID_7647,Dibenzyl,2-phenylethylbenzene,C1=CC=C(C=C1)CCC2=CC=CC=C2,"InChI=1S/C14H14/c1-3-7-13(8-4-1)11-12-14-9-5-2-6-10-14/h1-10H,11-12H2",QWUWMCYKGHVNAV-UHFFFAOYSA-N
Phenethyl bromide,Industrial,7666,C8H9Br,185.06,3.1,0,0,0.0,C1=CC=C(C=C1)CCBr,PubChem,,,,Structure_PubChem,185.064,2.624,0,0,0.0,9,1,2,,,,,185.064,,C8H9Br,,,,,,,,,,,Trouvé,,,,CID_7666,Phenethyl bromide,2-bromoethylbenzene,C1=CC=C(C=C1)CCBr,"InChI=1S/C8H9Br/c9-7-6-8-4-2-1-3-5-8/h1-5H,6-7H2",WMPPDTMATNBGJN-UHFFFAOYSA-N
beta-Bromostyrene,Industrial,7667,C8H7Br,183.04,2.9,0,0,0.0,C1=CC=C(C=C1)C=CBr,PubChem,,,,Structure_PubChem,183.048,3.0522,0,0,0.0,9,1,1,,,,,183.048,,C8H7Br,,,,,,,,,,,Trouvé,,,,CID_7667,beta-Bromostyrene,2-bromoethenylbenzene,C1=CC=C(C=C1)C=CBr,InChI=1S/C8H7Br/c9-7-6-8-4-2-1-3-5-8/h1-7H,YMOONIIMQBGTDU-UHFFFAOYSA-N
Propylbenzene,Industrial,7668,C9H12,120.19,3.7,0,0,0.0,CCCC1=CC=CC=C1,PubChem,,,,Structure_PubChem,120.195,2.6391,0,0,0.0,9,1,2,,,,,120.195,,C9H12,,,,,,,,,,,Trouvé,,,,CID_7668,Propylbenzene,propylbenzene,CCCC1=CC=CC=C1,"InChI=1S/C9H12/c1-2-6-9-7-4-3-5-8-9/h3-5,7-8H,2,6H2,1H3",ODLMAHJVESYWTB-UHFFFAOYSA-N
4-Methoxyphenylacetic Acid,Industrial,7690,C9H10O3,166.17,1.4,1,3,46.5,COC1=CC=C(C=C1)CC(=O)O,PubChem,,,,Structure_PubChem,166.176,1.3223,1,2,46.53,12,1,3,,,,,166.176,,C9H10O3,,,,,,,,,,,Trouvé,,,,CID_7690,4-Methoxyphenylacetic Acid,2-(4-methoxyphenyl)acetic acid,COC1=CC=C(C=C1)CC(=O)O,"InChI=1S/C9H10O3/c1-12-8-4-2-7(3-5-8)6-9(10)11/h2-5H,6H2,1H3,(H,10,11)",NRPFNQUDKRYCNX-UHFFFAOYSA-N
Butylbenzene,Industrial,7705,C10H14,134.22,4.4,0,0,0.0,CCCCC1=CC=CC=C1,PubChem,,,,Structure_PubChem,134.222,3.0292,0,0,0.0,10,1,3,,,,,134.222,,C10H14,,,,,,,,,,,Trouvé,,,,CID_7705,Butylbenzene,butylbenzene,CCCCC1=CC=CC=C1,"InChI=1S/C10H14/c1-2-3-7-10-8-5-4-6-9-10/h4-6,8-9H,2-3,7H2,1H3",OCKPCBLVNKHBMX-UHFFFAOYSA-N
(3-Chloropropyl)benzene,Industrial,7706,C9H11Cl,154.63,3.5,0,0,0.0,C1=CC=C(C=C1)CCCCl,PubChem,,,,Structure_PubChem,154.64,2.858,0,0,0.0,10,1,3,,,,,154.64,,C9H11Cl,,,,,,,,,,,Trouvé,,,,CID_7706,(3-Chloropropyl)benzene,3-chloropropylbenzene,C1=CC=C(C=C1)CCCCl,"InChI=1S/C9H11Cl/c10-8-4-7-9-5-2-1-3-6-9/h1-3,5-6H,4,7-8H2",XZBXAYCCBFTQHH-UHFFFAOYSA-N
Decylbenzene,Industrial,7716,C16H26,218.38,7.7,0,0,0.0,CCCCCCCCCCC1=CC=CC=C1,PubChem,,,,Structure_PubChem,218.384,5.3698,0,0,0.0,16,1,9,,,,,218.384,,C16H26,,,,,,,,,,,Trouvé,,,,CID_7716,Decylbenzene,decylbenzene,CCCCCCCCCCC1=CC=CC=C1,"InChI=1S/C16H26/c1-2-3-4-5-6-7-8-10-13-16-14-11-9-12-15-16/h9,11-12,14-15H,2-8,10,13H2,1H3",UZILCZKGXMQEQR-UHFFFAOYSA-N
p-Xylyl bromide,Industrial,7721,C8H9Br,185.06,3.0,0,0,0.0,CC1=CC=C(C=C1)CBr,PubChem,,,,Structure_PubChem,185.064,2.8899,0,0,0.0,9,1,1,,,,,185.064,,C8H9Br,,,,,,,,,,,Trouvé,,,,CID_7721,p-Xylyl bromide,1-(bromomethyl)-4-methylbenzene,CC1=CC=C(C=C1)CBr,"InChI=1S/C8H9Br/c1-7-2-4-8(6-9)5-3-7/h2-5H,6H2,1H3",WZRKSPFYXUXINF-UHFFFAOYSA-N
4-Methylbenzyl chloride,Industrial,7722,C8H9Cl,140.61,2.9,0,0,0.0,CC1=CC=C(C=C1)CCl,PubChem,,,,Structure_PubChem,140.613,2.7338,0,0,0.0,9,1,1,,,,,140.613,,C8H9Cl,,,,,,,,,,,Trouvé,,,,CID_7722,4-Methylbenzyl chloride,1-(chloromethyl)-4-methylbenzene,CC1=CC=C(C=C1)CCl,"InChI=1S/C8H9Cl/c1-7-2-4-8(6-9)5-3-7/h2-5H,6H2,1H3",DMHZDOTYAVHSEH-UHFFFAOYSA-N
p-Tolunitrile,Industrial,7724,C8H7N,117.15,2.4,0,1,23.8,CC1=CC=C(C=C1)C#N,PubChem,,,,Structure_PubChem,117.151,1.8667,0,1,23.79,9,1,0,,,,,117.151,,C8H7N,,,,,,,,,,,Trouvé,,,,CID_7724,p-Tolunitrile,4-methylbenzonitrile,CC1=CC=C(C=C1)C#N,"InChI=1S/C8H7N/c1-7-2-4-8(6-9)5-3-7/h2-5H,1H3",VCZNNAKNUVJVGX-UHFFFAOYSA-N
"1,4-Diethylbenzene",Industrial,7734,C10H14,134.22,3.5,0,0,0.0,CCC1=CC=C(C=C1)CC,PubChem,,,,Structure_PubChem,134.222,2.8114,0,0,0.0,10,1,2,,,,,134.222,,C10H14,,,,,,,,,,,Trouvé,,,,CID_7734,"1,4-Diethylbenzene","1,4-diethylbenzene",CCC1=CC=C(C=C1)CC,"InChI=1S/C10H14/c1-3-9-5-7-10(4-2)8-6-9/h5-8H,3-4H2,1-2H3",DSNHSQKRULAAEI-UHFFFAOYSA-N
Quinhydrone,Industrial,7801,C12H10O4,218.2,,2,4,74.6,C1=CC(=O)C=CC1=O.C1=CC(=CC=C1O)O,PubChem,,,,Structure_PubChem,218.208,1.3484,2,4,74.6,16,2,0,,,,,218.208,,C12H10O4,,,,,,,,,,,Trouvé,,,,CID_7801,Quinhydrone,"benzene-1,4-diol;cyclohexa-2,5-diene-1,4-dione",C1=CC(=O)C=CC1=O.C1=CC(=CC=C1O)O,"InChI=1S/C6H6O2.C6H4O2/c2*7-5-1-2-6(8)4-3-5/h1-4,7-8H;1-4H",BDJXVNRFAQSMAA-UHFFFAOYSA-N
4-Bromotoluene,Industrial,7805,C7H7Br,171.03,3.4,0,0,0.0,CC1=CC=C(C=C1)Br,PubChem,,,,Structure_PubChem,171.037,2.7575,0,0,0.0,8,1,0,,,,,171.037,,C7H7Br,,,,,,,,,,,Trouvé,,,,CID_7805,4-Bromotoluene,1-bromo-4-methylbenzene,CC1=CC=C(C=C1)Br,"InChI=1S/C7H7Br/c1-6-2-4-7(8)5-3-6/h2-5H,1H3",ZBTMRBYMKUEVEU-UHFFFAOYSA-N
4-Bromophenol,Industrial,7808,C6H5BrO,173.01,2.6,1,1,20.2,C1=CC(=CC=C1O)Br,PubChem,,,,Structure_PubChem,173.009,2.1547,1,1,20.23,8,1,0,,,,,173.009,,C6H5BrO,,,,,,,,,,,Trouvé,,,,CID_7808,4-Bromophenol,4-bromophenol,C1=CC(=CC=C1O)Br,"InChI=1S/C6H5BrO/c7-5-1-3-6(8)4-2-5/h1-4,8H",GZFGOTFRPZRKDS-UHFFFAOYSA-N
P-Xylene,Industrial,7809,C8H10,106.16,3.2,0,0,0.0,CC1=CC=C(C=C1)C,PubChem,,,,Structure_PubChem,106.168,2.3034,0,0,0.0,8,1,0,,,,,106.168,,C8H10,,,,,,,,,,,Trouvé,,,,CID_7809,P-Xylene,"1,4-xylene",CC1=CC=C(C=C1)C,"InChI=1S/C8H10/c1-7-3-5-8(2)6-4-7/h3-6H,1-2H3",URLKBWYHVLBVBO-UHFFFAOYSA-N
4-Chlorotoluene,Industrial,7810,C7H7Cl,126.58,3.3,0,0,0.0,CC1=CC=C(C=C1)Cl,PubChem,,,,Structure_PubChem,126.586,2.6484,0,0,0.0,8,1,0,,,,,126.586,,C7H7Cl,,,,,,,,,,,Trouvé,,,,CID_7810,4-Chlorotoluene,1-chloro-4-methylbenzene,CC1=CC=C(C=C1)Cl,"InChI=1S/C7H7Cl/c1-6-2-4-7(8)5-3-6/h2-5H,1H3",NPDACUSDTOMAMK-UHFFFAOYSA-N
4-Methylbenzenethiol,Industrial,7811,C7H8S,124.21,2.9,1,1,1.0,CC1=CC=C(C=C1)S,PubChem,,,,Structure_PubChem,124.208,2.2837,1,1,0.0,8,1,0,,,,,124.208,,C7H8S,,,,,,,,,,,Trouvé,,,,CID_7811,4-Methylbenzenethiol,4-methylbenzenethiol,CC1=CC=C(C=C1)S,"InChI=1S/C7H8S/c1-6-2-4-7(8)5-3-6/h2-5,8H,1H3",WLHCBQAPPJAULW-UHFFFAOYSA-N
M-Xylene,Industrial,7929,C8H10,106.16,3.2,0,0,0.0,CC1=CC(=CC=C1)C,PubChem,,,,Structure_PubChem,106.168,2.3034,0,0,0.0,8,1,0,,,,,106.168,,C8H10,,,,,,,,,,,Trouvé,,,,CID_7929,M-Xylene,"1,3-xylene",CC1=CC(=CC=C1)C,"InChI=1S/C8H10/c1-7-4-3-5-8(2)6-7/h3-6H,1-2H3",IVSZLXZYQVIEFR-UHFFFAOYSA-N
3-Thiocresol,Industrial,7930,C7H8S,124.21,2.8,1,1,1.0,CC1=CC(=CC=C1)S,PubChem,,,,Structure_PubChem,124.208,2.2837,1,1,0.0,8,1,0,,,,,124.208,,C7H8S,,,,,,,,,,,Trouvé,,,,CID_7930,3-Thiocresol,3-methylbenzenethiol,CC1=CC(=CC=C1)S,"InChI=1S/C7H8S/c1-6-3-2-4-7(8)5-6/h2-5,8H,1H3",WRXOZRLZDJAYDR-UHFFFAOYSA-N
3-Chlorotoluene,Industrial,7931,C7H7Cl,126.58,3.3,0,0,0.0,CC1=CC(=CC=C1)Cl,PubChem,,,,Structure_PubChem,126.586,2.6484,0,0,0.0,8,1,0,,,,,126.586,,C7H7Cl,,,,,,,,,,,Trouvé,,,,CID_7931,3-Chlorotoluene,1-chloro-3-methylbenzene,CC1=CC(=CC=C1)Cl,"InChI=1S/C7H7Cl/c1-6-3-2-4-7(8)5-6/h2-5H,1H3",OSOUNOBYRMOXQQ-UHFFFAOYSA-N
3-Chlorophenol,Industrial,7933,C6H5ClO,128.55,2.5,1,1,20.2,C1=CC(=CC(=C1)Cl)O,PubChem,,,,Structure_PubChem,128.558,2.0456,1,1,20.23,8,1,0,,,,,128.558,,C6H5ClO,,,,,,,,,,,Trouvé,,,,CID_7933,3-Chlorophenol,3-chlorophenol,C1=CC(=CC(=C1)Cl)O,"InChI=1S/C6H5ClO/c7-5-2-1-3-6(8)4-5/h1-4,8H",HORNXRXVQWOLPJ-UHFFFAOYSA-N
m-Divinylbenzene,Industrial,7941,C10H10,130.19,3.7,0,0,0.0,C=CC1=CC(=CC=C1)C=C,PubChem,,,,Structure_PubChem,130.19,2.9726,0,0,0.0,10,1,2,,,,,130.19,,C10H10,,,,,,,,,,,Trouvé,,,,CID_7941,m-Divinylbenzene,"1,3-bis(ethenyl)benzene",C=CC1=CC(=CC=C1)C=C,"InChI=1S/C10H10/c1-3-9-6-5-7-10(4-2)8-9/h3-8H,1-2H2",PRJNEUBECVAVAG-UHFFFAOYSA-N
Mesitylene,Industrial,7947,C9H12,120.19,3.4,0,0,0.0,CC1=CC(=CC(=C1)C)C,PubChem,,,,Structure_PubChem,120.195,2.6119,0,0,0.0,9,1,0,,,,,120.195,,C9H12,,,,,,,,,,,Trouvé,,,,CID_7947,Mesitylene,"1,3,5-trimethylbenzene",CC1=CC(=CC(=C1)C)C,"InChI=1S/C9H12/c1-7-4-8(2)6-9(3)5-7/h4-6H,1-3H3",AUHZEENZYGFFBQ-UHFFFAOYSA-N
Bromobenzene,Industrial,7961,C6H5Br,157.01,3.0,0,0,0.0,C1=CC=C(C=C1)Br,PubChem,,,,Structure_PubChem,157.01,2.4491,0,0,0.0,7,1,0,,,,,157.01,,C6H5Br,,,,,,,,,,,Trouvé,,,,CID_7961,Bromobenzene,bromobenzene,C1=CC=C(C=C1)Br,InChI=1S/C6H5Br/c7-6-4-2-1-3-5-6/h1-5H,QARVLSVVCXYDNA-UHFFFAOYSA-N
Chlorobenzene,Industrial,7964,C6H5Cl,112.55,2.9,0,0,0.0,C1=CC=C(C=C1)Cl,PubChem,,,,Structure_PubChem,112.559,2.34,0,0,0.0,7,1,0,,,,,112.559,,C6H5Cl,,,,,,,,,,,Trouvé,,,,CID_7964,Chlorobenzene,chlorobenzene,C1=CC=C(C=C1)Cl,InChI=1S/C6H5Cl/c7-6-4-2-1-3-5-6/h1-5H,MVPPADPHJFYWMZ-UHFFFAOYSA-N
Thiophenol,Industrial,7969,C6H6S,110.18,2.5,1,1,1.0,C1=CC=C(C=C1)S,PubChem,,,,Structure_PubChem,110.181,1.9753,1,1,0.0,7,1,0,,,,,110.181,,C6H6S,,,,,,,,,,,Trouvé,,,,CID_7969,Thiophenol,benzenethiol,C1=CC=C(C=C1)S,"InChI=1S/C6H6S/c7-6-4-2-1-3-5-6/h1-5,7H",RMVRSNDYEFQCLF-UHFFFAOYSA-N
Phenyl Salicylate,Industrial,8361,C13H10O3,214.22,3.8,1,3,46.5,C1=CC=C(C=C1)OC(=O)C2=CC=CC=C2O,PubChem,,,,Structure_PubChem,214.22,2.6114,1,3,46.53,16,2,2,,,,,214.22,,C13H10O3,,,,,,,,,,,Trouvé,,,,CID_8361,Phenyl Salicylate,phenyl 2-hydroxybenzoate,C1=CC=C(C=C1)OC(=O)C2=CC=CC=C2O,"InChI=1S/C13H10O3/c14-12-9-5-4-8-11(12)13(15)16-10-6-2-1-3-7-10/h1-9,14H",ZQBAKBUEJOMQEX-UHFFFAOYSA-N
Homosalate,Industrial,8362,C16H22O3,262.34,5.0,1,3,46.5,CC1CC(CC(C1)(C)C)OC(=O)C2=CC=CC=C2O,PubChem,,,,Structure_PubChem,262.349,3.7638,1,3,46.53,19,2,2,,,,,262.349,,C16H22O3,,,,,,,,,,,Trouvé,,,,CID_8362,Homosalate,"(3,3,5-trimethylcyclohexyl) 2-hydroxybenzoate",CC1CC(CC(C1)(C)C)OC(=O)C2=CC=CC=C2O,"InChI=1S/C16H22O3/c1-11-8-12(10-16(2,3)9-11)19-15(18)13-6-4-5-7-14(13)17/h4-7,11-12,17H,8-10H2,1-3H3",WSSJONWNBBTCMG-UHFFFAOYSA-N
Benzyl Salicylate,Industrial,8363,C14H12O3,228.24,3.2,1,3,46.5,C1=CC=C(C=C1)COC(=O)C2=CC=CC=C2O,PubChem,,,,Structure_PubChem,228.247,2.7492,1,3,46.53,17,2,3,,,,,228.247,,C14H12O3,,,,,,,,,,,Trouvé,,,,CID_8363,Benzyl Salicylate,benzyl 2-hydroxybenzoate,C1=CC=C(C=C1)COC(=O)C2=CC=CC=C2O,"InChI=1S/C14H12O3/c15-13-9-5-4-8-12(13)14(16)17-10-11-6-2-1-3-7-11/h1-9,15H,10H2",ZCTQGTTXIYCGGC-UHFFFAOYSA-N
2-Ethylhexyl salicylate,Industrial,8364,C15H22O3,250.33,5.7,1,3,46.5,CCCCC(CC)COC(=O)C1=CC=CC=C1O,PubChem,,,,Structure_PubChem,250.338,3.7654,1,3,46.53,18,1,7,,,,,250.338,,C15H22O3,,,,,,,,,,,Trouvé,,,,CID_8364,2-Ethylhexyl salicylate,2-ethylhexyl 2-hydroxybenzoate,CCCCC(CC)COC(=O)C1=CC=CC=C1O,"InChI=1S/C15H22O3/c1-3-5-8-12(4-2)11-18-15(17)13-9-6-7-10-14(13)16/h6-7,9-10,12,16H,3-5,8,11H2,1-2H3",FMRHJJZUHUTGKE-UHFFFAOYSA-N
Ethyl Salicylate,Industrial,8365,C9H10O3,166.17,3.0,1,3,46.5,CCOC(=O)C1=CC=CC=C1O,PubChem,,,,Structure_PubChem,166.176,1.5689,1,3,46.53,12,1,2,,,,,166.176,,C9H10O3,,,,,,,,,,,Trouvé,,,,CID_8365,Ethyl Salicylate,ethyl 2-hydroxybenzoate,CCOC(=O)C1=CC=CC=C1O,"InChI=1S/C9H10O3/c1-2-12-9(11)7-5-3-4-6-8(7)10/h3-6,10H,2H2,1H3",GYCKQBWUSACYIF-UHFFFAOYSA-N
2'-Hydroxyacetophenone,Industrial,8375,C8H8O2,136.15,1.9,1,2,37.3,CC(=O)C1=CC=CC=C1O,PubChem,,,,Structure_PubChem,136.15,1.5948,1,2,37.3,10,1,1,,,,,136.15,,C8H8O2,,,,,,,,,,,Trouvé,,,,CID_8375,2'-Hydroxyacetophenone,1-(2-hydroxyphenyl)ethanone,CC(=O)C1=CC=CC=C1O,"InChI=1S/C8H8O2/c1-6(9)7-4-2-3-5-8(7)10/h2-5,10H,1H3",JECYUBVRTQDVAT-UHFFFAOYSA-N
5-Iodosalicylic acid,Industrial,8388,C7H5IO3,264.02,3.1,2,3,57.5,C1=CC(=C(C=C1I)C(=O)O)O,PubChem,,,,Structure_PubChem,264.018,1.695,2,2,57.53,11,1,1,,,,,264.018,,C7H5IO3,,,,,,,,,,,Trouvé,,,,CID_8388,5-Iodosalicylic acid,2-hydroxy-5-iodobenzoic acid,C1=CC(=C(C=C1I)C(=O)O)O,"InChI=1S/C7H5IO3/c8-4-1-2-6(9)5(3-4)7(10)11/h1-3,9H,(H,10,11)",SWDNKOFGNPGRPI-UHFFFAOYSA-N
Tetralin,Industrial,8404,C10H12,132.2,3.5,0,0,0.0,C1CCC2=CC=CC=C2C1,PubChem,,,,Structure_PubChem,132.206,2.5654,0,0,0.0,10,2,0,,,,,132.206,,C10H12,,,,,,,,,,,Trouvé,,,,CID_8404,Tetralin,"1,2,3,4-tetrahydronaphthalene",C1CCC2=CC=CC=C2C1,"InChI=1S/C10H12/c1-2-6-10-8-4-3-7-9(10)5-1/h1-2,5-6H,3-4,7-8H2",CXWXQJXEFPUFDZ-UHFFFAOYSA-N
Ethylparaben,Industrial,8434,C9H10O3,166.17,2.5,1,3,46.5,CCOC(=O)C1=CC=C(C=C1)O,PubChem,,,,Structure_PubChem,166.176,1.5689,1,3,46.53,12,1,2,,,,,166.176,,C9H10O3,,,,,,,,,,,Trouvé,,,,CID_8434,Ethylparaben,ethyl 4-hydroxybenzoate,CCOC(=O)C1=CC=C(C=C1)O,"InChI=1S/C9H10O3/c1-2-12-9(11)7-3-5-8(10)6-4-7/h3-6,10H,2H2,1H3",NUVBSKCKDOMJSU-UHFFFAOYSA-N
Methyl anisate,Industrial,8499,C9H10O3,166.17,2.3,0,3,35.5,COC1=CC=C(C=C1)C(=O)OC,PubChem,,,,Structure_PubChem,166.176,1.4818,0,3,35.53,12,1,2,,,,,166.176,,C9H10O3,,,,,,,,,,,Trouvé,,,,CID_8499,Methyl anisate,methyl 4-methoxybenzoate,COC1=CC=C(C=C1)C(=O)OC,"InChI=1S/C9H10O3/c1-11-8-5-3-7(4-6-8)9(10)12-2/h3-6H,1-2H3",DDIZAANNODHTRB-UHFFFAOYSA-N
"2,2'-Dihydroxy-4-methoxybenzophenone",Industrial,8569,C14H12O4,244.24,3.3,2,4,66.8,COC1=CC(=C(C=C1)C(=O)C2=CC=CC=C2O)O,PubChem,,,,Structure_PubChem,244.246,2.3374,2,4,66.76,18,2,3,,,,,244.246,,C14H12O4,,,,,,,,,,,Trouvé,,,,CID_8569,"2,2'-Dihydroxy-4-methoxybenzophenone",(2-hydroxy-4-methoxyphenyl)-(2-hydroxyphenyl)methanone,COC1=CC(=C(C=C1)C(=O)C2=CC=CC=C2O)O,"InChI=1S/C14H12O4/c1-18-9-6-7-11(13(16)8-9)14(17)10-4-2-3-5-12(10)15/h2-8,15-16H,1H3",MEZZCSHVIGVWFI-UHFFFAOYSA-N
Benzophenone-6,Industrial,8570,C15H14O5,274.27,3.3,2,5,76.0,COC1=CC(=C(C=C1)C(=O)C2=C(C=C(C=C2)OC)O)O,PubChem,,,,Structure_PubChem,274.272,2.346,2,5,75.99,20,2,4,,,,,274.272,,C15H14O5,,,,,,,,,,,Trouvé,,,,CID_8570,Benzophenone-6,bis(2-hydroxy-4-methoxyphenyl)methanone,COC1=CC(=C(C=C1)C(=O)C2=C(C=C(C=C2)OC)O)O,"InChI=1S/C15H14O5/c1-19-9-3-5-11(13(16)7-9)15(18)12-6-4-10(20-2)8-14(12)17/h3-8,16-17H,1-2H3",SODJJEXAWOSSON-UHFFFAOYSA-N
"3,5-Diiodosalicylic acid",Industrial,8631,C7H4I2O3,389.91,4.6,2,3,57.5,C1=C(C=C(C(=C1C(=O)O)O)I)I,PubChem,,,,Structure_PubChem,389.914,2.2996,2,2,57.53,12,1,1,,,,,389.914,,C7H4I2O3,,,,,,,,,,,Trouvé,,,,CID_8631,"3,5-Diiodosalicylic acid","2-hydroxy-3,5-diiodobenzoic acid",C1=C(C=C(C(=C1C(=O)O)O)I)I,"InChI=1S/C7H4I2O3/c8-3-1-4(7(11)12)6(10)5(9)2-3/h1-2,10H,(H,11,12)",DHZVWQPHNWDCFS-UHFFFAOYSA-N
"1,2-Diethylbenzene",Industrial,8657,C10H14,134.22,3.7,0,0,0.0,CCC1=CC=CC=C1CC,PubChem,,,,Structure_PubChem,134.222,2.8114,0,0,0.0,10,1,2,,,,,134.222,,C10H14,,,,,,,,,,,Trouvé,,,,CID_8657,"1,2-Diethylbenzene","1,2-diethylbenzene",CCC1=CC=CC=C1CC,"InChI=1S/C10H14/c1-3-9-7-5-6-8-10(9)4-2/h5-8H,3-4H2,1-2H3",KVNYFPKFSJIPBJ-UHFFFAOYSA-N
2-Methoxybenzaldehyde,Industrial,8658,C8H8O2,136.15,1.7,0,2,26.3,COC1=CC=CC=C1C=O,PubChem,,,,Structure_PubChem,136.15,1.5077,0,2,26.3,10,1,2,,,,,136.15,,C8H8O2,,,,,,,,,,,Trouvé,,,,CID_8658,2-Methoxybenzaldehyde,2-methoxybenzaldehyde,COC1=CC=CC=C1C=O,"InChI=1S/C8H8O2/c1-10-8-5-3-2-4-7(8)6-9/h2-6H,1H3",PKZJLOCLABXVMC-UHFFFAOYSA-N
Sec-Butylbenzene,Industrial,8680,C10H14,134.22,4.2,0,0,0.0,CCC(C)C1=CC=CC=C1,PubChem,,,,Structure_PubChem,134.222,3.2001,0,0,0.0,10,1,2,,,,,134.222,,C10H14,,,,,,,,,,,Trouvé,,,,CID_8680,Sec-Butylbenzene,butan-2-ylbenzene,CCC(C)C1=CC=CC=C1,"InChI=1S/C10H14/c1-3-9(2)10-7-5-4-6-8-10/h4-9H,3H2,1-2H3",ZJMWRROPUADPEA-UHFFFAOYSA-N
"Resorcinol, monobenzoate",Industrial,8690,C13H10O3,214.22,3.2,1,3,46.5,C1=CC=C(C=C1)C(=O)OC2=CC=CC(=C2)O,PubChem,,,,Structure_PubChem,214.22,2.6114,1,3,46.53,16,2,2,,,,,214.22,,C13H10O3,,,,,,,,,,,Trouvé,,,,CID_8690,"Resorcinol, monobenzoate",(3-hydroxyphenyl) benzoate,C1=CC=C(C=C1)C(=O)OC2=CC=CC(=C2)O,"InChI=1S/C13H10O3/c14-11-7-4-8-12(9-11)16-13(15)10-5-2-1-3-6-10/h1-9,14H",GDESWOTWNNGOMW-UHFFFAOYSA-N
2-Thiocresol,Industrial,8712,C7H8S,124.21,2.9,1,1,1.0,CC1=CC=CC=C1S,PubChem,,,,Structure_PubChem,124.208,2.2837,1,1,0.0,8,1,0,,,,,124.208,,C7H8S,,,,,,,,,,,Trouvé,,,,CID_8712,2-Thiocresol,2-methylbenzenethiol,CC1=CC=CC=C1S,"InChI=1S/C7H8S/c1-6-4-2-3-5-7(6)8/h2-5,8H,1H3",LXUNZSDDXMPKLP-UHFFFAOYSA-N
Phenylacetonitrile,Industrial,8794,C8H7N,117.15,1.6,0,1,23.8,C1=CC=C(C=C1)CC#N,PubChem,,,,Structure_PubChem,117.151,1.7527,0,1,23.79,9,1,1,,,,,117.151,,C8H7N,,,,,,,,,,,Trouvé,,,,CID_8794,Phenylacetonitrile,2-phenylacetonitrile,C1=CC=C(C=C1)CC#N,"InChI=1S/C8H7N/c9-7-6-8-4-2-1-3-5-8/h1-5H,6H2",SUSQOBVLVYHIEX-UHFFFAOYSA-N
"1,3-Diethylbenzene",Industrial,8864,C10H14,134.22,3.9,0,0,0.0,CCC1=CC(=CC=C1)CC,PubChem,,,,Structure_PubChem,134.222,2.8114,0,0,0.0,10,1,2,,,,,134.222,,C10H14,,,,,,,,,,,Trouvé,,,,CID_8864,"1,3-Diethylbenzene","1,3-diethylbenzene",CCC1=CC(=CC=C1)CC,"InChI=1S/C10H14/c1-3-9-6-5-7-10(4-2)8-9/h5-8H,3-4H2,1-2H3",AFZZYIJIWUTJFO-UHFFFAOYSA-N
Dichloromethylphenylsilane,Industrial,9006,C7H8Cl2Si,191.13,,0,0,0.0,C[Si](C1=CC=CC=C1)(Cl)Cl,PubChem,,,,Structure_PubChem,191.133,2.4432,0,0,0.0,10,1,1,,,,,191.133,,C7H8Cl2Si,,,,,,,,,,,Trouvé,,,,CID_9006,Dichloromethylphenylsilane,dichloro-methyl-phenylsilane,C[Si](C1=CC=CC=C1)(Cl)Cl,"InChI=1S/C7H8Cl2Si/c1-10(8,9)7-5-3-2-4-6-7/h2-6H,1H3",GNEPOXWQWFSSOU-UHFFFAOYSA-N
Dibenzyl Disulfide,Industrial,9012,C14H14S2,246.4,3.9,0,2,50.6,C1=CC=C(C=C1)CSSCC2=CC=CC=C2,PubChem,,,,Structure_PubChem,246.4,4.7682,0,2,0.0,16,2,5,,,,,246.4,,C14H14S2,,,,,,,,,,,Trouvé,,,,CID_9012,Dibenzyl Disulfide,(benzyldisulfanyl)methylbenzene,C1=CC=C(C=C1)CSSCC2=CC=CC=C2,"InChI=1S/C14H14S2/c1-3-7-13(8-4-1)11-15-16-12-14-9-5-2-6-10-14/h1-10H,11-12H2",GVPWHKZIJBODOX-UHFFFAOYSA-N
4-Methoxyphenol,Industrial,9015,C7H8O2,124.14,1.3,1,2,29.5,COC1=CC=C(C=C1)O,PubChem,,,,Structure_PubChem,124.139,1.4008,1,2,29.46,9,1,1,,,,,124.139,,C7H8O2,,,,,,,,,,,Trouvé,,,,CID_9015,4-Methoxyphenol,4-methoxyphenol,COC1=CC=C(C=C1)O,"InChI=1S/C7H8O2/c1-9-7-4-2-6(8)3-5-7/h2-5,8H,1H3",NWVVVBRKAWDGAB-UHFFFAOYSA-N
Allylbenzene,Industrial,9309,C9H10,118.18,3.2,0,0,0.0,C=CCC1=CC=CC=C1,PubChem,,,,Structure_PubChem,118.179,2.4151,0,0,0.0,9,1,2,,,,,118.179,,C9H10,,,,,,,,,,,Trouvé,,,,CID_9309,Allylbenzene,prop-2-enylbenzene,C=CCC1=CC=CC=C1,"InChI=1S/C9H10/c1-2-6-9-7-4-3-5-8-9/h2-5,7-8H,1,6H2",HJWLCRVIBGQPNF-UHFFFAOYSA-N
"2,6-Dihydroxybenzoic Acid",Industrial,9338,C7H6O4,154.12,2.2,3,4,77.8,C1=CC(=C(C(=C1)O)C(=O)O)O,PubChem,,,,Structure_PubChem,154.121,0.796,3,3,77.76,11,1,1,,,,,154.121,,C7H6O4,,,,,,,,,,,Trouvé,,,,CID_9338,"2,6-Dihydroxybenzoic Acid","2,6-dihydroxybenzoic acid",C1=CC(=C(C(=C1)O)C(=O)O)O,"InChI=1S/C7H6O4/c8-4-2-1-3-5(9)6(4)7(10)11/h1-3,8-9H,(H,10,11)",AKEUNCKRJATALU-UHFFFAOYSA-N
3-Phenylsalicylic acid,Industrial,9348,C13H10O3,214.22,4.1,2,3,57.5,C1=CC=C(C=C1)C2=C(C(=CC=C2)C(=O)O)O,PubChem,,,,Structure_PubChem,214.22,2.7574,2,2,57.53,16,2,2,,,,,214.22,,C13H10O3,,,,,,,,,,,Trouvé,,,,CID_9348,3-Phenylsalicylic acid,2-hydroxy-3-phenylbenzoic acid,C1=CC=C(C=C1)C2=C(C(=CC=C2)C(=O)O)O,"InChI=1S/C13H10O3/c14-12-10(9-5-2-1-3-6-9)7-4-8-11(12)13(15)16/h1-8,14H,(H,15,16)",ZJWUEJOPKFYFQD-UHFFFAOYSA-N
Triflusal,Industrial,9458,C10H7F3O4,248.15,2.1,1,7,63.6,CC(=O)OC1=C(C=CC(=C1)C(F)(F)F)C(=O)O,PubChem,,,,Structure_PubChem,248.156,2.3289,1,3,63.6,17,1,2,,,,,248.156,,C10H7F3O4,,,,,,,,,,,Trouvé,,,,CID_9458,Triflusal,2-acetyloxy-4-(trifluoromethyl)benzoic acid,CC(=O)OC1=C(C=CC(=C1)C(F)(F)F)C(=O)O,"InChI=1S/C10H7F3O4/c1-5(14)17-8-4-6(10(11,12)13)2-3-7(8)9(15)16/h2-4H,1H3,(H,15,16)",RMWVZGDJPAKBDE-UHFFFAOYSA-N
4-Fluorobiphenyl,Industrial,9461,C12H9F,172.2,4.1,0,1,0.0,C1=CC=C(C=C1)C2=CC=C(C=C2)F,PubChem,,,,Structure_PubChem,172.202,3.4927,0,0,0.0,13,2,1,,,,,172.202,,C12H9F,,,,,,,,,,,Trouvé,,,,CID_9461,4-Fluorobiphenyl,1-fluoro-4-phenylbenzene,C1=CC=C(C=C1)C2=CC=C(C=C2)F,InChI=1S/C12H9F/c13-12-8-6-11(7-9-12)10-4-2-1-3-5-10/h1-9H,RUYZJEIKQYLEGZ-UHFFFAOYSA-N
"1,2,4,5-Tetrafluorobenzene",Industrial,9474,C6H2F4,150.07,2.3,0,4,0.0,C1=C(C(=CC(=C1F)F)F)F,PubChem,,,,Structure_PubChem,150.074,2.243,0,0,0.0,10,1,0,,,,,150.074,,C6H2F4,,,,,,,,,,,Trouvé,,,,CID_9474,"1,2,4,5-Tetrafluorobenzene","1,2,4,5-tetrafluorobenzene",C1=C(C(=CC(=C1F)F)F)F,InChI=1S/C6H2F4/c7-3-1-4(8)6(10)2-5(3)9/h1-2H,SDXUIOOHCIQXRP-UHFFFAOYSA-N
Phenyl methyl difluorosilane,Industrial,9479,C7H8F2Si,158.22,,0,2,0.0,C[Si](C1=CC=CC=C1)(F)F,PubChem,,,,Structure_PubChem,158.223,1.9046,0,0,0.0,10,1,1,,,,,158.223,,C7H8F2Si,,,,,,,,,,,Trouvé,,,,CID_9479,Phenyl methyl difluorosilane,difluoro-methyl-phenylsilane,C[Si](C1=CC=CC=C1)(F)F,"InChI=1S/C7H8F2Si/c1-10(8,9)7-5-3-2-4-6-7/h2-6H,1H3",YXBGGXXOSAYEJC-UHFFFAOYSA-N
"Benzene, 1-(chloromethyl)-2-fluoro-",Industrial,9580,C7H6ClF,144.57,2.6,0,1,0.0,C1=CC=C(C(=C1)CCl)F,PubChem,,,,Structure_PubChem,144.576,2.5645,0,0,0.0,9,1,1,,,,,144.576,,C7H6ClF,,,,,,,,,,,Trouvé,,,,CID_9580,"Benzene, 1-(chloromethyl)-2-fluoro-",1-(chloromethyl)-2-fluorobenzene,C1=CC=C(C(=C1)CCl)F,"InChI=1S/C7H6ClF/c8-5-6-3-1-2-4-7(6)9/h1-4H,5H2",MOBRMRJUKNQBMY-UHFFFAOYSA-N
Benzyl fluoride,Industrial,9591,C7H7F,110.13,2.5,0,1,0.0,C1=CC=C(C=C1)CF,PubChem,,,,Structure_PubChem,110.131,2.1561,0,0,0.0,8,1,1,,,,,110.131,,C7H7F,,,,,,,,,,,Trouvé,,,,CID_9591,Benzyl fluoride,fluoromethylbenzene,C1=CC=C(C=C1)CF,"InChI=1S/C7H7F/c8-6-7-4-2-1-3-5-7/h1-5H,6H2",MBXXQYJBFRRFCK-UHFFFAOYSA-N
4-Fluorobenzyl chloride,Industrial,9602,C7H6ClF,144.57,2.6,0,1,0.0,C1=CC(=CC=C1CCl)F,PubChem,,,,Structure_PubChem,144.576,2.5645,0,0,0.0,9,1,1,,,,,144.576,,C7H6ClF,,,,,,,,,,,Trouvé,,,,CID_9602,4-Fluorobenzyl chloride,1-(chloromethyl)-4-fluorobenzene,C1=CC(=CC=C1CCl)F,"InChI=1S/C7H6ClF/c8-5-6-1-3-7(9)4-2-6/h1-4H,5H2",IZXWCDITFDNEBY-UHFFFAOYSA-N
p-Fluorotoluene,Industrial,9603,C7H7F,110.13,2.8,0,1,0.0,CC1=CC=C(C=C1)F,PubChem,,,,Structure_PubChem,110.131,2.1341,0,0,0.0,8,1,0,,,,,110.131,,C7H7F,,,,,,,,,,,Trouvé,,,,CID_9603,p-Fluorotoluene,1-fluoro-4-methylbenzene,CC1=CC=C(C=C1)F,"InChI=1S/C7H7F/c1-6-2-4-7(8)5-3-6/h2-5H,1H3",WRWPPGUCZBJXKX-UHFFFAOYSA-N
4-Fluoroiodobenzene,Industrial,9605,C6H4FI,222.0,3.4,0,1,0.0,C1=CC(=CC=C1F)I,PubChem,,,,Structure_PubChem,222.0,2.4303,0,0,0.0,8,1,0,,,,,222.0,,C6H4FI,,,,,,,,,,,Trouvé,,,,CID_9605,4-Fluoroiodobenzene,1-fluoro-4-iodobenzene,C1=CC(=CC=C1F)I,InChI=1S/C6H4FI/c7-5-1-3-6(8)4-2-5/h1-4H,KGNQDBQYEBMPFZ-UHFFFAOYSA-N
m-Fluorotoluene,Industrial,9606,C7H7F,110.13,2.7,0,1,0.0,CC1=CC(=CC=C1)F,PubChem,,,,Structure_PubChem,110.131,2.1341,0,0,0.0,8,1,0,,,,,110.131,,C7H7F,,,,,,,,,,,Trouvé,,,,CID_9606,m-Fluorotoluene,1-fluoro-3-methylbenzene,CC1=CC(=CC=C1)F,"InChI=1S/C7H7F/c1-6-3-2-4-7(8)5-6/h2-5H,1H3",BTQZKHUEUDPRST-UHFFFAOYSA-N
Pentafluorobenzene,Industrial,9696,C6HF5,168.06,2.5,0,5,0.0,C1=C(C(=C(C(=C1F)F)F)F)F,PubChem,,,,Structure_PubChem,168.064,2.3821,0,0,0.0,11,1,0,,,,,168.064,,C6HF5,,,,,,,,,,,Trouvé,,,,CID_9696,Pentafluorobenzene,"1,2,3,4,5-pentafluorobenzene",C1=C(C(=C(C(=C1F)F)F)F)F,InChI=1S/C6HF5/c7-2-1-3(8)5(10)6(11)4(2)9/h1H,WACNXHCZHTVBJM-UHFFFAOYSA-N
"1,2-Difluorobenzene",Industrial,9706,C6H4F2,114.09,2.4,0,2,0.0,C1=CC=C(C(=C1)F)F,PubChem,,,,Structure_PubChem,114.094,1.9648,0,0,0.0,8,1,0,,,,,114.094,,C6H4F2,,,,,,,,,,,Trouvé,,,,CID_9706,"1,2-Difluorobenzene","1,2-difluorobenzene",C1=CC=C(C(=C1)F)F,InChI=1S/C6H4F2/c7-5-3-1-2-4-6(5)8/h1-4H,GOYDNIKZWGIXJT-UHFFFAOYSA-N
2-Fluorophenol,Industrial,9707,C6H5FO,112.1,1.7,1,2,20.2,C1=CC=C(C(=C1)O)F,PubChem,,,,Structure_PubChem,112.103,1.5313,1,1,20.23,8,1,0,,,,,112.103,,C6H5FO,,,,,,,,,,,Trouvé,,,,CID_9707,2-Fluorophenol,2-fluorophenol,C1=CC=C(C(=C1)O)F,"InChI=1S/C6H5FO/c7-5-3-1-2-4-6(5)8/h1-4,8H",HFHFGHLXUCOHLN-UHFFFAOYSA-N
(Trifluorosilyl)benzene,Industrial,9712,C6H5F3Si,162.18,,0,3,0.0,C1=CC=C(C=C1)[Si](F)(F)F,PubChem,,,,Structure_PubChem,162.186,1.741,0,0,0.0,10,1,1,,,,,162.186,,C6H5F3Si,,,,,,,,,,,Trouvé,,,,CID_9712,(Trifluorosilyl)benzene,trifluoro(phenyl)silane,C1=CC=C(C=C1)[Si](F)(F)F,"InChI=1S/C6H5F3Si/c7-10(8,9)6-4-2-1-3-5-6/h1-5H",KGWNTHHPMKEAIK-UHFFFAOYSA-N
"Arsine, difluorophenyl-",Industrial,9716,C6H5AsF2,190.02,,0,2,0.0,C1=CC=C(C=C1)[As](F)F,PubChem,,,,Structure_PubChem,190.024,1.3208,0,0,0.0,9,1,1,,,,,190.024,,C6H5AsF2,,,,,,,,,,,Trouvé,,,,CID_9716,"Arsine, difluorophenyl-",difluoro(phenyl)arsane,C1=CC=C(C=C1)[As](F)F,InChI=1S/C6H5AsF2/c8-7(9)6-4-2-1-3-5-6/h1-5H,VFMMEYOORMCMRV-UHFFFAOYSA-N
4-Fluorophenol,Industrial,9732,C6H5FO,112.1,1.8,1,2,20.2,C1=CC(=CC=C1O)F,PubChem,,,,Structure_PubChem,112.103,1.5313,1,1,20.23,8,1,0,,,,,112.103,,C6H5FO,,,,,,,,,,,Trouvé,,,,CID_9732,4-Fluorophenol,4-fluorophenol,C1=CC(=CC=C1O)F,"InChI=1S/C6H5FO/c7-5-1-3-6(8)4-2-5/h1-4,8H",RHMPLDJJXGPMEX-UHFFFAOYSA-N
2-Fluoroethanol,Industrial,9737,C2H5FO,64.06,-0.8,1,2,20.2,C(CF)O,PubChem,,,,Structure_PubChem,64.059,-0.0518,1,1,20.23,4,0,1,,,,,64.059,,C2H5FO,,,,,,,,,,,Trouvé,,,,CID_9737,2-Fluoroethanol,2-fluoroethanol,C(CF)O,"InChI=1S/C2H5FO/c3-1-2-4/h4H,1-2H2",GGDYAKVUZMZKRV-UHFFFAOYSA-N
"1,3-Difluorobenzene",Industrial,9741,C6H4F2,114.09,2.4,0,2,0.0,C1=CC(=CC(=C1)F)F,PubChem,,,,Structure_PubChem,114.094,1.9648,0,0,0.0,8,1,0,,,,,114.094,,C6H4F2,,,,,,,,,,,Trouvé,,,,CID_9741,"1,3-Difluorobenzene","1,3-difluorobenzene",C1=CC(=CC(=C1)F)F,InChI=1S/C6H4F2/c7-5-2-1-3-6(8)4-5/h1-4H,UEMGWPRHOOEKTA-UHFFFAOYSA-N
3-Fluorophenol,Industrial,9743,C6H5FO,112.1,1.9,1,2,20.2,C1=CC(=CC(=C1)F)O,PubChem,,,,Structure_PubChem,112.103,1.5313,1,1,20.23,8,1,0,,,,,112.103,,C6H5FO,,,,,,,,,,,Trouvé,,,,CID_9743,3-Fluorophenol,3-fluorophenol,C1=CC(=CC(=C1)F)O,"InChI=1S/C6H5FO/c7-5-2-1-3-6(8)4-5/h1-4,8H",SJTBRFHBXDZMPS-UHFFFAOYSA-N
"1,3,5-Trifluorobenzene",Industrial,9745,C6H3F3,132.08,2.2,0,3,0.0,C1=C(C=C(C=C1F)F)F,PubChem,,,,Structure_PubChem,132.084,2.1039,0,0,0.0,9,1,0,,,,,132.084,,C6H3F3,,,,,,,,,,,Trouvé,,,,CID_9745,"1,3,5-Trifluorobenzene","1,3,5-trifluorobenzene",C1=C(C=C(C=C1F)F)F,InChI=1S/C6H3F3/c7-4-1-5(8)3-6(9)2-4/h1-3H,JXUKFFRPLNTYIV-UHFFFAOYSA-N
"4,4'-Difluoro-1,1'-biphenyl",Industrial,9811,C12H8F2,190.19,4.5,0,2,0.0,C1=CC(=CC=C1C2=CC=C(C=C2)F)F,PubChem,,,,Structure_PubChem,190.192,3.6318,0,0,0.0,14,2,1,,,,,190.192,,C12H8F2,,,,,,,,,,,Trouvé,,,,CID_9811,"4,4'-Difluoro-1,1'-biphenyl",1-fluoro-4-(4-fluorophenyl)benzene,C1=CC(=CC=C1C2=CC=C(C=C2)F)F,InChI=1S/C12H8F2/c13-11-5-1-9(2-6-11)10-3-7-12(14)8-4-10/h1-8H,PZDAAZQDQJGXSW-UHFFFAOYSA-N
Fluoroacetone,Industrial,9889,C3H5FO,76.07,0.3,0,2,17.1,CC(=O)CF,PubChem,,,,Structure_PubChem,76.07,0.5449,0,1,17.07,5,0,1,,,,,76.07,,C3H5FO,,,,,,,,,,,Trouvé,,,,CID_9889,Fluoroacetone,1-fluoropropan-2-one,CC(=O)CF,"InChI=1S/C3H5FO/c1-3(5)2-4/h2H2,1H3",MSWVMWGCNZQPIA-UHFFFAOYSA-N
"1,2-Dihydronaphthalene",Industrial,9938,C10H10,130.19,3.2,0,0,0.0,C1CC2=CC=CC=C2C=C1,PubChem,,,,Structure_PubChem,130.19,2.646,0,0,0.0,10,2,0,,,,,130.19,,C10H10,,,,,,,,,,,Trouvé,,,,CID_9938,"1,2-Dihydronaphthalene","1,2-dihydronaphthalene",C1CC2=CC=CC=C2C=C1,"InChI=1S/C10H10/c1-2-6-10-8-4-3-7-9(10)5-1/h1-3,5-7H,4,8H2",KEIFWROAQVVDBN-UHFFFAOYSA-N
Dimethylphenylfluorosilane,Industrial,9962,C8H11FSi,154.26,,0,1,0.0,C[Si](C)(C1=CC=CC=C1)F,PubChem,,,,Structure_PubChem,154.26,2.0682,0,0,0.0,10,1,1,,,,,154.26,,C8H11FSi,,,,,,,,,,,Trouvé,,,,CID_9962,Dimethylphenylfluorosilane,fluoro-dimethyl-phenylsilane,C[Si](C)(C1=CC=CC=C1)F,"InChI=1S/C8H11FSi/c1-10(2,9)8-6-4-3-5-7-8/h3-7H,1-2H3",OCKMVMKNCKNCMZ-UHFFFAOYSA-N
3-Fluorobenzyl chloride,Industrial,9974,C7H6ClF,144.57,2.8,0,1,0.0,C1=CC(=CC(=C1)F)CCl,PubChem,,,,Structure_PubChem,144.576,2.5645,0,0,0.0,9,1,1,,,,,144.576,,C7H6ClF,,,,,,,,,,,Trouvé,,,,CID_9974,3-Fluorobenzyl chloride,1-(chloromethyl)-3-fluorobenzene,C1=CC(=CC(=C1)F)CCl,"InChI=1S/C7H6ClF/c8-5-6-2-1-3-7(9)4-6/h1-4H,5H2",XBDXMDVEZLOGMC-UHFFFAOYSA-N
Fluorobenzene,Industrial,10008,C6H5F,96.1,2.3,0,1,0.0,C1=CC=C(C=C1)F,PubChem,,,,Structure_PubChem,96.104,1.8257,0,0,0.0,7,1,0,,,,,96.104,,C6H5F,,,,,,,,,,,Trouvé,,,,CID_10008,Fluorobenzene,fluorobenzene,C1=CC=C(C=C1)F,InChI=1S/C6H5F/c7-6-4-2-1-3-5-6/h1-5H,PYLWMHQQBFSUBP-UHFFFAOYSA-N
Eugenin,Industrial,10189,C11H10O4,206.19,1.2,1,4,55.8,CC1=CC(=O)C2=C(C=C(C=C2O1)OC)O,PubChem,,,,Structure_PubChem,206.197,1.8156,1,4,59.67,15,2,1,,,,,206.197,,C11H10O4,,,,,,,,,,,Trouvé,,,,CID_10189,Eugenin,5-hydroxy-7-methoxy-2-methylchromen-4-one,CC1=CC(=O)C2=C(C=C(C=C2O1)OC)O,"InChI=1S/C11H10O4/c1-6-3-8(12)11-9(13)4-7(14-2)5-10(11)15-6/h3-5,13H,1-2H3",SUTUBQHKZRNZRA-UHFFFAOYSA-N
Flavanone,Industrial,10251,C15H12O2,224.25,3.2,0,2,26.3,C1C(OC2=CC=CC=C2C1=O)C3=CC=CC=C3,PubChem,,,,Structure_PubChem,224.259,3.3931,0,2,26.3,17,3,1,,,,,224.259,,C15H12O2,,,,,,,,,,,Trouvé,,,,CID_10251,Flavanone,"2-phenyl-2,3-dihydrochromen-4-one",C1C(OC2=CC=CC=C2C1=O)C3=CC=CC=C3,"InChI=1S/C15H12O2/c16-13-10-15(11-6-2-1-3-7-11)17-14-9-5-4-8-12(13)14/h1-9,15H,10H2",ZONYXWQDUYMKFB-UHFFFAOYSA-N
"1,2,3,4-Tetramethylbenzene",Industrial,10263,C10H14,134.22,4.0,0,0,0.0,CC1=C(C(=C(C=C1)C)C)C,PubChem,,,,Structure_PubChem,134.222,2.9203,0,0,0.0,10,1,0,,,,,134.222,,C10H14,,,,,,,,,,,Trouvé,,,,CID_10263,"1,2,3,4-Tetramethylbenzene","1,2,3,4-tetramethylbenzene",CC1=C(C(=C(C=C1)C)C)C,"InChI=1S/C10H14/c1-7-5-6-8(2)10(4)9(7)3/h5-6H,1-4H3",UOHMMEJUHBCKEE-UHFFFAOYSA-N
Chromone,Industrial,10286,C9H6O2,146.14,1.4,0,2,26.3,C1=CC=C2C(=C1)C(=O)C=CO2,PubChem,,,,Structure_PubChem,146.145,1.793,0,2,30.21,11,2,0,,,,,146.145,,C9H6O2,,,,,,,,,,,Trouvé,,,,CID_10286,Chromone,chromen-4-one,C1=CC=C2C(=C1)C(=O)C=CO2,InChI=1S/C9H6O2/c10-8-5-6-11-9-4-2-1-3-7(8)9/h1-6H,OTAFHZMPRISVEM-UHFFFAOYSA-N
Indane,Industrial,10326,C9H10,118.18,3.2,0,0,0.0,C1CC2=CC=CC=C2C1,PubChem,,,,Structure_PubChem,118.179,2.1753,0,0,0.0,9,2,0,,,,,118.179,,C9H10,,,,,,,,,,,Trouvé,,,,CID_10326,Indane,"2,3-dihydro-1H-indene",C1CC2=CC=CC=C2C1,"InChI=1S/C9H10/c1-2-5-9-7-3-6-8(9)4-1/h1-2,4-5H,3,6-7H2",PQNFLJBBNBOBRQ-UHFFFAOYSA-N
Diphenylacetylene,Industrial,10390,C14H10,178.23,4.8,0,0,0.0,C1=CC=C(C=C1)C#CC2=CC=CC=C2,PubChem,,,,Structure_PubChem,178.234,3.0864,0,0,0.0,14,2,0,,,,,178.234,,C14H10,,,,,,,,,,,Trouvé,,,,CID_10390,Diphenylacetylene,2-phenylethynylbenzene,C1=CC=C(C=C1)C#CC2=CC=CC=C2,InChI=1S/C14H10/c1-3-7-13(8-4-1)11-12-14-9-5-2-6-10-14/h1-10H,JRXXLCKWQFKACW-UHFFFAOYSA-N
Tyrosol,Industrial,10393,C8H10O2,138.16,0.4,2,2,40.5,C1=CC(=CC=C1CCO)O,PubChem,,,,Structure_PubChem,138.166,0.927,2,2,40.46,10,1,2,,,,,138.166,,C8H10O2,,,,,,,,,,,Trouvé,,,,CID_10393,Tyrosol,4-(2-hydroxyethyl)phenol,C1=CC(=CC=C1CCO)O,"InChI=1S/C8H10O2/c9-6-5-7-1-3-8(10)4-2-7/h1-4,9-10H,5-6H2",YCCILVSKPBXVIP-UHFFFAOYSA-N
Flavone,Industrial,10680,C15H10O2,222.24,3.6,0,2,26.3,C1=CC=C(C=C1)C2=CC(=O)C3=CC=CC=C3O2,PubChem,,,,Structure_PubChem,222.243,3.46,0,2,30.21,17,3,1,,,,,222.243,,C15H10O2,,,,,,,,,,,Trouvé,,,,CID_10680,Flavone,2-phenylchromen-4-one,C1=CC=C(C=C1)C2=CC(=O)C3=CC=CC=C3O2,InChI=1S/C15H10O2/c16-13-10-15(11-6-2-1-3-7-11)17-14-9-5-4-8-12(13)14/h1-10H,VHBFFQKBGNRLFZ-UHFFFAOYSA-N
"1,2,3-Trimethylbenzene",Industrial,10686,C9H12,120.19,3.6,0,0,0.0,CC1=C(C(=CC=C1)C)C,PubChem,,,,Structure_PubChem,120.195,2.6119,0,0,0.0,9,1,0,,,,,120.195,,C9H12,,,,,,,,,,,Trouvé,,,,CID_10686,"1,2,3-Trimethylbenzene","1,2,3-trimethylbenzene",CC1=C(C(=CC=C1)C)C,"InChI=1S/C9H12/c1-7-5-4-6-8(2)9(7)3/h4-6H,1-3H3",FYGHSUNMUKGBRK-UHFFFAOYSA-N
"1,2,3,5-Tetramethylbenzene",Industrial,10695,C10H14,134.22,4.0,0,0,0.0,CC1=CC(=C(C(=C1)C)C)C,PubChem,,,,Structure_PubChem,134.222,2.9203,0,0,0.0,10,1,0,,,,,134.222,,C10H14,,,,,,,,,,,Trouvé,,,,CID_10695,"1,2,3,5-Tetramethylbenzene","1,2,3,5-tetramethylbenzene",CC1=CC(=C(C(=C1)C)C)C,"InChI=1S/C10H14/c1-7-5-8(2)10(4)9(3)6-7/h5-6H,1-4H3",BFIMMTCNYPIMRN-UHFFFAOYSA-N
O-Cymene,Industrial,10703,C10H14,134.22,3.4,0,0,0.0,CC1=CC=CC=C1C(C)C,PubChem,,,,Structure_PubChem,134.222,3.1184,0,0,0.0,10,1,1,,,,,134.222,,C10H14,,,,,,,,,,,Trouvé,,,,CID_10703,O-Cymene,1-methyl-2-propan-2-ylbenzene,CC1=CC=CC=C1C(C)C,"InChI=1S/C10H14/c1-8(2)10-7-5-4-6-9(10)3/h4-8H,1-3H3",WWRCMNKATXZARA-UHFFFAOYSA-N
Acetylsalicylsalicylic acid,Industrial,10745,C16H12O6,300.26,2.4,1,6,89.9,CC(=O)OC1=CC=CC=C1C(=O)OC2=CC=CC=C2C(=O)O,PubChem,,,,Structure_PubChem,300.266,2.5293,1,5,89.9,22,2,4,,,,,300.266,,C16H12O6,,,,,,,,,,,Trouvé,,,,CID_10745,Acetylsalicylsalicylic acid,2-(2-acetyloxybenzoyl)oxybenzoic acid,CC(=O)OC1=CC=CC=C1C(=O)OC2=CC=CC=C2C(=O)O,"InChI=1S/C16H12O6/c1-10(17)21-14-9-5-3-7-12(14)16(20)22-13-8-4-2-6-11(13)15(18)19/h2-9H,1H3,(H,18,19)",DDSFKIFGAPZBSR-UHFFFAOYSA-N
Coumarin-3-Carboxylic Acid,Industrial,10752,C10H6O4,190.15,2.2,1,4,63.6,C1=CC=C2C(=C1)C=C(C(=O)O2)C(=O)O,PubChem,,,,Structure_PubChem,190.154,1.4912,1,3,67.51,14,2,1,,,,,190.154,,C10H6O4,,,,,,,,,,,Trouvé,,,,CID_10752,Coumarin-3-Carboxylic Acid,2-oxochromene-3-carboxylic acid,C1=CC=C2C(=C1)C=C(C(=O)O2)C(=O)O,"InChI=1S/C10H6O4/c11-9(12)7-5-6-3-1-2-4-8(6)14-10(7)13/h1-5H,(H,11,12)",ACMLKANOGIVEPB-UHFFFAOYSA-N
o-Cresyl acetate,Industrial,10778,C9H10O2,150.17,1.6,0,2,26.3,CC1=CC=CC=C1OC(=O)C,PubChem,,,,Structure_PubChem,150.177,1.9203,0,2,26.3,11,1,1,,,,,150.177,,C9H10O2,,,,,,,,,,,Trouvé,,,,CID_10778,o-Cresyl acetate,(2-methylphenyl) acetate,CC1=CC=CC=C1OC(=O)C,"InChI=1S/C9H10O2/c1-7-5-3-4-6-9(7)11-8(2)10/h3-6H,1-2H3",AMZORBZSQRUXNC-UHFFFAOYSA-N
2-Iodophenol,Industrial,10784,C6H5IO,220.01,2.6,1,1,20.2,C1=CC=C(C(=C1)O)I,PubChem,,,,Structure_PubChem,220.009,1.9968,1,1,20.23,8,1,0,,,,,220.009,,C6H5IO,,,,,,,,,,,Trouvé,,,,CID_10784,2-Iodophenol,2-iodophenol,C1=CC=C(C(=C1)O)I,"InChI=1S/C6H5IO/c7-5-3-1-2-4-6(5)8/h1-4,8H",KQDJTBPASNJQFQ-UHFFFAOYSA-N
"1,2,4-Benzenetriol",Industrial,10787,C6H6O3,126.11,1.5,3,3,60.7,C1=CC(=C(C=C1O)O)O,PubChem,,,,Structure_PubChem,126.111,0.8034,3,3,60.69,9,1,0,,,,,126.111,,C6H6O3,,,,,,,,,,,Trouvé,,,,CID_10787,"1,2,4-Benzenetriol","benzene-1,2,4-triol",C1=CC(=C(C=C1O)O)O,"InChI=1S/C6H6O3/c7-4-1-2-5(8)6(9)3-4/h1-3,7-9H",GGNQRNBDZQJCCN-UHFFFAOYSA-N
M-Cymene,Industrial,10812,C10H14,134.22,4.0,0,0,0.0,CC1=CC(=CC=C1)C(C)C,PubChem,,,,Structure_PubChem,134.222,3.1184,0,0,0.0,10,1,1,,,,,134.222,,C10H14,,,,,,,,,,,Trouvé,,,,CID_10812,M-Cymene,1-methyl-3-propan-2-ylbenzene,CC1=CC(=CC=C1)C(C)C,"InChI=1S/C10H14/c1-8(2)10-6-4-5-9(3)7-10/h4-8H,1-3H3",XCYJPXQACVEIOS-UHFFFAOYSA-N
Phenylacetylene,Industrial,10821,C8H6,102.13,2.5,0,0,0.0,C#CC1=CC=CC=C1,PubChem,,,,Structure_PubChem,102.136,1.6679,0,0,0.0,8,1,0,,,,,102.136,,C8H6,,,,,,,,,,,Trouvé,,,,CID_10821,Phenylacetylene,ethynylbenzene,C#CC1=CC=CC=C1,"InChI=1S/C8H6/c1-2-8-6-4-3-5-7-8/h1,3-7H",UEXCJVNBTNXOEH-UHFFFAOYSA-N
Evernic Acid,Industrial,10829,C17H16O7,332.3,4.0,3,7,113.0,CC1=CC(=CC(=C1C(=O)OC2=CC(=C(C(=C2)C)C(=O)O)O)O)OC,PubChem,,,,Structure_PubChem,332.308,2.6406,3,6,113.29,24,2,4,,,,,332.308,,C17H16O7,,,,,,,,,,,Trouvé,,,,CID_10829,Evernic Acid,2-hydroxy-4-(2-hydroxy-4-methoxy-6-methylbenzoyl)oxy-6-methylbenzoic acid,CC1=CC(=CC(=C1C(=O)OC2=CC(=C(C(=C2)C)C(=O)O)O)O)OC,"InChI=1S/C17H16O7/c1-8-5-11(7-12(18)14(8)16(20)21)24-17(22)15-9(2)4-10(23-3)6-13(15)19/h4-7,18-19H,1-3H3,(H,20,21)",GODLCSLPZIBRMG-UHFFFAOYSA-N
"1,2-Di-p-tolylethane",Industrial,10854,C16H18,210.31,4.9,0,0,0.0,CC1=CC=C(C=C1)CCC2=CC=C(C=C2)C,PubChem,,,,Structure_PubChem,210.32,4.0886,0,0,0.0,16,2,3,,,,,210.32,,C16H18,,,,,,,,,,,Trouvé,,,,CID_10854,"1,2-Di-p-tolylethane",1-methyl-4-[2-(4-methylphenyl)ethyl]benzene,CC1=CC=C(C=C1)CCC2=CC=C(C=C2)C,"InChI=1S/C16H18/c1-13-3-7-15(8-4-13)11-12-16-9-5-14(2)6-10-16/h3-10H,11-12H2,1-2H3",XCCQFUHBIRHLQT-UHFFFAOYSA-N
Pentylbenzene,Industrial,10864,C11H16,148.24,5.0,0,0,0.0,CCCCCC1=CC=CC=C1,PubChem,,,,Structure_PubChem,148.249,3.4193,0,0,0.0,11,1,4,,,,,148.249,,C11H16,,,,,,,,,,,Trouvé,,,,CID_10864,Pentylbenzene,pentylbenzene,CCCCCC1=CC=CC=C1,"InChI=1S/C11H16/c1-2-3-5-8-11-9-6-4-7-10-11/h4,6-7,9-10H,2-3,5,8H2,1H3",PWATWSYOIIXYMA-UHFFFAOYSA-N
Isobutylbenzene,Industrial,10870,C10H14,134.22,3.9,0,0,0.0,CC(C)CC1=CC=CC=C1,PubChem,,,,Structure_PubChem,134.222,2.8851,0,0,0.0,10,1,2,,,,,134.222,,C10H14,,,,,,,,,,,Trouvé,,,,CID_10870,Isobutylbenzene,2-methylpropylbenzene,CC(C)CC1=CC=CC=C1,"InChI=1S/C10H14/c1-9(2)8-10-6-4-3-5-7-10/h3-7,9H,8H2,1-2H3",KXUHSQYYJYAXGZ-UHFFFAOYSA-N
"1,4-Difluorobenzene",Industrial,10892,C6H4F2,114.09,2.2,0,2,0.0,C1=CC(=CC=C1F)F,PubChem,,,,Structure_PubChem,114.094,1.9648,0,0,0.0,8,1,0,,,,,114.094,,C6H4F2,,,,,,,,,,,Trouvé,,,,CID_10892,"1,4-Difluorobenzene","1,4-difluorobenzene",C1=CC(=CC=C1F)F,InChI=1S/C6H4F2/c7-5-1-2-6(8)4-3-5/h1-4H,QUGUFLJIAFISSW-UHFFFAOYSA-N
4-Iodophenol,Industrial,10894,C6H5IO,220.01,2.9,1,1,20.2,C1=CC(=CC=C1O)I,PubChem,,,,Structure_PubChem,220.009,1.9968,1,1,20.23,8,1,0,,,,,220.009,,C6H5IO,,,,,,,,,,,Trouvé,,,,CID_10894,4-Iodophenol,4-iodophenol,C1=CC(=CC=C1O)I,"InChI=1S/C6H5IO/c7-5-1-3-6(8)4-2-5/h1-4,8H",VSMDINRNYYEDRN-UHFFFAOYSA-N
"1,2,3,4-Tetrafluorobenzene",Industrial,11084,C6H2F4,150.07,2.3,0,4,0.0,C1=CC(=C(C(=C1F)F)F)F,PubChem,,,,Structure_PubChem,150.074,2.243,0,0,0.0,10,1,0,,,,,150.074,,C6H2F4,,,,,,,,,,,Trouvé,,,,CID_11084,"1,2,3,4-Tetrafluorobenzene","1,2,3,4-tetrafluorobenzene",C1=CC(=C(C(=C1F)F)F)F,InChI=1S/C6H2F4/c7-3-1-2-4(8)6(10)5(3)9/h1-2H,SOZFIIXUNAKEJP-UHFFFAOYSA-N
Paeonol,Industrial,11092,C9H10O3,166.17,2.0,1,3,46.5,CC(=O)C1=C(C=C(C=C1)OC)O,PubChem,,,,Structure_PubChem,166.176,1.6034,1,3,46.53,12,1,2,,,,,166.176,,C9H10O3,,,,,,,,,,,Trouvé,,,,CID_11092,Paeonol,1-(2-hydroxy-4-methoxyphenyl)ethanone,CC(=O)C1=C(C=C(C=C1)OC)O,"InChI=1S/C9H10O3/c1-6(10)8-4-3-7(12-2)5-9(8)11/h3-5,11H,1-2H3",UILPJVPSNHJFIK-UHFFFAOYSA-N
alpha-Chloro-o-xylene,Industrial,11093,C8H9Cl,140.61,2.9,0,0,0.0,CC1=CC=CC=C1CCl,PubChem,,,,Structure_PubChem,140.613,2.7338,0,0,0.0,9,1,1,,,,,140.613,,C8H9Cl,,,,,,,,,,,Trouvé,,,,CID_11093,alpha-Chloro-o-xylene,1-(chloromethyl)-2-methylbenzene,CC1=CC=CC=C1CCl,"InChI=1S/C8H9Cl/c1-7-4-2-3-5-8(7)6-9/h2-5H,6H2,1H3",VQRBXYBBGHOGFT-UHFFFAOYSA-N
Bis(1-methylethyl)benzene,Industrial,11345,C12H18,162.27,4.2,0,0,0.0,CC(C)C1=CC=CC=C1C(C)C,PubChem,,,,Structure_PubChem,162.276,3.9334,0,0,0.0,12,1,2,,,,,162.276,,C12H18,,,,,,,,,,,Trouvé,,,,CID_11345,Bis(1-methylethyl)benzene,"1,2-di(propan-2-yl)benzene",CC(C)C1=CC=CC=C1C(C)C,"InChI=1S/C12H18/c1-9(2)11-7-5-6-8-12(11)10(3)4/h5-10H,1-4H3",OKIRBHVFJGXOIS-UHFFFAOYSA-N
Flavonol,Industrial,11349,C15H10O3,238.24,3.4,1,3,46.5,C1=CC=C(C=C1)C2=C(C(=O)C3=CC=CC=C3O2)O,PubChem,,,,Structure_PubChem,238.242,3.1656,1,3,50.44,18,3,1,,,,,238.242,,C15H10O3,,,,,,,,,,,Trouvé,,,,CID_11349,Flavonol,3-hydroxy-2-phenylchromen-4-one,C1=CC=C(C=C1)C2=C(C(=O)C3=CC=CC=C3O2)O,"InChI=1S/C15H10O3/c16-13-11-8-4-5-9-12(11)18-15(14(13)17)10-6-2-1-3-7-10/h1-9,17H",HVQAJTFOCKOKIN-UHFFFAOYSA-N
2-Methoxybenzoic acid,Industrial,11370,C8H8O3,152.15,1.6,1,3,46.5,COC1=CC=CC=C1C(=O)O,PubChem,,,,Structure_PubChem,152.149,1.3934,1,2,46.53,11,1,2,,,,,152.149,,C8H8O3,,,,,,,,,,,Trouvé,,,,CID_11370,2-Methoxybenzoic acid,2-methoxybenzoic acid,COC1=CC=CC=C1C(=O)O,"InChI=1S/C8H8O3/c1-11-7-5-3-2-4-6(7)8(9)10/h2-5H,1H3,(H,9,10)",ILUJQPXNXACGAN-UHFFFAOYSA-N
(1-Bromoethyl)benzene,Industrial,11454,C8H9Br,185.06,2.9,0,0,0.0,CC(C1=CC=CC=C1)Br,PubChem,,,,Structure_PubChem,185.064,3.1425,0,0,0.0,9,1,1,,,,,185.064,,C8H9Br,,,,,,,,,,,Trouvé,,,,CID_11454,(1-Bromoethyl)benzene,1-bromoethylbenzene,CC(C1=CC=CC=C1)Br,"InChI=1S/C8H9Br/c1-7(9)8-5-3-2-4-6-8/h2-7H,1H3",CRRUGYDDEMGVDY-UHFFFAOYSA-N
3-Methoxybenzoic Acid,Industrial,11461,C8H8O3,152.15,2.0,1,3,46.5,COC1=CC=CC(=C1)C(=O)O,PubChem,,,,Structure_PubChem,152.149,1.3934,1,2,46.53,11,1,2,,,,,152.149,,C8H8O3,,,,,,,,,,,Trouvé,,,,CID_11461,3-Methoxybenzoic Acid,3-methoxybenzoic acid,COC1=CC=CC(=C1)C(=O)O,"InChI=1S/C8H8O3/c1-11-7-4-2-3-6(5-7)8(9)10/h2-5H,1H3,(H,9,10)",XHQZJYCNDZAGLW-UHFFFAOYSA-N
Diphenylmercury,Industrial,11488,C12H10Hg,354.8,,0,0,0.0,C1=CC=C(C=C1)[Hg]C2=CC=CC=C2,PubChem,,,,Structure_PubChem,354.802,1.7199,0,0,0.0,13,2,2,,,,,354.802,,C12H10Hg,,,,,,,,,,,Trouvé,,,,CID_11488,Diphenylmercury,diphenylmercury,C1=CC=C(C=C1)[Hg]C2=CC=CC=C2,InChI=1S/2C6H5.Hg/c2*1-2-4-6-5-3-1;/h2*1-5H;,HWMTUNCVVYPZHZ-UHFFFAOYSA-N
Stilbene,Industrial,11502,C14H12,180.24,4.8,0,0,0.0,C1=CC=C(C=C1)C=CC2=CC=CC=C2,PubChem,,,,Structure_PubChem,180.25,3.857,0,0,0.0,14,2,2,,,,,180.25,,C14H12,,,,,,,,,,,Trouvé,,,,CID_11502,Stilbene,stilbene,C1=CC=C(C=C1)C=CC2=CC=CC=C2,InChI=1S/C14H12/c1-3-7-13(8-4-1)11-12-14-9-5-2-6-10-14/h1-12H,PJANXHGTPQOBST-UHFFFAOYSA-N
3-Bromotoluene,Industrial,11560,C7H7Br,171.03,3.3,0,0,0.0,CC1=CC(=CC=C1)Br,PubChem,,,,Structure_PubChem,171.037,2.7575,0,0,0.0,8,1,0,,,,,171.037,,C7H7Br,,,,,,,,,,,Trouvé,,,,CID_11560,3-Bromotoluene,1-bromo-3-methylbenzene,CC1=CC(=CC=C1)Br,"InChI=1S/C7H7Br/c1-6-3-2-4-7(8)5-6/h2-5H,1H3",WJIFKOVZNJTSGO-UHFFFAOYSA-N
3-Bromophenol,Industrial,11563,C6H5BrO,173.01,2.6,1,1,20.2,C1=CC(=CC(=C1)Br)O,PubChem,,,,Structure_PubChem,173.009,2.1547,1,1,20.23,8,1,0,,,,,173.009,,C6H5BrO,,,,,,,,,,,Trouvé,,,,CID_11563,3-Bromophenol,3-bromophenol,C1=CC(=CC(=C1)Br)O,"InChI=1S/C6H5BrO/c7-5-2-1-3-6(8)4-5/h1-4,8H",MNOJRWOWILAHAV-UHFFFAOYSA-N
"3,5-Dichlorophenol",Industrial,11571,C6H4Cl2O,163.0,3.6,1,1,20.2,C1=C(C=C(C=C1Cl)Cl)O,PubChem,,,,Structure_PubChem,163.003,2.699,1,1,20.23,9,1,0,,,,,163.003,,C6H4Cl2O,,,,,,,,,,,Trouvé,,,,CID_11571,"3,5-Dichlorophenol","3,5-dichlorophenol",C1=C(C=C(C=C1Cl)Cl)O,"InChI=1S/C6H4Cl2O/c7-4-1-5(8)3-6(9)2-4/h1-3,9H",VPOMSPZBQMDLTM-UHFFFAOYSA-N
Iodobenzene,Industrial,11575,C6H5I,204.01,3.2,0,0,0.0,C1=CC=C(C=C1)I,PubChem,,,,Structure_PubChem,204.01,2.2912,0,0,0.0,7,1,0,,,,,204.01,,C6H5I,,,,,,,,,,,Trouvé,,,,CID_11575,Iodobenzene,iodobenzene,C1=CC=C(C=C1)I,InChI=1S/C6H5I/c7-6-4-2-1-3-5-6/h1-5H,SNHMUERNLJLMHN-UHFFFAOYSA-N
Triphenylbismuth,Industrial,11774,C18H15Bi,440.3,,0,0,0.0,C1=CC=C(C=C1)[Bi](C2=CC=CC=C2)C3=CC=CC=C3,PubChem,,,,Structure_PubChem,440.298,2.2028,0,0,0.0,19,3,3,,,,,440.298,,C18H15Bi,,,,,,,,,,,Trouvé,,,,CID_11774,Triphenylbismuth,triphenylbismuthane,C1=CC=C(C=C1)[Bi](C2=CC=CC=C2)C3=CC=CC=C3,InChI=1S/3C6H5.Bi/c3*1-2-4-6-5-3-1;/h3*1-5H;,ZHXAZZQXWJJBHA-UHFFFAOYSA-N
Triphenylantimony,Industrial,11777,C18H15Sb,353.1,,0,0,0.0,C1=CC=C(C=C1)[Sb](C2=CC=CC=C2)C3=CC=CC=C3,PubChem,,,,Structure_PubChem,353.078,2.2028,0,0,0.0,19,3,3,,,,,353.078,,C18H15Sb,,,,,,,,,,,Trouvé,,,,CID_11777,Triphenylantimony,triphenylstibane,C1=CC=C(C=C1)[Sb](C2=CC=CC=C2)C3=CC=CC=C3,InChI=1S/3C6H5.Sb/c3*1-2-4-6-5-3-1;/h3*1-5H;,HVYVMSPIJIWUNA-UHFFFAOYSA-N
4-Methylcoumarin,Industrial,11833,C10H8O2,160.17,2.3,0,2,26.3,CC1=CC(=O)OC2=CC=CC=C12,PubChem,,,,Structure_PubChem,160.172,2.1014,0,2,30.21,12,2,0,,,,,160.172,,C10H8O2,,,,,,,,,,,Trouvé,,,,CID_11833,4-Methylcoumarin,4-methylchromen-2-one,CC1=CC(=O)OC2=CC=CC=C12,"InChI=1S/C10H8O2/c1-7-6-10(11)12-9-5-3-2-4-8(7)9/h2-6H,1H3",PSGQCCSGKGJLRL-UHFFFAOYSA-N
"2,6-Dibromophenol",Industrial,11847,C6H4Br2O,251.9,3.4,1,1,20.2,C1=CC(=C(C(=C1)Br)O)Br,PubChem,,,,Structure_PubChem,251.905,2.9172,1,1,20.23,9,1,0,,,,,251.905,,C6H4Br2O,,,,,,,,,,,Trouvé,,,,CID_11847,"2,6-Dibromophenol","2,6-dibromophenol",C1=CC(=C(C(=C1)Br)O)Br,"InChI=1S/C6H4Br2O/c7-4-2-1-3-5(8)6(4)9/h1-3,9H",SSIZLKDLDKIHEV-UHFFFAOYSA-N
"2,4,6-Triiodophenol",Industrial,11862,C6H3I3O,471.8,3.5,1,1,20.2,C1=C(C=C(C(=C1I)O)I)I,PubChem,,,,Structure_PubChem,471.801,3.206,1,1,20.23,10,1,0,,,,,471.801,,C6H3I3O,,,,,,,,,,,Trouvé,,,,CID_11862,"2,4,6-Triiodophenol","2,4,6-triiodophenol",C1=C(C=C(C(=C1I)O)I)I,"InChI=1S/C6H3I3O/c7-3-1-4(8)6(10)5(9)2-3/h1-2,10H",VAPDZNUFNKUROY-UHFFFAOYSA-N
1-Ethyl-2-Methylbenzene,Industrial,11903,C9H12,120.19,3.5,0,0,0.0,CCC1=CC=CC=C1C,PubChem,,,,Structure_PubChem,120.195,2.5574,0,0,0.0,9,1,1,,,,,120.195,,C9H12,,,,,,,,,,,Trouvé,,,,CID_11903,1-Ethyl-2-Methylbenzene,1-ethyl-2-methylbenzene,CCC1=CC=CC=C1C,"InChI=1S/C9H12/c1-3-9-7-5-4-6-8(9)2/h4-7H,3H2,1-2H3",HYFLWBNQFMXCPA-UHFFFAOYSA-N
2-Methylstyrene,Industrial,11904,C9H10,118.18,3.2,0,0,0.0,CC1=CC=CC=C1C=C,PubChem,,,,Structure_PubChem,118.179,2.638,0,0,0.0,9,1,1,,,,,118.179,,C9H10,,,,,,,,,,,Trouvé,,,,CID_11904,2-Methylstyrene,1-ethenyl-2-methylbenzene,CC1=CC=CC=C1C=C,"InChI=1S/C9H10/c1-3-9-7-5-4-6-8(9)2/h3-7H,1H2,2H3",NVZWEEGUWXZOKI-UHFFFAOYSA-N
"1,1-Diphenylethane",Industrial,11918,C14H14,182.26,3.6,0,0,0.0,CC(C1=CC=CC=C1)C2=CC=CC=C2,PubChem,,,,Structure_PubChem,182.266,3.8384,0,0,0.0,14,2,2,,,,,182.266,,C14H14,,,,,,,,,,,Trouvé,,,,CID_11918,"1,1-Diphenylethane",1-phenylethylbenzene,CC(C1=CC=CC=C1)C2=CC=CC=C2,"InChI=1S/C14H14/c1-12(13-8-4-2-5-9-13)14-10-6-3-7-11-14/h2-12H,1H3",BSZXAFXFTLXUFV-UHFFFAOYSA-N
"3,3'-Dimethylbiphenyl",Industrial,11931,C14H14,182.26,4.3,0,0,0.0,CC1=CC(=CC=C1)C2=CC=CC(=C2)C,PubChem,,,,Structure_PubChem,182.266,3.9704,0,0,0.0,14,2,1,,,,,182.266,,C14H14,,,,,,,,,,,Trouvé,,,,CID_11931,"3,3'-Dimethylbiphenyl",1-methyl-3-(3-methylphenyl)benzene,CC1=CC(=CC=C1)C2=CC=CC(=C2)C,"InChI=1S/C14H14/c1-11-5-3-7-13(9-11)14-8-4-6-12(2)10-14/h3-10H,1-2H3",GVEDOIATHPCYGS-UHFFFAOYSA-N
Di-p-tolyl,Industrial,11941,C14H14,182.26,5.1,0,0,0.0,CC1=CC=C(C=C1)C2=CC=C(C=C2)C,PubChem,,,,Structure_PubChem,182.266,3.9704,0,0,0.0,14,2,1,,,,,182.266,,C14H14,,,,,,,,,,,Trouvé,,,,CID_11941,Di-p-tolyl,1-methyl-4-(4-methylphenyl)benzene,CC1=CC=C(C=C1)C2=CC=C(C=C2)C,"InChI=1S/C14H14/c1-11-3-7-13(8-4-11)14-9-5-12(2)6-10-14/h3-10H,1-2H3",RZTDESRVPFKCBH-UHFFFAOYSA-N
"Benzaldehyde, 2-ethoxy-",Industrial,11950,C9H10O2,150.17,2.1,0,2,26.3,CCOC1=CC=CC=C1C=O,PubChem,,,,Structure_PubChem,150.177,1.8978,0,2,26.3,11,1,3,,,,,150.177,,C9H10O2,,,,,,,,,,,Trouvé,,,,CID_11950,"Benzaldehyde, 2-ethoxy-",2-ethoxybenzaldehyde,CCOC1=CC=CC=C1C=O,"InChI=1S/C9H10O2/c1-2-11-9-6-4-3-5-8(9)7-10/h3-7H,2H2,1H3",DUVJMSPTZMCSTQ-UHFFFAOYSA-N
p-Cresol benzoate,Industrial,11962,C14H12O2,212.24,4.0,0,2,26.3,CC1=CC=C(C=C1)OC(=O)C2=CC=CC=C2,PubChem,,,,Structure_PubChem,212.248,3.2142,0,2,26.3,16,2,2,,,,,212.248,,C14H12O2,,,,,,,,,,,Trouvé,,,,CID_11962,p-Cresol benzoate,(4-methylphenyl) benzoate,CC1=CC=C(C=C1)OC(=O)C2=CC=CC=C2,"InChI=1S/C14H12O2/c1-11-7-9-13(10-8-11)16-14(15)12-5-3-2-4-6-12/h2-10H,1H3",LLRZUDIHEZXFGV-UHFFFAOYSA-N
"1,2-Diiodobenzene",Industrial,11994,C6H4I2,329.9,3.2,0,0,0.0,C1=CC=C(C(=C1)I)I,PubChem,,,,Structure_PubChem,329.906,2.8958,0,0,0.0,8,1,0,,,,,329.906,,C6H4I2,,,,,,,,,,,Trouvé,,,,CID_11994,"1,2-Diiodobenzene","1,2-diiodobenzene",C1=CC=C(C(=C1)I)I,InChI=1S/C6H4I2/c7-5-3-1-2-4-6(5)8/h1-4H,BBOLNFYSRZVALD-UHFFFAOYSA-N
"2,4-Dibromophenol",Industrial,12005,C6H4Br2O,251.9,3.2,1,1,20.2,C1=CC(=C(C=C1Br)Br)O,PubChem,,,,Structure_PubChem,251.905,2.9172,1,1,20.23,9,1,0,,,,,251.905,,C6H4Br2O,,,,,,,,,,,Trouvé,,,,CID_12005,"2,4-Dibromophenol","2,4-dibromophenol",C1=CC(=C(C=C1Br)Br)O,"InChI=1S/C6H4Br2O/c7-4-1-2-6(9)5(8)3-4/h1-3,9H",FAXWFCTVSHEODL-UHFFFAOYSA-N
4-Ethoxybenzoic acid,Industrial,12093,C9H10O3,166.17,2.4,1,3,46.5,CCOC1=CC=C(C=C1)C(=O)O,PubChem,,,,Structure_PubChem,166.176,1.7835,1,2,46.53,12,1,3,,,,,166.176,,C9H10O3,,,,,,,,,,,Trouvé,,,,CID_12093,4-Ethoxybenzoic acid,4-ethoxybenzoic acid,CCOC1=CC=C(C=C1)C(=O)O,"InChI=1S/C9H10O3/c1-2-12-8-5-3-7(4-6-8)9(10)11/h3-6H,2H2,1H3,(H,10,11)",SHSGDXCJYVZFTP-UHFFFAOYSA-N
Benzyl iodide,Industrial,12098,C7H7I,218.03,3.4,0,0,0.0,C1=CC=C(C=C1)CI,PubChem,,,,Structure_PubChem,218.037,2.6216,0,0,0.0,8,1,1,,,,,218.037,,C7H7I,,,,,,,,,,,Trouvé,,,,CID_12098,Benzyl iodide,iodomethylbenzene,C1=CC=C(C=C1)CI,"InChI=1S/C7H7I/c8-6-7-4-2-1-3-5-7/h1-5H,6H2",XJTQJERLRPWUGL-UHFFFAOYSA-N
m-Xylyl bromide,Industrial,12099,C8H9Br,185.06,3.0,0,0,0.0,CC1=CC(=CC=C1)CBr,PubChem,,,,Structure_PubChem,185.064,2.8899,0,0,0.0,9,1,1,,,,,185.064,,C8H9Br,,,,,,,,,,,Trouvé,,,,CID_12099,m-Xylyl bromide,1-(bromomethyl)-3-methylbenzene,CC1=CC(=CC=C1)CBr,"InChI=1S/C8H9Br/c1-7-3-2-4-8(5-7)6-9/h2-5H,6H2,1H3",FWLWTILKTABGKQ-UHFFFAOYSA-N
3-Ethyltoluene,Industrial,12100,C9H12,120.19,3.6,0,0,0.0,CCC1=CC=CC(=C1)C,PubChem,,,,Structure_PubChem,120.195,2.5574,0,0,0.0,9,1,1,,,,,120.195,,C9H12,,,,,,,,,,,Trouvé,,,,CID_12100,3-Ethyltoluene,1-ethyl-3-methylbenzene,CCC1=CC=CC(=C1)C,"InChI=1S/C9H12/c1-3-9-6-4-5-8(2)7-9/h4-7H,3H2,1-2H3",ZLCSFXXPPANWQY-UHFFFAOYSA-N
3-Ethylphenol,Industrial,12101,C8H10O,122.16,2.4,1,1,20.2,CCC1=CC(=CC=C1)O,PubChem,,,,Structure_PubChem,122.167,1.9546,1,1,20.23,9,1,1,,,,,122.167,,C8H10O,,,,,,,,,,,Trouvé,,,,CID_12101,3-Ethylphenol,3-ethylphenol,CCC1=CC(=CC=C1)O,"InChI=1S/C8H10O/c1-2-7-4-3-5-8(9)6-7/h3-6,9H,2H2,1H3",HMNKTRSOROOSPP-UHFFFAOYSA-N
m-Xylyl chloride,Industrial,12102,C8H9Cl,140.61,2.9,0,0,0.0,CC1=CC(=CC=C1)CCl,PubChem,,,,Structure_PubChem,140.613,2.7338,0,0,0.0,9,1,1,,,,,140.613,,C8H9Cl,,,,,,,,,,,Trouvé,,,,CID_12102,m-Xylyl chloride,1-(chloromethyl)-3-methylbenzene,CC1=CC(=CC=C1)CCl,"InChI=1S/C8H9Cl/c1-7-3-2-4-8(5-7)6-9/h2-5H,6H2,1H3",LZBOHNCMCCSTJX-UHFFFAOYSA-N
"Benzene, chloroethenyl-",Industrial,12142,C8H7Cl,138.59,2.9,0,0,0.0,C1=CC=C(C=C1)C=CCl,PubChem,,,,Structure_PubChem,138.597,2.8961,0,0,0.0,9,1,1,,,,,138.597,,C8H7Cl,,,,,,,,,,,Trouvé,,,,CID_12142,"Benzene, chloroethenyl-",2-chloroethenylbenzene,C1=CC=C(C=C1)C=CCl,InChI=1S/C8H7Cl/c9-7-6-8-4-2-1-3-5-8/h1-7H,SBYMUDUGTIKLCR-UHFFFAOYSA-N
1-Ethyl-4-Methylbenzene,Industrial,12160,C9H12,120.19,3.6,0,0,0.0,CCC1=CC=C(C=C1)C,PubChem,,,,Structure_PubChem,120.195,2.5574,0,0,0.0,9,1,1,,,,,120.195,,C9H12,,,,,,,,,,,Trouvé,,,,CID_12160,1-Ethyl-4-Methylbenzene,1-ethyl-4-methylbenzene,CCC1=CC=C(C=C1)C,"InChI=1S/C9H12/c1-3-9-6-4-8(2)5-7-9/h4-7H,3H2,1-2H3",JRLPEMVDPFPYPJ-UHFFFAOYSA-N
1-Ethenyl-4-methylbenzene,Industrial,12161,C9H10,118.18,3.6,0,0,0.0,CC1=CC=C(C=C1)C=C,PubChem,,,,Structure_PubChem,118.179,2.638,0,0,0.0,9,1,1,,,,,118.179,,C9H10,,,,,,,,,,,Trouvé,,,,CID_12161,1-Ethenyl-4-methylbenzene,1-ethenyl-4-methylbenzene,CC1=CC=C(C=C1)C=C,"InChI=1S/C9H10/c1-3-9-6-4-8(2)5-7-9/h3-7H,1H2,2H3",JLBJTVDPSNHSKJ-UHFFFAOYSA-N
"Mercury, chloro(4-hydroxyphenyl)-",Industrial,12164,C6H5ClHgO,329.15,,1,1,20.2,C1=CC(=CC=C1O)[Hg]Cl,PubChem,,,,Structure_PubChem,329.148,1.2538,1,1,20.23,9,1,1,,,,,329.148,,C6H5ClHgO,,,,,,,,,,,Trouvé,,,,CID_12164,"Mercury, chloro(4-hydroxyphenyl)-",chloro-(4-hydroxyphenyl)mercury,C1=CC(=CC=C1O)[Hg]Cl,"InChI=1S/C6H5O.ClH.Hg/c7-6-4-2-1-3-5-6;;/h2-5,7H;1H;/q;;+1/p-1",TWFQKNGANGSSRM-UHFFFAOYSA-M
"alpha,alpha'-Dichloro-p-xylene",Industrial,12171,C8H8Cl2,175.05,2.7,0,0,0.0,C1=CC(=CC=C1CCl)CCl,PubChem,,,,Structure_PubChem,175.058,3.1642,0,0,0.0,10,1,2,,,,,175.058,,C8H8Cl2,,,,,,,,,,,Trouvé,,,,CID_12171,"alpha,alpha'-Dichloro-p-xylene","1,4-bis(chloromethyl)benzene",C1=CC(=CC=C1CCl)CCl,"InChI=1S/C8H8Cl2/c9-5-7-1-2-8(6-10)4-3-7/h1-4H,5-6H2",ZZHIDJWUJRKHGX-UHFFFAOYSA-N
4-Iodotoluene,Industrial,12207,C7H7I,218.03,3.8,0,0,0.0,CC1=CC=C(C=C1)I,PubChem,,,,Structure_PubChem,218.037,2.5996,0,0,0.0,8,1,0,,,,,218.037,,C7H7I,,,,,,,,,,,Trouvé,,,,CID_12207,4-Iodotoluene,1-iodo-4-methylbenzene,CC1=CC=C(C=C1)I,"InChI=1S/C7H7I/c1-6-2-4-7(8)5-3-6/h2-5H,1H3",UDHAWRUAECEBHC-UHFFFAOYSA-N
p-Diiodobenzene,Industrial,12208,C6H4I2,329.9,4.1,0,0,0.0,C1=CC(=CC=C1I)I,PubChem,,,,Structure_PubChem,329.906,2.8958,0,0,0.0,8,1,0,,,,,329.906,,C6H4I2,,,,,,,,,,,Trouvé,,,,CID_12208,p-Diiodobenzene,"1,4-diiodobenzene",C1=CC(=CC=C1I)I,InChI=1S/C6H4I2/c7-5-1-2-6(8)4-3-5/h1-4H,LFMWZTSOMGDDJU-UHFFFAOYSA-N
3-Iodotoluene,Industrial,12268,C7H7I,218.03,3.5,0,0,0.0,CC1=CC(=CC=C1)I,PubChem,,,,Structure_PubChem,218.037,2.5996,0,0,0.0,8,1,0,,,,,218.037,,C7H7I,,,,,,,,,,,Trouvé,,,,CID_12268,3-Iodotoluene,1-iodo-3-methylbenzene,CC1=CC(=CC=C1)I,"InChI=1S/C7H7I/c1-6-3-2-4-7(8)5-6/h2-5H,1H3",VLCPISYURGTGLP-UHFFFAOYSA-N
"Benzene, 1,3-diiodo-",Industrial,12270,C6H4I2,329.9,3.2,0,0,0.0,C1=CC(=CC(=C1)I)I,PubChem,,,,Structure_PubChem,329.906,2.8958,0,0,0.0,8,1,0,,,,,329.906,,C6H4I2,,,,,,,,,,,Trouvé,,,,CID_12270,"Benzene, 1,3-diiodo-","1,3-diiodobenzene",C1=CC(=CC(=C1)I)I,InChI=1S/C6H4I2/c7-5-2-1-3-6(8)4-5/h1-4H,SFPQFQUXAJOWNF-UHFFFAOYSA-N
3-Iodophenol,Industrial,12272,C6H5IO,220.01,2.9,1,1,20.2,C1=CC(=CC(=C1)I)O,PubChem,,,,Structure_PubChem,220.009,1.9968,1,1,20.23,8,1,0,,,,,220.009,,C6H5IO,,,,,,,,,,,Trouvé,,,,CID_12272,3-Iodophenol,3-iodophenol,C1=CC(=CC(=C1)I)O,"InChI=1S/C6H5IO/c7-5-2-1-3-6(8)4-5/h1-4,8H",FXTKWBZFNQHAAO-UHFFFAOYSA-N
"3,5-Dibromophenol",Industrial,12280,C6H4Br2O,251.9,3.5,1,1,20.2,C1=C(C=C(C=C1Br)Br)O,PubChem,,,,Structure_PubChem,251.905,2.9172,1,1,20.23,9,1,0,,,,,251.905,,C6H4Br2O,,,,,,,,,,,Trouvé,,,,CID_12280,"3,5-Dibromophenol","3,5-dibromophenol",C1=C(C=C(C=C1Br)Br)O,"InChI=1S/C6H4Br2O/c7-4-1-5(8)3-6(9)2-4/h1-3,9H",PZFMWYNHJFZBPO-UHFFFAOYSA-N
"Benzene, 1,3,5-triiodo-",Industrial,12282,C6H3I3,455.8,3.9,0,0,0.0,C1=C(C=C(C=C1I)I)I,PubChem,,,,Structure_PubChem,455.802,3.5004,0,0,0.0,9,1,0,,,,,455.802,,C6H3I3,,,,,,,,,,,Trouvé,,,,CID_12282,"Benzene, 1,3,5-triiodo-","1,3,5-triiodobenzene",C1=C(C=C(C=C1I)I)I,InChI=1S/C6H3I3/c7-4-1-5(8)3-6(9)2-4/h1-3H,WXLJJIHGDBUBJM-UHFFFAOYSA-N
"1,2,4,5-Tetraiodobenzene",Industrial,12488,C6H2I4,581.7,4.5,0,0,0.0,C1=C(C(=CC(=C1I)I)I)I,PubChem,,,,Structure_PubChem,581.698,4.105,0,0,0.0,10,1,0,,,,,581.698,,C6H2I4,,,,,,,,,,,Trouvé,,,,CID_12488,"1,2,4,5-Tetraiodobenzene","1,2,4,5-tetraiodobenzene",C1=C(C(=CC(=C1I)I)I)I,InChI=1S/C6H2I4/c7-3-1-4(8)6(10)2-5(3)9/h1-2H,QHODZFPKHGDLOS-UHFFFAOYSA-N
4-Hydroxyisophthalic acid,Industrial,12490,C8H6O5,182.13,1.5,3,5,94.8,C1=CC(=C(C=C1C(=O)O)C(=O)O)O,PubChem,,,,Structure_PubChem,182.131,0.7886,3,3,94.83,13,1,2,,,,,182.131,,C8H6O5,,,,,,,,,,,Trouvé,,,,CID_12490,4-Hydroxyisophthalic acid,"4-hydroxybenzene-1,3-dicarboxylic acid",C1=CC(=C(C=C1C(=O)O)C(=O)O)O,"InChI=1S/C8H6O5/c9-6-2-1-4(7(10)11)3-5(6)8(12)13/h1-3,9H,(H,10,11)(H,12,13)",BCEQKAQCUWUNML-UHFFFAOYSA-N
beta-Methylstyrene,Industrial,12500,C9H10,118.18,3.2,0,0,0.0,CC=CC1=CC=CC=C1,PubChem,,,,Structure_PubChem,118.179,2.7197,0,0,0.0,9,1,1,,,,,118.179,,C9H10,,,,,,,,,,,Trouvé,,,,CID_12500,beta-Methylstyrene,prop-1-enylbenzene,CC=CC1=CC=CC=C1,"InChI=1S/C9H10/c1-2-6-9-7-4-3-5-8-9/h2-8H,1H3",QROGIFZRVHSFLM-UHFFFAOYSA-N
(3-Bromopropyl)benzene,Industrial,12503,C9H11Br,199.09,3.7,0,0,0.0,C1=CC=C(C=C1)CCCBr,PubChem,,,,Structure_PubChem,199.091,3.0141,0,0,0.0,10,1,3,,,,,199.091,,C9H11Br,,,,,,,,,,,Trouvé,,,,CID_12503,(3-Bromopropyl)benzene,3-bromopropylbenzene,C1=CC=C(C=C1)CCCBr,"InChI=1S/C9H11Br/c10-8-4-7-9-5-2-1-3-6-9/h1-3,5-6H,4,7-8H2",XMZQWZJMTBCUFT-UHFFFAOYSA-N
Phenylphosphine,Industrial,12519,C6H7P,110.09,1.8,0,0,0.0,C1=CC=C(C=C1)P,PubChem,,,,Structure_PubChem,110.096,1.187,0,0,0.0,7,1,0,,,,,110.096,,C6H7P,,,,,,,,,,,Trouvé,,,,CID_12519,Phenylphosphine,phenylphosphane,C1=CC=C(C=C1)P,"InChI=1S/C6H7P/c7-6-4-2-1-3-5-6/h1-5H,7H2",RPGWZZNNEUHDAQ-UHFFFAOYSA-N
2-Methylbiphenyl,Industrial,12563,C13H12,168.23,3.9,0,0,0.0,CC1=CC=CC=C1C2=CC=CC=C2,PubChem,,,,Structure_PubChem,168.239,3.662,0,0,0.0,13,2,1,,,,,168.239,,C13H12,,,,,,,,,,,Trouvé,,,,CID_12563,2-Methylbiphenyl,1-methyl-2-phenylbenzene,CC1=CC=CC=C1C2=CC=CC=C2,"InChI=1S/C13H12/c1-11-7-5-6-10-13(11)12-8-3-2-4-9-12/h2-10H,1H3",ALLIZEAXNXSFGD-UHFFFAOYSA-N
3-Methylbiphenyl,Industrial,12564,C13H12,168.23,3.9,0,0,0.0,CC1=CC(=CC=C1)C2=CC=CC=C2,PubChem,,,,Structure_PubChem,168.239,3.662,0,0,0.0,13,2,1,,,,,168.239,,C13H12,,,,,,,,,,,Trouvé,,,,CID_12564,3-Methylbiphenyl,1-methyl-3-phenylbenzene,CC1=CC(=CC=C1)C2=CC=CC=C2,"InChI=1S/C13H12/c1-11-6-5-9-13(10-11)12-7-3-2-4-8-12/h2-10H,1H3",NPDIDUXTRAITDE-UHFFFAOYSA-N
4-Methylbiphenyl,Industrial,12566,C13H12,168.23,4.6,0,0,0.0,CC1=CC=C(C=C1)C2=CC=CC=C2,PubChem,,,,Structure_PubChem,168.239,3.662,0,0,0.0,13,2,1,,,,,168.239,,C13H12,,,,,,,,,,,Trouvé,,,,CID_12566,4-Methylbiphenyl,1-methyl-4-phenylbenzene,CC1=CC=C(C=C1)C2=CC=CC=C2,"InChI=1S/C13H12/c1-11-7-9-13(10-8-11)12-5-3-2-4-6-12/h2-10H,1H3",ZZLCFHIKESPLTH-UHFFFAOYSA-N
2-Propylphenol,Industrial,12570,C9H12O,136.19,2.9,1,1,20.2,CCCC1=CC=CC=C1O,PubChem,,,,Structure_PubChem,136.194,2.3447,1,1,20.23,10,1,2,,,,,136.194,,C9H12O,,,,,,,,,,,Trouvé,,,,CID_12570,2-Propylphenol,2-propylphenol,CCCC1=CC=CC=C1O,"InChI=1S/C9H12O/c1-2-5-8-6-3-4-7-9(8)10/h3-4,6-7,10H,2,5H2,1H3",LCHYEKKJCUJAKN-UHFFFAOYSA-N
Phenyl phosphorus dichloride,Industrial,12573,C6H5Cl2P,178.98,3.1,0,0,0.0,C1=CC=C(C=C1)P(Cl)Cl,PubChem,,,,Structure_PubChem,178.986,3.1014,0,0,0.0,9,1,1,,,,,178.986,,C6H5Cl2P,,,,,,,,,,,Trouvé,,,,CID_12573,Phenyl phosphorus dichloride,dichloro(phenyl)phosphane,C1=CC=C(C=C1)P(Cl)Cl,InChI=1S/C6H5Cl2P/c7-9(8)6-4-2-1-3-5-6/h1-5H,IMDXZWRLUZPMDH-UHFFFAOYSA-N
4-Propylphenol,Industrial,12580,C9H12O,136.19,3.2,1,1,20.2,CCCC1=CC=C(C=C1)O,PubChem,,,,Structure_PubChem,136.194,2.3447,1,1,20.23,10,1,2,,,,,136.194,,C9H12O,,,,,,,,,,,Trouvé,,,,CID_12580,4-Propylphenol,4-propylphenol,CCCC1=CC=C(C=C1)O,"InChI=1S/C9H12O/c1-2-3-8-4-6-9(10)7-5-8/h4-7,10H,2-3H2,1H3",KLSLBUSXWBJMEC-UHFFFAOYSA-N
Benzenepropanenitrile,Industrial,12581,C9H9N,131.17,1.7,0,1,23.8,C1=CC=C(C=C1)CCC#N,PubChem,,,,Structure_PubChem,131.178,2.1428,0,1,23.79,10,1,2,,,,,131.178,,C9H9N,,,,,,,,,,,Trouvé,,,,CID_12581,Benzenepropanenitrile,3-phenylpropanenitrile,C1=CC=C(C=C1)CCC#N,"InChI=1S/C9H9N/c10-8-4-7-9-5-2-1-3-6-9/h1-3,5-6H,4,7H2",ACRWYXSKEHUQDB-UHFFFAOYSA-N
(1-Chloroethyl)benzene,Industrial,12648,C8H9Cl,140.61,2.7,0,0,0.0,CC(C1=CC=CC=C1)Cl,PubChem,,,,Structure_PubChem,140.613,2.9864,0,0,0.0,9,1,1,,,,,140.613,,C8H9Cl,,,,,,,,,,,Trouvé,,,,CID_12648,(1-Chloroethyl)benzene,1-chloroethylbenzene,CC(C1=CC=CC=C1)Cl,"InChI=1S/C8H9Cl/c1-7(9)8-5-3-2-4-6-8/h2-7H,1H3",GTLWADFFABIGAE-UHFFFAOYSA-N
Phenylsilane,Industrial,12752,C6H8Si,108.21,,0,0,0.0,C1=CC=C(C=C1)[SiH3],PubChem,,,,Structure_PubChem,108.216,-0.3227,0,0,0.0,7,1,0,,,,,108.216,,C6H8Si,,,,,,,,,,,Trouvé,,,,CID_12752,Phenylsilane,phenylsilane,C1=CC=C(C=C1)[SiH3],"InChI=1S/C6H8Si/c7-6-4-2-1-3-5-6/h1-5H,7H3",PARWUHTVGZSQPD-UHFFFAOYSA-N
As-Phenylarsonous dibromide,Industrial,12761,C6H5AsBr2,311.83,,0,0,0.0,C1=CC=C(C=C1)[As](Br)Br,PubChem,,,,Structure_PubChem,311.836,2.1716,0,0,0.0,9,1,1,,,,,311.836,,C6H5AsBr2,,,,,,,,,,,Trouvé,,,,CID_12761,As-Phenylarsonous dibromide,dibromo(phenyl)arsane,C1=CC=C(C=C1)[As](Br)Br,InChI=1S/C6H5AsBr2/c8-7(9)6-4-2-1-3-5-6/h1-5H,VLKNCAOBWGXFMR-UHFFFAOYSA-N
Phenyldichloroarsine,Industrial,12762,C6H5AsCl2,222.93,,0,0,0.0,C1=CC=C(C=C1)[As](Cl)Cl,PubChem,,,,Structure_PubChem,222.934,1.8594,0,0,0.0,9,1,1,,,,,222.934,,C6H5AsCl2,,,,,,,,,,,Trouvé,,,,CID_12762,Phenyldichloroarsine,dichloro(phenyl)arsane,C1=CC=C(C=C1)[As](Cl)Cl,InChI=1S/C6H5AsCl2/c8-7(9)6-4-2-1-3-5-6/h1-5H,UDHDFEGCOJAVRE-UHFFFAOYSA-N
Benzyl methyl disulfide,Industrial,12779,C8H10S2,170.3,2.4,0,2,50.6,CSSCC1=CC=CC=C1,PubChem,,,,Structure_PubChem,170.302,3.1978,0,2,0.0,10,1,3,,,,,170.302,,C8H10S2,,,,,,,,,,,Trouvé,,,,CID_12779,Benzyl methyl disulfide,(methyldisulfanyl)methylbenzene,CSSCC1=CC=CC=C1,"InChI=1S/C8H10S2/c1-9-10-7-8-5-3-2-4-6-8/h2-6H,7H2,1H3",NWYGPVZOBBHKLI-UHFFFAOYSA-N
Pentamethylbenzene,Industrial,12784,C11H16,148.24,4.6,0,0,0.0,CC1=CC(=C(C(=C1C)C)C)C,PubChem,,,,Structure_PubChem,148.249,3.2287,0,0,0.0,11,1,0,,,,,148.249,,C11H16,,,,,,,,,,,Trouvé,,,,CID_12784,Pentamethylbenzene,"1,2,3,4,5-pentamethylbenzene",CC1=CC(=C(C(=C1C)C)C)C,"InChI=1S/C11H16/c1-7-6-8(2)10(4)11(5)9(7)3/h6H,1-5H3",BEZDDPMMPIDMGJ-UHFFFAOYSA-N
Phenyl phosphate,Industrial,12793,C6H7O4P,174.09,0.3,2,4,66.8,C1=CC=C(C=C1)OP(=O)(O)O,PubChem,,,,Structure_PubChem,174.092,1.1581,2,2,66.76,11,1,2,,,,,174.092,,C6H7O4P,,,,,,,,,,,Trouvé,,,,CID_12793,Phenyl phosphate,phenyl dihydrogen phosphate,C1=CC=C(C=C1)OP(=O)(O)O,"InChI=1S/C6H7O4P/c7-11(8,9)10-6-4-2-1-3-5-6/h1-5H,(H2,7,8,9)",CMPQUABWPXYYSH-UHFFFAOYSA-N
Diphenylchloroarsine,Industrial,12836,C12H10AsCl,264.58,,0,0,0.0,C1=CC=C(C=C1)[As](C2=CC=CC=C2)Cl,PubChem,,,,Structure_PubChem,264.587,2.0311,0,0,0.0,14,2,2,,,,,264.587,,C12H10AsCl,,,,,,,,,,,Trouvé,,,,CID_12836,Diphenylchloroarsine,chloro(diphenyl)arsane,C1=CC=C(C=C1)[As](C2=CC=CC=C2)Cl,InChI=1S/C12H10AsCl/c14-13(11-7-3-1-4-8-11)12-9-5-2-6-10-12/h1-10H,YHHKGKCOLGRKKB-UHFFFAOYSA-N
"1,3,5-Triisopropylbenzene",Industrial,12860,C15H24,204.35,5.3,0,0,0.0,CC(C)C1=CC(=CC(=C1)C(C)C)C(C)C,PubChem,,,,Structure_PubChem,204.357,5.0568,0,0,0.0,15,1,3,,,,,204.357,,C15H24,,,,,,,,,,,Trouvé,,,,CID_12860,"1,3,5-Triisopropylbenzene","1,3,5-tri(propan-2-yl)benzene",CC(C)C1=CC(=CC(=C1)C(C)C)C(C)C,"InChI=1S/C15H24/c1-10(2)13-7-14(11(3)4)9-15(8-13)12(5)6/h7-12H,1-6H3",VUMCUSHVMYIRMB-UHFFFAOYSA-N
Diphenyliodonium,Industrial,12877,C12H10I+,281.11,4.3,0,0,0.0,C1=CC=C(C=C1)[I+]C2=CC=CC=C2,PubChem,,,,Structure_PubChem,281.116,-0.185,0,0,0.0,13,2,2,,,,,281.116,,C12H10I+,,,,,,,,,,,Trouvé,,,,CID_12877,Diphenyliodonium,diphenyliodanium,C1=CC=C(C=C1)[I+]C2=CC=CC=C2,InChI=1S/C12H10I/c1-3-7-11(8-4-1)13-12-9-5-2-6-10-12/h1-10H/q+1,OZLBDYMWFAHSOQ-UHFFFAOYSA-N
Dimethylphenylsilane,Industrial,13014,C8H12Si,136.27,,0,0,0.0,C[SiH](C)C1=CC=CC=C1,PubChem,,,,Structure_PubChem,136.27,1.3803,0,0,0.0,9,1,1,,,,,136.27,,C8H12Si,,,,,,,,,,,Trouvé,,,,CID_13014,Dimethylphenylsilane,dimethyl(phenyl)silane,C[SiH](C)C1=CC=CC=C1,"InChI=1S/C8H12Si/c1-9(2)8-6-4-3-5-7-8/h3-7,9H,1-2H3",ZISUALSZTAEPJH-UHFFFAOYSA-N
Benzyl methyl sulfide,Industrial,13016,C8H10S,138.23,1.9,0,1,25.3,CSCC1=CC=CC=C1,PubChem,,,,Structure_PubChem,138.235,2.5496,0,1,0.0,9,1,2,,,,,138.235,,C8H10S,,,,,,,,,,,Trouvé,,,,CID_13016,Benzyl methyl sulfide,methylsulfanylmethylbenzene,CSCC1=CC=CC=C1,"InChI=1S/C8H10S/c1-9-7-8-5-3-2-4-6-8/h2-6H,7H2,1H3",OFQPKKGMNWASPN-UHFFFAOYSA-N
p-Ethynyltoluene,Industrial,13018,C9H8,116.16,3.0,0,0,0.0,CC1=CC=C(C=C1)C#C,PubChem,,,,Structure_PubChem,116.163,1.9763,0,0,0.0,9,1,0,,,,,116.163,,C9H8,,,,,,,,,,,Trouvé,,,,CID_13018,p-Ethynyltoluene,1-ethynyl-4-methylbenzene,CC1=CC=C(C=C1)C#C,"InChI=1S/C9H8/c1-3-9-6-4-8(2)5-7-9/h1,4-7H,2H3",KSZVOXHGCKKOLL-UHFFFAOYSA-N
4-Cyanophenol,Industrial,13019,C7H5NO,119.12,1.6,1,2,44.0,C1=CC(=CC=C1C#N)O,PubChem,,,,Structure_PubChem,119.123,1.2639,1,2,44.02,9,1,0,,,,,119.123,,C7H5NO,,,,,,,,,,,Trouvé,,,,CID_13019,4-Cyanophenol,4-hydroxybenzonitrile,C1=CC(=CC=C1C#N)O,"InChI=1S/C7H5NO/c8-5-6-1-3-7(9)4-2-6/h1-4,9H",CVNOWLNNPYYEOH-UHFFFAOYSA-N
1-Methylindene,Industrial,13024,C10H10,130.19,3.0,0,0,0.0,CC1C=CC2=CC=CC=C12,PubChem,,,,Structure_PubChem,130.19,2.8169,0,0,0.0,10,2,0,,,,,130.19,,C10H10,,,,,,,,,,,Trouvé,,,,CID_13024,1-Methylindene,1-methyl-1H-indene,CC1C=CC2=CC=CC=C12,"InChI=1S/C10H10/c1-8-6-7-9-4-2-3-5-10(8)9/h2-8H,1H3",LRTOHSLOFCWHRF-UHFFFAOYSA-N
Chlorodimethylphenylsilane,Industrial,13029,C8H11ClSi,170.71,,0,0,0.0,C[Si](C)(C1=CC=CC=C1)Cl,PubChem,,,,Structure_PubChem,170.715,2.3375,0,0,0.0,10,1,1,,,,,170.715,,C8H11ClSi,,,,,,,,,,,Trouvé,,,,CID_13029,Chlorodimethylphenylsilane,chloro-dimethyl-phenylsilane,C[Si](C)(C1=CC=CC=C1)Cl,"InChI=1S/C8H11ClSi/c1-10(2,9)8-6-4-3-5-7-8/h3-7H,1-2H3",KWYZNESIGBQHJK-UHFFFAOYSA-N
Isobutenylbenzene,Industrial,13030,C10H12,132.2,3.8,0,0,0.0,CC(=CC1=CC=CC=C1)C,PubChem,,,,Structure_PubChem,132.206,3.1098,0,0,0.0,10,1,1,,,,,132.206,,C10H12,,,,,,,,,,,Trouvé,,,,CID_13030,Isobutenylbenzene,2-methylprop-1-enylbenzene,CC(=CC1=CC=CC=C1)C,"InChI=1S/C10H12/c1-9(2)8-10-6-4-3-5-7-10/h3-8H,1-2H3",BTOVVHWKPVSLBI-UHFFFAOYSA-N
3-Butenylbenzene,Industrial,13033,C10H12,132.2,3.3,0,0,0.0,C=CCCC1=CC=CC=C1,PubChem,,,,Structure_PubChem,132.206,2.8052,0,0,0.0,10,1,3,,,,,132.206,,C10H12,,,,,,,,,,,Trouvé,,,,CID_13033,3-Butenylbenzene,but-3-enylbenzene,C=CCCC1=CC=CC=C1,"InChI=1S/C10H12/c1-2-3-7-10-8-5-4-6-9-10/h2,4-6,8-9H,1,3,7H2",PBGVMIDTGGTBFS-UHFFFAOYSA-N
"Phosphorodichloridic acid, phenyl ester",Industrial,13038,C6H5Cl2O2P,210.98,2.8,0,2,26.3,C1=CC=C(C=C1)OP(=O)(Cl)Cl,PubChem,,,,Structure_PubChem,210.984,3.6511,0,2,26.3,11,1,2,,,,,210.984,,C6H5Cl2O2P,,,,,,,,,,,Trouvé,,,,CID_13038,"Phosphorodichloridic acid, phenyl ester",dichlorophosphoryloxybenzene,C1=CC=C(C=C1)OP(=O)(Cl)Cl,"InChI=1S/C6H5Cl2O2P/c7-11(8,9)10-6-4-2-1-3-5-6/h1-5H",TXFOLHZMICYNRM-UHFFFAOYSA-N
1-Phenylcyclohexene,Industrial,13043,C12H14,158.24,4.5,0,0,0.0,C1CCC(=CC1)C2=CC=CC=C2,PubChem,,,,Structure_PubChem,158.244,3.644,0,0,0.0,12,2,1,,,,,158.244,,C12H14,,,,,,,,,,,Trouvé,,,,CID_13043,1-Phenylcyclohexene,cyclohexen-1-ylbenzene,C1CCC(=CC1)C2=CC=CC=C2,"InChI=1S/C12H14/c1-3-7-11(8-4-1)12-9-5-2-6-10-12/h1,3-4,7-9H,2,5-6,10H2",WCMSFBRREKZZFL-UHFFFAOYSA-N
Dimethyldiphenylmethane,Industrial,13065,C15H16,196.29,5.2,0,0,0.0,CC(C)(C1=CC=CC=C1)C2=CC=CC=C2,PubChem,,,,Structure_PubChem,196.293,4.0125,0,0,0.0,15,2,2,,,,,196.293,,C15H16,,,,,,,,,,,Trouvé,,,,CID_13065,Dimethyldiphenylmethane,2-phenylpropan-2-ylbenzene,CC(C)(C1=CC=CC=C1)C2=CC=CC=C2,"InChI=1S/C15H16/c1-15(2,13-9-5-3-6-10-13)14-11-7-4-8-12-14/h3-12H,1-2H3",MILSYCKGLDDVLM-UHFFFAOYSA-N
Cyclohexylbenzene,Industrial,13229,C12H16,160.25,4.9,0,0,0.0,C1CCC(CC1)C2=CC=CC=C2,PubChem,,,,Structure_PubChem,160.26,3.7343,0,0,0.0,12,2,1,,,,,160.26,,C12H16,,,,,,,,,,,Trouvé,,,,CID_13229,Cyclohexylbenzene,cyclohexylbenzene,C1CCC(CC1)C2=CC=CC=C2,"InChI=1S/C12H16/c1-3-7-11(8-4-1)12-9-5-2-6-10-12/h1,3-4,7-8,12H,2,5-6,9-10H2",IGARGHRYKHJQSM-UHFFFAOYSA-N
"Benzene, 1-ethyl-2,4-dimethyl-",Industrial,13403,C10H14,134.22,3.9,0,0,0.0,CCC1=C(C=C(C=C1)C)C,PubChem,,,,Structure_PubChem,134.222,2.8658,0,0,0.0,10,1,1,,,,,134.222,,C10H14,,,,,,,,,,,Trouvé,,,,CID_13403,"Benzene, 1-ethyl-2,4-dimethyl-","1-ethyl-2,4-dimethylbenzene",CCC1=C(C=C(C=C1)C)C,"InChI=1S/C10H14/c1-4-10-6-5-8(2)7-9(10)3/h5-7H,4H2,1-3H3",MEMBJMDZWKVOTB-UHFFFAOYSA-N
3-Ethyl-o-xylene,Industrial,13621,C10H14,134.22,3.9,0,0,0.0,CCC1=CC=CC(=C1C)C,PubChem,,,,Structure_PubChem,134.222,2.8658,0,0,0.0,10,1,1,,,,,134.222,,C10H14,,,,,,,,,,,Trouvé,,,,CID_13621,3-Ethyl-o-xylene,"1-ethyl-2,3-dimethylbenzene",CCC1=CC=CC(=C1C)C,"InChI=1S/C10H14/c1-4-10-7-5-6-8(2)9(10)3/h5-7H,4H2,1-3H3",QUBBAXISAHIDNM-UHFFFAOYSA-N
5-Ethyl-m-xylene,Industrial,13627,C10H14,134.22,3.4,0,0,0.0,CCC1=CC(=CC(=C1)C)C,PubChem,,,,Structure_PubChem,134.222,2.8658,0,0,0.0,10,1,1,,,,,134.222,,C10H14,,,,,,,,,,,Trouvé,,,,CID_13627,5-Ethyl-m-xylene,"1-ethyl-3,5-dimethylbenzene",CCC1=CC(=CC(=C1)C)C,"InChI=1S/C10H14/c1-4-10-6-8(2)5-9(3)7-10/h5-7H,4H2,1-3H3",LMAUULKNZLEMGN-UHFFFAOYSA-N
"1,2-Dimethyl-4-ethylbenzene",Industrial,13629,C10H14,134.22,3.4,0,0,0.0,CCC1=CC(=C(C=C1)C)C,PubChem,,,,Structure_PubChem,134.222,2.8658,0,0,0.0,10,1,1,,,,,134.222,,C10H14,,,,,,,,,,,Trouvé,,,,CID_13629,"1,2-Dimethyl-4-ethylbenzene","4-ethyl-1,2-dimethylbenzene",CCC1=CC(=C(C=C1)C)C,"InChI=1S/C10H14/c1-4-10-6-5-8(2)9(3)7-10/h5-7H,4H2,1-3H3",SBUYFICWQNHBCM-UHFFFAOYSA-N
n-Octylphenol,Industrial,13700,C14H22O,206.32,5.6,1,1,20.2,CCCCCCCCC1=CC=CC=C1O,PubChem,,,,Structure_PubChem,206.329,4.2952,1,1,20.23,15,1,7,,,,,206.329,,C14H22O,,,,,,,,,,,Trouvé,,,,CID_13700,n-Octylphenol,2-octylphenol,CCCCCCCCC1=CC=CC=C1O,"InChI=1S/C14H22O/c1-2-3-4-5-6-7-10-13-11-8-9-12-14(13)15/h8-9,11-12,15H,2-7,10H2,1H3",DUIOKRXOKLLURE-UHFFFAOYSA-N
"1,4-Di-tert-butylbenzene",Industrial,13895,C14H22,190.32,5.3,0,0,0.0,CC(C)(C)C1=CC=C(C=C1)C(C)(C)C,PubChem,,,,Structure_PubChem,190.33,4.2816,0,0,0.0,14,1,0,,,,,190.33,,C14H22,,,,,,,,,,,Trouvé,,,,CID_13895,"1,4-Di-tert-butylbenzene","1,4-ditert-butylbenzene",CC(C)(C)C1=CC=C(C=C1)C(C)(C)C,"InChI=1S/C14H22/c1-13(2,3)11-7-9-12(10-8-11)14(4,5)6/h7-10H,1-6H3",OOWNNCMFKFBNOF-UHFFFAOYSA-N
"Phosphine, tris(4-methylphenyl)-",Industrial,13956,C21H21P,304.4,5.7,0,0,0.0,CC1=CC=C(C=C1)P(C2=CC=C(C=C2)C)C3=CC=C(C=C3)C,PubChem,,,,Structure_PubChem,304.373,4.3701,0,0,0.0,22,3,3,,,,,304.373,,C21H21P,,,,,,,,,,,Trouvé,,,,CID_13956,"Phosphine, tris(4-methylphenyl)-",tris(4-methylphenyl)phosphane,CC1=CC=C(C=C1)P(C2=CC=C(C=C2)C)C3=CC=C(C=C3)C,"InChI=1S/C21H21P/c1-16-4-10-19(11-5-16)22(20-12-6-17(2)7-13-20)21-14-8-18(3)9-15-21/h4-15H,1-3H3",WXAZIUYTQHYBFW-UHFFFAOYSA-N
4-(Methylthio)phenol,Industrial,14086,C7H8OS,140.2,2.1,1,2,45.5,CSC1=CC=C(C=C1)O,PubChem,,,,Structure_PubChem,140.207,2.1141,1,2,20.23,9,1,1,,,,,140.207,,C7H8OS,,,,,,,,,,,Trouvé,,,,CID_14086,4-(Methylthio)phenol,4-methylsulfanylphenol,CSC1=CC=C(C=C1)O,"InChI=1S/C7H8OS/c1-9-7-4-2-6(8)3-5-7/h2-5,8H,1H3",QASBCTGZKABPKX-UHFFFAOYSA-N
1-Methyl-2-propylbenzene,Industrial,14091,C10H14,134.22,4.1,0,0,0.0,CCCC1=CC=CC=C1C,PubChem,,,,Structure_PubChem,134.222,2.9475,0,0,0.0,10,1,2,,,,,134.222,,C10H14,,,,,,,,,,,Trouvé,,,,CID_14091,1-Methyl-2-propylbenzene,1-methyl-2-propylbenzene,CCCC1=CC=CC=C1C,"InChI=1S/C10H14/c1-3-6-10-8-5-4-7-9(10)2/h4-5,7-8H,3,6H2,1-2H3",YQZBFMJOASEONC-UHFFFAOYSA-N
"Benzene, 1-methyl-3-propyl-",Industrial,14092,C10H14,134.22,3.6,0,0,0.0,CCCC1=CC=CC(=C1)C,PubChem,,,,Structure_PubChem,134.222,2.9475,0,0,0.0,10,1,2,,,,,134.222,,C10H14,,,,,,,,,,,Trouvé,,,,CID_14092,"Benzene, 1-methyl-3-propyl-",1-methyl-3-propylbenzene,CCCC1=CC=CC(=C1)C,"InChI=1S/C10H14/c1-3-5-10-7-4-6-9(2)8-10/h4,6-8H,3,5H2,1-2H3",QUEBYVKXYIKVSO-UHFFFAOYSA-N
Hexylbenzene,Industrial,14109,C12H18,162.27,5.5,0,0,0.0,CCCCCCC1=CC=CC=C1,PubChem,,,,Structure_PubChem,162.276,3.8094,0,0,0.0,12,1,5,,,,,162.276,,C12H18,,,,,,,,,,,Trouvé,,,,CID_14109,Hexylbenzene,hexylbenzene,CCCCCCC1=CC=CC=C1,"InChI=1S/C12H18/c1-2-3-4-6-9-12-10-7-5-8-11-12/h5,7-8,10-11H,2-4,6,9H2,1H3",LTEQMZWBSYACLV-UHFFFAOYSA-N
Heptylbenzene,Industrial,14115,C13H20,176.3,6.1,0,0,0.0,CCCCCCCC1=CC=CC=C1,PubChem,,,,Structure_PubChem,176.303,4.1995,0,0,0.0,13,1,6,,,,,176.303,,C13H20,,,,,,,,,,,Trouvé,,,,CID_14115,Heptylbenzene,heptylbenzene,CCCCCCCC1=CC=CC=C1,"InChI=1S/C13H20/c1-2-3-4-5-7-10-13-11-8-6-9-12-13/h6,8-9,11-12H,2-5,7,10H2,1H3",LBNXAWYDQUGHGX-UHFFFAOYSA-N
"1,3-Diphenylpropane",Industrial,14125,C15H16,196.29,3.4,0,0,0.0,C1=CC=C(C=C1)CCCC2=CC=CC=C2,PubChem,,,,Structure_PubChem,196.293,3.8619,0,0,0.0,15,2,4,,,,,196.293,,C15H16,,,,,,,,,,,Trouvé,,,,CID_14125,"1,3-Diphenylpropane",3-phenylpropylbenzene,C1=CC=C(C=C1)CCCC2=CC=CC=C2,"InChI=1S/C15H16/c1-3-8-14(9-4-1)12-7-13-15-10-5-2-6-11-15/h1-6,8-11H,7,12-13H2",VEAFKIYNHVBNIP-UHFFFAOYSA-N
n-Nonylbenzene,Industrial,14126,C15H24,204.35,7.1,0,0,0.0,CCCCCCCCCC1=CC=CC=C1,PubChem,,,,Structure_PubChem,204.357,4.9797,0,0,0.0,15,1,8,,,,,204.357,,C15H24,,,,,,,,,,,Trouvé,,,,CID_14126,n-Nonylbenzene,nonylbenzene,CCCCCCCCCC1=CC=CC=C1,"InChI=1S/C15H24/c1-2-3-4-5-6-7-9-12-15-13-10-8-11-14-15/h8,10-11,13-14H,2-7,9,12H2,1H3",LIXVMPBOGDCSRM-UHFFFAOYSA-N
Trichlorophenylstannane,Industrial,14298,C6H5Cl3Sn,302.2,,0,0,0.0,C1=CC=C(C=C1)[Sn](Cl)(Cl)Cl,PubChem,,,,Structure_PubChem,302.176,2.5489,0,0,0.0,10,1,1,,,,,302.176,,C6H5Cl3Sn,,,,,,,,,,,Trouvé,,,,CID_14298,Trichlorophenylstannane,trichloro(phenyl)stannane,C1=CC=C(C=C1)[Sn](Cl)(Cl)Cl,InChI=1S/C6H5.3ClH.Sn/c1-2-4-6-5-3-1;;;;/h1-5H;3*1H;/q;;;;+3/p-3,UBOGEXSQACVGEC-UHFFFAOYSA-K
"3,5-Dimethoxybenzoic Acid",Industrial,14332,C9H10O4,182.17,2.2,1,4,55.8,COC1=CC(=CC(=C1)C(=O)O)OC,PubChem,,,,Structure_PubChem,182.175,1.402,1,3,55.76,13,1,3,,,,,182.175,,C9H10O4,,,,,,,,,,,Trouvé,,,,CID_14332,"3,5-Dimethoxybenzoic Acid","3,5-dimethoxybenzoic acid",COC1=CC(=CC(=C1)C(=O)O)OC,"InChI=1S/C9H10O4/c1-12-7-3-6(9(10)11)4-8(5-7)13-2/h3-5H,1-2H3,(H,10,11)",IWPZKOJSYQZABD-UHFFFAOYSA-N
"Benzene, 1,1'-selenobis-",Industrial,14333,C12H10Se,233.18,,0,0,0.0,C1=CC=C(C=C1)[Se]C2=CC=CC=C2,PubChem,,,,Structure_PubChem,233.172,1.3416,0,0,0.0,13,2,2,,,,,233.172,,C12H10Se,,,,,,,,,,,Trouvé,,,,CID_14333,"Benzene, 1,1'-selenobis-",phenylselanylbenzene,C1=CC=C(C=C1)[Se]C2=CC=CC=C2,InChI=1S/C12H10Se/c1-3-7-11(8-4-1)13-12-9-5-2-6-10-12/h1-10H,ORQWTLCYLDRDHK-UHFFFAOYSA-N
Diphenyltin dichloride,Industrial,14342,C12H10Cl2Sn,343.8,,0,0,0.0,C1=CC=C(C=C1)[Sn](C2=CC=CC=C2)(Cl)Cl,PubChem,,,,Structure_PubChem,343.829,2.7206,0,0,0.0,15,2,2,,,,,343.829,,C12H10Cl2Sn,,,,,,,,,,,Trouvé,,,,CID_14342,Diphenyltin dichloride,dichloro(diphenyl)stannane,C1=CC=C(C=C1)[Sn](C2=CC=CC=C2)(Cl)Cl,InChI=1S/2C6H5.2ClH.Sn/c2*1-2-4-6-5-3-1;;;/h2*1-5H;2*1H;/q;;;;+2/p-2,ISXUHJXWYNONDI-UHFFFAOYSA-L
Phenyl mercuric bromide,Industrial,14509,C6H5BrHg,357.6,,0,0,0.0,C1=CC=C(C=C1)[Hg]Br,PubChem,,,,Structure_PubChem,357.6,1.7043,0,0,0.0,8,1,1,,,,,357.6,,C6H5BrHg,,,,,,,,,,,Trouvé,,,,CID_14509,Phenyl mercuric bromide,bromo(phenyl)mercury,C1=CC=C(C=C1)[Hg]Br,InChI=1S/C6H5.BrH.Hg/c1-2-4-6-5-3-1;;/h1-5H;1H;/q;;+1/p-1,PUPHNPSAIJQNEE-UHFFFAOYSA-M
4-(3-Methylbut-2-enyl)phenol,Industrial,14543,C11H14O,162.23,3.7,1,1,20.2,CC(=CCC1=CC=C(C=C1)O)C,PubChem,,,,Structure_PubChem,162.232,2.9009,1,1,20.23,12,1,2,,,,,162.232,,C11H14O,,,,,,,,,,,Trouvé,,,,CID_14543,4-(3-Methylbut-2-enyl)phenol,4-(3-methylbut-2-enyl)phenol,CC(=CCC1=CC=C(C=C1)O)C,"InChI=1S/C11H14O/c1-9(2)3-4-10-5-7-11(12)8-6-10/h3,5-8,12H,4H2,1-2H3",CBUZIDRVPSPPOE-UHFFFAOYSA-N
Tetradecylbenzene,Industrial,15086,C20H34,274.5,9.9,0,0,0.0,CCCCCCCCCCCCCCC1=CC=CC=C1,PubChem,,,,Structure_PubChem,274.492,6.9302,0,0,0.0,20,1,13,,,,,274.492,,C20H34,,,,,,,,,,,Trouvé,,,,CID_15086,Tetradecylbenzene,tetradecylbenzene,CCCCCCCCCCCCCCC1=CC=CC=C1,"InChI=1S/C20H34/c1-2-3-4-5-6-7-8-9-10-11-12-14-17-20-18-15-13-16-19-20/h13,15-16,18-19H,2-12,14,17H2,1H3",JZALLXAUNPOCEU-UHFFFAOYSA-N
"1,3,5-Tri-tert-butylbenzene",Industrial,15089,C18H30,246.4,6.9,0,0,0.0,CC(C)(C)C1=CC(=CC(=C1)C(C)(C)C)C(C)(C)C,PubChem,,,,Structure_PubChem,246.438,5.5791,0,0,0.0,18,1,0,,,,,246.438,,C18H30,,,,,,,,,,,Trouvé,,,,CID_15089,"1,3,5-Tri-tert-butylbenzene","1,3,5-tritert-butylbenzene",CC(C)(C)C1=CC(=CC(=C1)C(C)(C)C)C(C)(C)C,"InChI=1S/C18H30/c1-16(2,3)13-10-14(17(4,5)6)12-15(11-13)18(7,8)9/h10-12H,1-9H3",GUFMBISUSZUUCB-UHFFFAOYSA-N
"2,6-Dimethoxybenzoic Acid",Industrial,15109,C9H10O4,182.17,0.7,1,4,55.8,COC1=C(C(=CC=C1)OC)C(=O)O,PubChem,,,,Structure_PubChem,182.175,1.402,1,3,55.76,13,1,3,,,,,182.175,,C9H10O4,,,,,,,,,,,Trouvé,,,,CID_15109,"2,6-Dimethoxybenzoic Acid","2,6-dimethoxybenzoic acid",COC1=C(C(=CC=C1)OC)C(=O)O,"InChI=1S/C9H10O4/c1-12-6-4-3-5-7(13-2)8(6)9(10)11/h3-5H,1-2H3,(H,10,11)",MBIZFBDREVRUHY-UHFFFAOYSA-N
"1,2,3-Trifluorobenzene",Industrial,15147,C6H3F3,132.08,2.5,0,3,0.0,C1=CC(=C(C(=C1)F)F)F,PubChem,,,,Structure_PubChem,132.084,2.1039,0,0,0.0,9,1,0,,,,,132.084,,C6H3F3,,,,,,,,,,,Trouvé,,,,CID_15147,"1,2,3-Trifluorobenzene","1,2,3-trifluorobenzene",C1=CC(=C(C(=C1)F)F)F,InChI=1S/C6H3F3/c7-4-2-1-3-5(8)6(4)9/h1-3H,AJKNNUJQFALRIK-UHFFFAOYSA-N
"2,3-Dimethoxybenzoic acid",Industrial,15204,C9H10O4,182.17,1.7,1,4,55.8,COC1=CC=CC(=C1OC)C(=O)O,PubChem,,,,Structure_PubChem,182.175,1.402,1,3,55.76,13,1,3,,,,,182.175,,C9H10O4,,,,,,,,,,,Trouvé,,,,CID_15204,"2,3-Dimethoxybenzoic acid","2,3-dimethoxybenzoic acid",COC1=CC=CC(=C1OC)C(=O)O,"InChI=1S/C9H10O4/c1-12-7-5-3-4-6(9(10)11)8(7)13-2/h3-5H,1-2H3,(H,10,11)",FODBVCSYJKNBLO-UHFFFAOYSA-N
Phenylphosphonic Acid,Industrial,15295,C6H7O3P,158.09,0.5,2,3,57.5,C1=CC=C(C=C1)P(=O)(O)O,PubChem,,,,Structure_PubChem,158.093,0.4896,2,1,57.53,10,1,1,,,,,158.093,,C6H7O3P,,,,,,,,,,,Trouvé,,,,CID_15295,Phenylphosphonic Acid,phenylphosphonic acid,C1=CC=C(C=C1)P(=O)(O)O,"InChI=1S/C6H7O3P/c7-10(8,9)6-4-2-1-3-5-6/h1-5H,(H2,7,8,9)",QLZHNIAADXEJJP-UHFFFAOYSA-N
1-Bromo-4-ethylbenzene,Industrial,15313,C8H9Br,185.06,3.6,0,0,0.0,CCC1=CC=C(C=C1)Br,PubChem,,,,Structure_PubChem,185.064,3.0115,0,0,0.0,9,1,1,,,,,185.064,,C8H9Br,,,,,,,,,,,Trouvé,,,,CID_15313,1-Bromo-4-ethylbenzene,1-bromo-4-ethylbenzene,CCC1=CC=C(C=C1)Br,"InChI=1S/C8H9Br/c1-2-7-3-5-8(9)6-4-7/h3-6H,2H2,1H3",URFPRAHGGBYNPW-UHFFFAOYSA-N
1-Allyl-2-methylbenzene,Industrial,15317,C10H12,132.2,3.8,0,0,0.0,CC1=CC=CC=C1CC=C,PubChem,,,,Structure_PubChem,132.206,2.7235,0,0,0.0,10,1,2,,,,,132.206,,C10H12,,,,,,,,,,,Trouvé,,,,CID_15317,1-Allyl-2-methylbenzene,1-methyl-2-prop-2-enylbenzene,CC1=CC=CC=C1CC=C,"InChI=1S/C10H12/c1-3-6-10-8-5-4-7-9(10)2/h3-5,7-8H,1,6H2,2H3",SVIHJJUMPAUQNO-UHFFFAOYSA-N
4-Iodobiphenyl,Industrial,15322,C12H9I,280.1,4.9,0,0,0.0,C1=CC=C(C=C1)C2=CC=C(C=C2)I,PubChem,,,,Structure_PubChem,280.108,3.9582,0,0,0.0,13,2,1,,,,,280.108,,C12H9I,,,,,,,,,,,Trouvé,,,,CID_15322,4-Iodobiphenyl,1-iodo-4-phenylbenzene,C1=CC=C(C=C1)C2=CC=C(C=C2)I,InChI=1S/C12H9I/c13-12-8-6-11(7-9-12)10-4-2-1-3-5-10/h1-9H,NXYICUMSYKIABQ-UHFFFAOYSA-N
4-Butylphenol,Industrial,15420,C10H14O,150.22,3.4,1,1,20.2,CCCCC1=CC=C(C=C1)O,PubChem,,,,Structure_PubChem,150.221,2.7348,1,1,20.23,11,1,3,,,,,150.221,,C10H14O,,,,,,,,,,,Trouvé,,,,CID_15420,4-Butylphenol,4-butylphenol,CCCCC1=CC=C(C=C1)O,"InChI=1S/C10H14O/c1-2-3-4-9-5-7-10(11)8-6-9/h5-8,11H,2-4H2,1H3",CYYZDBDROVLTJU-UHFFFAOYSA-N
Diphenyl diselenide,Industrial,15460,C12H10Se2,312.1,,0,0,0.0,C1=CC=C(C=C1)[Se][Se]C2=CC=CC=C2,PubChem,,,,Structure_PubChem,312.132,0.9608,0,0,0.0,14,2,3,,,,,312.132,,C12H10Se2,,,,,,,,,,,Trouvé,,,,CID_15460,Diphenyl diselenide,(phenyldiselanyl)benzene,C1=CC=C(C=C1)[Se][Se]C2=CC=CC=C2,InChI=1S/C12H10Se2/c1-3-7-11(8-4-1)13-14-12-9-5-2-6-10-12/h1-10H,YWWZCHLUQSHMCL-UHFFFAOYSA-N
2-Allylphenol,Industrial,15624,C9H10O,134.17,2.7,1,1,20.2,C=CCC1=CC=CC=C1O,PubChem,,,,Structure_PubChem,134.178,2.1207,1,1,20.23,10,1,2,,,,,134.178,,C9H10O,,,,,,,,,,,Trouvé,,,,CID_15624,2-Allylphenol,2-prop-2-enylphenol,C=CCC1=CC=CC=C1O,"InChI=1S/C9H10O/c1-2-5-8-6-3-4-7-9(8)10/h2-4,6-7,10H,1,5H2",QIRNGVVZBINFMX-UHFFFAOYSA-N
4-tert-Butylstyrene,Industrial,15627,C12H16,160.25,4.4,0,0,0.0,CC(C)(C)C1=CC=C(C=C1)C=C,PubChem,,,,Structure_PubChem,160.26,3.6271,0,0,0.0,12,1,1,,,,,160.26,,C12H16,,,,,,,,,,,Trouvé,,,,CID_15627,4-tert-Butylstyrene,1-tert-butyl-4-ethenylbenzene,CC(C)(C)C1=CC=C(C=C1)C=C,"InChI=1S/C12H16/c1-5-10-6-8-11(9-7-10)12(2,3)4/h5-9H,1H2,2-4H3",QEDJMOONZLUIMC-UHFFFAOYSA-N
2-Ethyl-p-xylene,Industrial,15653,C10H14,134.22,3.4,0,0,0.0,CCC1=C(C=CC(=C1)C)C,PubChem,,,,Structure_PubChem,134.222,2.8658,0,0,0.0,10,1,1,,,,,134.222,,C10H14,,,,,,,,,,,Trouvé,,,,CID_15653,2-Ethyl-p-xylene,"2-ethyl-1,4-dimethylbenzene",CCC1=C(C=CC(=C1)C)C,"InChI=1S/C10H14/c1-4-10-7-8(2)5-6-9(10)3/h5-7H,4H2,1-3H3",AXIUBBVSOWPLDA-UHFFFAOYSA-N
4-n-Octylphenol,Industrial,15730,C14H22O,206.32,5.3,1,1,20.2,CCCCCCCCC1=CC=C(C=C1)O,PubChem,,,,Structure_PubChem,206.329,4.2952,1,1,20.23,15,1,7,,,,,206.329,15730.0,C14H22O,206.32,5.3,1.0,1.0,20.2,15.0,,7.0,CCCCCCCCC1=CC=C(C=C1)O,4-octylphenol,Trouvé,15.0,1.0,7.0,CID_15730,4-n-Octylphenol,4-octylphenol,CCCCCCCCC1=CC=C(C=C1)O,"InChI=1S/C14H22O/c1-2-3-4-5-6-7-8-13-9-11-14(15)12-10-13/h9-12,15H,2-8H2,1H3",NTDQQZYCCIDJRK-UHFFFAOYSA-N
2-Phenylpropionitrile,Industrial,15761,C9H9N,131.17,2.1,0,1,23.8,CC(C#N)C1=CC=CC=C1,PubChem,,,,Structure_PubChem,131.178,2.3137,0,1,23.79,10,1,1,,,,,131.178,,C9H9N,,,,,,,,,,,Trouvé,,,,CID_15761,2-Phenylpropionitrile,2-phenylpropanenitrile,CC(C#N)C1=CC=CC=C1,"InChI=1S/C9H9N/c1-8(7-10)9-5-3-2-4-6-9/h2-6,8H,1H3",NVAOLENBKNECGF-UHFFFAOYSA-N
"Benzene, [(chlorodimethylsilyl)methyl]-",Industrial,15780,C9H13ClSi,184.74,,0,0,0.0,C[Si](C)(CC1=CC=CC=C1)Cl,PubChem,,,,Structure_PubChem,184.742,3.2122,0,0,0.0,11,1,2,,,,,184.742,,C9H13ClSi,,,,,,,,,,,Trouvé,,,,CID_15780,"Benzene, [(chlorodimethylsilyl)methyl]-",benzyl-chloro-dimethylsilane,C[Si](C)(CC1=CC=CC=C1)Cl,"InChI=1S/C9H13ClSi/c1-11(2,10)8-9-6-4-3-5-7-9/h3-7H,8H2,1-2H3",ABHNFDUSOVXXOA-UHFFFAOYSA-N
Octabenzone,Industrial,15797,C21H26O3,326.4,6.8,1,3,46.5,CCCCCCCCOC1=CC(=C(C=C1)C(=O)C2=CC=CC=C2)O,PubChem,,,,Structure_PubChem,326.436,5.3625,1,3,46.53,24,2,10,,,,,326.436,,C21H26O3,,,,,,,,,,,Trouvé,,,,CID_15797,Octabenzone,(2-hydroxy-4-octoxyphenyl)-phenylmethanone,CCCCCCCCOC1=CC(=C(C=C1)C(=O)C2=CC=CC=C2)O,"InChI=1S/C21H26O3/c1-2-3-4-5-6-10-15-24-18-13-14-19(20(22)16-18)21(23)17-11-8-7-9-12-17/h7-9,11-14,16,22H,2-6,10,15H2,1H3",QUAMTGJKVDWJEQ-UHFFFAOYSA-N
4-Phenyl-3-Buten-2-one,Industrial,15909,C10H10O,146.19,2.1,0,1,17.1,CC(=O)C=CC1=CC=CC=C1,PubChem,,,,Structure_PubChem,146.189,2.2888,0,1,17.07,11,1,2,,,,,146.189,,C10H10O,,,,,,,,,,,Trouvé,,,,CID_15909,4-Phenyl-3-Buten-2-one,4-phenylbut-3-en-2-one,CC(=O)C=CC1=CC=CC=C1,"InChI=1S/C10H10O/c1-9(11)7-8-10-5-3-2-4-6-10/h2-8H,1H3",BWHOZHOGCMHOBV-UHFFFAOYSA-N
4-n-Heptylphenol,Industrial,16143,C13H20O,192.3,4.8,1,1,20.2,CCCCCCCC1=CC=C(C=C1)O,PubChem,,,,Structure_PubChem,192.302,3.9051,1,1,20.23,14,1,6,,,,,192.302,,C13H20O,,,,,,,,,,,Trouvé,,,,CID_16143,4-n-Heptylphenol,4-heptylphenol,CCCCCCCC1=CC=C(C=C1)O,"InChI=1S/C13H20O/c1-2-3-4-5-6-7-12-8-10-13(14)11-9-12/h8-11,14H,2-7H2,1H3",KNDDEFBFJLKPFE-UHFFFAOYSA-N
"2,5-Dimethylstyrene",Industrial,16265,C10H12,132.2,3.4,0,0,0.0,CC1=CC(=C(C=C1)C)C=C,PubChem,,,,Structure_PubChem,132.206,2.9464,0,0,0.0,10,1,1,,,,,132.206,,C10H12,,,,,,,,,,,Trouvé,,,,CID_16265,"2,5-Dimethylstyrene","2-ethenyl-1,4-dimethylbenzene",CC1=CC(=C(C=C1)C)C=C,"InChI=1S/C10H12/c1-4-10-7-8(2)5-6-9(10)3/h4-7H,1H2,2-3H3",DBWWINQJTZYDFK-UHFFFAOYSA-N
tert-Amylbenzene,Industrial,16295,C11H16,148.24,4.7,0,0,0.0,CCC(C)(C)C1=CC=CC=C1,PubChem,,,,Structure_PubChem,148.249,3.3742,0,0,0.0,11,1,2,,,,,148.249,,C11H16,,,,,,,,,,,Trouvé,,,,CID_16295,tert-Amylbenzene,2-methylbutan-2-ylbenzene,CCC(C)(C)C1=CC=CC=C1,"InChI=1S/C11H16/c1-4-11(2,3)10-8-6-5-7-9-10/h5-9H,4H2,1-3H3",QHTJSSMHBLGUHV-UHFFFAOYSA-N
Amyl Salicylate,Industrial,16299,C12H16O3,208.25,5.2,1,3,46.5,CCCCCOC(=O)C1=CC=CC=C1O,PubChem,,,,Structure_PubChem,208.257,2.7392,1,3,46.53,15,1,5,,,,,208.257,,C12H16O3,,,,,,,,,,,Trouvé,,,,CID_16299,Amyl Salicylate,pentyl 2-hydroxybenzoate,CCCCCOC(=O)C1=CC=CC=C1O,"InChI=1S/C12H16O3/c1-2-3-6-9-15-12(14)10-7-4-5-8-11(10)13/h4-5,7-8,13H,2-3,6,9H2,1H3",RANVDUNFZBMTBK-UHFFFAOYSA-N
"3,5-Diethyltoluene",Industrial,16302,C11H16,148.24,3.9,0,0,0.0,CCC1=CC(=CC(=C1)C)CC,PubChem,,,,Structure_PubChem,148.249,3.1198,0,0,0.0,11,1,2,,,,,148.249,,C11H16,,,,,,,,,,,Trouvé,,,,CID_16302,"3,5-Diethyltoluene","1,3-diethyl-5-methylbenzene",CCC1=CC(=CC(=C1)C)CC,"InChI=1S/C11H16/c1-4-10-6-9(3)7-11(5-2)8-10/h6-8H,4-5H2,1-3H3",HILAULICMJUOLK-UHFFFAOYSA-N
Butyl salicylate,Industrial,16330,C11H14O3,194.23,4.6,1,3,46.5,CCCCOC(=O)C1=CC=CC=C1O,PubChem,,,,Structure_PubChem,194.23,2.3491,1,3,46.53,14,1,4,,,,,194.23,,C11H14O3,,,,,,,,,,,Trouvé,,,,CID_16330,Butyl salicylate,butyl 2-hydroxybenzoate,CCCCOC(=O)C1=CC=CC=C1O,"InChI=1S/C11H14O3/c1-2-3-8-14-11(13)9-6-4-5-7-10(9)12/h4-7,12H,2-3,8H2,1H3",YFDUWSBGVPBWKF-UHFFFAOYSA-N
Pentadecylbenzene,Industrial,16476,C21H36,288.5,10.4,0,0,0.0,CCCCCCCCCCCCCCCC1=CC=CC=C1,PubChem,,,,Structure_PubChem,288.519,7.3203,0,0,0.0,21,1,14,,,,,288.519,,C21H36,,,,,,,,,,,Trouvé,,,,CID_16476,Pentadecylbenzene,pentadecylbenzene,CCCCCCCCCCCCCCCC1=CC=CC=C1,"InChI=1S/C21H36/c1-2-3-4-5-6-7-8-9-10-11-12-13-15-18-21-19-16-14-17-20-21/h14,16-17,19-20H,2-13,15,18H2,1H3",JIRNEODMTPGRGV-UHFFFAOYSA-N
"Methyl 2,4-Dihydroxybenzoate",Industrial,16523,C8H8O4,168.15,2.0,2,4,66.8,COC(=O)C1=C(C=C(C=C1)O)O,PubChem,,,,Structure_PubChem,168.148,0.8844,2,4,66.76,12,1,1,,,,,168.148,,C8H8O4,,,,,,,,,,,Trouvé,,,,CID_16523,"Methyl 2,4-Dihydroxybenzoate","methyl 2,4-dihydroxybenzoate",COC(=O)C1=C(C=C(C=C1)O)O,"InChI=1S/C8H8O4/c1-12-8(11)6-3-2-5(9)4-7(6)10/h2-4,9-10H,1H3",IIFCLXHRIYTHPV-UHFFFAOYSA-N
Octylbenzene,Industrial,16607,C14H22,190.32,6.6,0,0,0.0,CCCCCCCCC1=CC=CC=C1,PubChem,,,,Structure_PubChem,190.33,4.5896,0,0,0.0,14,1,7,,,,,190.33,,C14H22,,,,,,,,,,,Trouvé,,,,CID_16607,Octylbenzene,octylbenzene,CCCCCCCCC1=CC=CC=C1,"InChI=1S/C14H22/c1-2-3-4-5-6-8-11-14-12-9-7-10-13-14/h7,9-10,12-13H,2-6,8,11H2,1H3",CDKDZKXSXLNROY-UHFFFAOYSA-N
"2,4-Dimethylstyrene",Industrial,16694,C10H12,132.2,3.4,0,0,0.0,CC1=CC(=C(C=C1)C=C)C,PubChem,,,,Structure_PubChem,132.206,2.9464,0,0,0.0,10,1,1,,,,,132.206,,C10H12,,,,,,,,,,,Trouvé,,,,CID_16694,"2,4-Dimethylstyrene","1-ethenyl-2,4-dimethylbenzene",CC1=CC(=C(C=C1)C=C)C,"InChI=1S/C10H12/c1-4-10-6-5-8(2)7-9(10)3/h4-7H,1H2,2-3H3",OEVVKKAVYQFQNV-UHFFFAOYSA-N
p-Vinylbiphenyl,Industrial,16883,C14H12,180.24,5.0,0,0,0.0,C=CC1=CC=C(C=C1)C2=CC=CC=C2,PubChem,,,,Structure_PubChem,180.25,3.9966,0,0,0.0,14,2,2,,,,,180.25,,C14H12,,,,,,,,,,,Trouvé,,,,CID_16883,p-Vinylbiphenyl,1-ethenyl-4-phenylbenzene,C=CC1=CC=C(C=C1)C2=CC=CC=C2,"InChI=1S/C14H12/c1-2-12-8-10-14(11-9-12)13-6-4-3-5-7-13/h2-11H,1H2",HDBWAWNLGGMZRQ-UHFFFAOYSA-N
"1,2,3,5-Tetrafluorobenzene",Industrial,16910,C6H2F4,150.07,2.4,0,4,0.0,C1=C(C=C(C(=C1F)F)F)F,PubChem,,,,Structure_PubChem,150.074,2.243,0,0,0.0,10,1,0,,,,,150.074,,C6H2F4,,,,,,,,,,,Trouvé,,,,CID_16910,"1,2,3,5-Tetrafluorobenzene","1,2,3,5-tetrafluorobenzene",C1=C(C=C(C(=C1F)F)F)F,InChI=1S/C6H2F4/c7-3-1-4(8)6(10)5(9)2-3/h1-2H,UHHYOKRQTQBKSB-UHFFFAOYSA-N
p-Isopropyl-alpha-methylstyrene,Industrial,16952,C12H16,160.25,4.4,0,0,0.0,CC(C)C1=CC=C(C=C1)C(=C)C,PubChem,,,,Structure_PubChem,160.26,3.8431,0,0,0.0,12,1,2,,,,,160.26,,C12H16,,,,,,,,,,,Trouvé,,,,CID_16952,p-Isopropyl-alpha-methylstyrene,1-propan-2-yl-4-prop-1-en-2-ylbenzene,CC(C)C1=CC=C(C=C1)C(=C)C,"InChI=1S/C12H16/c1-9(2)11-5-7-12(8-6-11)10(3)4/h5-8,10H,1H2,2-4H3",XMCNZCCURGYSDQ-UHFFFAOYSA-N
Methylcoumarin (mixed isomers),Industrial,17130,C10H8O2,160.17,2.3,0,2,26.3,CC1=CC2=CC=CC=C2OC1=O,PubChem,,,,Structure_PubChem,160.172,2.1014,0,2,30.21,12,2,0,,,,,160.172,,C10H8O2,,,,,,,,,,,Trouvé,,,,CID_17130,Methylcoumarin (mixed isomers),3-methylchromen-2-one,CC1=CC2=CC=CC=C2OC1=O,"InChI=1S/C10H8O2/c1-7-6-8-4-2-3-5-9(8)12-10(7)11/h2-6H,1H3",VIIIJFZJKFXOGG-UHFFFAOYSA-N
4-Hexylphenol,Industrial,17132,C12H18O,178.27,4.3,1,1,20.2,CCCCCCC1=CC=C(C=C1)O,PubChem,,,,Structure_PubChem,178.275,3.515,1,1,20.23,13,1,5,,,,,178.275,,C12H18O,,,,,,,,,,,Trouvé,,,,CID_17132,4-Hexylphenol,4-hexylphenol,CCCCCCC1=CC=C(C=C1)O,"InChI=1S/C12H18O/c1-2-3-4-5-6-11-7-9-12(13)10-8-11/h7-10,13H,2-6H2,1H3",SZWBRVPZWJYIHI-UHFFFAOYSA-N
4-(Octyloxy)benzoic acid,Industrial,17231,C15H22O3,250.33,5.0,1,3,46.5,CCCCCCCCOC1=CC=C(C=C1)C(=O)O,PubChem,,,,Structure_PubChem,250.338,4.1241,1,2,46.53,18,1,9,,,,,250.338,17231.0,C15H22O3,250.33,5.0,1.0,3.0,46.5,18.0,,9.0,CCCCCCCCOC1=CC=C(C=C1)C(=O)O,4-octoxybenzoic acid,Trouvé,18.0,1.0,9.0,CID_17231,4-(Octyloxy)benzoic acid,4-octoxybenzoic acid,CCCCCCCCOC1=CC=C(C=C1)C(=O)O,"InChI=1S/C15H22O3/c1-2-3-4-5-6-7-12-18-14-10-8-13(9-11-14)15(16)17/h8-11H,2-7,12H2,1H3,(H,16,17)",IALWCYFULVHLEC-UHFFFAOYSA-N
Diphenylborinic acid,Industrial,17498,C12H11BO,182.03,,1,1,20.2,B(C1=CC=CC=C1)(C2=CC=CC=C2)O,PubChem,,,,Structure_PubChem,182.031,0.7846,1,1,20.23,14,2,2,,,,,182.031,,C12H11BO,,,,,,,,,,,Trouvé,,,,CID_17498,Diphenylborinic acid,diphenylborinic acid,B(C1=CC=CC=C1)(C2=CC=CC=C2)O,"InChI=1S/C12H11BO/c14-13(11-7-3-1-4-8-11)12-9-5-2-6-10-12/h1-10,14H",VIGVRXYWWFPORY-UHFFFAOYSA-N
"Malononitrile, benzylidene-",Industrial,17608,C10H6N2,154.17,2.2,0,2,47.6,C1=CC=C(C=C1)C=C(C#N)C#N,PubChem,,,,Structure_PubChem,154.172,2.1172,0,2,47.58,12,1,1,,,,,154.172,,C10H6N2,,,,,,,,,,,Trouvé,,,,CID_17608,"Malononitrile, benzylidene-",2-benzylidenepropanedinitrile,C1=CC=C(C=C1)C=C(C#N)C#N,InChI=1S/C10H6N2/c11-7-10(8-12)6-9-4-2-1-3-5-9/h1-6H,WAVNYPVYNSIHNC-UHFFFAOYSA-N
2-Phenylpentane,Industrial,17627,C11H16,148.24,4.7,0,0,0.0,CCCC(C)C1=CC=CC=C1,PubChem,,,,Structure_PubChem,148.249,3.5902,0,0,0.0,11,1,3,,,,,148.249,,C11H16,,,,,,,,,,,Trouvé,,,,CID_17627,2-Phenylpentane,pentan-2-ylbenzene,CCCC(C)C1=CC=CC=C1,"InChI=1S/C11H16/c1-3-7-10(2)11-8-5-4-6-9-11/h4-6,8-10H,3,7H2,1-2H3",LTHAIAJHDPJXLG-UHFFFAOYSA-N
2-Ethyl-m-xylene,Industrial,17877,C10H14,134.22,3.4,0,0,0.0,CCC1=C(C=CC=C1C)C,PubChem,,,,Structure_PubChem,134.222,2.8658,0,0,0.0,10,1,1,,,,,134.222,,C10H14,,,,,,,,,,,Trouvé,,,,CID_17877,2-Ethyl-m-xylene,"2-ethyl-1,3-dimethylbenzene",CCC1=C(C=CC=C1C)C,"InChI=1S/C10H14/c1-4-10-8(2)6-5-7-9(10)3/h5-7H,4H2,1-3H3",CHIKRULMSSADAF-UHFFFAOYSA-N
Tribenzyltin chloride,Industrial,18470,C21H21ClSn,427.6,,0,0,0.0,C1=CC=C(C=C1)C[Sn](CC2=CC=CC=C2)(CC3=CC=CC=C3)Cl,PubChem,,,,Structure_PubChem,427.563,5.5164,0,0,0.0,23,3,6,,,,,427.563,,C21H21ClSn,,,,,,,,,,,Trouvé,,,,CID_18470,Tribenzyltin chloride,tribenzyl(chloro)stannane,C1=CC=C(C=C1)C[Sn](CC2=CC=CC=C2)(CC3=CC=CC=C3)Cl,"InChI=1S/3C7H7.ClH.Sn/c3*1-7-5-3-2-4-6-7;;/h3*2-6H,1H2;1H;/q;;;;+1/p-1",PUFMEHZUXSPPAM-UHFFFAOYSA-M
2-Butylphenol,Industrial,18515,C10H14O,150.22,3.5,1,1,20.2,CCCCC1=CC=CC=C1O,PubChem,,,,Structure_PubChem,150.221,2.7348,1,1,20.23,11,1,3,,,,,150.221,,C10H14O,,,,,,,,,,,Trouvé,,,,CID_18515,2-Butylphenol,2-butylphenol,CCCCC1=CC=CC=C1O,"InChI=1S/C10H14O/c1-2-3-6-9-7-4-5-8-10(9)11/h4-5,7-8,11H,2-3,6H2,1H3",GJYCVCVHRSWLNY-UHFFFAOYSA-N
2-Hexylphenol,Industrial,18594,C12H18O,178.27,4.6,1,1,20.2,CCCCCCC1=CC=CC=C1O,PubChem,,,,Structure_PubChem,178.275,3.515,1,1,20.23,13,1,5,,,,,178.275,,C12H18O,,,,,,,,,,,Trouvé,,,,CID_18594,2-Hexylphenol,2-hexylphenol,CCCCCCC1=CC=CC=C1O,"InChI=1S/C12H18O/c1-2-3-4-5-8-11-9-6-7-10-12(11)13/h6-7,9-10,13H,2-5,8H2,1H3",ABMULKFGWTYIIK-UHFFFAOYSA-N
"Benzene, (2-methyl-2-propenyl)-",Industrial,18687,C10H12,132.2,3.6,0,0,0.0,CC(=C)CC1=CC=CC=C1,PubChem,,,,Structure_PubChem,132.206,2.8052,0,0,0.0,10,1,2,,,,,132.206,,C10H12,,,,,,,,,,,Trouvé,,,,CID_18687,"Benzene, (2-methyl-2-propenyl)-",2-methylprop-2-enylbenzene,CC(=C)CC1=CC=CC=C1,"InChI=1S/C10H12/c1-9(2)8-10-6-4-3-5-7-10/h3-7H,1,8H2,2H3",MXTNFIYGTWARIN-UHFFFAOYSA-N
"Phosphorodichloridous acid, phenyl ester",Industrial,18908,C6H5Cl2OP,194.98,3.4,0,1,9.2,C1=CC=C(C=C1)OP(Cl)Cl,PubChem,,,,Structure_PubChem,194.985,3.7699,0,1,9.23,10,1,2,,,,,194.985,,C6H5Cl2OP,,,,,,,,,,,Trouvé,,,,CID_18908,"Phosphorodichloridous acid, phenyl ester",dichloro(phenoxy)phosphane,C1=CC=C(C=C1)OP(Cl)Cl,InChI=1S/C6H5Cl2OP/c7-10(8)9-6-4-2-1-3-5-6/h1-5H,LXHWDUISRBUGRA-UHFFFAOYSA-N
4-Ethylstyrene,Industrial,18940,C10H12,132.2,3.5,0,0,0.0,CCC1=CC=C(C=C1)C=C,PubChem,,,,Structure_PubChem,132.206,2.892,0,0,0.0,10,1,2,,,,,132.206,,C10H12,,,,,,,,,,,Trouvé,,,,CID_18940,4-Ethylstyrene,1-ethenyl-4-ethylbenzene,CCC1=CC=C(C=C1)C=C,"InChI=1S/C10H12/c1-3-9-5-7-10(4-2)8-6-9/h3,5-8H,1,4H2,2H3",WHFHDVDXYKOSKI-UHFFFAOYSA-N
Phenylthionophosphonic dichloride,Industrial,19016,C6H5Cl2PS,211.05,4.2,0,1,32.1,C1=CC=C(C=C1)P(=S)(Cl)Cl,PubChem,,,,Structure_PubChem,211.053,3.099,0,1,0.0,10,1,1,,,,,211.053,,C6H5Cl2PS,,,,,,,,,,,Trouvé,,,,CID_19016,Phenylthionophosphonic dichloride,dichloro-phenyl-sulfanylidene-lambda5-phosphane,C1=CC=C(C=C1)P(=S)(Cl)Cl,"InChI=1S/C6H5Cl2PS/c7-9(8,10)6-4-2-1-3-5-6/h1-5H",SXIWNIQDOJKDGB-UHFFFAOYSA-N
4-(p-ACETOXYPHENYL)-2-BUTANONE,Industrial,19137,C12H14O3,206.24,1.7,0,3,43.4,CC(=O)CCC1=CC=C(C=C1)OC(=O)C,PubChem,,,,Structure_PubChem,206.241,2.1335,0,3,43.37,15,1,4,,,,,206.241,,C12H14O3,,,,,,,,,,,Trouvé,,,,CID_19137,4-(p-ACETOXYPHENYL)-2-BUTANONE,[4-(3-oxobutyl)phenyl] acetate,CC(=O)CCC1=CC=C(C=C1)OC(=O)C,"InChI=1S/C12H14O3/c1-9(13)3-4-11-5-7-12(8-6-11)15-10(2)14/h5-8H,3-4H2,1-2H3",UMIKWXDGXDJQJK-UHFFFAOYSA-N
3-Phenoxybenzoic acid,Industrial,19539,C13H10O3,214.22,3.9,1,3,46.5,C1=CC=C(C=C1)OC2=CC=CC(=C2)C(=O)O,PubChem,,,,Structure_PubChem,214.22,3.1771,1,2,46.53,16,2,3,,,,,214.22,,C13H10O3,,,,,,,,,,,Trouvé,,,,CID_19539,3-Phenoxybenzoic acid,3-phenoxybenzoic acid,C1=CC=C(C=C1)OC2=CC=CC(=C2)C(=O)O,"InChI=1S/C13H10O3/c14-13(15)10-5-4-8-12(9-10)16-11-6-2-1-3-7-11/h1-9H,(H,14,15)",NXTDJHZGHOFSQG-UHFFFAOYSA-N
3-Butylphenol,Industrial,19994,C10H14O,150.22,3.5,1,1,20.2,CCCCC1=CC(=CC=C1)O,PubChem,,,,Structure_PubChem,150.221,2.7348,1,1,20.23,11,1,3,,,,,150.221,,C10H14O,,,,,,,,,,,Trouvé,,,,CID_19994,3-Butylphenol,3-butylphenol,CCCCC1=CC(=CC=C1)O,"InChI=1S/C10H14O/c1-2-3-5-9-6-4-7-10(11)8-9/h4,6-8,11H,2-3,5H2,1H3",MQSXUKPGWMJYBT-UHFFFAOYSA-N
"meso-2,3-Diphenylbutane",Industrial,20735,C16H18,210.31,4.8,0,0,0.0,CC(C1=CC=CC=C1)C(C)C2=CC=CC=C2,PubChem,,,,Structure_PubChem,210.32,4.5938,0,0,0.0,16,2,3,,,,,210.32,,C16H18,,,,,,,,,,,Trouvé,,,,CID_20735,"meso-2,3-Diphenylbutane",3-phenylbutan-2-ylbenzene,CC(C1=CC=CC=C1)C(C)C2=CC=CC=C2,"InChI=1S/C16H18/c1-13(15-9-5-3-6-10-15)14(2)16-11-7-4-8-12-16/h3-14H,1-2H3",NGCFVIRRWORSML-UHFFFAOYSA-N
5-Isopropyl-m-xylene,Industrial,20833,C11H16,148.24,3.8,0,0,0.0,CC1=CC(=CC(=C1)C(C)C)C,PubChem,,,,Structure_PubChem,148.249,3.4268,0,0,0.0,11,1,1,,,,,148.249,,C11H16,,,,,,,,,,,Trouvé,,,,CID_20833,5-Isopropyl-m-xylene,"1,3-dimethyl-5-propan-2-ylbenzene",CC1=CC(=CC(=C1)C(C)C)C,"InChI=1S/C11H16/c1-8(2)11-6-9(3)5-10(4)7-11/h5-8H,1-4H3",RMKJTYPFCFNTGQ-UHFFFAOYSA-N
Di-p-tolylmethane,Industrial,21071,C15H16,196.29,4.6,0,0,0.0,CC1=CC=C(C=C1)CC2=CC=C(C=C2)C,PubChem,,,,Structure_PubChem,196.293,3.8942,0,0,0.0,15,2,2,,,,,196.293,,C15H16,,,,,,,,,,,Trouvé,,,,CID_21071,Di-p-tolylmethane,1-methyl-4-[(4-methylphenyl)methyl]benzene,CC1=CC=C(C=C1)CC2=CC=C(C=C2)C,"InChI=1S/C15H16/c1-12-3-7-14(8-4-12)11-15-9-5-13(2)6-10-15/h3-10H,11H2,1-2H3",HZAWPPRBCALFRN-UHFFFAOYSA-N
4-Phenylcyclohexene,Industrial,21096,C12H14,158.24,3.7,0,0,0.0,C1CC(CC=C1)C2=CC=CC=C2,PubChem,,,,Structure_PubChem,158.244,3.5103,0,0,0.0,12,2,1,,,,,158.244,,C12H14,,,,,,,,,,,Trouvé,,,,CID_21096,4-Phenylcyclohexene,cyclohex-3-en-1-ylbenzene,C1CC(CC=C1)C2=CC=CC=C2,"InChI=1S/C12H14/c1-3-7-11(8-4-1)12-9-5-2-6-10-12/h1-5,7-8,12H,6,9-10H2",XWCWNUSFQVJNDI-UHFFFAOYSA-N
"3,5-Dimethylstyrene",Industrial,21476,C10H12,132.2,3.4,0,0,0.0,CC1=CC(=CC(=C1)C=C)C,PubChem,,,,Structure_PubChem,132.206,2.9464,0,0,0.0,10,1,1,,,,,132.206,,C10H12,,,,,,,,,,,Trouvé,,,,CID_21476,"3,5-Dimethylstyrene","1-ethenyl-3,5-dimethylbenzene",CC1=CC(=CC(=C1)C=C)C,"InChI=1S/C10H12/c1-4-10-6-8(2)5-9(3)7-10/h4-7H,1H2,2-3H3",XKMDZVINHIFHLY-UHFFFAOYSA-N
Chloroselenobenzene,Industrial,21928,C6H5ClSe,191.53,,0,0,0.0,C1=CC=C(C=C1)[Se]Cl,PubChem,,,,Structure_PubChem,191.519,1.1699,0,0,0.0,8,1,1,,,,,191.519,,C6H5ClSe,,,,,,,,,,,Trouvé,,,,CID_21928,Chloroselenobenzene,phenyl selenohypochlorite,C1=CC=C(C=C1)[Se]Cl,InChI=1S/C6H5ClSe/c7-8-6-4-2-1-3-5-6/h1-5H,WJCXADMLESSGRI-UHFFFAOYSA-N
Carbaspirin Calcium,Industrial,21975,C19H18CaN2O9,458.4,,2,9,202.0,CC(=O)OC1=CC=CC=C1C(=O)[O-].CC(=O)OC1=CC=CC=C1C(=O)[O-].C(=O)(N)N.[Ca+2],PubChem,,,,Structure_PubChem,458.436,-1.4062,2,9,201.97,31,2,4,,,,,458.436,,C19H18CaN2O9,,,,,,,,,,,Trouvé,,,,CID_21975,Carbaspirin Calcium,calcium;bis(2-acetyloxybenzoate);urea,CC(=O)OC1=CC=CC=C1C(=O)[O-].CC(=O)OC1=CC=CC=C1C(=O)[O-].C(=O)(N)N.[Ca+2],"InChI=1S/2C9H8O4.CH4N2O.Ca/c2*1-6(10)13-8-5-3-2-4-7(8)9(11)12;2-1(3)4;/h2*2-5H,1H3,(H,11,12);(H4,2,3,4);/q;;;+2/p-2",VYMUGTALCSPLDM-UHFFFAOYSA-L
Methyl(phenyl)phosphinoyl chloride,Industrial,21983,C7H8ClOP,174.56,2.3,0,1,17.1,CP(=O)(C1=CC=CC=C1)Cl,PubChem,,,,Structure_PubChem,174.567,2.4586,0,1,17.07,10,1,1,,,,,174.567,,C7H8ClOP,,,,,,,,,,,Trouvé,,,,CID_21983,Methyl(phenyl)phosphinoyl chloride,[chloro(methyl)phosphoryl]benzene,CP(=O)(C1=CC=CC=C1)Cl,"InChI=1S/C7H8ClOP/c1-10(8,9)7-5-3-2-4-6-7/h2-6H,1H3",BTMQENOUJJKBGT-UHFFFAOYSA-N
alpha-Methylstyrene dimer,Industrial,22521,C18H20,236.4,,0,0,0.0,CC(=C)C1=CC=CC=C1.CC(=C)C1=CC=CC=C1,PubChem,,,,Structure_PubChem,236.358,5.4394,0,0,0.0,18,2,2,,,,,236.358,,C18H20,,,,,,,,,,,Trouvé,,,,CID_22521,alpha-Methylstyrene dimer,prop-1-en-2-ylbenzene,CC(=C)C1=CC=CC=C1.CC(=C)C1=CC=CC=C1,"InChI=1S/2C9H10/c2*1-8(2)9-6-4-3-5-7-9/h2*3-7H,1H2,2H3",FZYCEURIEDTWNS-UHFFFAOYSA-N
Hexyl Salicylate,Industrial,22629,C13H18O3,222.28,5.7,1,3,46.5,CCCCCCOC(=O)C1=CC=CC=C1O,PubChem,,,,Structure_PubChem,222.284,3.1293,1,3,46.53,16,1,6,,,,,222.284,,C13H18O3,,,,,,,,,,,Trouvé,,,,CID_22629,Hexyl Salicylate,hexyl 2-hydroxybenzoate,CCCCCCOC(=O)C1=CC=CC=C1O,"InChI=1S/C13H18O3/c1-2-3-4-7-10-16-13(15)11-8-5-6-9-12(11)14/h5-6,8-9,14H,2-4,7,10H2,1H3",DUKPKQFHJQGTGU-UHFFFAOYSA-N
3-tert-Butyl-5-ethyltoluene,Industrial,23114,C13H20,176.3,4.8,0,0,0.0,CCC1=CC(=CC(=C1)C)C(C)(C)C,PubChem,,,,Structure_PubChem,176.303,3.8549,0,0,0.0,13,1,1,,,,,176.303,,C13H20,,,,,,,,,,,Trouvé,,,,CID_23114,3-tert-Butyl-5-ethyltoluene,1-tert-butyl-3-ethyl-5-methylbenzene,CCC1=CC(=CC(=C1)C)C(C)(C)C,"InChI=1S/C13H20/c1-6-11-7-10(2)8-12(9-11)13(3,4)5/h7-9H,6H2,1-5H3",URDKTSKLGNWKDB-UHFFFAOYSA-N
Undecylbenzene,Industrial,23194,C17H28,232.4,8.2,0,0,0.0,CCCCCCCCCCCC1=CC=CC=C1,PubChem,,,,Structure_PubChem,232.411,5.7599,0,0,0.0,17,1,10,,,,,232.411,,C17H28,,,,,,,,,,,Trouvé,,,,CID_23194,Undecylbenzene,undecylbenzene,CCCCCCCCCCCC1=CC=CC=C1,"InChI=1S/C17H28/c1-2-3-4-5-6-7-8-9-11-14-17-15-12-10-13-16-17/h10,12-13,15-16H,2-9,11,14H2,1H3",XBEADGFTLHRJRB-UHFFFAOYSA-N
Benzeneseleninic acid,Industrial,23427,C6H6O2Se,189.08,,1,2,37.3,C1=CC=C(C=C1)[Se](=O)O,PubChem,,,,Structure_PubChem,189.072,-0.1954,1,1,37.3,9,1,1,,,,,189.072,,C6H6O2Se,,,,,,,,,,,Trouvé,,,,CID_23427,Benzeneseleninic acid,benzeneseleninic acid,C1=CC=C(C=C1)[Se](=O)O,"InChI=1S/C6H6O2Se/c7-9(8)6-4-2-1-3-5-6/h1-5H,(H,7,8)",WIHKGDVGLJJAMC-UHFFFAOYSA-N
4-Isopropylbiphenyl,Industrial,23503,C15H16,196.29,5.4,0,0,0.0,CC(C)C1=CC=C(C=C1)C2=CC=CC=C2,PubChem,,,,Structure_PubChem,196.293,4.477,0,0,0.0,15,2,2,,,,,196.293,,C15H16,,,,,,,,,,,Trouvé,,,,CID_23503,4-Isopropylbiphenyl,1-phenyl-4-propan-2-ylbenzene,CC(C)C1=CC=C(C=C1)C2=CC=CC=C2,"InChI=1S/C15H16/c1-12(2)13-8-10-15(11-9-13)14-6-4-3-5-7-14/h3-12H,1-2H3",KWSHGRJUSUJPQD-UHFFFAOYSA-N
"2',6'-Dihydroxy-4'-methoxyacetophenone",Industrial,24135,C9H10O4,182.17,1.4,2,4,66.8,CC(=O)C1=C(C=C(C=C1O)OC)O,PubChem,,,,Structure_PubChem,182.175,1.309,2,4,66.76,13,1,2,,,,,182.175,,C9H10O4,,,,,,,,,,,Trouvé,,,,CID_24135,"2',6'-Dihydroxy-4'-methoxyacetophenone","1-(2,6-dihydroxy-4-methoxyphenyl)ethanone",CC(=O)C1=C(C=C(C=C1O)OC)O,"InChI=1S/C9H10O4/c1-5(10)9-7(11)3-6(13-2)4-8(9)12/h3-4,11-12H,1-2H3",GKSGTWUNURZTKD-UHFFFAOYSA-N
2-Benzylphenol,Industrial,24216,C13H12O,184.23,3.6,1,1,20.2,C1=CC=C(C=C1)CC2=CC=CC=C2O,PubChem,,,,Structure_PubChem,184.238,2.983,1,1,20.23,14,2,2,,,,,184.238,,C13H12O,,,,,,,,,,,Trouvé,,,,CID_24216,2-Benzylphenol,2-benzylphenol,C1=CC=C(C=C1)CC2=CC=CC=C2O,"InChI=1S/C13H12O/c14-13-9-5-4-8-12(13)10-11-6-2-1-3-7-11/h1-9,14H,10H2",CDMGNVWZXRKJNS-UHFFFAOYSA-N
Ethylstyrene (mixed isomers),Industrial,24218,C10H12,132.2,3.5,0,0,0.0,CCC1=CC=CC=C1C=C,PubChem,,,,Structure_PubChem,132.206,2.892,0,0,0.0,10,1,2,,,,,132.206,,C10H12,,,,,,,,,,,Trouvé,,,,CID_24218,Ethylstyrene (mixed isomers),1-ethenyl-2-ethylbenzene,CCC1=CC=CC=C1C=C,"InChI=1S/C10H12/c1-3-9-7-5-6-8-10(9)4-2/h3,5-8H,1,4H2,2H3",VTPNYMSKBPZSTF-UHFFFAOYSA-N
3-Carboxy-6-methylcoumarin,Industrial,25090,C11H8O4,204.18,2.6,1,4,63.6,CC1=CC2=C(C=C1)OC(=O)C(=C2)C(=O)O,PubChem,,,,Structure_PubChem,204.181,1.7996,1,3,67.51,15,2,1,,,,,204.181,,C11H8O4,,,,,,,,,,,Trouvé,,,,CID_25090,3-Carboxy-6-methylcoumarin,6-methyl-2-oxochromene-3-carboxylic acid,CC1=CC2=C(C=C1)OC(=O)C(=C2)C(=O)O,"InChI=1S/C11H8O4/c1-6-2-3-9-7(4-6)5-8(10(12)13)11(14)15-9/h2-5H,1H3,(H,12,13)",FJICLQQBBFWGMZ-UHFFFAOYSA-N
4-(Trimethylsilyl)phenol,Industrial,25732,C9H14OSi,166.29,,1,1,20.2,C[Si](C)(C)C1=CC=C(C=C1)O,PubChem,,,,Structure_PubChem,166.296,1.9374,1,1,20.23,11,1,1,,,,,166.296,,C9H14OSi,,,,,,,,,,,Trouvé,,,,CID_25732,4-(Trimethylsilyl)phenol,4-trimethylsilylphenol,C[Si](C)(C)C1=CC=C(C=C1)O,"InChI=1S/C9H14OSi/c1-11(2,3)9-6-4-8(10)5-7-9/h4-7,10H,1-3H3",ZOMMEPFDNFYOHO-UHFFFAOYSA-N
"1,4-Bis(trimethylsilyl)benzene",Industrial,25771,C12H22Si2,222.47,,0,0,0.0,C[Si](C)(C)C1=CC=C(C=C1)[Si](C)(C)C,PubChem,,,,Structure_PubChem,222.48,2.777,0,0,0.0,14,1,2,,,,,222.48,,C12H22Si2,,,,,,,,,,,Trouvé,,,,CID_25771,"1,4-Bis(trimethylsilyl)benzene",trimethyl-(4-trimethylsilylphenyl)silane,C[Si](C)(C)C1=CC=C(C=C1)[Si](C)(C)C,"InChI=1S/C12H22Si2/c1-13(2,3)11-7-9-12(10-8-11)14(4,5)6/h7-10H,1-6H3",NVRBTKMAZQNKPX-UHFFFAOYSA-N
4-Pentylphenol,Industrial,26975,C11H16O,164.24,3.7,1,1,20.2,CCCCCC1=CC=C(C=C1)O,PubChem,,,,Structure_PubChem,164.248,3.1249,1,1,20.23,12,1,4,,,,,164.248,,C11H16O,,,,,,,,,,,Trouvé,,,,CID_26975,4-Pentylphenol,4-pentylphenol,CCCCCC1=CC=C(C=C1)O,"InChI=1S/C11H16O/c1-2-3-4-5-10-6-8-11(12)9-7-10/h6-9,12H,2-5H2,1H3",ZNPSUQQXTRRSBM-UHFFFAOYSA-N
"Benzene, (2-iodoethyl)-",Industrial,28503,C8H9I,232.06,3.9,0,0,0.0,C1=CC=C(C=C1)CCI,PubChem,,,,Structure_PubChem,232.064,2.6641,0,0,0.0,9,1,2,,,,,232.064,,C8H9I,,,,,,,,,,,Trouvé,,,,CID_28503,"Benzene, (2-iodoethyl)-",2-iodoethylbenzene,C1=CC=C(C=C1)CCI,"InChI=1S/C8H9I/c9-7-6-8-4-2-1-3-5-8/h1-5H,6-7H2",KVTHPKXDLVYNCH-UHFFFAOYSA-N
"Arsine oxide, allylhydroxyphenyl-",Industrial,30852,C9H11AsO2,226.1,,1,2,37.3,C=CC[As](=O)(C1=CC=CC=C1)O,PubChem,,,,Structure_PubChem,226.107,0.9446,1,1,37.3,12,1,3,,,,,226.107,,C9H11AsO2,,,,,,,,,,,Trouvé,,,,CID_30852,"Arsine oxide, allylhydroxyphenyl-",phenyl(prop-2-enyl)arsinic acid,C=CC[As](=O)(C1=CC=CC=C1)O,"InChI=1S/C9H11AsO2/c1-2-8-10(11,12)9-6-4-3-5-7-9/h2-7H,1,8H2,(H,11,12)",KNZSNYJBQFTWDN-UHFFFAOYSA-N
2-(o-Tolyl)acetonitrile,Industrial,31155,C9H9N,131.17,2.1,0,1,23.8,CC1=CC=CC=C1CC#N,PubChem,,,,Structure_PubChem,131.178,2.0611,0,1,23.79,10,1,1,,,,,131.178,,C9H9N,,,,,,,,,,,Trouvé,,,,CID_31155,2-(o-Tolyl)acetonitrile,2-(2-methylphenyl)acetonitrile,CC1=CC=CC=C1CC#N,"InChI=1S/C9H9N/c1-8-4-2-3-5-9(8)6-7-10/h2-5H,6H2,1H3",WMGVPDQNPUQRND-UHFFFAOYSA-N
Flufenisal,Industrial,31185,C15H11FO4,274.24,2.9,1,5,63.6,CC(=O)OC1=C(C=C(C=C1)C2=CC=C(C=C2)F)C(=O)O,PubChem,,,,Structure_PubChem,274.247,3.1162,1,3,63.6,20,2,3,,,,,274.247,,C15H11FO4,,,,,,,,,,,Trouvé,,,,CID_31185,Flufenisal,2-acetyloxy-5-(4-fluorophenyl)benzoic acid,CC(=O)OC1=C(C=C(C=C1)C2=CC=C(C=C2)F)C(=O)O,"InChI=1S/C15H11FO4/c1-9(17)20-14-7-4-11(8-13(14)15(18)19)10-2-5-12(16)6-3-10/h2-8H,1H3,(H,18,19)",XKSAJZSJKURQRX-UHFFFAOYSA-N
Dodecylbenzene,Industrial,31237,C18H30,246.4,8.8,0,0,0.0,CCCCCCCCCCCCC1=CC=CC=C1,PubChem,,,,Structure_PubChem,246.438,6.15,0,0,0.0,18,1,11,,,,,246.438,,C18H30,,,,,,,,,,,Trouvé,,,,CID_31237,Dodecylbenzene,dodecylbenzene,CCCCCCCCCCCCC1=CC=CC=C1,"InChI=1S/C18H30/c1-2-3-4-5-6-7-8-9-10-12-15-18-16-13-11-14-17-18/h11,13-14,16-17H,2-10,12,15H2,1H3",KWKXNDCHNDYVRT-UHFFFAOYSA-N
Tridecylbenzene,Industrial,31238,C19H32,260.5,9.3,0,0,0.0,CCCCCCCCCCCCCC1=CC=CC=C1,PubChem,,,,Structure_PubChem,260.465,6.5401,0,0,0.0,19,1,12,,,,,260.465,,C19H32,,,,,,,,,,,Trouvé,,,,CID_31238,Tridecylbenzene,tridecylbenzene,CCCCCCCCCCCCCC1=CC=CC=C1,"InChI=1S/C19H32/c1-2-3-4-5-6-7-8-9-10-11-13-16-19-17-14-12-15-18-19/h12,14-15,17-18H,2-11,13,16H2,1H3",MCVUKOYZUCWLQQ-UHFFFAOYSA-N
4-Ethylphenol,Industrial,31242,C8H10O,122.16,2.6,1,1,20.2,CCC1=CC=C(C=C1)O,PubChem,,,,Structure_PubChem,122.167,1.9546,1,1,20.23,9,1,1,,,,,122.167,,C8H10O,,,,,,,,,,,Trouvé,,,,CID_31242,4-Ethylphenol,4-ethylphenol,CCC1=CC=C(C=C1)O,"InChI=1S/C8H10O/c1-2-7-3-5-8(9)6-4-7/h3-6,9H,2H2,1H3",HXDOZKJGKXYMEW-UHFFFAOYSA-N
"Benzoic acid, 2-hydroxy-3-methyl-, methyl ester",Industrial,31835,C9H10O3,166.17,3.2,1,3,46.5,CC1=C(C(=CC=C1)C(=O)OC)O,PubChem,,,,Structure_PubChem,166.176,1.4872,1,3,46.53,12,1,1,,,,,166.176,,C9H10O3,,,,,,,,,,,Trouvé,,,,CID_31835,"Benzoic acid, 2-hydroxy-3-methyl-, methyl ester",methyl 2-hydroxy-3-methylbenzoate,CC1=C(C(=CC=C1)C(=O)OC)O,"InChI=1S/C9H10O3/c1-6-4-3-5-7(8(6)10)9(11)12-2/h3-5,10H,1-2H3",SUHLUMKZPUMAFP-UHFFFAOYSA-N
"Mercury, bromo(2-hydroxyethyl)-",Industrial,31933,C2H5BrHgO,325.56,,1,1,20.2,C(C[Hg]Br)O,PubChem,,,,Structure_PubChem,325.555,0.7894,1,1,20.23,5,0,2,,,,,325.555,,C2H5BrHgO,,,,,,,,,,,Trouvé,,,,CID_31933,"Mercury, bromo(2-hydroxyethyl)-",bromo(2-hydroxyethyl)mercury,C(C[Hg]Br)O,"InChI=1S/C2H5O.BrH.Hg/c1-2-3;;/h3H,1-2H2;1H;/q;;+1/p-1",CKWZMCYUTBSENJ-UHFFFAOYSA-M
p-Tolylmercury iodide,Industrial,33272,C7H7HgI,418.63,,0,0,0.0,CC1=CC=C(C=C1)[Hg]I,PubChem,,,,Structure_PubChem,418.627,2.0528,0,0,0.0,9,1,1,,,,,418.627,,C7H7HgI,,,,,,,,,,,Trouvé,,,,CID_33272,p-Tolylmercury iodide,iodo-(4-methylphenyl)mercury,CC1=CC=C(C=C1)[Hg]I,"InChI=1S/C7H7.Hg.HI/c1-7-5-3-2-4-6-7;;/h3-6H,1H3;;1H/q;+1;/p-1",VAGBSLXKARYETR-UHFFFAOYSA-M
2-Heptylphenol,Industrial,33668,C13H20O,192.3,5.1,1,1,20.2,CCCCCCCC1=CC=CC=C1O,PubChem,,,,Structure_PubChem,192.302,3.9051,1,1,20.23,14,1,6,,,,,192.302,,C13H20O,,,,,,,,,,,Trouvé,,,,CID_33668,2-Heptylphenol,2-heptylphenol,CCCCCCCC1=CC=CC=C1O,"InChI=1S/C13H20O/c1-2-3-4-5-6-9-12-10-7-8-11-13(12)14/h7-8,10-11,14H,2-6,9H2,1H3",FIWYWGLEPWBBQU-UHFFFAOYSA-N
3-tert-Butyltoluene,Industrial,33711,C11H16,148.24,4.5,0,0,0.0,CC1=CC(=CC=C1)C(C)(C)C,PubChem,,,,Structure_PubChem,148.249,3.2925,0,0,0.0,11,1,0,,,,,148.249,,C11H16,,,,,,,,,,,Trouvé,,,,CID_33711,3-tert-Butyltoluene,1-tert-butyl-3-methylbenzene,CC1=CC(=CC=C1)C(C)(C)C,"InChI=1S/C11H16/c1-9-6-5-7-10(8-9)11(2,3)4/h5-8H,1-4H3",JTIAYWZZZOZUTK-UHFFFAOYSA-N
"2,5-Dibromophenol",Industrial,34177,C6H4Br2O,251.9,3.2,1,1,20.2,C1=CC(=C(C=C1Br)O)Br,PubChem,,,,Structure_PubChem,251.905,2.9172,1,1,20.23,9,1,0,,,,,251.905,,C6H4Br2O,,,,,,,,,,,Trouvé,,,,CID_34177,"2,5-Dibromophenol","2,5-dibromophenol",C1=CC(=C(C=C1Br)O)Br,"InChI=1S/C6H4Br2O/c7-4-1-2-5(8)6(9)3-4/h1-3,9H",GUXWVUVLXIJHQF-UHFFFAOYSA-N
Triethylbenzene,Industrial,39149,C12H18,162.27,4.5,0,0,0.0,CCC1=C(C(=CC=C1)CC)CC,PubChem,,,,Structure_PubChem,162.276,3.3738,0,0,0.0,12,1,3,,,,,162.276,,C12H18,,,,,,,,,,,Trouvé,,,,CID_39149,Triethylbenzene,"1,2,3-triethylbenzene",CCC1=C(C(=CC=C1)CC)CC,"InChI=1S/C12H18/c1-4-10-8-7-9-11(5-2)12(10)6-3/h7-9H,4-6H2,1-3H3",VIDOPANCAUPXNH-UHFFFAOYSA-N
"2H-1-Benzopyran-3-carboxylic acid, 2-oxo-, phenyl ester",Industrial,40956,C16H10O4,266.25,3.5,0,4,52.6,C1=CC=C(C=C1)OC(=O)C2=CC3=CC=CC=C3OC2=O,PubChem,,,,Structure_PubChem,266.252,3.0122,0,4,56.51,20,3,2,,,,,266.252,,C16H10O4,,,,,,,,,,,Trouvé,,,,CID_40956,"2H-1-Benzopyran-3-carboxylic acid, 2-oxo-, phenyl ester",phenyl 2-oxochromene-3-carboxylate,C1=CC=C(C=C1)OC(=O)C2=CC3=CC=CC=C3OC2=O,InChI=1S/C16H10O4/c17-15(19-12-7-2-1-3-8-12)13-10-11-6-4-5-9-14(11)20-16(13)18/h1-10H,OZSQFAOGBXJZMW-UHFFFAOYSA-N
Isoxepac,Industrial,41448,C16H12O4,268.26,2.4,1,4,63.6,C1C2=CC=CC=C2C(=O)C3=C(O1)C=CC(=C3)CC(=O)O,PubChem,,,,Structure_PubChem,268.268,2.4371,1,3,63.6,20,3,2,,,,,268.268,,C16H12O4,,,,,,,,,,,Trouvé,,,,CID_41448,Isoxepac,2-(11-oxo-6H-benzo[c][1]benzoxepin-2-yl)acetic acid,C1C2=CC=CC=C2C(=O)C3=C(O1)C=CC(=C3)CC(=O)O,"InChI=1S/C16H12O4/c17-15(18)8-10-5-6-14-13(7-10)16(19)12-4-2-1-3-11(12)9-20-14/h1-7H,8-9H2,(H,17,18)",QFGMXJOBTNZHEL-UHFFFAOYSA-N
p-Cresyl octanoate,Industrial,43046,C15H22O2,234.33,5.0,0,2,26.3,CCCCCCCC(=O)OC1=CC=C(C=C1)C,PubChem,,,,Structure_PubChem,234.339,4.2609,0,2,26.3,17,1,7,,,,,234.339,,C15H22O2,,,,,,,,,,,Trouvé,,,,CID_43046,p-Cresyl octanoate,(4-methylphenyl) octanoate,CCCCCCCC(=O)OC1=CC=C(C=C1)C,"InChI=1S/C15H22O2/c1-3-4-5-6-7-8-15(16)17-14-11-9-13(2)10-12-14/h9-12H,3-8H2,1-2H3",ALRYNTSLFYRKGF-UHFFFAOYSA-N
"Acetic acid, 2-(2-formylphenoxy)-",Industrial,46533,C9H8O4,180.16,0.8,1,4,63.6,C1=CC=C(C(=C1)C=O)OCC(=O)O,PubChem,,,,Structure_PubChem,180.159,0.9625,1,3,63.6,13,1,4,,,,,180.159,,C9H8O4,,,,,,,,,,,Trouvé,,,,CID_46533,"Acetic acid, 2-(2-formylphenoxy)-",2-(2-formylphenoxy)acetic acid,C1=CC=C(C(=C1)C=O)OCC(=O)O,"InChI=1S/C9H8O4/c10-5-7-3-1-2-4-8(7)13-6-9(11)12/h1-5H,6H2,(H,11,12)",ANWMNLAAFDCKMT-UHFFFAOYSA-N
Prenyl salicylate,Industrial,50216,C12H14O3,206.24,3.2,1,3,46.5,CC(=CCOC(=O)C1=CC=CC=C1O)C,PubChem,,,,Structure_PubChem,206.241,2.5152,1,3,46.53,15,1,3,,,,,206.241,,C12H14O3,,,,,,,,,,,Trouvé,,,,CID_50216,Prenyl salicylate,3-methylbut-2-enyl 2-hydroxybenzoate,CC(=CCOC(=O)C1=CC=CC=C1O)C,"InChI=1S/C12H14O3/c1-9(2)7-8-15-12(14)10-5-3-4-6-11(10)13/h3-7,13H,8H2,1-2H3",MCAYDAOGSVHGEE-UHFFFAOYSA-N
Bermoprofen,Industrial,54204,C18H16O4,296.3,3.3,1,4,63.6,CC1=CC2=C(C=C1)OC3=C(C=C(C=C3)C(C)C(=O)O)C(=O)C2,PubChem,,,,Structure_PubChem,296.322,3.7142,1,3,63.6,22,3,2,,,,,296.322,,C18H16O4,,,,,,,,,,,Trouvé,,,,CID_54204,Bermoprofen,2-(8-methyl-5-oxo-6H-benzo[b][1]benzoxepin-3-yl)propanoic acid,CC1=CC2=C(C=C1)OC3=C(C=C(C=C3)C(C)C(=O)O)C(=O)C2,"InChI=1S/C18H16O4/c1-10-3-5-16-13(7-10)9-15(19)14-8-12(11(2)18(20)21)4-6-17(14)22-16/h3-8,11H,9H2,1-2H3,(H,20,21)",REHLODZXMGOGQP-UHFFFAOYSA-N
Tucaresol,Industrial,55223,C15H12O5,272.25,2.6,2,5,83.8,C1=CC(=C(C(=C1)OCC2=CC=C(C=C2)C(=O)O)C=O)O,PubChem,,,,Structure_PubChem,272.256,2.4819,2,4,83.83,20,2,5,,,,,272.256,,C15H12O5,,,,,,,,,,,Trouvé,,,,CID_55223,Tucaresol,4-[(2-formyl-3-hydroxyphenoxy)methyl]benzoic acid,C1=CC(=C(C(=C1)OCC2=CC=C(C=C2)C(=O)O)C=O)O,"InChI=1S/C15H12O5/c16-8-12-13(17)2-1-3-14(12)20-9-10-4-6-11(7-5-10)15(18)19/h1-8,17H,9H2,(H,18,19)",XEDONBRPTABQFB-UHFFFAOYSA-N
Flavone-8-Acetic Acid,Industrial,55748,C17H12O4,280.27,3.0,1,4,63.6,C1=CC=C(C=C1)C2=CC(=O)C3=CC=CC(=C3O2)CC(=O)O,PubChem,,,,Structure_PubChem,280.279,3.0871,1,3,67.51,21,3,3,,,,,280.279,,C17H12O4,,,,,,,,,,,Trouvé,,,,CID_55748,Flavone-8-Acetic Acid,2-(4-oxo-2-phenylchromen-8-yl)acetic acid,C1=CC=C(C=C1)C2=CC(=O)C3=CC=CC(=C3O2)CC(=O)O,"InChI=1S/C17H12O4/c18-14-10-15(11-5-2-1-3-6-11)21-17-12(9-16(19)20)7-4-8-13(14)17/h1-8,10H,9H2,(H,19,20)",TZZNWMJZDWYJAZ-UHFFFAOYSA-N
Ethyl anisate,Industrial,60979,C10H12O3,180.2,2.8,0,3,35.5,CCOC(=O)C1=CC=C(C=C1)OC,PubChem,,,,Structure_PubChem,180.203,1.8719,0,3,35.53,13,1,3,,,,,180.203,,C10H12O3,,,,,,,,,,,Trouvé,,,,CID_60979,Ethyl anisate,ethyl 4-methoxybenzoate,CCOC(=O)C1=CC=C(C=C1)OC,"InChI=1S/C10H12O3/c1-3-13-10(11)8-4-6-9(12-2)7-5-8/h4-7H,3H2,1-2H3",FHUODBDRWMIBQP-UHFFFAOYSA-N
p-CRESYL PHENYLACETATE,Industrial,60997,C15H14O2,226.27,3.6,0,2,26.3,CC1=CC=C(C=C1)OC(=O)CC2=CC=CC=C2,PubChem,,,,Structure_PubChem,226.275,3.1431,0,2,26.3,17,2,3,,,,,226.275,,C15H14O2,,,,,,,,,,,Trouvé,,,,CID_60997,p-CRESYL PHENYLACETATE,(4-methylphenyl) 2-phenylacetate,CC1=CC=C(C=C1)OC(=O)CC2=CC=CC=C2,"InChI=1S/C15H14O2/c1-12-7-9-14(10-8-12)17-15(16)11-13-5-3-2-4-6-13/h2-10H,11H2,1H3",OJEQSSJFSNLMLB-UHFFFAOYSA-N
"2,6-Dimethylthiophenol",Industrial,61045,C8H10S,138.23,2.8,1,1,1.0,CC1=C(C(=CC=C1)C)S,PubChem,,,,Structure_PubChem,138.235,2.5921,1,1,0.0,9,1,0,,,,,138.235,,C8H10S,,,,,,,,,,,Trouvé,,,,CID_61045,"2,6-Dimethylthiophenol","2,6-dimethylbenzenethiol",CC1=C(C(=CC=C1)C)S,"InChI=1S/C8H10S/c1-6-4-3-5-7(2)8(6)9/h3-5,9H,1-2H3",QCLJODDRBGKIRW-UHFFFAOYSA-N
o-Pentylphenol,Industrial,61084,C11H16O,164.24,4.0,1,1,20.2,CCCCCC1=CC=CC=C1O,PubChem,,,,Structure_PubChem,164.248,3.1249,1,1,20.23,12,1,4,,,,,164.248,,C11H16O,,,,,,,,,,,Trouvé,,,,CID_61084,o-Pentylphenol,2-pentylphenol,CCCCCC1=CC=CC=C1O,"InChI=1S/C11H16O/c1-2-3-4-7-10-8-5-6-9-11(10)12/h5-6,8-9,12H,2-4,7H2,1H3",MEEKGULDSDXFCN-UHFFFAOYSA-N
Methyl 2-Methoxybenzoate,Industrial,61151,C9H10O3,166.17,2.0,0,3,35.5,COC1=CC=CC=C1C(=O)OC,PubChem,,,,Structure_PubChem,166.176,1.4818,0,3,35.53,12,1,2,,,,,166.176,,C9H10O3,,,,,,,,,,,Trouvé,,,,CID_61151,Methyl 2-Methoxybenzoate,methyl 2-methoxybenzoate,COC1=CC=CC=C1C(=O)OC,"InChI=1S/C9H10O3/c1-11-8-6-4-3-5-7(8)9(10)12-2/h3-6H,1-2H3",PFYHAAAQPNMZHO-UHFFFAOYSA-N
o-TOLYL SALICYLATE,Industrial,61159,C14H12O3,228.24,3.8,1,3,46.5,CC1=CC=CC=C1OC(=O)C2=CC=CC=C2O,PubChem,,,,Structure_PubChem,228.247,2.9198,1,3,46.53,17,2,2,,,,,228.247,,C14H12O3,,,,,,,,,,,Trouvé,,,,CID_61159,o-TOLYL SALICYLATE,(2-methylphenyl) 2-hydroxybenzoate,CC1=CC=CC=C1OC(=O)C2=CC=CC=C2O,"InChI=1S/C14H12O3/c1-10-6-2-5-9-13(10)17-14(16)11-7-3-4-8-12(11)15/h2-9,15H,1H3",KITKATPLNVHGFC-UHFFFAOYSA-N
o-(Methylthio)phenol,Industrial,61261,C7H8OS,140.2,2.1,1,2,45.5,CSC1=CC=CC=C1O,PubChem,,,,Structure_PubChem,140.207,2.1141,1,2,20.23,9,1,1,,,,,140.207,,C7H8OS,,,,,,,,,,,Trouvé,,,,CID_61261,o-(Methylthio)phenol,2-methylsulfanylphenol,CSC1=CC=CC=C1O,"InChI=1S/C7H8OS/c1-9-7-5-3-2-4-6(7)8/h2-5,8H,1H3",SOOARYARZPXNAL-UHFFFAOYSA-N
p-Tolyl laurate,Industrial,61434,C19H30O2,290.4,7.2,0,2,26.3,CCCCCCCCCCCC(=O)OC1=CC=C(C=C1)C,PubChem,,,,Structure_PubChem,290.447,5.8213,0,2,26.3,21,1,11,,,,,290.447,,C19H30O2,,,,,,,,,,,Trouvé,,,,CID_61434,p-Tolyl laurate,(4-methylphenyl) dodecanoate,CCCCCCCCCCCC(=O)OC1=CC=C(C=C1)C,"InChI=1S/C19H30O2/c1-3-4-5-6-7-8-9-10-11-12-19(20)21-18-15-13-17(2)14-16-18/h13-16H,3-12H2,1-2H3",GRSHNQARIXQRDQ-UHFFFAOYSA-N
Manganese cyclopentadienyl tricarbonyl,Industrial,61551,C8H5MnO3-,204.06,,0,4,3.0,[C-]#[O+].[C-]#[O+].[C-]#[O+].[CH-]1C=CC=C1.[Mn],PubChem,,,,Structure_PubChem,204.063,1.2905,0,0,59.7,12,1,0,,,,,204.063,,C8H5MnO3-,,,,,,,,,,,Trouvé,,,,CID_61551,Manganese cyclopentadienyl tricarbonyl,"carbon monoxide;cyclopenta-1,3-diene;manganese",[C-]#[O+].[C-]#[O+].[C-]#[O+].[CH-]1C=CC=C1.[Mn],InChI=1S/C5H5.3CO.Mn/c1-2-4-5-3-1;3*1-2;/h1-5H;;;;/q-1;;;;,CENDTHIEZAWVHS-UHFFFAOYSA-N
"Phosphorodichloridothious acid, phenyl ester",Industrial,61759,C6H5Cl2PS,211.05,3.5,0,1,25.3,C1=CC=C(C=C1)SP(Cl)Cl,PubChem,,,,Structure_PubChem,211.053,4.4832,0,1,0.0,10,1,2,,,,,211.053,,C6H5Cl2PS,,,,,,,,,,,Trouvé,,,,CID_61759,"Phosphorodichloridothious acid, phenyl ester",dichloro(phenylsulfanyl)phosphane,C1=CC=C(C=C1)SP(Cl)Cl,InChI=1S/C6H5Cl2PS/c7-9(8)10-6-4-2-1-3-5-6/h1-5H,LMBQGRQPMWBWAK-UHFFFAOYSA-N
o-TOLYL ISOBUTYRATE,Industrial,61954,C11H14O2,178.23,2.7,0,2,26.3,CC1=CC=CC=C1OC(=O)C(C)C,PubChem,,,,Structure_PubChem,178.231,2.5564,0,2,26.3,13,1,2,,,,,178.231,,C11H14O2,,,,,,,,,,,Trouvé,,,,CID_61954,o-TOLYL ISOBUTYRATE,(2-methylphenyl) 2-methylpropanoate,CC1=CC=CC=C1OC(=O)C(C)C,"InChI=1S/C11H14O2/c1-8(2)11(12)13-10-7-5-4-6-9(10)3/h4-8H,1-3H3",FDJBDZVTTXWIQM-UHFFFAOYSA-N
Ethyl 2-phenyl-3-furoate,Industrial,62007,C13H12O3,216.23,2.9,0,3,39.4,CCOC(=O)C1=C(OC=C1)C2=CC=CC=C2,PubChem,,,,Structure_PubChem,216.236,3.1233,0,3,39.44,16,2,3,,,,,216.236,,C13H12O3,,,,,,,,,,,Trouvé,,,,CID_62007,Ethyl 2-phenyl-3-furoate,ethyl 2-phenylfuran-3-carboxylate,CCOC(=O)C1=C(OC=C1)C2=CC=CC=C2,"InChI=1S/C13H12O3/c1-2-15-13(14)11-8-9-16-12(11)10-6-4-3-5-7-10/h3-9H,2H2,1H3",VMAQXZDICAYJMS-UHFFFAOYSA-N
Phenethyl salicylate,Industrial,62332,C15H14O3,242.27,4.5,1,3,46.5,C1=CC=C(C=C1)CCOC(=O)C2=CC=CC=C2O,PubChem,,,,Structure_PubChem,242.274,2.7917,1,3,46.53,18,2,4,,,,,242.274,,C15H14O3,,,,,,,,,,,Trouvé,,,,CID_62332,Phenethyl salicylate,2-phenylethyl 2-hydroxybenzoate,C1=CC=C(C=C1)CCOC(=O)C2=CC=CC=C2O,"InChI=1S/C15H14O3/c16-14-9-5-4-8-13(14)15(17)18-11-10-12-6-2-1-3-7-12/h1-9,16H,10-11H2",YNMSDIQQNIRGDP-UHFFFAOYSA-N
p-alpha-Dimethyl styrene,Industrial,62385,C10H12,132.2,3.7,0,0,0.0,CC1=CC=C(C=C1)C(=C)C,PubChem,,,,Structure_PubChem,132.206,3.0281,0,0,0.0,10,1,1,,,,,132.206,,C10H12,,,,,,,,,,,Trouvé,,,,CID_62385,p-alpha-Dimethyl styrene,1-methyl-4-prop-1-en-2-ylbenzene,CC1=CC=C(C=C1)C(=C)C,"InChI=1S/C10H12/c1-8(2)10-6-4-9(3)5-7-10/h4-7H,1H2,2-3H3",MMSLOZQEMPDGPI-UHFFFAOYSA-N
4-Vinylphenol,Industrial,62453,C8H8O,120.15,2.4,1,1,20.2,C=CC1=CC=C(C=C1)O,PubChem,,,,Structure_PubChem,120.151,2.0352,1,1,20.23,9,1,1,,,,,120.151,,C8H8O,,,,,,,,,,,Trouvé,,,,CID_62453,4-Vinylphenol,4-ethenylphenol,C=CC1=CC=C(C=C1)O,"InChI=1S/C8H8O/c1-2-7-3-5-8(9)6-4-7/h2-6,9H,1H2",FUGYGGDSWSUORM-UHFFFAOYSA-N
"Benzoic acid, 2-hydroxy-, octyl ester",Industrial,62624,C15H22O3,250.33,6.8,1,3,46.5,CCCCCCCCOC(=O)C1=CC=CC=C1O,PubChem,,,,Structure_PubChem,250.338,3.9095,1,3,46.53,18,1,8,,,,,250.338,,C15H22O3,,,,,,,,,,,Trouvé,,,,CID_62624,"Benzoic acid, 2-hydroxy-, octyl ester",octyl 2-hydroxybenzoate,CCCCCCCCOC(=O)C1=CC=CC=C1O,"InChI=1S/C15H22O3/c1-2-3-4-5-6-9-12-18-15(17)13-10-7-8-11-14(13)16/h7-8,10-11,16H,2-6,9,12H2,1H3",WCJLCOAEJIHPCW-UHFFFAOYSA-N
"Benzene, ethenyl-, polymer with 1,3-butadiene",Industrial,62697,C12H14,158.24,,0,0,0.0,C=CC=C.C=CC1=CC=CC=C1,PubChem,,,,Structure_PubChem,158.244,3.688,0,0,0.0,12,1,2,,,,,158.244,,C12H14,,,,,,,,,,,Trouvé,,,,CID_62697,"Benzene, ethenyl-, polymer with 1,3-butadiene","buta-1,3-diene;styrene",C=CC=C.C=CC1=CC=CC=C1,"InChI=1S/C8H8.C4H6/c1-2-8-6-4-3-5-7-8;1-3-4-2/h2-7H,1H2;3-4H,1-2H2",MTAZNLWOLGHBHU-UHFFFAOYSA-N
Phenylethane Boronic Acid,Industrial,65389,C8H11BO2,149.98,,2,2,40.5,B(CCC1=CC=CC=C1)(O)O,PubChem,,,,Structure_PubChem,149.986,0.7019,2,2,40.46,11,1,3,,,,,149.986,,C8H11BO2,,,,,,,,,,,Trouvé,,,,CID_65389,Phenylethane Boronic Acid,2-phenylethylboronic acid,B(CCC1=CC=CC=C1)(O)O,"InChI=1S/C8H11BO2/c10-9(11)7-6-8-4-2-1-3-5-8/h1-5,10-11H,6-7H2",VPRUMANMDWQMNF-UHFFFAOYSA-N
4-Dodecylphenol,Industrial,66030,C18H30O,262.4,7.5,1,1,20.2,CCCCCCCCCCCCC1=CC=C(C=C1)O,PubChem,,,,Structure_PubChem,262.437,5.8556,1,1,20.23,19,1,11,,,,,262.437,,C18H30O,,,,,,,,,,,Trouvé,,,,CID_66030,4-Dodecylphenol,4-dodecylphenol,CCCCCCCCCCCCC1=CC=C(C=C1)O,"InChI=1S/C18H30O/c1-2-3-4-5-6-7-8-9-10-11-12-17-13-15-18(19)16-14-17/h13-16,19H,2-12H2,1H3",KJWMCPYEODZESQ-UHFFFAOYSA-N
p-Divinylbenzene,Industrial,66041,C10H10,130.19,3.5,0,0,0.0,C=CC1=CC=C(C=C1)C=C,PubChem,,,,Structure_PubChem,130.19,2.9726,0,0,0.0,10,1,2,,,,,130.19,,C10H10,,,,,,,,,,,Trouvé,,,,CID_66041,p-Divinylbenzene,"1,4-bis(ethenyl)benzene",C=CC1=CC=C(C=C1)C=C,"InChI=1S/C10H10/c1-3-9-5-7-10(4-2)8-6-9/h3-8H,1-2H2",WEERVPDNCOGWJF-UHFFFAOYSA-N
"1,4-Benzenedimethanethiol",Industrial,66043,C8H10S2,170.3,2.1,2,2,2.0,C1=CC(=CC=C1CS)CS,PubChem,,,,Structure_PubChem,170.302,2.5462,2,2,0.0,10,1,2,,,,,170.302,,C8H10S2,,,,,,,,,,,Trouvé,,,,CID_66043,"1,4-Benzenedimethanethiol",[4-(sulfanylmethyl)phenyl]methanethiol,C1=CC(=CC=C1CS)CS,"InChI=1S/C8H10S2/c9-5-7-1-2-8(6-10)4-3-7/h1-4,9-10H,5-6H2",IYPNRTQAOXLCQW-UHFFFAOYSA-N
Trichlorophenylgermane,Industrial,66176,C6H5Cl3Ge,256.1,,0,0,0.0,C1=CC=C(C=C1)[Ge](Cl)(Cl)Cl,PubChem,,,,Structure_PubChem,256.075,2.5489,0,0,0.0,10,1,1,,,,,256.075,,C6H5Cl3Ge,,,,,,,,,,,Trouvé,,,,CID_66176,Trichlorophenylgermane,trichloro(phenyl)germane,C1=CC=C(C=C1)[Ge](Cl)(Cl)Cl,"InChI=1S/C6H5Cl3Ge/c7-10(8,9)6-4-2-1-3-5-6/h1-5H",CIWQSBMDFPABPQ-UHFFFAOYSA-N
Chlorodiphenylphosphine,Industrial,66180,C12H10ClP,220.63,3.8,0,0,0.0,C1=CC=C(C=C1)P(C2=CC=CC=C2)Cl,PubChem,,,,Structure_PubChem,220.639,3.2731,0,0,0.0,14,2,2,,,,,220.639,,C12H10ClP,,,,,,,,,,,Trouvé,,,,CID_66180,Chlorodiphenylphosphine,chloro(diphenyl)phosphane,C1=CC=C(C=C1)P(C2=CC=CC=C2)Cl,InChI=1S/C12H10ClP/c13-14(11-7-3-1-4-8-11)12-9-5-2-6-10-12/h1-10H,XGRJZXREYAXTGV-UHFFFAOYSA-N
"1,4-Diphenylbutane",Industrial,66182,C16H18,210.31,4.0,0,0,0.0,C1=CC=C(C=C1)CCCCC2=CC=CC=C2,PubChem,,,,Structure_PubChem,210.32,4.252,0,0,0.0,16,2,5,,,,,210.32,,C16H18,,,,,,,,,,,Trouvé,,,,CID_66182,"1,4-Diphenylbutane",4-phenylbutylbenzene,C1=CC=C(C=C1)CCCCC2=CC=CC=C2,"InChI=1S/C16H18/c1-3-9-15(10-4-1)13-7-8-14-16-11-5-2-6-12-16/h1-6,9-12H,7-8,13-14H2",GLJFYGFBITUZOE-UHFFFAOYSA-N
Dimethylphenylphosphine oxide,Industrial,66304,C8H11OP,154.15,1.5,0,1,17.1,CP(=O)(C)C1=CC=CC=C1,PubChem,,,,Structure_PubChem,154.149,1.9346,0,1,17.07,10,1,1,,,,,154.149,,C8H11OP,,,,,,,,,,,Trouvé,,,,CID_66304,Dimethylphenylphosphine oxide,dimethylphosphorylbenzene,CP(=O)(C)C1=CC=CC=C1,"InChI=1S/C8H11OP/c1-10(2,9)8-6-4-3-5-7-8/h3-7H,1-2H3",IPZJMMRIOCINCK-UHFFFAOYSA-N
"Benzoic acid, 4-(acetyloxy)-3-methoxy-",Industrial,66346,C10H10O5,210.18,1.4,1,5,72.8,CC(=O)OC1=C(C=C(C=C1)C(=O)O)OC,PubChem,,,,Structure_PubChem,210.185,1.3187,1,4,72.83,15,1,3,,,,,210.185,,C10H10O5,,,,,,,,,,,Trouvé,,,,CID_66346,"Benzoic acid, 4-(acetyloxy)-3-methoxy-",4-acetyloxy-3-methoxybenzoic acid,CC(=O)OC1=C(C=C(C=C1)C(=O)O)OC,"InChI=1S/C10H10O5/c1-6(11)15-8-4-3-7(10(12)13)5-9(8)14-2/h3-5H,1-2H3,(H,12,13)",WTPDKEAYVAXNRO-UHFFFAOYSA-N
3-Methylchromone,Industrial,66569,C10H8O2,160.17,1.9,0,2,26.3,CC1=COC2=CC=CC=C2C1=O,PubChem,,,,Structure_PubChem,160.172,2.1014,0,2,30.21,12,2,0,,,,,160.172,,C10H8O2,,,,,,,,,,,Trouvé,,,,CID_66569,3-Methylchromone,3-methylchromen-4-one,CC1=COC2=CC=CC=C2C1=O,"InChI=1S/C10H8O2/c1-7-6-12-9-5-3-2-4-8(9)10(7)11/h2-6H,1H3",ABJKIHHNDMEBNA-UHFFFAOYSA-N
p-tert-Butylphenyl salicylate,Industrial,66597,C17H18O3,270.32,5.5,1,3,46.5,CC(C)(C)C1=CC=C(C=C1)OC(=O)C2=CC=CC=C2O,PubChem,,,,Structure_PubChem,270.328,3.9089,1,3,46.53,20,2,2,,,,,270.328,,C17H18O3,,,,,,,,,,,Trouvé,,,,CID_66597,p-tert-Butylphenyl salicylate,(4-tert-butylphenyl) 2-hydroxybenzoate,CC(C)(C)C1=CC=C(C=C1)OC(=O)C2=CC=CC=C2O,"InChI=1S/C17H18O3/c1-17(2,3)12-8-10-13(11-9-12)20-16(19)14-6-4-5-7-15(14)18/h4-11,18H,1-3H3",DBOSBRHMHBENLP-UHFFFAOYSA-N
Xanthoxylin,Industrial,66654,C10H12O4,196.2,1.7,1,4,55.8,CC(=O)C1=C(C=C(C=C1OC)OC)O,PubChem,,,,Structure_PubChem,196.202,1.612,1,4,55.76,14,1,3,,,,,196.202,,C10H12O4,,,,,,,,,,,Trouvé,,,,CID_66654,Xanthoxylin,"1-(2-hydroxy-4,6-dimethoxyphenyl)ethanone",CC(=O)C1=C(C=C(C=C1OC)OC)O,"InChI=1S/C10H12O4/c1-6(11)10-8(12)4-7(13-2)5-9(10)14-3/h4-5,12H,1-3H3",FBUBVLUPUDBFME-UHFFFAOYSA-N
"1,2-Diethenylbenzene",Industrial,66666,C10H10,130.19,3.5,0,0,0.0,C=CC1=CC=CC=C1C=C,PubChem,,,,Structure_PubChem,130.19,2.9726,0,0,0.0,10,1,2,,,,,130.19,,C10H10,,,,,,,,,,,Trouvé,,,,CID_66666,"1,2-Diethenylbenzene","1,2-bis(ethenyl)benzene",C=CC1=CC=CC=C1C=C,"InChI=1S/C10H10/c1-3-9-7-5-6-8-10(9)4-2/h3-8H,1-2H2",MYRTYDVEIRVNKP-UHFFFAOYSA-N
"2,5-Dimethoxybenzaldehyde",Industrial,66726,C9H10O3,166.17,1.5,0,3,35.5,COC1=CC(=C(C=C1)OC)C=O,PubChem,,,,Structure_PubChem,166.176,1.5163,0,3,35.53,12,1,3,,,,,166.176,,C9H10O3,,,,,,,,,,,Trouvé,,,,CID_66726,"2,5-Dimethoxybenzaldehyde","2,5-dimethoxybenzaldehyde",COC1=CC(=C(C=C1)OC)C=O,"InChI=1S/C9H10O3/c1-11-8-3-4-9(12-2)7(5-8)6-10/h3-6H,1-2H3",AFUKNJHPZAVHGQ-UHFFFAOYSA-N
"1,3-Bis(benzoyloxy)benzene",Industrial,66742,C20H14O4,318.3,5.0,0,4,52.6,C1=CC=C(C=C1)C(=O)OC2=CC(=CC=C2)OC(=O)C3=CC=CC=C3,PubChem,,,,Structure_PubChem,318.328,4.125,0,4,52.6,24,3,4,,,,,318.328,,C20H14O4,,,,,,,,,,,Trouvé,,,,CID_66742,"1,3-Bis(benzoyloxy)benzene",(3-benzoyloxyphenyl) benzoate,C1=CC=C(C=C1)C(=O)OC2=CC(=CC=C2)OC(=O)C3=CC=CC=C3,InChI=1S/C20H14O4/c21-19(15-8-3-1-4-9-15)23-17-12-7-13-18(14-17)24-20(22)16-10-5-2-6-11-16/h1-14H,SUQGLJRNDJRARS-UHFFFAOYSA-N
Phenylboronic Acid,Industrial,66827,C6H7BO2,121.93,,2,2,40.5,B(C1=CC=CC=C1)(O)O,PubChem,,,,Structure_PubChem,121.932,-0.6336,2,2,40.46,9,1,1,,,,,121.932,,C6H7BO2,,,,,,,,,,,Trouvé,,,,CID_66827,Phenylboronic Acid,phenylboronic acid,B(C1=CC=CC=C1)(O)O,"InChI=1S/C6H7BO2/c8-7(9)6-4-2-1-3-5-6/h1-5,8-9H",HXITXNWTGFUOAU-UHFFFAOYSA-N
alpha-Bromostyrene,Industrial,66828,C8H7Br,183.04,3.2,0,0,0.0,C=C(C1=CC=CC=C1)Br,PubChem,,,,Structure_PubChem,183.048,3.0522,0,0,0.0,9,1,1,,,,,183.048,,C8H7Br,,,,,,,,,,,Trouvé,,,,CID_66828,alpha-Bromostyrene,1-bromoethenylbenzene,C=C(C1=CC=CC=C1)Br,"InChI=1S/C8H7Br/c1-7(9)8-5-3-2-4-6-8/h2-6H,1H2",SRXJYTZCORKVNA-UHFFFAOYSA-N
3-Tolyl phenylacetate,Industrial,67146,C15H14O2,226.27,3.7,0,2,26.3,CC1=CC(=CC=C1)OC(=O)CC2=CC=CC=C2,PubChem,,,,Structure_PubChem,226.275,3.1431,0,2,26.3,17,2,3,,,,,226.275,,C15H14O2,,,,,,,,,,,Trouvé,,,,CID_67146,3-Tolyl phenylacetate,(3-methylphenyl) 2-phenylacetate,CC1=CC(=CC=C1)OC(=O)CC2=CC=CC=C2,"InChI=1S/C15H14O2/c1-12-6-5-9-14(10-12)17-15(16)11-13-7-3-2-4-8-13/h2-10H,11H2,1H3",LSWZGOVODYFNQO-UHFFFAOYSA-N
Phenyl 1-hydroxy-2-naphthoate,Industrial,67236,C17H12O3,264.27,4.8,1,3,46.5,C1=CC=C(C=C1)OC(=O)C2=C(C3=CC=CC=C3C=C2)O,PubChem,,,,Structure_PubChem,264.28,3.7646,1,3,46.53,20,3,2,,,,,264.28,,C17H12O3,,,,,,,,,,,Trouvé,,,,CID_67236,Phenyl 1-hydroxy-2-naphthoate,phenyl 1-hydroxynaphthalene-2-carboxylate,C1=CC=C(C=C1)OC(=O)C2=C(C3=CC=CC=C3C=C2)O,"InChI=1S/C17H12O3/c18-16-14-9-5-4-6-12(14)10-11-15(16)17(19)20-13-7-2-1-3-8-13/h1-11,18H",QHDYIMWKSCJTIM-UHFFFAOYSA-N
2-Ethoxybenzoic acid,Industrial,67252,C9H10O3,166.17,2.0,1,3,46.5,CCOC1=CC=CC=C1C(=O)O,PubChem,,,,Structure_PubChem,166.176,1.7835,1,2,46.53,12,1,3,,,,,166.176,,C9H10O3,,,,,,,,,,,Trouvé,,,,CID_67252,2-Ethoxybenzoic acid,2-ethoxybenzoic acid,CCOC1=CC=CC=C1C(=O)O,"InChI=1S/C9H10O3/c1-2-12-8-6-4-3-5-7(8)9(10)11/h3-6H,2H2,1H3,(H,10,11)",XDZMPRGFOOFSBL-UHFFFAOYSA-N
Nonylphenol,Industrial,67296,C15H24O,220.35,6.2,1,1,20.2,CCCCCCCCCC1=CC=CC=C1O,PubChem,,,,Structure_PubChem,220.356,4.6853,1,1,20.23,16,1,8,,,,,220.356,,C15H24O,,,,,,,,,,,Trouvé,,,,CID_67296,Nonylphenol,2-nonylphenol,CCCCCCCCCC1=CC=CC=C1O,"InChI=1S/C15H24O/c1-2-3-4-5-6-7-8-11-14-12-9-10-13-15(14)16/h9-10,12-13,16H,2-8,11H2,1H3",SNQQPOLDUKLAAF-UHFFFAOYSA-N
3-Nonylphenol,Industrial,67320,C15H24O,220.35,6.2,1,1,20.2,CCCCCCCCCC1=CC(=CC=C1)O,PubChem,,,,Structure_PubChem,220.356,4.6853,1,1,20.23,16,1,8,,,,,220.356,,C15H24O,,,,,,,,,,,Trouvé,,,,CID_67320,3-Nonylphenol,3-nonylphenol,CCCCCCCCCC1=CC(=CC=C1)O,"InChI=1S/C15H24O/c1-2-3-4-5-6-7-8-10-14-11-9-12-15(16)13-14/h9,11-13,16H,2-8,10H2,1H3",QWGLNWHWBCINBS-UHFFFAOYSA-N
2-Fluorobiphenyl,Industrial,67579,C12H9F,172.2,4.0,0,1,0.0,C1=CC=C(C=C1)C2=CC=CC=C2F,PubChem,,,,Structure_PubChem,172.202,3.4927,0,0,0.0,13,2,1,,,,,172.202,,C12H9F,,,,,,,,,,,Trouvé,,,,CID_67579,2-Fluorobiphenyl,1-fluoro-2-phenylbenzene,C1=CC=C(C=C1)C2=CC=CC=C2F,InChI=1S/C12H9F/c13-12-9-5-4-8-11(12)10-6-2-1-3-7-10/h1-9H,KLECYOQFQXJYBC-UHFFFAOYSA-N
Phenyl fluoranesulfonate,Industrial,67610,C6H5FO3S,176.17,1.8,0,4,51.8,C1=CC=C(C=C1)OS(=O)(=O)F,PubChem,,,,Structure_PubChem,176.168,1.2797,0,3,43.37,11,1,2,,,,,176.168,,C6H5FO3S,,,,,,,,,,,Trouvé,,,,CID_67610,Phenyl fluoranesulfonate,fluorosulfonyloxybenzene,C1=CC=C(C=C1)OS(=O)(=O)F,"InChI=1S/C6H5FO3S/c7-11(8,9)10-6-4-2-1-3-5-6/h1-5H",BDIBYQORZHGDIR-UHFFFAOYSA-N
1-Fluoro-2-iodobenzene,Industrial,67673,C6H4FI,222.0,3.1,0,1,0.0,C1=CC=C(C(=C1)F)I,PubChem,,,,Structure_PubChem,222.0,2.4303,0,0,0.0,8,1,0,,,,,222.0,,C6H4FI,,,,,,,,,,,Trouvé,,,,CID_67673,1-Fluoro-2-iodobenzene,1-fluoro-2-iodobenzene,C1=CC=C(C(=C1)F)I,InChI=1S/C6H4FI/c7-5-3-1-2-4-6(5)8/h1-4H,TYHUGKGZNOULKD-UHFFFAOYSA-N
(Chlorodifluoromethyl)benzene,Industrial,67679,C7H5ClF2,162.56,3.3,0,2,0.0,C1=CC=C(C=C1)C(F)(F)Cl,PubChem,,,,Structure_PubChem,162.566,2.9747,0,0,0.0,10,1,1,,,,,162.566,,C7H5ClF2,,,,,,,,,,,Trouvé,,,,CID_67679,(Chlorodifluoromethyl)benzene,[chloro(difluoro)methyl]benzene,C1=CC=C(C=C1)C(F)(F)Cl,"InChI=1S/C7H5ClF2/c8-7(9,10)6-4-2-1-3-5-6/h1-5H",RPSUKAMDJCKXAF-UHFFFAOYSA-N
3-Fluorocatechol,Industrial,67764,C6H5FO2,128.1,1.6,2,3,40.5,C1=CC(=C(C(=C1)F)O)O,PubChem,,,,Structure_PubChem,128.102,1.2369,2,2,40.46,9,1,0,,,,,128.102,,C6H5FO2,,,,,,,,,,,Trouvé,,,,CID_67764,3-Fluorocatechol,"3-fluorobenzene-1,2-diol",C1=CC(=C(C(=C1)F)O)O,"InChI=1S/C6H5FO2/c7-4-2-1-3-5(8)6(4)9/h1-3,8-9H",DXOSJQLIRGXWCF-UHFFFAOYSA-N
"1,2,4-Trifluorobenzene",Industrial,67773,C6H3F3,132.08,2.4,0,3,0.0,C1=CC(=C(C=C1F)F)F,PubChem,,,,Structure_PubChem,132.084,2.1039,0,0,0.0,9,1,0,,,,,132.084,,C6H3F3,,,,,,,,,,,Trouvé,,,,CID_67773,"1,2,4-Trifluorobenzene","1,2,4-trifluorobenzene",C1=CC(=C(C=C1F)F)F,InChI=1S/C6H3F3/c7-4-1-2-5(8)6(9)3-4/h1-3H,PEBWOGPSYUIOBP-UHFFFAOYSA-N
4-Fluorothiophenol,Industrial,67789,C6H5FS,128.17,2.3,1,2,1.0,C1=CC(=CC=C1F)S,PubChem,,,,Structure_PubChem,128.171,2.1144,1,1,0.0,8,1,0,,,,,128.171,,C6H5FS,,,,,,,,,,,Trouvé,,,,CID_67789,4-Fluorothiophenol,4-fluorobenzenethiol,C1=CC(=CC=C1F)S,"InChI=1S/C6H5FS/c7-5-1-3-6(8)4-2-5/h1-4,8H",OKIHXNKYYGUVTE-UHFFFAOYSA-N
"alpha,alpha,alpha,3-Tetrafluorotoluene",Industrial,67867,C7H4F4,164.1,3.4,0,4,0.0,C1=CC(=CC(=C1)F)C(F)(F)F,PubChem,,,,Structure_PubChem,164.101,2.8445,0,0,0.0,11,1,0,,,,,164.101,,C7H4F4,,,,,,,,,,,Trouvé,,,,CID_67867,"alpha,alpha,alpha,3-Tetrafluorotoluene",1-fluoro-3-(trifluoromethyl)benzene,C1=CC(=CC(=C1)F)C(F)(F)F,"InChI=1S/C7H4F4/c8-6-3-1-2-5(4-6)7(9,10)11/h1-4H",GBOWGKOVMBDPJF-UHFFFAOYSA-N
"Benzene, 1-iodo-3-(trifluoromethyl)-",Industrial,67868,C7H4F3I,272.01,3.6,0,3,0.0,C1=CC(=CC(=C1)I)C(F)(F)F,PubChem,,,,Structure_PubChem,272.007,3.31,0,0,0.0,11,1,0,,,,,272.007,,C7H4F3I,,,,,,,,,,,Trouvé,,,,CID_67868,"Benzene, 1-iodo-3-(trifluoromethyl)-",1-iodo-3-(trifluoromethyl)benzene,C1=CC(=CC(=C1)I)C(F)(F)F,"InChI=1S/C7H4F3I/c8-7(9,10)5-2-1-3-6(11)4-5/h1-4H",IGISPMBUGPHLBY-UHFFFAOYSA-N
1-Fluoro-4-(trichloromethyl)benzene,Industrial,67871,C7H4Cl3F,213.5,3.6,0,1,0.0,C1=CC(=CC=C1C(Cl)(Cl)Cl)F,PubChem,,,,Structure_PubChem,213.466,3.6524,0,0,0.0,11,1,0,,,,,213.466,,C7H4Cl3F,,,,,,,,,,,Trouvé,,,,CID_67871,1-Fluoro-4-(trichloromethyl)benzene,1-fluoro-4-(trichloromethyl)benzene,C1=CC(=CC=C1C(Cl)(Cl)Cl)F,"InChI=1S/C7H4Cl3F/c8-7(9,10)5-1-3-6(11)4-2-5/h1-4H",XOJYLEJZALFLLW-UHFFFAOYSA-N
"Benzene, 1-fluoro-4-(trifluoromethyl)-",Industrial,67873,C7H4F4,164.1,3.3,0,4,0.0,C1=CC(=CC=C1C(F)(F)F)F,PubChem,,,,Structure_PubChem,164.101,2.8445,0,0,0.0,11,1,0,,,,,164.101,,C7H4F4,,,,,,,,,,,Trouvé,,,,CID_67873,"Benzene, 1-fluoro-4-(trifluoromethyl)-",1-fluoro-4-(trifluoromethyl)benzene,C1=CC(=CC=C1C(F)(F)F)F,"InChI=1S/C7H4F4/c8-6-3-1-5(2-4-6)7(9,10)11/h1-4H",UNNNAIWPDLRVRN-UHFFFAOYSA-N
4-(Trifluoromethyl)phenol,Industrial,67874,C7H5F3O,162.11,2.8,1,4,20.2,C1=CC(=CC=C1C(F)(F)F)O,PubChem,,,,Structure_PubChem,162.11,2.411,1,1,20.23,11,1,0,,,,,162.11,,C7H5F3O,,,,,,,,,,,Trouvé,,,,CID_67874,4-(Trifluoromethyl)phenol,4-(trifluoromethyl)phenol,C1=CC(=CC=C1C(F)(F)F)O,"InChI=1S/C7H5F3O/c8-7(9,10)5-1-3-6(11)4-2-5/h1-4,11H",BAYGVMXZJBFEMB-UHFFFAOYSA-N
"Benzene, 1-iodo-2-(trifluoromethyl)-",Industrial,67957,C7H4F3I,272.01,3.5,0,3,0.0,C1=CC=C(C(=C1)C(F)(F)F)I,PubChem,,,,Structure_PubChem,272.007,3.31,0,0,0.0,11,1,0,,,,,272.007,,C7H4F3I,,,,,,,,,,,Trouvé,,,,CID_67957,"Benzene, 1-iodo-2-(trifluoromethyl)-",1-iodo-2-(trifluoromethyl)benzene,C1=CC=C(C(=C1)C(F)(F)F)I,"InChI=1S/C7H4F3I/c8-7(9,10)5-3-1-2-4-6(5)11/h1-4H",IGZGUYVVBABKOY-UHFFFAOYSA-N
2-Trifluoromethylphenol,Industrial,67958,C7H5F3O,162.11,2.8,1,4,20.2,C1=CC=C(C(=C1)C(F)(F)F)O,PubChem,,,,Structure_PubChem,162.11,2.411,1,1,20.23,11,1,0,,,,,162.11,,C7H5F3O,,,,,,,,,,,Trouvé,,,,CID_67958,2-Trifluoromethylphenol,2-(trifluoromethyl)phenol,C1=CC=C(C(=C1)C(F)(F)F)O,"InChI=1S/C7H5F3O/c8-7(9,10)5-3-1-2-4-6(5)11/h1-4,11H",ZOQOPXVJANRGJZ-UHFFFAOYSA-N
"Benzene, (1,2,2-trifluoroethenyl)-",Industrial,67971,C8H5F3,158.12,2.7,0,3,0.0,C1=CC=C(C=C1)C(=C(F)F)F,PubChem,,,,Structure_PubChem,158.122,3.2212,0,0,0.0,11,1,1,,,,,158.122,,C8H5F3,,,,,,,,,,,Trouvé,,,,CID_67971,"Benzene, (1,2,2-trifluoroethenyl)-","1,2,2-trifluoroethenylbenzene",C1=CC=C(C=C1)C(=C(F)F)F,InChI=1S/C8H5F3/c9-7(8(10)11)6-4-2-1-3-5-6/h1-5H,SUTQSIHGGHVXFK-UHFFFAOYSA-N
Tosiben,Industrial,68093,C11H10O6,238.19,0.9,1,6,89.9,CC(=O)OC1=CC=CC(=C1OC(=O)C)C(=O)O,PubChem,,,,Structure_PubChem,238.195,1.2354,1,5,89.9,17,1,3,,,,,238.195,,C11H10O6,,,,,,,,,,,Trouvé,,,,CID_68093,Tosiben,"2,3-diacetyloxybenzoic acid",CC(=O)OC1=CC=CC(=C1OC(=O)C)C(=O)O,"InChI=1S/C11H10O6/c1-6(12)16-9-5-3-4-8(11(14)15)10(9)17-7(2)13/h3-5H,1-2H3,(H,14,15)",NYIZXMGNIUSNKL-UHFFFAOYSA-N
"Benzene, 1-fluoro-2-(trichloromethyl)-",Industrial,68104,C7H4Cl3F,213.5,3.6,0,1,0.0,C1=CC=C(C(=C1)C(Cl)(Cl)Cl)F,PubChem,,,,Structure_PubChem,213.466,3.6524,0,0,0.0,11,1,0,,,,,213.466,,C7H4Cl3F,,,,,,,,,,,Trouvé,,,,CID_68104,"Benzene, 1-fluoro-2-(trichloromethyl)-",1-fluoro-2-(trichloromethyl)benzene,C1=CC=C(C(=C1)C(Cl)(Cl)Cl)F,"InChI=1S/C7H4Cl3F/c8-7(9,10)5-3-1-2-4-6(5)11/h1-4H",JYLVSNNSOWDQQX-UHFFFAOYSA-N
Chromanone,Industrial,68110,C9H8O2,148.16,1.4,0,2,26.3,C1COC2=CC=CC=C2C1=O,PubChem,,,,Structure_PubChem,148.161,1.6518,0,2,26.3,11,2,0,,,,,148.161,,C9H8O2,,,,,,,,,,,Trouvé,,,,CID_68110,Chromanone,"2,3-dihydrochromen-4-one",C1COC2=CC=CC=C2C1=O,"InChI=1S/C9H8O2/c10-8-5-6-11-9-4-2-1-3-7(8)9/h1-4H,5-6H2",MSTDXOZUKAQDRL-UHFFFAOYSA-N
5-Hydroxyflavone,Industrial,68112,C15H10O3,238.24,2.5,1,3,46.5,C1=CC=C(C=C1)C2=CC(=O)C3=C(C=CC=C3O2)O,PubChem,,,,Structure_PubChem,238.242,3.1656,1,3,50.44,18,3,1,,,,,238.242,,C15H10O3,,,,,,,,,,,Trouvé,,,,CID_68112,5-Hydroxyflavone,5-hydroxy-2-phenylchromen-4-one,C1=CC=C(C=C1)C2=CC(=O)C3=C(C=CC=C3O2)O,"InChI=1S/C15H10O3/c16-11-7-4-8-13-15(11)12(17)9-14(18-13)10-5-2-1-3-6-10/h1-9,16H",IYBLVRRCNVHZQJ-UHFFFAOYSA-N
O-Ethylvanillin,Industrial,68117,C9H10O3,166.17,1.7,1,3,46.5,CCOC1=CC=CC(=C1O)C=O,PubChem,,,,Structure_PubChem,166.176,1.6034,1,3,46.53,12,1,3,,,,,166.176,,C9H10O3,,,,,,,,,,,Trouvé,,,,CID_68117,O-Ethylvanillin,3-ethoxy-2-hydroxybenzaldehyde,CCOC1=CC=CC(=C1O)C=O,"InChI=1S/C9H10O3/c1-2-12-8-5-3-4-7(6-10)9(8)11/h3-6,11H,2H2,1H3",OFQBYHLLIJGMNP-UHFFFAOYSA-N
(Dichlorofluoromethyl)benzene,Industrial,68136,C7H5Cl2F,179.02,3.5,0,1,0.0,C1=CC=C(C=C1)C(F)(Cl)Cl,PubChem,,,,Structure_PubChem,179.021,3.244,0,0,0.0,10,1,1,,,,,179.021,,C7H5Cl2F,,,,,,,,,,,Trouvé,,,,CID_68136,(Dichlorofluoromethyl)benzene,[dichloro(fluoro)methyl]benzene,C1=CC=C(C=C1)C(F)(Cl)Cl,"InChI=1S/C7H5Cl2F/c8-7(9,10)6-4-2-1-3-5-6/h1-5H",OMEURKZGLJYCGS-UHFFFAOYSA-N
Chavicol,Industrial,68148,C9H10O,134.17,2.9,1,1,20.2,C=CCC1=CC=C(C=C1)O,PubChem,,,,Structure_PubChem,134.178,2.1207,1,1,20.23,10,1,2,,,,,134.178,,C9H10O,,,,,,,,,,,Trouvé,,,,CID_68148,Chavicol,4-prop-2-enylphenol,C=CCC1=CC=C(C=C1)O,"InChI=1S/C9H10O/c1-2-3-8-4-6-9(10)7-5-8/h2,4-7,10H,1,3H2",RGIBXDHONMXTLI-UHFFFAOYSA-N
Neophyl chloride,Industrial,68191,C10H13Cl,168.66,4.2,0,0,0.0,CC(C)(CCl)C1=CC=CC=C1,PubChem,,,,Structure_PubChem,168.667,3.203,0,0,0.0,11,1,2,,,,,168.667,,C10H13Cl,,,,,,,,,,,Trouvé,,,,CID_68191,Neophyl chloride,(1-chloro-2-methylpropan-2-yl)benzene,CC(C)(CCl)C1=CC=CC=C1,"InChI=1S/C10H13Cl/c1-10(2,8-11)9-6-4-3-5-7-9/h3-7H,8H2,1-2H3",DNXXUUPUQXSUFH-UHFFFAOYSA-N
2-Hydroxydithiobenzoic acid,Industrial,68243,C7H6OS2,170.3,2.2,2,3,53.3,C1=CC=C(C(=C1)C(=S)S)O,PubChem,,,,Structure_PubChem,170.258,1.9975,2,2,20.23,10,1,1,,,,,170.258,,C7H6OS2,,,,,,,,,,,Trouvé,,,,CID_68243,2-Hydroxydithiobenzoic acid,2-hydroxybenzenecarbodithioic acid,C1=CC=C(C(=C1)C(=S)S)O,"InChI=1S/C7H6OS2/c8-6-4-2-1-3-5(6)7(9)10/h1-4,8H,(H,9,10)",AJQLEJAVGARHGQ-UHFFFAOYSA-N
2(3H)-Benzofuranone,Industrial,68382,C8H6O2,134.13,1.3,0,2,26.3,C1C2=CC=CC=C2OC1=O,PubChem,,,,Structure_PubChem,134.134,1.1481,0,2,26.3,10,2,0,,,,,134.134,,C8H6O2,,,,,,,,,,,Trouvé,,,,CID_68382,2(3H)-Benzofuranone,3H-1-benzofuran-2-one,C1C2=CC=CC=C2OC1=O,"InChI=1S/C8H6O2/c9-8-5-6-3-1-2-4-7(6)10-8/h1-4H,5H2",ACZGCWSMSTYWDQ-UHFFFAOYSA-N
Peucenin,Industrial,68477,C15H16O4,260.28,3.7,2,4,66.8,CC1=CC(=O)C2=C(O1)C=C(C(=C2O)CC=C(C)C)O,PubChem,,,,Structure_PubChem,260.289,3.0213,2,4,70.67,19,2,2,,,,,260.289,,C15H16O4,,,,,,,,,,,Trouvé,,,,CID_68477,Peucenin,"5,7-dihydroxy-2-methyl-6-(3-methylbut-2-enyl)chromen-4-one",CC1=CC(=O)C2=C(O1)C=C(C(=C2O)CC=C(C)C)O,"InChI=1S/C15H16O4/c1-8(2)4-5-10-11(16)7-13-14(15(10)18)12(17)6-9(3)19-13/h4,6-7,16,18H,5H2,1-3H3",DTNGBIGBPPPNNB-UHFFFAOYSA-N
2'-Methoxyacetophenone,Industrial,68481,C9H10O2,150.17,1.8,0,2,26.3,CC(=O)C1=CC=CC=C1OC,PubChem,,,,Structure_PubChem,150.177,1.8978,0,2,26.3,11,1,2,,,,,150.177,,C9H10O2,,,,,,,,,,,Trouvé,,,,CID_68481,2'-Methoxyacetophenone,1-(2-methoxyphenyl)ethanone,CC(=O)C1=CC=CC=C1OC,"InChI=1S/C9H10O2/c1-7(10)8-5-3-4-6-9(8)11-2/h3-6H,1-2H3",DWPLEOPKBWNPQV-UHFFFAOYSA-N
Methyl acetylsalicylic acid,Industrial,68484,C10H10O4,194.18,1.5,0,4,52.6,CC(=O)OC1=CC=CC=C1C(=O)OC,PubChem,,,,Structure_PubChem,194.186,1.3985,0,4,52.6,14,1,2,,,,,194.186,,C10H10O4,,,,,,,,,,,Trouvé,,,,CID_68484,Methyl acetylsalicylic acid,methyl 2-acetyloxybenzoate,CC(=O)OC1=CC=CC=C1C(=O)OC,"InChI=1S/C10H10O4/c1-7(11)14-9-6-4-3-5-8(9)10(12)13-2/h3-6H,1-2H3",ONWPLBKWMAUFGZ-UHFFFAOYSA-N
"2-Bromo-1,4-benzenediol",Industrial,68502,C6H5BrO2,189.01,2.2,2,2,40.5,C1=CC(=C(C=C1O)Br)O,PubChem,,,,Structure_PubChem,189.008,1.8603,2,2,40.46,9,1,0,,,,,189.008,,C6H5BrO2,,,,,,,,,,,Trouvé,,,,CID_68502,"2-Bromo-1,4-benzenediol","2-bromobenzene-1,4-diol",C1=CC(=C(C=C1O)Br)O,"InChI=1S/C6H5BrO2/c7-5-3-4(8)1-2-6(5)9/h1-3,8-9H",REFDOIWRJDGBHY-UHFFFAOYSA-N
"1,3-Bis(4-carboxyphenoxy)propane",Industrial,68610,C17H16O6,316.3,3.0,2,6,93.1,C1=CC(=CC=C1C(=O)O)OCCCOC2=CC=C(C=C2)C(=O)O,PubChem,,,,Structure_PubChem,316.309,2.9309,2,4,93.06,23,2,8,,,,,316.309,,C17H16O6,,,,,,,,,,,Trouvé,,,,CID_68610,"1,3-Bis(4-carboxyphenoxy)propane",4-[3-(4-carboxyphenoxy)propoxy]benzoic acid,C1=CC(=CC=C1C(=O)O)OCCCOC2=CC=C(C=C2)C(=O)O,"InChI=1S/C17H16O6/c18-16(19)12-2-6-14(7-3-12)22-10-1-11-23-15-8-4-13(5-9-15)17(20)21/h2-9H,1,10-11H2,(H,18,19)(H,20,21)",VBISQLWPGDULSX-UHFFFAOYSA-N
Ethyldiphenylphosphine,Industrial,69082,C14H15P,214.24,3.4,0,0,0.0,CCP(C1=CC=CC=C1)C2=CC=CC=C2,PubChem,,,,Structure_PubChem,214.248,3.1392,0,0,0.0,15,2,3,,,,,214.248,,C14H15P,,,,,,,,,,,Trouvé,,,,CID_69082,Ethyldiphenylphosphine,ethyl(diphenyl)phosphane,CCP(C1=CC=CC=C1)C2=CC=CC=C2,"InChI=1S/C14H15P/c1-2-15(13-9-5-3-6-10-13)14-11-7-4-8-12-14/h3-12H,2H2,1H3",WUOIAOOSKMHJOV-UHFFFAOYSA-N
p-Cresyl salicylate,Industrial,69091,C14H12O3,228.24,4.1,1,3,46.5,CC1=CC=C(C=C1)OC(=O)C2=CC=CC=C2O,PubChem,,,,Structure_PubChem,228.247,2.9198,1,3,46.53,17,2,2,,,,,228.247,,C14H12O3,,,,,,,,,,,Trouvé,,,,CID_69091,p-Cresyl salicylate,(4-methylphenyl) 2-hydroxybenzoate,CC1=CC=C(C=C1)OC(=O)C2=CC=CC=C2O,"InChI=1S/C14H12O3/c1-10-6-8-11(9-7-10)17-14(16)12-4-2-3-5-13(12)15/h2-9,15H,1H3",AMYKXJAXRJCLCV-UHFFFAOYSA-N
Propyl salicylate,Industrial,69092,C10H12O3,180.2,3.8,1,3,46.5,CCCOC(=O)C1=CC=CC=C1O,PubChem,,,,Structure_PubChem,180.203,1.959,1,3,46.53,13,1,3,,,,,180.203,,C10H12O3,,,,,,,,,,,Trouvé,,,,CID_69092,Propyl salicylate,propyl 2-hydroxybenzoate,CCCOC(=O)C1=CC=CC=C1O,"InChI=1S/C10H12O3/c1-2-7-13-10(12)8-5-3-4-6-9(8)11/h3-6,11H,2,7H2,1H3",LZFIOSVZIQOVFW-UHFFFAOYSA-N
"Benzene, 2-iodo-1,3-dimethyl-",Industrial,69097,C8H9I,232.06,3.3,0,0,0.0,CC1=C(C(=CC=C1)C)I,PubChem,,,,Structure_PubChem,232.064,2.908,0,0,0.0,9,1,0,,,,,232.064,,C8H9I,,,,,,,,,,,Trouvé,,,,CID_69097,"Benzene, 2-iodo-1,3-dimethyl-","2-iodo-1,3-dimethylbenzene",CC1=C(C(=CC=C1)C)I,"InChI=1S/C8H9I/c1-6-4-3-5-7(2)8(6)9/h3-5H,1-2H3",QTUGGVBKWIYQSS-UHFFFAOYSA-N
4-Benzyltoluene,Industrial,69290,C14H14,182.26,4.5,0,0,0.0,CC1=CC=C(C=C1)CC2=CC=CC=C2,PubChem,,,,Structure_PubChem,182.266,3.5858,0,0,0.0,14,2,2,,,,,182.266,,C14H14,,,,,,,,,,,Trouvé,,,,CID_69290,4-Benzyltoluene,1-benzyl-4-methylbenzene,CC1=CC=C(C=C1)CC2=CC=CC=C2,"InChI=1S/C14H14/c1-12-7-9-14(10-8-12)11-13-5-3-2-4-6-13/h2-10H,11H2,1H3",SIYISNUJKMAQBV-UHFFFAOYSA-N
3-Propylphenol,Industrial,69302,C9H12O,136.19,2.9,1,1,20.2,CCCC1=CC(=CC=C1)O,PubChem,,,,Structure_PubChem,136.194,2.3447,1,1,20.23,10,1,2,,,,,136.194,,C9H12O,,,,,,,,,,,Trouvé,,,,CID_69302,3-Propylphenol,3-propylphenol,CCCC1=CC(=CC=C1)O,"InChI=1S/C9H12O/c1-2-4-8-5-3-6-9(10)7-8/h3,5-7,10H,2,4H2,1H3",MPWGZBWDLMDIHO-UHFFFAOYSA-N
"1,4-Bis(bromomethyl)benzene",Industrial,69335,C8H8Br2,263.96,3.0,0,0,0.0,C1=CC(=CC=C1CBr)CBr,PubChem,,,,Structure_PubChem,263.96,3.4764,0,0,0.0,10,1,2,,,,,263.96,,C8H8Br2,,,,,,,,,,,Trouvé,,,,CID_69335,"1,4-Bis(bromomethyl)benzene","1,4-bis(bromomethyl)benzene",C1=CC(=CC=C1CBr)CBr,"InChI=1S/C8H8Br2/c9-5-7-1-2-8(6-10)4-3-7/h1-4H,5-6H2",RBZMSGOBSOCYHR-UHFFFAOYSA-N
"1,2-Benzenedithiol",Industrial,69370,C6H6S2,142.2,2.2,2,2,2.0,C1=CC=C(C(=C1)S)S,PubChem,,,,Structure_PubChem,142.248,2.264,2,2,0.0,8,1,0,,,,,142.248,,C6H6S2,,,,,,,,,,,Trouvé,,,,CID_69370,"1,2-Benzenedithiol","benzene-1,2-dithiol",C1=CC=C(C(=C1)S)S,"InChI=1S/C6H6S2/c7-5-3-1-2-4-6(5)8/h1-4,7-8H",JRNVQLOKVMWBFR-UHFFFAOYSA-N
"Benzene, 1,3-bis(bromomethyl)-",Industrial,69373,C8H8Br2,263.96,3.1,0,0,0.0,C1=CC(=CC(=C1)CBr)CBr,PubChem,,,,Structure_PubChem,263.96,3.4764,0,0,0.0,10,1,2,,,,,263.96,,C8H8Br2,,,,,,,,,,,Trouvé,,,,CID_69373,"Benzene, 1,3-bis(bromomethyl)-","1,3-bis(bromomethyl)benzene",C1=CC(=CC(=C1)CBr)CBr,"InChI=1S/C8H8Br2/c9-5-7-2-1-3-8(4-7)6-10/h1-4H,5-6H2",OXHOPZLBSSTTBU-UHFFFAOYSA-N
"Benzoic acid, 2-(carboxymethoxy)-",Industrial,69461,C9H8O5,196.16,1.2,2,5,83.8,C1=CC=C(C(=C1)C(=O)O)OCC(=O)O,PubChem,,,,Structure_PubChem,196.158,0.8482,2,3,83.83,14,1,4,,,,,196.158,,C9H8O5,,,,,,,,,,,Trouvé,,,,CID_69461,"Benzoic acid, 2-(carboxymethoxy)-",2-(carboxymethoxy)benzoic acid,C1=CC=C(C(=C1)C(=O)O)OCC(=O)O,"InChI=1S/C9H8O5/c10-8(11)5-14-7-4-2-1-3-6(7)9(12)13/h1-4H,5H2,(H,10,11)(H,12,13)",JLLXSRLEXBECPY-UHFFFAOYSA-N
Benzeneselenol,Industrial,69530,C6H6Se,157.08,,0,0,0.0,C1=CC=C(C=C1)[SeH],PubChem,,,,Structure_PubChem,157.074,0.2127,0,0,0.0,7,1,0,,,,,157.074,,C6H6Se,,,,,,,,,,,Trouvé,,,,CID_69530,Benzeneselenol,benzeneselenol,C1=CC=C(C=C1)[SeH],"InChI=1S/C6H6Se/c7-6-4-2-1-3-5-6/h1-5,7H",WDODWFPDZYSKIA-UHFFFAOYSA-N
Dimethylphenylphosphine,Industrial,69597,C8H11P,138.15,1.5,0,0,0.0,CP(C)C1=CC=CC=C1,PubChem,,,,Structure_PubChem,138.15,2.0534,0,0,0.0,9,1,1,,,,,138.15,,C8H11P,,,,,,,,,,,Trouvé,,,,CID_69597,Dimethylphenylphosphine,dimethyl(phenyl)phosphane,CP(C)C1=CC=CC=C1,"InChI=1S/C8H11P/c1-9(2)8-6-4-3-5-7-8/h3-7H,1-2H3",HASCQPSFPAKVEK-UHFFFAOYSA-N
2-Hydroxy-4-Methoxybenzaldehyde,Industrial,69600,C8H8O3,152.15,1.5,1,3,46.5,COC1=CC(=C(C=C1)C=O)O,PubChem,,,,Structure_PubChem,152.149,1.2133,1,3,46.53,11,1,2,,,,,152.149,,C8H8O3,,,,,,,,,,,Trouvé,,,,CID_69600,2-Hydroxy-4-Methoxybenzaldehyde,2-hydroxy-4-methoxybenzaldehyde,COC1=CC(=C(C=C1)C=O)O,"InChI=1S/C8H8O3/c1-11-7-3-2-6(5-9)8(10)4-7/h2-5,10H,1H3",WZUODJNEIXSNEU-UHFFFAOYSA-N
Methylphenylacetylene,Industrial,69601,C9H8,116.16,3.0,0,0,0.0,CC#CC1=CC=CC=C1,PubChem,,,,Structure_PubChem,116.163,2.058,0,0,0.0,9,1,0,,,,,116.163,,C9H8,,,,,,,,,,,Trouvé,,,,CID_69601,Methylphenylacetylene,prop-1-ynylbenzene,CC#CC1=CC=CC=C1,"InChI=1S/C9H8/c1-2-6-9-7-4-3-5-8-9/h3-5,7-8H,1H3",GHUURDQYRGVEHX-UHFFFAOYSA-N
"Phenol, p-(1-cyclohexen-1-yl)-",Industrial,69727,C12H14O,174.24,4.2,1,1,20.2,C1CCC(=CC1)C2=CC=C(C=C2)O,PubChem,,,,Structure_PubChem,174.243,3.3496,1,1,20.23,13,2,1,,,,,174.243,,C12H14O,,,,,,,,,,,Trouvé,,,,CID_69727,"Phenol, p-(1-cyclohexen-1-yl)-",4-(cyclohexen-1-yl)phenol,C1CCC(=CC1)C2=CC=C(C=C2)O,"InChI=1S/C12H14O/c13-12-8-6-11(7-9-12)10-4-2-1-3-5-10/h4,6-9,13H,1-3,5H2",YGEZIEXHMBTZMT-UHFFFAOYSA-N
2-Benzyltoluene,Industrial,69738,C14H14,182.26,4.7,0,0,0.0,CC1=CC=CC=C1CC2=CC=CC=C2,PubChem,,,,Structure_PubChem,182.266,3.5858,0,0,0.0,14,2,2,,,,,182.266,,C14H14,,,,,,,,,,,Trouvé,,,,CID_69738,2-Benzyltoluene,1-benzyl-2-methylbenzene,CC1=CC=CC=C1CC2=CC=CC=C2,"InChI=1S/C14H14/c1-12-7-5-6-10-14(12)11-13-8-3-2-4-9-13/h2-10H,11H2,1H3",PQTAUFTUHHRKSS-UHFFFAOYSA-N
2-(Phenoxymethyl)benzoic acid,Industrial,69761,C14H12O3,228.24,2.9,1,3,46.5,C1=CC=C(C=C1)OCC2=CC=CC=C2C(=O)O,PubChem,,,,Structure_PubChem,228.247,2.9638,1,2,46.53,17,2,4,,,,,228.247,,C14H12O3,,,,,,,,,,,Trouvé,,,,CID_69761,2-(Phenoxymethyl)benzoic acid,2-(phenoxymethyl)benzoic acid,C1=CC=C(C=C1)OCC2=CC=CC=C2C(=O)O,"InChI=1S/C14H12O3/c15-14(16)13-9-5-4-6-11(13)10-17-12-7-2-1-3-8-12/h1-9H,10H2,(H,15,16)",YKNORODREYVARM-UHFFFAOYSA-N
Methylphenylsilane,Industrial,69836,C7H10Si,122.24,,0,0,0.0,C[SiH2]C1=CC=CC=C1,PubChem,,,,Structure_PubChem,122.243,0.5288,0,0,0.0,8,1,1,,,,,122.243,,C7H10Si,,,,,,,,,,,Trouvé,,,,CID_69836,Methylphenylsilane,methyl(phenyl)silane,C[SiH2]C1=CC=CC=C1,"InChI=1S/C7H10Si/c1-8-7-5-3-2-4-6-7/h2-6H,8H2,1H3",QRLBICHXRCOJDU-UHFFFAOYSA-N
Phenyltrimethylsilane,Industrial,69849,C9H14Si,150.29,,0,0,0.0,C[Si](C)(C)C1=CC=CC=C1,PubChem,,,,Structure_PubChem,150.297,2.2318,0,0,0.0,10,1,1,,,,,150.297,,C9H14Si,,,,,,,,,,,Trouvé,,,,CID_69849,Phenyltrimethylsilane,trimethyl(phenyl)silane,C[Si](C)(C)C1=CC=CC=C1,"InChI=1S/C9H14Si/c1-10(2,3)9-7-5-4-6-8-9/h4-8H,1-3H3",KXFSUVJPEQYUGN-UHFFFAOYSA-N
"2,3,5,6-Tetrafluorophenol",Industrial,69858,C6H2F4O,166.07,2.1,1,5,20.2,C1=C(C(=C(C(=C1F)F)O)F)F,PubChem,,,,Structure_PubChem,166.073,1.9486,1,1,20.23,11,1,0,,,,,166.073,,C6H2F4O,,,,,,,,,,,Trouvé,,,,CID_69858,"2,3,5,6-Tetrafluorophenol","2,3,5,6-tetrafluorophenol",C1=C(C(=C(C(=C1F)F)O)F)F,"InChI=1S/C6H2F4O/c7-2-1-3(8)5(10)6(11)4(2)9/h1,11H",PBYIIRLNRCVTMQ-UHFFFAOYSA-N
Trimethylbenzylsilane,Industrial,69862,C10H16Si,164.32,,0,0,0.0,C[Si](C)(C)CC1=CC=CC=C1,PubChem,,,,Structure_PubChem,164.324,3.1065,0,0,0.0,11,1,2,,,,,164.324,,C10H16Si,,,,,,,,,,,Trouvé,,,,CID_69862,Trimethylbenzylsilane,benzyl(trimethyl)silane,C[Si](C)(C)CC1=CC=CC=C1,"InChI=1S/C10H16Si/c1-11(2,3)9-10-7-5-4-6-8-10/h4-8H,9H2,1-3H3",MRIWRLGWLMRJIW-UHFFFAOYSA-N
Diphenylsilane,Industrial,69888,C12H12Si,184.31,,0,0,0.0,C1=CC=C(C=C1)[SiH2]C2=CC=CC=C2,PubChem,,,,Structure_PubChem,184.314,0.8062,0,0,0.0,13,2,2,,,,,184.314,,C12H12Si,,,,,,,,,,,Trouvé,,,,CID_69888,Diphenylsilane,diphenylsilane,C1=CC=C(C=C1)[SiH2]C2=CC=CC=C2,"InChI=1S/C12H12Si/c1-3-7-11(8-4-1)13-12-9-5-2-6-10-12/h1-10H,13H2",VDCSGNNYCFPWFK-UHFFFAOYSA-N
"p,p'-(Phenylphosphinylidene)bisphenol",Industrial,69930,C18H15O3P,310.3,2.1,2,3,57.5,C1=CC=C(C=C1)P(=O)(C2=CC=C(C=C2)O)C3=CC=C(C=C3)O,PubChem,,,,Structure_PubChem,310.289,2.7372,2,3,57.53,22,3,3,,,,,310.289,,C18H15O3P,,,,,,,,,,,Trouvé,,,,CID_69930,"p,p'-(Phenylphosphinylidene)bisphenol",4-[(4-hydroxyphenyl)-phenylphosphoryl]phenol,C1=CC=C(C=C1)P(=O)(C2=CC=C(C=C2)O)C3=CC=C(C=C3)O,"InChI=1S/C18H15O3P/c19-14-6-10-17(11-7-14)22(21,16-4-2-1-3-5-16)18-12-8-15(20)9-13-18/h1-13,19-20H",FYXPKOPFEGFWHG-UHFFFAOYSA-N
Phenylphosphonic dichloride,Industrial,69990,C6H5Cl2OP,194.98,3.1,0,1,17.1,C1=CC=C(C=C1)P(=O)(Cl)Cl,PubChem,,,,Structure_PubChem,194.985,2.9826,0,1,17.07,10,1,1,,,,,194.985,,C6H5Cl2OP,,,,,,,,,,,Trouvé,,,,CID_69990,Phenylphosphonic dichloride,dichlorophosphorylbenzene,C1=CC=C(C=C1)P(=O)(Cl)Cl,"InChI=1S/C6H5Cl2OP/c7-10(8,9)6-4-2-1-3-5-6/h1-5H",IBDMRHDXAQZJAP-UHFFFAOYSA-N
alpha-(Methylsulphinyl)toluene,Industrial,69991,C8H10OS,154.23,1.0,0,2,36.3,CS(=O)CC1=CC=CC=C1,PubChem,,,,Structure_PubChem,154.234,1.5651,0,1,17.07,10,1,2,,,,,154.234,,C8H10OS,,,,,,,,,,,Trouvé,,,,CID_69991,alpha-(Methylsulphinyl)toluene,methylsulfinylmethylbenzene,CS(=O)CC1=CC=CC=C1,"InChI=1S/C8H10OS/c1-10(9)7-8-5-3-2-4-6-8/h2-6H,7H2,1H3",LISVNGUOWUKZQY-UHFFFAOYSA-N
p-(Trifluoromethoxy)phenol,Industrial,70015,C7H5F3O2,178.11,2.6,1,5,29.5,C1=CC(=CC=C1O)OC(F)(F)F,PubChem,,,,Structure_PubChem,178.109,2.2908,1,2,29.46,12,1,1,,,,,178.109,,C7H5F3O2,,,,,,,,,,,Trouvé,,,,CID_70015,p-(Trifluoromethoxy)phenol,4-(trifluoromethoxy)phenol,C1=CC(=CC=C1O)OC(F)(F)F,"InChI=1S/C7H5F3O2/c8-7(9,10)12-6-3-1-5(11)2-4-6/h1-4,11H",WDRJNKMAZMEYOF-UHFFFAOYSA-N
Diphenylphosphine,Industrial,70017,C12H11P,186.19,3.0,0,0,0.0,C1=CC=C(C=C1)PC2=CC=CC=C2,PubChem,,,,Structure_PubChem,186.194,2.3159,0,0,0.0,13,2,2,,,,,186.194,,C12H11P,,,,,,,,,,,Trouvé,,,,CID_70017,Diphenylphosphine,diphenylphosphane,C1=CC=C(C=C1)PC2=CC=CC=C2,"InChI=1S/C12H11P/c1-3-7-11(8-4-1)13-12-9-5-2-6-10-12/h1-10,13H",GPAYUJZHTULNBE-UHFFFAOYSA-N
"10,11-dihydro-5H-dibenzo(a,d)cycloheptene",Industrial,70029,C15H14,194.27,4.5,0,0,0.0,C1CC2=CC=CC=C2CC3=CC=CC=C31,PubChem,,,,Structure_PubChem,194.277,3.376,0,0,0.0,15,3,0,,,,,194.277,,C15H14,,,,,,,,,,,Trouvé,,,,CID_70029,"10,11-dihydro-5H-dibenzo(a,d)cycloheptene","tricyclo[9.4.0.03,8]pentadeca-1(15),3,5,7,11,13-hexaene",C1CC2=CC=CC=C2CC3=CC=CC=C31,"InChI=1S/C15H14/c1-3-7-14-11-15-8-4-2-6-13(15)10-9-12(14)5-1/h1-8H,9-11H2",PJQCANLCUDUPRF-UHFFFAOYSA-N
Cyclopropylbenzene,Industrial,70112,C9H10,118.18,3.3,0,0,0.0,C1CC1C2=CC=CC=C2,PubChem,,,,Structure_PubChem,118.179,2.564,0,0,0.0,9,2,1,,,,,118.179,,C9H10,,,,,,,,,,,Trouvé,,,,CID_70112,Cyclopropylbenzene,cyclopropylbenzene,C1CC1C2=CC=CC=C2,"InChI=1S/C9H10/c1-2-4-8(5-3-1)9-6-7-9/h1-5,9H,6-7H2",VFSFCYAQBIPUSL-UHFFFAOYSA-N
3-Methoxysalicylic acid,Industrial,70140,C8H8O4,168.15,1.9,2,4,66.8,COC1=CC=CC(=C1O)C(=O)O,PubChem,,,,Structure_PubChem,168.148,1.099,2,3,66.76,12,1,2,,,,,168.148,,C8H8O4,,,,,,,,,,,Trouvé,,,,CID_70140,3-Methoxysalicylic acid,2-hydroxy-3-methoxybenzoic acid,COC1=CC=CC(=C1O)C(=O)O,"InChI=1S/C8H8O4/c1-12-6-4-2-3-5(7(6)9)8(10)11/h2-4,9H,1H3,(H,10,11)",AUZQQIPZESHNMG-UHFFFAOYSA-N
"Benzaldehyde, 4-(acetyloxy)-",Industrial,70144,C9H8O3,164.16,0.6,0,3,43.4,CC(=O)OC1=CC=C(C=C1)C=O,PubChem,,,,Structure_PubChem,164.16,1.4244,0,3,43.37,12,1,2,,,,,164.16,,C9H8O3,,,,,,,,,,,Trouvé,,,,CID_70144,"Benzaldehyde, 4-(acetyloxy)-",(4-formylphenyl) acetate,CC(=O)OC1=CC=C(C=C1)C=O,"InChI=1S/C9H8O3/c1-7(11)12-9-4-2-8(6-10)3-5-9/h2-6H,1H3",SEVSMVUOKAMPDO-UHFFFAOYSA-N
3-Methoxy-2-naphthoic acid,Industrial,70161,C12H10O3,202.21,2.7,1,3,46.5,COC1=CC2=CC=CC=C2C=C1C(=O)O,PubChem,,,,Structure_PubChem,202.209,2.5466,1,2,46.53,15,2,2,,,,,202.209,,C12H10O3,,,,,,,,,,,Trouvé,,,,CID_70161,3-Methoxy-2-naphthoic acid,3-methoxynaphthalene-2-carboxylic acid,COC1=CC2=CC=CC=C2C=C1C(=O)O,"InChI=1S/C12H10O3/c1-15-11-7-9-5-3-2-4-8(9)6-10(11)12(13)14/h2-7H,1H3,(H,13,14)",RTBQQRFTCVDODF-UHFFFAOYSA-N
"1,4-Diphenyl-1,3-butadiyne",Industrial,70174,C16H10,202.25,5.2,0,0,0.0,C1=CC=C(C=C1)C#CC#CC2=CC=CC=C2,PubChem,,,,Structure_PubChem,202.256,3.0898,0,0,0.0,16,2,0,,,,,202.256,,C16H10,,,,,,,,,,,Trouvé,,,,CID_70174,"1,4-Diphenyl-1,3-butadiyne","4-phenylbuta-1,3-diynylbenzene",C1=CC=C(C=C1)C#CC#CC2=CC=CC=C2,"InChI=1S/C16H10/c1-3-9-15(10-4-1)13-7-8-14-16-11-5-2-6-12-16/h1-6,9-12H",HMQFJYLWNWIYKQ-UHFFFAOYSA-N
(2-Phenylethyl)trichlorosilane,Industrial,70327,C8H9Cl3Si,239.6,,0,0,0.0,C1=CC=C(C=C1)CC[Si](Cl)(Cl)Cl,PubChem,,,,Structure_PubChem,239.605,3.8844,0,0,0.0,12,1,3,,,,,239.605,,C8H9Cl3Si,,,,,,,,,,,Trouvé,,,,CID_70327,(2-Phenylethyl)trichlorosilane,trichloro(2-phenylethyl)silane,C1=CC=C(C=C1)CC[Si](Cl)(Cl)Cl,"InChI=1S/C8H9Cl3Si/c9-12(10,11)7-6-8-4-2-1-3-5-8/h1-5H,6-7H2",FMYXZXAKZWIOHO-UHFFFAOYSA-N
Methyldiphenylarsine,Industrial,70348,C13H13As,244.16,,0,0,0.0,C[As](C1=CC=CC=C1)C2=CC=CC=C2,PubChem,,,,Structure_PubChem,244.169,1.9254,0,0,0.0,14,2,2,,,,,244.169,,C13H13As,,,,,,,,,,,Trouvé,,,,CID_70348,Methyldiphenylarsine,methyl(diphenyl)arsane,C[As](C1=CC=CC=C1)C2=CC=CC=C2,"InChI=1S/C13H13As/c1-14(12-8-4-2-5-9-12)13-10-6-3-7-11-13/h2-11H,1H3",CADPTFMOCGIPOI-UHFFFAOYSA-N
Diphenylstannane,Industrial,70535,C12H10Sn,272.92,,0,0,0.0,C1=CC=C(C=C1)[Sn]C2=CC=CC=C2,PubChem,,,,Structure_PubChem,272.923,1.3416,0,0,0.0,13,2,2,,,,,272.923,,C12H10Sn,,,,,,,,,,,Trouvé,,,,CID_70535,Diphenylstannane,diphenyltin,C1=CC=C(C=C1)[Sn]C2=CC=CC=C2,InChI=1S/2C6H5.Sn/c2*1-2-4-6-5-3-1;/h2*1-5H;,KUCPUSUXIGWHFB-UHFFFAOYSA-N
"Phenol, o-mercapto-(6CI,7CI,8CI)",Industrial,70718,C6H6OS,126.18,1.7,2,2,21.2,C1=CC=C(C(=C1)O)S,PubChem,,,,Structure_PubChem,126.18,1.6809,2,2,20.23,8,1,0,,,,,126.18,,C6H6OS,,,,,,,,,,,Trouvé,,,,CID_70718,"Phenol, o-mercapto-(6CI,7CI,8CI)",2-sulfanylphenol,C1=CC=C(C(=C1)O)S,"InChI=1S/C6H6OS/c7-5-3-1-2-4-6(5)8/h1-4,7-8H",VMKYTRPNOVFCGZ-UHFFFAOYSA-N
1-Fluoro-3-iodobenzene,Industrial,70725,C6H4FI,222.0,3.4,0,1,0.0,C1=CC(=CC(=C1)I)F,PubChem,,,,Structure_PubChem,222.0,2.4303,0,0,0.0,8,1,0,,,,,222.0,,C6H4FI,,,,,,,,,,,Trouvé,,,,CID_70725,1-Fluoro-3-iodobenzene,1-fluoro-3-iodobenzene,C1=CC(=CC(=C1)I)F,InChI=1S/C6H4FI/c7-5-2-1-3-6(8)4-5/h1-4H,VSKSBSORLCDRHS-UHFFFAOYSA-N
"Benzene, 2-iodo-1,4-dimethyl-",Industrial,70731,C8H9I,232.06,3.3,0,0,0.0,CC1=CC(=C(C=C1)C)I,PubChem,,,,Structure_PubChem,232.064,2.908,0,0,0.0,9,1,0,,,,,232.064,,C8H9I,,,,,,,,,,,Trouvé,,,,CID_70731,"Benzene, 2-iodo-1,4-dimethyl-","2-iodo-1,4-dimethylbenzene",CC1=CC(=C(C=C1)C)I,"InChI=1S/C8H9I/c1-6-3-4-7(2)8(9)5-6/h3-5H,1-2H3",WYZVNUSNUCABRF-UHFFFAOYSA-N
2-(3-Methyl-2-buten-1-yl)phenol,Industrial,70787,C11H14O,162.23,3.6,1,1,20.2,CC(=CCC1=CC=CC=C1O)C,PubChem,,,,Structure_PubChem,162.232,2.9009,1,1,20.23,12,1,2,,,,,162.232,,C11H14O,,,,,,,,,,,Trouvé,,,,CID_70787,2-(3-Methyl-2-buten-1-yl)phenol,2-(3-methylbut-2-enyl)phenol,CC(=CCC1=CC=CC=C1O)C,"InChI=1S/C11H14O/c1-9(2)7-8-10-5-3-4-6-11(10)12/h3-7,12H,8H2,1-2H3",GLOBOHBQKQLVIS-UHFFFAOYSA-N
4-(Hexyloxy)benzoic acid,Industrial,70834,C13H18O3,222.28,3.9,1,3,46.5,CCCCCCOC1=CC=C(C=C1)C(=O)O,PubChem,,,,Structure_PubChem,222.284,3.3439,1,2,46.53,16,1,7,,,,,222.284,,C13H18O3,,,,,,,,,,,Trouvé,,,,CID_70834,4-(Hexyloxy)benzoic acid,4-hexoxybenzoic acid,CCCCCCOC1=CC=C(C=C1)C(=O)O,"InChI=1S/C13H18O3/c1-2-3-4-5-10-16-12-8-6-11(7-9-12)13(14)15/h6-9H,2-5,10H2,1H3,(H,14,15)",HBQUXMZZODHFMJ-UHFFFAOYSA-N
"1,1'-Tellurobis(benzene)",Industrial,70995,C12H10Te,281.8,,0,0,0.0,C1=CC=C(C=C1)[Te]C2=CC=CC=C2,PubChem,,,,Structure_PubChem,281.812,1.3416,0,0,0.0,13,2,2,,,,,281.812,,C12H10Te,,,,,,,,,,,Trouvé,,,,CID_70995,"1,1'-Tellurobis(benzene)",phenyltellanylbenzene,C1=CC=C(C=C1)[Te]C2=CC=CC=C2,InChI=1S/C12H10Te/c1-3-7-11(8-4-1)13-12-9-5-2-6-10-12/h1-10H,XTCBHFKSTRGVMZ-UHFFFAOYSA-N
Methanol-D4,Industrial,71568,CH4O,36.066,-0.5,1,1,20.2,[2H]C([2H])([2H])O[2H],PubChem,,,,Structure_PubChem,36.0664,-0.3915,1,1,20.23,2,0,0,,,,,36.0664,,CH4O,,,,,,,,,,,Trouvé,,,,CID_71568,Methanol-D4,trideuterio(deuteriooxy)methane,[2H]C([2H])([2H])O[2H],"InChI=1S/CH4O/c1-2/h2H,1H3/i1D3,2D",OKKJLVBELUTLKV-MZCSYVLQSA-N
Benzene-D6,Industrial,71601,C6H6,84.15,2.1,0,0,0.0,[2H]C1=C(C(=C(C(=C1[2H])[2H])[2H])[2H])[2H],PubChem,,,,Structure_PubChem,84.1506,1.6866,0,0,0.0,6,1,0,,,,,84.1506,,C6H6,,,,,,,,,,,Trouvé,,,,CID_71601,Benzene-D6,"1,2,3,4,5,6-hexadeuteriobenzene",[2H]C1=C(C(=C(C(=C1[2H])[2H])[2H])[2H])[2H],"InChI=1S/C6H6/c1-2-4-6-5-3-1/h1-6H/i1D,2D,3D,4D,5D,6D",UHOVQNZJYSORNB-MZWXYZOWSA-N
6-Hydroxyflavone,Industrial,72279,C15H10O3,238.24,3.6,1,3,46.5,C1=CC=C(C=C1)C2=CC(=O)C3=C(O2)C=CC(=C3)O,PubChem,,,,Structure_PubChem,238.242,3.1656,1,3,50.44,18,3,1,,,,,238.242,,C15H10O3,,,,,,,,,,,Trouvé,,,,CID_72279,6-Hydroxyflavone,6-hydroxy-2-phenylchromen-4-one,C1=CC=C(C=C1)C2=CC(=O)C3=C(O2)C=CC(=C3)O,"InChI=1S/C15H10O3/c16-11-6-7-14-12(8-11)13(17)9-15(18-14)10-4-2-1-3-5-10/h1-9,16H",GPZYYYGYCRFPBU-UHFFFAOYSA-N
"2,4-Diiodophenol",Industrial,72858,C6H4I2O,345.9,2.9,1,1,20.2,C1=CC(=C(C=C1I)I)O,PubChem,,,,Structure_PubChem,345.905,2.6014,1,1,20.23,9,1,0,,,,,345.905,,C6H4I2O,,,,,,,,,,,Trouvé,,,,CID_72858,"2,4-Diiodophenol","2,4-diiodophenol",C1=CC(=C(C=C1I)I)O,"InChI=1S/C6H4I2O/c7-4-1-2-6(9)5(8)3-4/h1-3,9H",DAHRRUMUNVQEOB-UHFFFAOYSA-N
Phenylphosphinic acid,Industrial,72903,C6H7O2P,142.09,0.5,2,2,40.5,C1=CC=C(C=C1)P(O)O,PubChem,,,,Structure_PubChem,142.094,0.6084,2,2,40.46,9,1,1,,,,,142.094,,C6H7O2P,,,,,,,,,,,Trouvé,,,,CID_72903,Phenylphosphinic acid,phenylphosphonous acid,C1=CC=C(C=C1)P(O)O,"InChI=1S/C6H7O2P/c7-9(8)6-4-2-1-3-5-6/h1-5,7-8H",CGNKSELPNJJTSM-UHFFFAOYSA-N
P-Phenylphosphonic diamide,Industrial,72904,C6H9N2OP,156.12,0.0,2,3,69.1,C1=CC=C(C=C1)P(=O)(N)N,PubChem,,,,Structure_PubChem,156.125,0.4224,2,1,69.11,10,1,1,,,,,156.125,,C6H9N2OP,,,,,,,,,,,Trouvé,,,,CID_72904,P-Phenylphosphonic diamide,diaminophosphorylbenzene,C1=CC=C(C=C1)P(=O)(N)N,"InChI=1S/C6H9N2OP/c7-10(8,9)6-4-2-1-3-5-6/h1-5H,(H4,7,8,9)",SIZHJVYZJFWGHF-UHFFFAOYSA-N
Trimethylphenoxysilane,Industrial,73720,C9H14OSi,166.29,,0,1,9.2,C[Si](C)(C)OC1=CC=CC=C1,PubChem,,,,Structure_PubChem,166.296,2.9003,0,1,9.23,11,1,2,,,,,166.296,,C9H14OSi,,,,,,,,,,,Trouvé,,,,CID_73720,Trimethylphenoxysilane,trimethyl(phenoxy)silane,C[Si](C)(C)OC1=CC=CC=C1,"InChI=1S/C9H14OSi/c1-11(2,3)10-9-7-5-4-6-8-9/h4-8H,1-3H3",OJAJJFGMKAZGRZ-UHFFFAOYSA-N
Diphenyliodonium chloride,Industrial,73870,C12H10ClI,316.56,,0,1,0.0,C1=CC=C(C=C1)[I+]C2=CC=CC=C2.[Cl-],PubChem,,,,Structure_PubChem,316.569,-3.181,0,0,0.0,14,2,2,,,,,316.569,,C12H10ClI,,,,,,,,,,,Trouvé,,,,CID_73870,Diphenyliodonium chloride,diphenyliodanium chloride,C1=CC=C(C=C1)[I+]C2=CC=CC=C2.[Cl-],InChI=1S/C12H10I.ClH/c1-3-7-11(8-4-1)13-12-9-5-2-6-10-12;/h1-10H;1H/q+1;/p-1,RSJLWBUYLGJOBD-UHFFFAOYSA-M
"Iodonium, diphenyl-, bromide (1:1)",Industrial,73871,C12H10BrI,361.02,,0,1,0.0,C1=CC=C(C=C1)[I+]C2=CC=CC=C2.[Br-],PubChem,,,,Structure_PubChem,361.02,-3.181,0,0,0.0,14,2,2,,,,,361.02,,C12H10BrI,,,,,,,,,,,Trouvé,,,,CID_73871,"Iodonium, diphenyl-, bromide (1:1)",diphenyliodanium bromide,C1=CC=C(C=C1)[I+]C2=CC=CC=C2.[Br-],InChI=1S/C12H10I.BrH/c1-3-7-11(8-4-1)13-12-9-5-2-6-10-12;/h1-10H;1H/q+1;/p-1,LGPSGXJFQQZYMS-UHFFFAOYSA-M
Methyldiphenylphosphine,Industrial,73879,C13H13P,200.22,3.1,0,0,0.0,CP(C1=CC=CC=C1)C2=CC=CC=C2,PubChem,,,,Structure_PubChem,200.221,2.7491,0,0,0.0,14,2,2,,,,,200.221,,C13H13P,,,,,,,,,,,Trouvé,,,,CID_73879,Methyldiphenylphosphine,methyl(diphenyl)phosphane,CP(C1=CC=CC=C1)C2=CC=CC=C2,"InChI=1S/C13H13P/c1-14(12-8-4-2-5-9-12)13-10-6-3-7-11-13/h2-11H,1H3",UJNZOIKQAUQOCN-UHFFFAOYSA-N
"Benzene, (2,2-dichloroethyl)-",Industrial,74000,C8H8Cl2,175.05,3.6,0,0,0.0,C1=CC=C(C=C1)CC(Cl)Cl,PubChem,,,,Structure_PubChem,175.058,3.0328,0,0,0.0,10,1,2,,,,,175.058,,C8H8Cl2,,,,,,,,,,,Trouvé,,,,CID_74000,"Benzene, (2,2-dichloroethyl)-","2,2-dichloroethylbenzene",C1=CC=C(C=C1)CC(Cl)Cl,"InChI=1S/C8H8Cl2/c9-8(10)6-7-4-2-1-3-5-7/h1-5,8H,6H2",NGQTUWCDHLILAX-UHFFFAOYSA-N
Benzylbromomagnesium,Industrial,74118,C7H7BrMg,195.34,,0,2,0.0,[CH2-]C1=CC=CC=C1.[Mg+2].[Br-],PubChem,,,,Structure_PubChem,195.342,-1.508,0,0,0.0,9,1,0,,,,,195.342,,C7H7BrMg,,,,,,,,,,,Trouvé,,,,CID_74118,Benzylbromomagnesium,magnesium;methanidylbenzene;bromide,[CH2-]C1=CC=CC=C1.[Mg+2].[Br-],"InChI=1S/C7H7.BrH.Mg/c1-7-5-3-2-4-6-7;;/h2-6H,1H2;1H;/q-1;;+2/p-1",QGEFGPVWRJCFQP-UHFFFAOYSA-M
p-Vinylbenzyl chloride,Industrial,74126,C9H9Cl,152.62,3.1,0,0,0.0,C=CC1=CC=C(C=C1)CCl,PubChem,,,,Structure_PubChem,152.624,3.0684,0,0,0.0,10,1,2,,,,,152.624,,C9H9Cl,,,,,,,,,,,Trouvé,,,,CID_74126,p-Vinylbenzyl chloride,1-(chloromethyl)-4-ethenylbenzene,C=CC1=CC=C(C=C1)CCl,"InChI=1S/C9H9Cl/c1-2-8-3-5-9(7-10)6-4-8/h2-6H,1,7H2",ZRZHXNCATOYMJH-UHFFFAOYSA-N
"1,4-Diisopropenylbenzene",Industrial,74148,C12H14,158.24,4.7,0,0,0.0,CC(=C)C1=CC=C(C=C1)C(=C)C,PubChem,,,,Structure_PubChem,158.244,3.7528,0,0,0.0,12,1,2,,,,,158.244,,C12H14,,,,,,,,,,,Trouvé,,,,CID_74148,"1,4-Diisopropenylbenzene","1,4-bis(prop-1-en-2-yl)benzene",CC(=C)C1=CC=C(C=C1)C(=C)C,"InChI=1S/C12H14/c1-9(2)11-5-7-12(8-6-11)10(3)4/h5-8H,1,3H2,2,4H3",ZENYUPUKNXGVDY-UHFFFAOYSA-N
Diethylphenylphosphine,Industrial,74149,C10H15P,166.2,2.2,0,0,0.0,CCP(CC)C1=CC=CC=C1,PubChem,,,,Structure_PubChem,166.204,2.8336,0,0,0.0,11,1,3,,,,,166.204,,C10H15P,,,,,,,,,,,Trouvé,,,,CID_74149,Diethylphenylphosphine,diethyl(phenyl)phosphane,CCP(CC)C1=CC=CC=C1,"InChI=1S/C10H15P/c1-3-11(4-2)10-8-6-5-7-9-10/h5-9H,3-4H2,1-2H3",LVTCZSBUROAWTE-UHFFFAOYSA-N
"Germane, dichlorodiphenyl-",Industrial,74167,C12H10Cl2Ge,297.7,,0,0,0.0,C1=CC=C(C=C1)[Ge](C2=CC=CC=C2)(Cl)Cl,PubChem,,,,Structure_PubChem,297.728,2.7206,0,0,0.0,15,2,2,,,,,297.728,,C12H10Cl2Ge,,,,,,,,,,,Trouvé,,,,CID_74167,"Germane, dichlorodiphenyl-",dichloro(diphenyl)germane,C1=CC=C(C=C1)[Ge](C2=CC=CC=C2)(Cl)Cl,"InChI=1S/C12H10Cl2Ge/c13-15(14,11-7-3-1-4-8-11)12-9-5-2-6-10-12/h1-10H",PFPTYRFVUHDUIN-UHFFFAOYSA-N
Dichloro(phenyl)silane,Industrial,74207,C6H6Cl2Si,177.1,,0,0,0.0,C1=CC=C(C=C1)[SiH](Cl)Cl,PubChem,,,,Structure_PubChem,177.106,1.5917,0,0,0.0,9,1,1,,,,,177.106,,C6H6Cl2Si,,,,,,,,,,,Trouvé,,,,CID_74207,Dichloro(phenyl)silane,dichloro(phenyl)silane,C1=CC=C(C=C1)[SiH](Cl)Cl,"InChI=1S/C6H6Cl2Si/c7-9(8)6-4-2-1-3-5-6/h1-5,9H",VIRVTHOOZABTPR-UHFFFAOYSA-N
(2.2)Paracyclophane,Industrial,74210,C16H16,208.3,3.7,0,0,0.0,C1CC2=CC=C(CCC3=CC=C1C=C3)C=C2,PubChem,,,,Structure_PubChem,208.304,3.5704,0,0,0.0,16,6,0,,,,,208.304,,C16H16,,,,,,,,,,,Trouvé,,,,CID_74210,(2.2)Paracyclophane,"tricyclo[8.2.2.24,7]hexadeca-1(13),4,6,10(14),11,15-hexaene",C1CC2=CC=C(CCC3=CC=C1C=C3)C=C2,"InChI=1S/C16H16/c1-2-14-4-3-13(1)9-10-15-5-7-16(8-6-15)12-11-14/h1-8H,9-12H2",OOLUVSIJOMLOCB-UHFFFAOYSA-N
Phenol sulfate,Industrial,74426,C6H6O4S,174.18,0.8,1,4,72.0,C1=CC=C(C=C1)OS(=O)(=O)O,PubChem,,,,Structure_PubChem,174.177,0.8682,1,3,63.6,11,1,2,,,,,174.177,,C6H6O4S,,,,,,,,,,,Trouvé,,,,CID_74426,Phenol sulfate,phenyl hydrogen sulfate,C1=CC=C(C=C1)OS(=O)(=O)O,"InChI=1S/C6H6O4S/c7-11(8,9)10-6-4-2-1-3-5-6/h1-5H,(H,7,8,9)",CTYRPMDGLDAWRQ-UHFFFAOYSA-N
o-Phenylenediarsonic acid,Industrial,74471,C6H8As2O6,325.97,,4,6,115.0,C1=CC=C(C(=C1)[As](=O)(O)O)[As](=O)(O)O,PubChem,,,,Structure_PubChem,325.968,-3.1914,4,2,115.06,14,1,2,,,,,325.968,,C6H8As2O6,,,,,,,,,,,Trouvé,,,,CID_74471,o-Phenylenediarsonic acid,(2-arsonophenyl)arsonic acid,C1=CC=C(C(=C1)[As](=O)(O)O)[As](=O)(O)O,"InChI=1S/C6H8As2O6/c9-7(10,11)5-3-1-2-4-6(5)8(12,13)14/h1-4H,(H2,9,10,11)(H2,12,13,14)",FBDWZBKCZCVCNV-UHFFFAOYSA-N
4-Phenyl-3-butyn-2-one,Industrial,74555,C10H8O,144.17,2.2,0,1,17.1,CC(=O)C#CC1=CC=CC=C1,PubChem,,,,Structure_PubChem,144.173,1.6271,0,1,17.07,11,1,0,,,,,144.173,,C10H8O,,,,,,,,,,,Trouvé,,,,CID_74555,4-Phenyl-3-butyn-2-one,4-phenylbut-3-yn-2-one,CC(=O)C#CC1=CC=CC=C1,"InChI=1S/C10H8O/c1-9(11)7-8-10-5-3-2-4-6-10/h2-6H,1H3",UPEUQDJSUFHFQP-UHFFFAOYSA-N
5-Phenyl-1-pentyne,Industrial,74573,C11H12,144.21,3.8,0,0,0.0,C#CCCCC1=CC=CC=C1,PubChem,,,,Structure_PubChem,144.217,2.6425,0,0,0.0,11,1,3,,,,,144.217,,C11H12,,,,,,,,,,,Trouvé,,,,CID_74573,5-Phenyl-1-pentyne,pent-4-ynylbenzene,C#CCCCC1=CC=CC=C1,"InChI=1S/C11H12/c1-2-3-5-8-11-9-6-4-7-10-11/h1,4,6-7,9-10H,3,5,8H2",KOSORCNALVBYBP-UHFFFAOYSA-N
"Benzene, 1,1'-(1,1,2,2-tetramethyl-1,2-ethanediyl)bis-",Industrial,74681,C18H22,238.4,5.9,0,0,0.0,CC(C)(C1=CC=CC=C1)C(C)(C)C2=CC=CC=C2,PubChem,,,,Structure_PubChem,238.374,4.942,0,0,0.0,18,2,3,,,,,238.374,,C18H22,,,,,,,,,,,Trouvé,,,,CID_74681,"Benzene, 1,1'-(1,1,2,2-tetramethyl-1,2-ethanediyl)bis-","(2,3-dimethyl-3-phenylbutan-2-yl)benzene",CC(C)(C1=CC=CC=C1)C(C)(C)C2=CC=CC=C2,"InChI=1S/C18H22/c1-17(2,15-11-7-5-8-12-15)18(3,4)16-13-9-6-10-14-16/h5-14H,1-4H3",HGTUJZTUQFXBIH-UHFFFAOYSA-N
2-Hydroxyxanthone,Industrial,74708,C13H8O3,212.2,3.2,1,3,46.5,C1=CC=C2C(=C1)C(=O)C3=C(O2)C=CC(=C3)O,PubChem,,,,Structure_PubChem,212.204,2.6518,1,3,50.44,16,3,0,,,,,212.204,,C13H8O3,,,,,,,,,,,Trouvé,,,,CID_74708,2-Hydroxyxanthone,2-hydroxyxanthen-9-one,C1=CC=C2C(=C1)C(=O)C3=C(O2)C=CC(=C3)O,"InChI=1S/C13H8O3/c14-8-5-6-12-10(7-8)13(15)9-3-1-2-4-11(9)16-12/h1-7,14H",WSACHQJPCNOREV-UHFFFAOYSA-N
"1,4-Benzenediol, 2,6-diiodo-",Industrial,74775,C6H4I2O2,361.9,1.9,2,2,40.5,C1=C(C=C(C(=C1I)O)I)O,PubChem,,,,Structure_PubChem,361.904,2.307,2,2,40.46,10,1,0,,,,,361.904,,C6H4I2O2,,,,,,,,,,,Trouvé,,,,CID_74775,"1,4-Benzenediol, 2,6-diiodo-","2,6-diiodobenzene-1,4-diol",C1=C(C=C(C(=C1I)O)I)O,"InChI=1S/C6H4I2O2/c7-4-1-3(9)2-5(8)6(4)10/h1-2,9-10H",TXLWEPPRCDCHRB-UHFFFAOYSA-N
2-Chloro-4-fluorophenol,Industrial,74814,C6H4ClFO,146.54,2.5,1,2,20.2,C1=CC(=C(C=C1F)Cl)O,PubChem,,,,Structure_PubChem,146.548,2.1847,1,1,20.23,9,1,0,,,,,146.548,,C6H4ClFO,,,,,,,,,,,Trouvé,,,,CID_74814,2-Chloro-4-fluorophenol,2-chloro-4-fluorophenol,C1=CC(=C(C=C1F)Cl)O,"InChI=1S/C6H4ClFO/c7-5-3-4(8)1-2-6(5)9/h1-3,9H",IGYXYGDEYHNFFT-UHFFFAOYSA-N
Toluene-d8,Industrial,74861,C7H8,100.19,2.7,0,0,0.0,[2H]C1=C(C(=C(C(=C1[2H])[2H])C([2H])([2H])[2H])[2H])[2H],PubChem,,,,Structure_PubChem,100.1898,1.995,0,0,0.0,7,1,0,,,,,100.1898,,C7H8,,,,,,,,,,,Trouvé,,,,CID_74861,Toluene-d8,"1,2,3,4,5-pentadeuterio-6-(trideuteriomethyl)benzene",[2H]C1=C(C(=C(C(=C1[2H])[2H])C([2H])([2H])[2H])[2H])[2H],"InChI=1S/C7H8/c1-7-5-3-2-4-6-7/h2-6H,1H3/i1D3,2D,3D,4D,5D,6D",YXFVVABEGXRONW-JGUCLWPXSA-N
Benzenebutanenitrile,Industrial,74897,C10H11N,145.2,2.2,0,1,23.8,C1=CC=C(C=C1)CCCC#N,PubChem,,,,Structure_PubChem,145.205,2.5329,0,1,23.79,11,1,3,,,,,145.205,,C10H11N,,,,,,,,,,,Trouvé,,,,CID_74897,Benzenebutanenitrile,4-phenylbutanenitrile,C1=CC=C(C=C1)CCCC#N,"InChI=1S/C10H11N/c11-9-5-4-8-10-6-2-1-3-7-10/h1-3,6-7H,4-5,8H2",ICMVGKQFVMTRLB-UHFFFAOYSA-N
"1,1'-Biphenyl, 2-iodo-",Industrial,75025,C12H9I,280.1,4.2,0,0,0.0,C1=CC=C(C=C1)C2=CC=CC=C2I,PubChem,,,,Structure_PubChem,280.108,3.9582,0,0,0.0,13,2,1,,,,,280.108,,C12H9I,,,,,,,,,,,Trouvé,,,,CID_75025,"1,1'-Biphenyl, 2-iodo-",1-iodo-2-phenylbenzene,C1=CC=C(C=C1)C2=CC=CC=C2I,InChI=1S/C12H9I/c13-12-9-5-4-8-11(12)10-6-2-1-3-7-10/h1-9H,QFUYDAGNUJWBSM-UHFFFAOYSA-N
Diphenyllead dichloride,Industrial,75032,C12H10Cl2Pb,432.0,,0,0,0.0,C1=CC=C(C=C1)[Pb](C2=CC=CC=C2)(Cl)Cl,PubChem,,,,Structure_PubChem,432.318,2.7206,0,0,0.0,15,2,2,,,,,432.318,,C12H10Cl2Pb,,,,,,,,,,,Trouvé,,,,CID_75032,Diphenyllead dichloride,dichloro(diphenyl)plumbane,C1=CC=C(C=C1)[Pb](C2=CC=CC=C2)(Cl)Cl,InChI=1S/2C6H5.2ClH.Pb/c2*1-2-4-6-5-3-1;;;/h2*1-5H;2*1H;/q;;;;+2/p-2,VCYWRKSVJFJVTB-UHFFFAOYSA-L
Methyl Gentisate,Industrial,75077,C8H8O4,168.15,2.6,2,4,66.8,COC(=O)C1=C(C=CC(=C1)O)O,PubChem,,,,Structure_PubChem,168.148,0.8844,2,4,66.76,12,1,1,,,,,168.148,,C8H8O4,,,,,,,,,,,Trouvé,,,,CID_75077,Methyl Gentisate,"methyl 2,5-dihydroxybenzoate",COC(=O)C1=C(C=CC(=C1)O)O,"InChI=1S/C8H8O4/c1-12-8(11)6-4-5(9)2-3-7(6)10/h2-4,9-10H,1H3",XGDPKUKRQHHZTH-UHFFFAOYSA-N
Diphenylvinylphosphine,Industrial,75083,C14H13P,212.23,3.5,0,0,0.0,C=CP(C1=CC=CC=C1)C2=CC=CC=C2,PubChem,,,,Structure_PubChem,212.232,3.2628,0,0,0.0,15,2,3,,,,,212.232,,C14H13P,,,,,,,,,,,Trouvé,,,,CID_75083,Diphenylvinylphosphine,ethenyl(diphenyl)phosphane,C=CP(C1=CC=CC=C1)C2=CC=CC=C2,"InChI=1S/C14H13P/c1-2-15(13-9-5-3-6-10-13)14-11-7-4-8-12-14/h2-12H,1H2",AJVBXLXLODZUME-UHFFFAOYSA-N
4-Phenoxybenzoic acid,Industrial,75182,C13H10O3,214.22,3.9,1,3,46.5,C1=CC=C(C=C1)OC2=CC=C(C=C2)C(=O)O,PubChem,,,,Structure_PubChem,214.22,3.1771,1,2,46.53,16,2,3,,,,,214.22,,C13H10O3,,,,,,,,,,,Trouvé,,,,CID_75182,4-Phenoxybenzoic acid,4-phenoxybenzoic acid,C1=CC=C(C=C1)OC2=CC=C(C=C2)C(=O)O,"InChI=1S/C13H10O3/c14-13(15)10-6-8-12(9-7-10)16-11-4-2-1-3-5-11/h1-9H,(H,14,15)",RYAQFHLUEMJOMF-UHFFFAOYSA-N
4-Methoxysalicylic Acid,Industrial,75231,C8H8O4,168.15,2.0,2,4,66.8,COC1=CC(=C(C=C1)C(=O)O)O,PubChem,,,,Structure_PubChem,168.148,1.099,2,3,66.76,12,1,2,,,,,168.148,,C8H8O4,,,,,,,,,,,Trouvé,,,,CID_75231,4-Methoxysalicylic Acid,2-hydroxy-4-methoxybenzoic acid,COC1=CC(=C(C=C1)C(=O)O)O,"InChI=1S/C8H8O4/c1-12-5-2-3-6(8(10)11)7(9)4-5/h2-4,9H,1H3,(H,10,11)",MRIXVKKOHPQOFK-UHFFFAOYSA-N
Oxodiphenylstannane,Industrial,75280,C12H10OSn,288.92,,0,1,17.1,C1=CC=C(C=C1)[Sn](=O)C2=CC=CC=C2,PubChem,,,,Structure_PubChem,288.922,1.2228,0,1,17.07,14,2,2,,,,,288.922,,C12H10OSn,,,,,,,,,,,Trouvé,,,,CID_75280,Oxodiphenylstannane,oxo(diphenyl)tin,C1=CC=C(C=C1)[Sn](=O)C2=CC=CC=C2,InChI=1S/2C6H5.O.Sn/c2*1-2-4-6-5-3-1;;/h2*1-5H;;,VPPWQRIBARKZNY-UHFFFAOYSA-N
"Benzene, 1,2-propadienyl-",Industrial,75355,C9H8,116.16,2.6,0,0,0.0,C=C=CC1=CC=CC=C1,PubChem,,,,Structure_PubChem,116.163,2.4847,0,0,0.0,9,1,1,,,,,116.163,,C9H8,,,,,,,,,,,Trouvé,,,,CID_75355,"Benzene, 1,2-propadienyl-","propa-1,2-dienylbenzene",C=C=CC1=CC=CC=C1,"InChI=1S/C9H8/c1-2-6-9-7-4-3-5-8-9/h3-8H,1H2",WEHMXWJFCCNXHJ-UHFFFAOYSA-N
"Methyl 2,3-Dihydroxybenzoate",Industrial,75484,C8H8O4,168.15,1.5,2,4,66.8,COC(=O)C1=C(C(=CC=C1)O)O,PubChem,,,,Structure_PubChem,168.148,0.8844,2,4,66.76,12,1,1,,,,,168.148,,C8H8O4,,,,,,,,,,,Trouvé,,,,CID_75484,"Methyl 2,3-Dihydroxybenzoate","methyl 2,3-dihydroxybenzoate",COC(=O)C1=C(C(=CC=C1)O)O,"InChI=1S/C8H8O4/c1-12-8(11)5-3-2-4-6(9)7(5)10/h2-4,9-10H,1H3",DOAJWTSNTNAEIY-UHFFFAOYSA-N
p-Hydroxyphenyl benzoate,Industrial,75549,C13H10O3,214.22,3.2,1,3,46.5,C1=CC=C(C=C1)C(=O)OC2=CC=C(C=C2)O,PubChem,,,,Structure_PubChem,214.22,2.6114,1,3,46.53,16,2,2,,,,,214.22,,C13H10O3,,,,,,,,,,,Trouvé,,,,CID_75549,p-Hydroxyphenyl benzoate,(4-hydroxyphenyl) benzoate,C1=CC=C(C=C1)C(=O)OC2=CC=C(C=C2)O,"InChI=1S/C13H10O3/c14-11-6-8-12(9-7-11)16-13(15)10-4-2-1-3-5-10/h1-9,14H",JFAXJRJMFOACBO-UHFFFAOYSA-N
m-Fluorobenzenethiol,Industrial,75710,C6H5FS,128.17,2.4,1,2,1.0,C1=CC(=CC(=C1)S)F,PubChem,,,,Structure_PubChem,128.171,2.1144,1,1,0.0,8,1,0,,,,,128.171,,C6H5FS,,,,,,,,,,,Trouvé,,,,CID_75710,m-Fluorobenzenethiol,3-fluorobenzenethiol,C1=CC(=CC(=C1)S)F,"InChI=1S/C6H5FS/c7-5-2-1-3-6(8)4-5/h1-4,8H",ZDEUGINAVLMAET-UHFFFAOYSA-N
5-Methoxysalicylic Acid,Industrial,75787,C8H8O4,168.15,2.5,2,4,66.8,COC1=CC(=C(C=C1)O)C(=O)O,PubChem,,,,Structure_PubChem,168.148,1.099,2,3,66.76,12,1,2,,,,,168.148,,C8H8O4,,,,,,,,,,,Trouvé,,,,CID_75787,5-Methoxysalicylic Acid,2-hydroxy-5-methoxybenzoic acid,COC1=CC(=C(C=C1)O)C(=O)O,"InChI=1S/C8H8O4/c1-12-5-2-3-7(9)6(4-5)8(10)11/h2-4,9H,1H3,(H,10,11)",IZZIWIAOVZOBLF-UHFFFAOYSA-N
3-Chloro-4-fluorophenol,Industrial,75790,C6H4ClFO,146.54,2.4,1,2,20.2,C1=CC(=C(C=C1O)Cl)F,PubChem,,,,Structure_PubChem,146.548,2.1847,1,1,20.23,9,1,0,,,,,146.548,,C6H4ClFO,,,,,,,,,,,Trouvé,,,,CID_75790,3-Chloro-4-fluorophenol,3-chloro-4-fluorophenol,C1=CC(=C(C=C1O)Cl)F,"InChI=1S/C6H4ClFO/c7-5-3-4(9)1-2-6(5)8/h1-3,9H",ZQXLIXHVJVAPLW-UHFFFAOYSA-N
"Stibine, chlorodiphenyl-",Industrial,75822,C12H10ClSb,311.42,,0,0,0.0,C1=CC=C(C=C1)[Sb](C2=CC=CC=C2)Cl,PubChem,,,,Structure_PubChem,311.425,2.0311,0,0,0.0,14,2,2,,,,,311.425,,C12H10ClSb,,,,,,,,,,,Trouvé,,,,CID_75822,"Stibine, chlorodiphenyl-",chloro(diphenyl)stibane,C1=CC=C(C=C1)[Sb](C2=CC=CC=C2)Cl,InChI=1S/2C6H5.ClH.Sb/c2*1-2-4-6-5-3-1;;/h2*1-5H;1H;/q;;;+1/p-1,SSXPEHBFLFUZCU-UHFFFAOYSA-M
"3,4-Difluorophenol",Industrial,75927,C6H4F2O,130.09,2.0,1,3,20.2,C1=CC(=C(C=C1O)F)F,PubChem,,,,Structure_PubChem,130.093,1.6704,1,1,20.23,9,1,0,,,,,130.093,,C6H4F2O,,,,,,,,,,,Trouvé,,,,CID_75927,"3,4-Difluorophenol","3,4-difluorophenol",C1=CC(=C(C=C1O)F)F,"InChI=1S/C6H4F2O/c7-5-2-1-4(9)3-6(5)8/h1-3,9H",BNPWVUJOPCGHIK-UHFFFAOYSA-N
"3,5-Difluorophenol",Industrial,75928,C6H4F2O,130.09,1.8,1,3,20.2,C1=C(C=C(C=C1F)F)O,PubChem,,,,Structure_PubChem,130.093,1.6704,1,1,20.23,9,1,0,,,,,130.093,,C6H4F2O,,,,,,,,,,,Trouvé,,,,CID_75928,"3,5-Difluorophenol","3,5-difluorophenol",C1=C(C=C(C=C1F)F)O,"InChI=1S/C6H4F2O/c7-4-1-5(8)3-6(9)2-4/h1-3,9H",HJSSBIMVTMYKPD-UHFFFAOYSA-N
1-Phenylphosphinedicarbonitrile,Industrial,76276,C8H5N2P,160.11,1.6,0,2,47.6,C1=CC=C(C=C1)P(C#N)C#N,PubChem,,,,Structure_PubChem,160.116,1.756,0,2,47.58,11,1,1,,,,,160.116,,C8H5N2P,,,,,,,,,,,Trouvé,,,,CID_76276,1-Phenylphosphinedicarbonitrile,[cyano(phenyl)phosphanyl]formonitrile,C1=CC=C(C=C1)P(C#N)C#N,InChI=1S/C8H5N2P/c9-6-11(7-10)8-4-2-1-3-5-8/h1-5H,ZPDFSXUZWXUNED-UHFFFAOYSA-N
"4,4'-Diiodo-1,1'-biphenyl",Industrial,76348,C12H8I2,406.0,5.7,0,0,0.0,C1=CC(=CC=C1C2=CC=C(C=C2)I)I,PubChem,,,,Structure_PubChem,406.004,4.5628,0,0,0.0,14,2,1,,,,,406.004,,C12H8I2,,,,,,,,,,,Trouvé,,,,CID_76348,"4,4'-Diiodo-1,1'-biphenyl",1-iodo-4-(4-iodophenyl)benzene,C1=CC(=CC=C1C2=CC=C(C=C2)I)I,InChI=1S/C12H8I2/c13-11-5-1-9(2-6-11)10-3-7-12(14)8-4-10/h1-8H,GPYDMVZCPRONLW-UHFFFAOYSA-N
"2-Propanone, 1-iodo-",Industrial,76396,C3H5IO,183.98,0.6,0,1,17.1,CC(=O)CI,PubChem,,,,Structure_PubChem,183.976,1.0104,0,1,17.07,5,0,1,,,,,183.976,,C3H5IO,,,,,,,,,,,Trouvé,,,,CID_76396,"2-Propanone, 1-iodo-",1-iodopropan-2-one,CC(=O)CI,"InChI=1S/C3H5IO/c1-3(5)2-4/h2H2,1H3",WEFSXBPMNKAUDL-UHFFFAOYSA-N
Phenylsilanetriol,Industrial,76446,C6H8O3Si,156.21,,3,3,60.7,C1=CC=C(C=C1)[Si](O)(O)O,PubChem,,,,Structure_PubChem,156.213,-1.1906,3,3,60.69,10,1,1,,,,,156.213,,C6H8O3Si,,,,,,,,,,,Trouvé,,,,CID_76446,Phenylsilanetriol,trihydroxy(phenyl)silane,C1=CC=C(C=C1)[Si](O)(O)O,"InChI=1S/C6H8O3Si/c7-10(8,9)6-4-2-1-3-5-6/h1-5,7-9H",FCVNATXRSJMIDT-UHFFFAOYSA-N
Trichloroethoxytitanium,Industrial,76560,C2H6Cl3OTi,200.29,,1,1,20.2,CCO.Cl[Ti](Cl)Cl,PubChem,,,,Structure_PubChem,200.295,2.0646,1,1,20.23,7,0,0,,,,,200.295,,C2H6Cl3OTi,,,,,,,,,,,Trouvé,,,,CID_76560,Trichloroethoxytitanium,ethanol;trichlorotitanium,CCO.Cl[Ti](Cl)Cl,"InChI=1S/C2H6O.3ClH.Ti/c1-2-3;;;;/h3H,2H2,1H3;3*1H;/q;;;;+3/p-3",MNLMLEWXCMFNFO-UHFFFAOYSA-K
"Methyl 2,4,6-trihydroxybenzoate",Industrial,76600,C8H8O5,184.15,1.3,3,5,87.0,COC(=O)C1=C(C=C(C=C1O)O)O,PubChem,,,,Structure_PubChem,184.147,0.59,3,5,86.99,13,1,1,,,,,184.147,,C8H8O5,,,,,,,,,,,Trouvé,,,,CID_76600,"Methyl 2,4,6-trihydroxybenzoate","methyl 2,4,6-trihydroxybenzoate",COC(=O)C1=C(C=C(C=C1O)O)O,"InChI=1S/C8H8O5/c1-13-8(12)7-5(10)2-4(9)3-6(7)11/h2-3,9-11H,1H3",AQDIJIAUYXOCGX-UHFFFAOYSA-N
4-Methoxy-gamma-oxobenzenebutanoic acid,Industrial,76613,C11H12O4,208.21,1.4,1,4,63.6,COC1=CC=C(C=C1)C(=O)CCC(=O)O,PubChem,,,,Structure_PubChem,208.213,1.7427,1,3,63.6,15,1,5,,,,,208.213,,C11H12O4,,,,,,,,,,,Trouvé,,,,CID_76613,4-Methoxy-gamma-oxobenzenebutanoic acid,4-(4-methoxyphenyl)-4-oxobutanoic acid,COC1=CC=C(C=C1)C(=O)CCC(=O)O,"InChI=1S/C11H12O4/c1-15-9-4-2-8(3-5-9)10(12)6-7-11(13)14/h2-5H,6-7H2,1H3,(H,13,14)",OMTDIBZSUZNVJK-UHFFFAOYSA-N
Disodium phenyl phosphate,Industrial,76771,C6H5Na2O4P,218.05,,0,4,72.4,C1=CC=C(C=C1)OP(=O)([O-])[O-].[Na+].[Na+],PubChem,,,,Structure_PubChem,218.056,-6.0979,0,4,72.42,13,1,2,,,,,218.056,,C6H5Na2O4P,,,,,,,,,,,Trouvé,,,,CID_76771,Disodium phenyl phosphate,disodium;phenyl phosphate,C1=CC=C(C=C1)OP(=O)([O-])[O-].[Na+].[Na+],"InChI=1S/C6H7O4P.2Na/c7-11(8,9)10-6-4-2-1-3-5-6;;/h1-5H,(H2,7,8,9);;/q;2*+1/p-2",TYJOJLOWRIQYQM-UHFFFAOYSA-L
Phenyl(trichloromethyl)mercury,Industrial,76799,C7H5Cl3Hg,396.1,,0,0,0.0,C1=CC=C(C=C1)[Hg]C(Cl)(Cl)Cl,PubChem,,,,Structure_PubChem,396.066,2.7221,0,0,0.0,11,1,1,,,,,396.066,,C7H5Cl3Hg,,,,,,,,,,,Trouvé,,,,CID_76799,Phenyl(trichloromethyl)mercury,phenyl(trichloromethyl)mercury,C1=CC=C(C=C1)[Hg]C(Cl)(Cl)Cl,InChI=1S/C6H5.CCl3.Hg/c1-2-4-6-5-3-1;2-1(3)4;/h1-5H;;,MVIAEGXPYBMVPT-UHFFFAOYSA-N
Phenyl(tribromomethyl)mercury,Industrial,76801,C7H5Br3Hg,529.42,,0,0,0.0,C1=CC=C(C=C1)[Hg]C(Br)(Br)Br,PubChem,,,,Structure_PubChem,529.419,3.1904,0,0,0.0,11,1,1,,,,,529.419,,C7H5Br3Hg,,,,,,,,,,,Trouvé,,,,CID_76801,Phenyl(tribromomethyl)mercury,phenyl(tribromomethyl)mercury,C1=CC=C(C=C1)[Hg]C(Br)(Br)Br,InChI=1S/C6H5.CBr3.Hg/c1-2-4-6-5-3-1;2-1(3)4;/h1-5H;;,PLHSKXBFZPAQOD-UHFFFAOYSA-N
4-Allyltoluene,Industrial,76851,C10H12,132.2,3.4,0,0,0.0,CC1=CC=C(C=C1)CC=C,PubChem,,,,Structure_PubChem,132.206,2.7235,0,0,0.0,10,1,2,,,,,132.206,,C10H12,,,,,,,,,,,Trouvé,,,,CID_76851,4-Allyltoluene,1-methyl-4-prop-2-enylbenzene,CC1=CC=C(C=C1)CC=C,"InChI=1S/C10H12/c1-3-4-10-7-5-9(2)6-8-10/h3,5-8H,1,4H2,2H3",WAEOXIOXMKNFLQ-UHFFFAOYSA-N
"1,3-Diisopropenylbenzene",Industrial,77353,C12H14,158.24,4.9,0,0,0.0,CC(=C)C1=CC(=CC=C1)C(=C)C,PubChem,,,,Structure_PubChem,158.244,3.7528,0,0,0.0,12,1,2,,,,,158.244,,C12H14,,,,,,,,,,,Trouvé,,,,CID_77353,"1,3-Diisopropenylbenzene","1,3-bis(prop-1-en-2-yl)benzene",CC(=C)C1=CC(=CC=C1)C(=C)C,"InChI=1S/C12H14/c1-9(2)11-6-5-7-12(8-11)10(3)4/h5-8H,1,3H2,2,4H3",IBVPVTPPYGGAEL-UHFFFAOYSA-N
3-Acetylcoumarin,Industrial,77553,C11H8O3,188.18,1.8,0,3,43.4,CC(=O)C1=CC2=CC=CC=C2OC1=O,PubChem,,,,Structure_PubChem,188.182,1.9956,0,3,47.28,14,2,1,,,,,188.182,,C11H8O3,,,,,,,,,,,Trouvé,,,,CID_77553,3-Acetylcoumarin,3-acetylchromen-2-one,CC(=O)C1=CC2=CC=CC=C2OC1=O,"InChI=1S/C11H8O3/c1-7(12)9-6-8-4-2-3-5-10(8)14-11(9)13/h2-6H,1H3",CSPIFKKOBWYOEX-UHFFFAOYSA-N
Dichloroethoxytitanium,Industrial,77674,C2H6Cl2OTi,164.84,,1,1,20.2,CCO.Cl[Ti]Cl,PubChem,,,,Structure_PubChem,164.842,1.3751,1,1,20.23,6,0,0,,,,,164.842,,C2H6Cl2OTi,,,,,,,,,,,Trouvé,,,,CID_77674,Dichloroethoxytitanium,dichlorotitanium;ethanol,CCO.Cl[Ti]Cl,"InChI=1S/C2H6O.2ClH.Ti/c1-2-3;;;/h3H,2H2,1H3;2*1H;/q;;;+2/p-2",SZHZJPYNAORVRP-UHFFFAOYSA-L
4'-Methoxyflavone,Industrial,77793,C16H12O3,252.26,3.5,0,3,35.5,COC1=CC=C(C=C1)C2=CC(=O)C3=CC=CC=C3O2,PubChem,,,,Structure_PubChem,252.269,3.4686,0,3,39.44,19,3,2,,,,,252.269,77793.0,C16H12O3,252.26,3.5,0.0,3.0,35.5,19.0,,2.0,COC1=CC=C(C=C1)C2=CC(=O)C3=CC=CC=C3O2,2-(4-methoxyphenyl)chromen-4-one,Trouvé,19.0,3.0,2.0,CID_77793,4'-Methoxyflavone,2-(4-methoxyphenyl)chromen-4-one,COC1=CC=C(C=C1)C2=CC(=O)C3=CC=CC=C3O2,"InChI=1S/C16H12O3/c1-18-12-8-6-11(7-9-12)16-10-14(17)13-4-2-3-5-15(13)19-16/h2-10H,1H3",OMICQBVLCVRFGN-UHFFFAOYSA-N
Chloro-phenyl-silane,Industrial,77878,C6H7ClSi,142.66,,0,0,0.0,C1=CC=C(C=C1)[SiH2]Cl,PubChem,,,,Structure_PubChem,142.661,0.6345,0,0,0.0,8,1,1,,,,,142.661,,C6H7ClSi,,,,,,,,,,,Trouvé,,,,CID_77878,Chloro-phenyl-silane,chloro(phenyl)silane,C1=CC=C(C=C1)[SiH2]Cl,"InChI=1S/C6H7ClSi/c7-8-6-4-2-1-3-5-6/h1-5H,8H2",NBWIIOQJUKRLKW-UHFFFAOYSA-N
4-Iodo-m-xylene,Industrial,77885,C8H9I,232.06,3.3,0,0,0.0,CC1=CC(=C(C=C1)I)C,PubChem,,,,Structure_PubChem,232.064,2.908,0,0,0.0,9,1,0,,,,,232.064,,C8H9I,,,,,,,,,,,Trouvé,,,,CID_77885,4-Iodo-m-xylene,"1-iodo-2,4-dimethylbenzene",CC1=CC(=C(C=C1)I)C,"InChI=1S/C8H9I/c1-6-3-4-8(9)7(2)5-6/h3-5H,1-2H3",BUNKQJAMHYKQIM-UHFFFAOYSA-N
Methyl phenyl selenide,Industrial,78050,C7H8Se,171.11,,0,0,0.0,C[Se]C1=CC=CC=C1,PubChem,,,,Structure_PubChem,171.101,1.0642,0,0,0.0,8,1,1,,,,,171.101,,C7H8Se,,,,,,,,,,,Trouvé,,,,CID_78050,Methyl phenyl selenide,methylselanylbenzene,C[Se]C1=CC=CC=C1,"InChI=1S/C7H8Se/c1-8-7-5-3-2-4-6-7/h2-6H,1H3",CMWZAOHBWAWUGF-UHFFFAOYSA-N
Cresopirine,Industrial,78094,C10H10O4,194.18,1.6,1,4,63.6,CC1=C(C(=CC=C1)C(=O)O)OC(=O)C,PubChem,,,,Structure_PubChem,194.186,1.6185,1,3,63.6,14,1,2,,,,,194.186,,C10H10O4,,,,,,,,,,,Trouvé,,,,CID_78094,Cresopirine,2-acetyloxy-3-methylbenzoic acid,CC1=C(C(=CC=C1)C(=O)O)OC(=O)C,"InChI=1S/C10H10O4/c1-6-4-3-5-8(10(12)13)9(6)14-7(2)11/h3-5H,1-2H3,(H,12,13)",XRBMKGUDDJPAMH-UHFFFAOYSA-N
2-Phenylethanethiol,Industrial,78126,C8H10S,138.23,2.6,1,1,1.0,C1=CC=C(C=C1)CCS,PubChem,,,,Structure_PubChem,138.235,2.1589,1,1,0.0,9,1,2,,,,,138.235,,C8H10S,,,,,,,,,,,Trouvé,,,,CID_78126,2-Phenylethanethiol,2-phenylethanethiol,C1=CC=C(C=C1)CCS,"InChI=1S/C8H10S/c9-7-6-8-4-2-1-3-5-8/h1-5,9H,6-7H2",ZMRFRBHYXOQLDK-UHFFFAOYSA-N
4-Methylbenzyl mercaptan,Industrial,78252,C8H10S,138.23,2.6,1,1,1.0,CC1=CC=C(C=C1)CS,PubChem,,,,Structure_PubChem,138.235,2.4248,1,1,0.0,9,1,1,,,,,138.235,,C8H10S,,,,,,,,,,,Trouvé,,,,CID_78252,4-Methylbenzyl mercaptan,(4-methylphenyl)methanethiol,CC1=CC=C(C=C1)CS,"InChI=1S/C8H10S/c1-7-2-4-8(6-9)5-3-7/h2-5,9H,6H2,1H3",AGFYZLVFPSGUIX-UHFFFAOYSA-N
Diphenyldiarsenic acid,Industrial,78277,C12H10As2,304.05,,0,0,0.0,C1=CC=C(C=C1)[As]=[As]C2=CC=CC=C2,PubChem,,,,Structure_PubChem,304.056,0.9608,0,0,0.0,14,2,2,,,,,304.056,,C12H10As2,,,,,,,,,,,Trouvé,,,,CID_78277,Diphenyldiarsenic acid,phenyl(phenylarsanylidene)arsane,C1=CC=C(C=C1)[As]=[As]C2=CC=CC=C2,InChI=1S/C12H10As2/c1-3-7-11(8-4-1)13-14-12-9-5-2-6-10-12/h1-10H,AWYSLGMLVOSVIS-UHFFFAOYSA-N
"Benzeneacetic acid, 4-ethoxy-",Industrial,78631,C10H12O3,180.2,1.9,1,3,46.5,CCOC1=CC=C(C=C1)CC(=O)O,PubChem,,,,Structure_PubChem,180.203,1.7124,1,2,46.53,13,1,4,,,,,180.203,,C10H12O3,,,,,,,,,,,Trouvé,,,,CID_78631,"Benzeneacetic acid, 4-ethoxy-",2-(4-ethoxyphenyl)acetic acid,CCOC1=CC=C(C=C1)CC(=O)O,"InChI=1S/C10H12O3/c1-2-13-9-5-3-8(4-6-9)7-10(11)12/h3-6H,2,7H2,1H3,(H,11,12)",ZVVWZNFSMIFGEP-UHFFFAOYSA-N
"Sodium, 2,4-cyclopentadien-1-yl-",Industrial,78681,C5H5Na,88.08,,0,1,0.0,[CH-]1C=CC=C1.[Na+],PubChem,,,,Structure_PubChem,88.085,-1.5905,0,0,0.0,6,1,0,,,,,88.085,,C5H5Na,,,,,,,,,,,Trouvé,,,,CID_78681,"Sodium, 2,4-cyclopentadien-1-yl-","sodium cyclopenta-1,3-diene",[CH-]1C=CC=C1.[Na+],InChI=1S/C5H5.Na/c1-2-4-5-3-1;/h1-5H;/q-1;+1,OHUVHDUNQKJDKW-UHFFFAOYSA-N
Monocyclopentadienyltitanium trichloride,Industrial,79152,C5H5Cl3Ti,219.31,,0,1,0.0,[CH-]1C=CC=C1.Cl[Ti+](Cl)Cl,PubChem,,,,Structure_PubChem,219.321,3.4715,0,0,0.0,9,1,0,,,,,219.321,,C5H5Cl3Ti,,,,,,,,,,,Trouvé,,,,CID_79152,Monocyclopentadienyltitanium trichloride,"cyclopenta-1,3-diene;trichlorotitanium(1+)",[CH-]1C=CC=C1.Cl[Ti+](Cl)Cl,InChI=1S/C5H5.3ClH.Ti/c1-2-4-5-3-1;;;;/h1-5H;3*1H;/q-1;;;;+4/p-3,QOXHZZQZTIGPEV-UHFFFAOYSA-K
Tris(4-methylphenyl)stibine,Industrial,79371,C21H21Sb,395.2,,0,0,0.0,CC1=CC=C(C=C1)[Sb](C2=CC=C(C=C2)C)C3=CC=C(C=C3)C,PubChem,,,,Structure_PubChem,395.159,3.1281,0,0,0.0,22,3,3,,,,,395.159,,C21H21Sb,,,,,,,,,,,Trouvé,,,,CID_79371,Tris(4-methylphenyl)stibine,tris(4-methylphenyl)stibane,CC1=CC=C(C=C1)[Sb](C2=CC=C(C=C2)C)C3=CC=C(C=C3)C,"InChI=1S/3C7H7.Sb/c3*1-7-5-3-2-4-6-7;/h3*3-6H,1H3;",ABFAUGNOBBCFOA-UHFFFAOYSA-N
Methyl 4-methoxysalicylate,Industrial,79523,C9H10O4,182.17,2.4,1,4,55.8,COC1=CC(=C(C=C1)C(=O)OC)O,PubChem,,,,Structure_PubChem,182.175,1.1874,1,4,55.76,13,1,2,,,,,182.175,,C9H10O4,,,,,,,,,,,Trouvé,,,,CID_79523,Methyl 4-methoxysalicylate,methyl 2-hydroxy-4-methoxybenzoate,COC1=CC(=C(C=C1)C(=O)OC)O,"InChI=1S/C9H10O4/c1-12-6-3-4-7(8(10)5-6)9(11)13-2/h3-5,10H,1-2H3",ZICRWXFGZCVTBZ-UHFFFAOYSA-N
3-Ethylbiphenyl,Industrial,79752,C14H14,182.26,4.3,0,0,0.0,CCC1=CC(=CC=C1)C2=CC=CC=C2,PubChem,,,,Structure_PubChem,182.266,3.916,0,0,0.0,14,2,2,,,,,182.266,,C14H14,,,,,,,,,,,Trouvé,,,,CID_79752,3-Ethylbiphenyl,1-ethyl-3-phenylbenzene,CCC1=CC(=CC=C1)C2=CC=CC=C2,"InChI=1S/C14H14/c1-2-12-7-6-10-14(11-12)13-8-4-3-5-9-13/h3-11H,2H2,1H3",HUXKTWJQSHBZIV-UHFFFAOYSA-N
4-Ethylbiphenyl,Industrial,79786,C14H14,182.26,5.1,0,0,0.0,CCC1=CC=C(C=C1)C2=CC=CC=C2,PubChem,,,,Structure_PubChem,182.266,3.916,0,0,0.0,14,2,2,,,,,182.266,,C14H14,,,,,,,,,,,Trouvé,,,,CID_79786,4-Ethylbiphenyl,1-ethyl-4-phenylbenzene,CCC1=CC=C(C=C1)C2=CC=CC=C2,"InChI=1S/C14H14/c1-2-12-8-10-14(11-9-12)13-6-4-3-5-7-13/h3-11H,2H2,1H3",SRQOBNUBCLPPPH-UHFFFAOYSA-N
Tolylboronic acid,Industrial,79799,C7H9BO2,135.96,,2,2,40.5,B(C1=CC=C(C=C1)C)(O)O,PubChem,,,,Structure_PubChem,135.959,-0.3252,2,2,40.46,10,1,1,,,,,135.959,,C7H9BO2,,,,,,,,,,,Trouvé,,,,CID_79799,Tolylboronic acid,(4-methylphenyl)boronic acid,B(C1=CC=C(C=C1)C)(O)O,"InChI=1S/C7H9BO2/c1-6-2-4-7(5-3-6)8(9)10/h2-5,9-10H,1H3",BIWQNIMLAISTBV-UHFFFAOYSA-N
Ammonium phenolate,Industrial,80075,C6H9NO,111.14,,1,1,24.1,C1=CC=C(C=C1)[O-].[NH4+],PubChem,,,,Structure_PubChem,111.144,1.1364,1,1,59.56,8,1,0,,,,,111.144,,C6H9NO,,,,,,,,,,,Trouvé,,,,CID_80075,Ammonium phenolate,azanium phenoxide,C1=CC=C(C=C1)[O-].[NH4+],"InChI=1S/C6H6O.H3N/c7-6-4-2-1-3-5-6;/h1-5,7H;1H3",XABJJJZIQNZSIM-UHFFFAOYSA-N
Phloroglucinol dihydrate,Industrial,80196,C6H10O5,162.14,,5,5,62.7,C1=C(C=C(C=C1O)O)O.O.O,PubChem,,,,Structure_PubChem,162.141,-0.846,3,3,123.69,11,1,0,,,,,162.141,,C6H10O5,,,,,,,,,,,Trouvé,,,,CID_80196,Phloroglucinol dihydrate,"benzene-1,3,5-triol;dihydrate",C1=C(C=C(C=C1O)O)O.O.O,"InChI=1S/C6H6O3.2H2O/c7-4-1-5(8)3-6(9)2-4;;/h1-3,7-9H;2*1H2",MPYXTIHPALVENR-UHFFFAOYSA-N
"Benzoic acid, 2-hydroxy-4-methoxy-6-methyl-, ethyl ester",Industrial,80201,C11H14O4,210.23,2.7,1,4,55.8,CCOC(=O)C1=C(C=C(C=C1C)OC)O,PubChem,,,,Structure_PubChem,210.229,1.8859,1,4,55.76,15,1,3,,,,,210.229,,C11H14O4,,,,,,,,,,,Trouvé,,,,CID_80201,"Benzoic acid, 2-hydroxy-4-methoxy-6-methyl-, ethyl ester",ethyl 2-hydroxy-4-methoxy-6-methylbenzoate,CCOC(=O)C1=C(C=C(C=C1C)OC)O,"InChI=1S/C11H14O4/c1-4-15-11(13)10-7(2)5-8(14-3)6-9(10)12/h5-6,12H,4H2,1-3H3",PJOOIAZRUIIQMU-UHFFFAOYSA-N
Tri-o-tolylphosphine,Industrial,80271,C21H21P,304.4,5.7,0,0,0.0,CC1=CC=CC=C1P(C2=CC=CC=C2C)C3=CC=CC=C3C,PubChem,,,,Structure_PubChem,304.373,4.3701,0,0,0.0,22,3,3,,,,,304.373,,C21H21P,,,,,,,,,,,Trouvé,,,,CID_80271,Tri-o-tolylphosphine,tris(2-methylphenyl)phosphane,CC1=CC=CC=C1P(C2=CC=CC=C2C)C3=CC=CC=C3C,"InChI=1S/C21H21P/c1-16-10-4-7-13-19(16)22(20-14-8-5-11-17(20)2)21-15-9-6-12-18(21)3/h4-15H,1-3H3",COIOYMYWGDAQPM-UHFFFAOYSA-N
Fluoro(2H5)benzene,Industrial,80279,C6H5F,101.13,2.3,0,1,0.0,[2H]C1=C(C(=C(C(=C1[2H])[2H])F)[2H])[2H],PubChem,,,,Structure_PubChem,101.1345,1.8257,0,0,0.0,7,1,0,,,,,101.1345,,C6H5F,,,,,,,,,,,Trouvé,,,,CID_80279,Fluoro(2H5)benzene,"1,2,3,4,5-pentadeuterio-6-fluorobenzene",[2H]C1=C(C(=C(C(=C1[2H])[2H])F)[2H])[2H],"InChI=1S/C6H5F/c7-6-4-2-1-3-5-6/h1-5H/i1D,2D,3D,4D,5D",PYLWMHQQBFSUBP-RALIUCGRSA-N
4-Phenethylphenol,Industrial,80630,C14H14O,198.26,4.4,1,1,20.2,C1=CC=C(C=C1)CCC2=CC=C(C=C2)O,PubChem,,,,Structure_PubChem,198.265,3.1774,1,1,20.23,15,2,3,,,,,198.265,,C14H14O,,,,,,,,,,,Trouvé,,,,CID_80630,4-Phenethylphenol,4-(2-phenylethyl)phenol,C1=CC=C(C=C1)CCC2=CC=C(C=C2)O,"InChI=1S/C14H14O/c15-14-10-8-13(9-11-14)7-6-12-4-2-1-3-5-12/h1-5,8-11,15H,6-7H2",YTLSTADDHMJUMW-UHFFFAOYSA-N
"1,1'-(1,1-Dimethyl-3-methylene-1,3-propanediyl)bisbenzene",Industrial,80715,C18H20,236.4,6.0,0,0,0.0,CC(C)(CC(=C)C1=CC=CC=C1)C2=CC=CC=C2,PubChem,,,,Structure_PubChem,236.358,5.0677,0,0,0.0,18,2,4,,,,,236.358,,C18H20,,,,,,,,,,,Trouvé,,,,CID_80715,"1,1'-(1,1-Dimethyl-3-methylene-1,3-propanediyl)bisbenzene",(2-methyl-4-phenylpent-4-en-2-yl)benzene,CC(C)(CC(=C)C1=CC=CC=C1)C2=CC=CC=C2,"InChI=1S/C18H20/c1-15(16-10-6-4-7-11-16)14-18(2,3)17-12-8-5-9-13-17/h4-13H,1,14H2,2-3H3",ZOKCNEIWFQCSCM-UHFFFAOYSA-N
"Phosphine, dibutylphenyl-",Industrial,80757,C14H23P,222.31,4.0,0,0,0.0,CCCCP(CCCC)C1=CC=CC=C1,PubChem,,,,Structure_PubChem,222.312,4.394,0,0,0.0,15,1,7,,,,,222.312,,C14H23P,,,,,,,,,,,Trouvé,,,,CID_80757,"Phosphine, dibutylphenyl-",dibutyl(phenyl)phosphane,CCCCP(CCCC)C1=CC=CC=C1,"InChI=1S/C14H23P/c1-3-5-12-15(13-6-4-2)14-10-8-7-9-11-14/h7-11H,3-6,12-13H2,1-2H3",ORICWOYODJGJMY-UHFFFAOYSA-N
"Arsonous diiodide, As-phenyl-",Industrial,80793,C6H5AsI2,405.83,,0,0,0.0,C1=CC=C(C=C1)[As](I)I,PubChem,,,,Structure_PubChem,405.836,2.2518,0,0,0.0,9,1,1,,,,,405.836,,C6H5AsI2,,,,,,,,,,,Trouvé,,,,CID_80793,"Arsonous diiodide, As-phenyl-",diiodo(phenyl)arsane,C1=CC=C(C=C1)[As](I)I,InChI=1S/C6H5AsI2/c8-7(9)6-4-2-1-3-5-6/h1-5H,IZGYEHWMAUNJHX-UHFFFAOYSA-N
"2,3-Difluorophenol",Industrial,80879,C6H4F2O,130.09,1.8,1,3,20.2,C1=CC(=C(C(=C1)F)F)O,PubChem,,,,Structure_PubChem,130.093,1.6704,1,1,20.23,9,1,0,,,,,130.093,,C6H4F2O,,,,,,,,,,,Trouvé,,,,CID_80879,"2,3-Difluorophenol","2,3-difluorophenol",C1=CC(=C(C(=C1)F)F)O,"InChI=1S/C6H4F2O/c7-4-2-1-3-5(9)6(4)8/h1-3,9H",RPEPGIOVXBBUMJ-UHFFFAOYSA-N
Dibutyldiphenylstannane,Industrial,80932,C20H28Sn,387.1,,0,0,0.0,CCCC[Sn](CCCC)(C1=CC=CC=C1)C2=CC=CC=C2,PubChem,,,,Structure_PubChem,387.155,4.8498,0,0,0.0,21,2,8,,,,,387.155,,C20H28Sn,,,,,,,,,,,Trouvé,,,,CID_80932,Dibutyldiphenylstannane,dibutyl(diphenyl)stannane,CCCC[Sn](CCCC)(C1=CC=CC=C1)C2=CC=CC=C2,"InChI=1S/2C6H5.2C4H9.Sn/c2*1-2-4-6-5-3-1;2*1-3-4-2;/h2*1-5H;2*1,3-4H2,2H3;",DTYWIPLKZHQUMW-UHFFFAOYSA-N
Benzylphosphonic Acid,Industrial,81312,C7H9O3P,172.12,-0.1,2,3,57.5,C1=CC=C(C=C1)CP(=O)(O)O,PubChem,,,,Structure_PubChem,172.12,1.3643,2,1,57.53,11,1,2,,,,,172.12,,C7H9O3P,,,,,,,,,,,Trouvé,,,,CID_81312,Benzylphosphonic Acid,benzylphosphonic acid,C1=CC=C(C=C1)CP(=O)(O)O,"InChI=1S/C7H9O3P/c8-11(9,10)6-7-4-2-1-3-5-7/h1-5H,6H2,(H2,8,9,10)",OGBVRMYSNSKIEF-UHFFFAOYSA-N
Ethyl 2-Methoxybenzoate,Industrial,81784,C10H12O3,180.2,2.4,0,3,35.5,CCOC(=O)C1=CC=CC=C1OC,PubChem,,,,Structure_PubChem,180.203,1.8719,0,3,35.53,13,1,3,,,,,180.203,,C10H12O3,,,,,,,,,,,Trouvé,,,,CID_81784,Ethyl 2-Methoxybenzoate,ethyl 2-methoxybenzoate,CCOC(=O)C1=CC=CC=C1OC,"InChI=1S/C10H12O3/c1-3-13-10(11)8-6-4-5-7-9(8)12-2/h4-7H,3H2,1-2H3",FNODWEPAWIJGPM-UHFFFAOYSA-N
p-tert-Butylethylbenzene,Industrial,81828,C12H18,162.27,4.4,0,0,0.0,CCC1=CC=C(C=C1)C(C)(C)C,PubChem,,,,Structure_PubChem,162.276,3.5465,0,0,0.0,12,1,1,,,,,162.276,,C12H18,,,,,,,,,,,Trouvé,,,,CID_81828,p-tert-Butylethylbenzene,1-tert-butyl-4-ethylbenzene,CCC1=CC=C(C=C1)C(C)(C)C,"InChI=1S/C12H18/c1-5-10-6-8-11(9-7-10)12(2,3)4/h6-9H,5H2,1-4H3",OYBFKZHDPTTWGE-UHFFFAOYSA-N
"Benzene, (dichloroethenylsilyl)-",Industrial,82138,C8H8Cl2Si,203.14,,0,0,0.0,C=C[Si](C1=CC=CC=C1)(Cl)Cl,PubChem,,,,Structure_PubChem,203.144,2.5386,0,0,0.0,11,1,2,,,,,203.144,,C8H8Cl2Si,,,,,,,,,,,Trouvé,,,,CID_82138,"Benzene, (dichloroethenylsilyl)-",dichloro-ethenyl-phenylsilane,C=C[Si](C1=CC=CC=C1)(Cl)Cl,"InChI=1S/C8H8Cl2Si/c1-2-11(9,10)8-6-4-3-5-7-8/h2-7H,1H2",QDASGLPLQWLMSJ-UHFFFAOYSA-N
"Benzene, (dichloro-2-propen-1-ylsilyl)-",Industrial,82139,C9H10Cl2Si,217.16,,0,0,0.0,C=CC[Si](C1=CC=CC=C1)(Cl)Cl,PubChem,,,,Structure_PubChem,217.171,2.9994,0,0,0.0,12,1,3,,,,,217.171,,C9H10Cl2Si,,,,,,,,,,,Trouvé,,,,CID_82139,"Benzene, (dichloro-2-propen-1-ylsilyl)-",dichloro-phenyl-prop-2-enylsilane,C=CC[Si](C1=CC=CC=C1)(Cl)Cl,"InChI=1S/C9H10Cl2Si/c1-2-8-12(10,11)9-6-4-3-5-7-9/h2-7H,1,8H2",IGFFTOVGRACDBL-UHFFFAOYSA-N
3-(4-Hydroxyphenyl)propanol,Industrial,82452,C9H12O2,152.19,1.3,2,2,40.5,C1=CC(=CC=C1CCCO)O,PubChem,,,,Structure_PubChem,152.193,1.3171,2,2,40.46,11,1,3,,,,,152.193,,C9H12O2,,,,,,,,,,,Trouvé,,,,CID_82452,3-(4-Hydroxyphenyl)propanol,4-(3-hydroxypropyl)phenol,C1=CC(=CC=C1CCCO)O,"InChI=1S/C9H12O2/c10-7-1-2-8-3-5-9(11)6-4-8/h3-6,10-11H,1-2,7H2",NJCVPQRHRKYSAZ-UHFFFAOYSA-N
p-Acetylphenyl acetate,Industrial,83063,C10H10O3,178.18,1.3,0,3,43.4,CC(=O)C1=CC=C(C=C1)OC(=O)C,PubChem,,,,Structure_PubChem,178.187,1.8145,0,3,43.37,13,1,2,,,,,178.187,,C10H10O3,,,,,,,,,,,Trouvé,,,,CID_83063,p-Acetylphenyl acetate,(4-acetylphenyl) acetate,CC(=O)C1=CC=C(C=C1)OC(=O)C,"InChI=1S/C10H10O3/c1-7(11)9-3-5-10(6-4-9)13-8(2)12/h3-6H,1-2H3",SMIOEQSLJNNKQF-UHFFFAOYSA-N
"1,1'-(1,2-Phenylene)bis(1,1-dimethylarsine)",Industrial,83261,C10H16As2,286.08,,0,0,0.0,C[As](C)C1=CC=CC=C1[As](C)C,PubChem,,,,Structure_PubChem,286.082,1.6094,0,0,0.0,12,1,2,,,,,286.082,,C10H16As2,,,,,,,,,,,Trouvé,,,,CID_83261,"1,1'-(1,2-Phenylene)bis(1,1-dimethylarsine)",(2-dimethylarsanylphenyl)-dimethylarsane,C[As](C)C1=CC=CC=C1[As](C)C,"InChI=1S/C10H16As2/c1-11(2)9-7-5-6-8-10(9)12(3)4/h5-8H,1-4H3",HUBWRAMPQVYBRS-UHFFFAOYSA-N
2-Prop-1-enyl-p-cymene,Industrial,84398,C13H18,174.28,4.4,0,0,0.0,CC=CC1=C(C=CC(=C1)C(C)C)C,PubChem,,,,Structure_PubChem,174.287,4.1515,0,0,0.0,13,1,2,,,,,174.287,,C13H18,,,,,,,,,,,Trouvé,,,,CID_84398,2-Prop-1-enyl-p-cymene,1-methyl-4-propan-2-yl-2-prop-1-enylbenzene,CC=CC1=C(C=CC(=C1)C(C)C)C,"InChI=1S/C13H18/c1-5-6-13-9-12(10(2)3)8-7-11(13)4/h5-10H,1-4H3",IRICXAFZMINCTB-UHFFFAOYSA-N
"Benzene, 1-ethyl-3,5-bis(1-methylethyl)-",Industrial,84820,C14H22,190.32,5.0,0,0,0.0,CCC1=CC(=CC(=C1)C(C)C)C(C)C,PubChem,,,,Structure_PubChem,190.33,4.4958,0,0,0.0,14,1,3,,,,,190.33,,C14H22,,,,,,,,,,,Trouvé,,,,CID_84820,"Benzene, 1-ethyl-3,5-bis(1-methylethyl)-","1-ethyl-3,5-di(propan-2-yl)benzene",CCC1=CC(=CC(=C1)C(C)C)C(C)C,"InChI=1S/C14H22/c1-6-12-7-13(10(2)3)9-14(8-12)11(4)5/h7-11H,6H2,1-5H3",HWWKORYFZUHZKW-UHFFFAOYSA-N
p-Fluorotoluene-alpha-thiol,Industrial,85171,C7H7FS,142.2,2.3,1,2,1.0,C1=CC(=CC=C1CS)F,PubChem,,,,Structure_PubChem,142.198,2.2555,1,1,0.0,9,1,1,,,,,142.198,,C7H7FS,,,,,,,,,,,Trouvé,,,,CID_85171,p-Fluorotoluene-alpha-thiol,(4-fluorophenyl)methanethiol,C1=CC(=CC=C1CS)F,"InChI=1S/C7H7FS/c8-7-3-1-6(5-9)2-4-7/h1-4,9H,5H2",RKTRHMNWVZRZJQ-UHFFFAOYSA-N
Cuparene,Industrial,86895,C15H22,202.33,5.5,0,0,0.0,CC1=CC=C(C=C1)[C@@]2(CCCC2(C)C)C,PubChem,,,,Structure_PubChem,202.341,4.4628,0,0,0.0,15,2,1,,,,,202.341,,C15H22,,,,,,,,,,,Trouvé,,,,CID_86895,Cuparene,"1-methyl-4-[(1R)-1,2,2-trimethylcyclopentyl]benzene",CC1=CC=C(C=C1)[C@@]2(CCCC2(C)C)C,"InChI=1S/C15H22/c1-12-6-8-13(9-7-12)15(4)11-5-10-14(15,2)3/h6-9H,5,10-11H2,1-4H3/t15-/m0/s1",SLKPBCXNFNIJSV-HNNXBMFYSA-N
Vinylmethyl(phenyl)chlorosilane,Industrial,87042,C9H11ClSi,182.72,,0,0,0.0,C[Si](C=C)(C1=CC=CC=C1)Cl,PubChem,,,,Structure_PubChem,182.726,2.4329,0,0,0.0,11,1,2,,,,,182.726,,C9H11ClSi,,,,,,,,,,,Trouvé,,,,CID_87042,Vinylmethyl(phenyl)chlorosilane,chloro-ethenyl-methyl-phenylsilane,C[Si](C=C)(C1=CC=CC=C1)Cl,"InChI=1S/C9H11ClSi/c1-3-11(2,10)9-7-5-4-6-8-9/h3-8H,1H2,2H3",GSXJAPJSIVGONK-UHFFFAOYSA-N
Phenylparaben,Industrial,87250,C13H10O3,214.22,3.2,1,3,46.5,C1=CC=C(C=C1)OC(=O)C2=CC=C(C=C2)O,PubChem,,,,Structure_PubChem,214.22,2.6114,1,3,46.53,16,2,2,,,,,214.22,,C13H10O3,,,,,,,,,,,Trouvé,,,,CID_87250,Phenylparaben,phenyl 4-hydroxybenzoate,C1=CC=C(C=C1)OC(=O)C2=CC=C(C=C2)O,"InChI=1S/C13H10O3/c14-11-8-6-10(7-9-11)13(15)16-12-4-2-1-3-5-12/h1-9,14H",GJLNWLVPAHNBQN-UHFFFAOYSA-N
Phenylseleninyl benzeneseleninate,Industrial,87253,C12H10O3Se2,360.1,,0,3,43.4,C1=CC=C(C=C1)[Se](=O)O[Se](=O)C2=CC=CC=C2,PubChem,,,,Structure_PubChem,360.129,0.6548,0,3,43.37,17,2,4,,,,,360.129,,C12H10O3Se2,,,,,,,,,,,Trouvé,,,,CID_87253,Phenylseleninyl benzeneseleninate,phenylseleninyl benzeneseleninate,C1=CC=C(C=C1)[Se](=O)O[Se](=O)C2=CC=CC=C2,InChI=1S/C12H10O3Se2/c13-16(11-7-3-1-4-8-11)15-17(14)12-9-5-2-6-10-12/h1-10H,FHPZOWOEILXXBD-UHFFFAOYSA-N
(2H8)Styrene,Industrial,88025,C8H8,112.2,2.9,0,0,0.0,[2H]C1=C(C(=C(C(=C1[2H])[2H])C(=C([2H])[2H])[2H])[2H])[2H],PubChem,,,,Structure_PubChem,112.2008,2.3296,0,0,0.0,8,1,1,,,,,112.2008,,C8H8,,,,,,,,,,,Trouvé,,,,CID_88025,(2H8)Styrene,"1,2,3,4,5-pentadeuterio-6-(1,2,2-trideuterioethenyl)benzene",[2H]C1=C(C(=C(C(=C1[2H])[2H])C(=C([2H])[2H])[2H])[2H])[2H],"InChI=1S/C8H8/c1-2-8-6-4-3-5-7-8/h2-7H,1H2/i1D2,2D,3D,4D,5D,6D,7D",PPBRXRYQALVLMV-GDALLCCDSA-N
m-Pentylphenol,Industrial,88345,C11H16O,164.24,4.0,1,1,20.2,CCCCCC1=CC(=CC=C1)O,PubChem,,,,Structure_PubChem,164.248,3.1249,1,1,20.23,12,1,4,,,,,164.248,,C11H16O,,,,,,,,,,,Trouvé,,,,CID_88345,m-Pentylphenol,3-pentylphenol,CCCCCC1=CC(=CC=C1)O,"InChI=1S/C11H16O/c1-2-3-4-6-10-7-5-8-11(12)9-10/h5,7-9,12H,2-4,6H2,1H3",LWZQGUMHXPGQAF-UHFFFAOYSA-N
Diphenylthioxostannane,Industrial,88492,C12H10SSn,304.98,,0,1,32.1,C1=CC=C(C=C1)[Sn](=S)C2=CC=CC=C2,PubChem,,,,Structure_PubChem,304.99,1.9898,0,1,0.0,14,2,2,,,,,304.99,,C12H10SSn,,,,,,,,,,,Trouvé,,,,CID_88492,Diphenylthioxostannane,diphenyl(sulfanylidene)tin,C1=CC=C(C=C1)[Sn](=S)C2=CC=CC=C2,InChI=1S/2C6H5.S.Sn/c2*1-2-4-6-5-3-1;;/h2*1-5H;;,CYXRBVIJBDYNQU-UHFFFAOYSA-N
"2-Iodo-1,4-benzenediol",Industrial,89965,C6H5IO2,236.01,1.3,2,2,40.5,C1=CC(=C(C=C1O)I)O,PubChem,,,,Structure_PubChem,236.008,1.7024,2,2,40.46,9,1,0,,,,,236.008,,C6H5IO2,,,,,,,,,,,Trouvé,,,,CID_89965,"2-Iodo-1,4-benzenediol","2-iodobenzene-1,4-diol",C1=CC(=C(C=C1O)I)O,"InChI=1S/C6H5IO2/c7-5-3-4(8)1-2-6(5)9/h1-3,8-9H",HPLUXOMGUZEHFT-UHFFFAOYSA-N
Ethyl 4-ethoxybenzoate,Industrial,90232,C11H14O3,194.23,3.2,0,3,35.5,CCOC1=CC=C(C=C1)C(=O)OCC,PubChem,,,,Structure_PubChem,194.23,2.262,0,3,35.53,14,1,4,,,,,194.23,,C11H14O3,,,,,,,,,,,Trouvé,,,,CID_90232,Ethyl 4-ethoxybenzoate,ethyl 4-ethoxybenzoate,CCOC1=CC=C(C=C1)C(=O)OCC,"InChI=1S/C11H14O3/c1-3-13-10-7-5-9(6-8-10)11(12)14-4-2/h5-8H,3-4H2,1-2H3",HRAQMGWTPNOILP-UHFFFAOYSA-N
Isocarbophos,Industrial,90479,C11H16NO4PS,289.29,2.4,1,6,103.0,CC(C)OC(=O)C1=CC=CC=C1OP(=S)(N)OC,PubChem,,,,Structure_PubChem,289.293,2.4602,1,5,70.78,18,1,5,,,,,289.293,,C11H16NO4PS,,,,,,,,,,,Trouvé,,,,CID_90479,Isocarbophos,propan-2-yl 2-[amino(methoxy)phosphinothioyl]oxybenzoate,CC(C)OC(=O)C1=CC=CC=C1OP(=S)(N)OC,"InChI=1S/C11H16NO4PS/c1-8(2)15-11(13)9-6-4-5-7-10(9)16-17(12,18)14-3/h4-8H,1-3H3,(H2,12,18)",YFVOXLJXJBQDEF-UHFFFAOYSA-N
3-Phenylpropane-1-thiol,Industrial,90596,C9H12S,152.26,3.2,1,1,1.0,C1=CC=C(C=C1)CCCS,PubChem,,,,Structure_PubChem,152.262,2.549,1,1,0.0,10,1,3,,,,,152.262,,C9H12S,,,,,,,,,,,Trouvé,,,,CID_90596,3-Phenylpropane-1-thiol,3-phenylpropane-1-thiol,C1=CC=C(C=C1)CCCS,"InChI=1S/C9H12S/c10-8-4-7-9-5-2-1-3-6-9/h1-3,5-6,10H,4,7-8H2",IUSDGVJFDZRIBR-UHFFFAOYSA-N
Fentin,Industrial,91481,C18H15Sn+,350.0,,0,0,0.0,C1=CC=C(C=C1)[Sn+](C2=CC=CC=C2)C3=CC=CC=C3,PubChem,,,,Structure_PubChem,350.029,2.2028,0,0,0.0,19,3,3,,,,,350.029,,C18H15Sn+,,,,,,,,,,,Trouvé,,,,CID_91481,Fentin,triphenylstannanylium,C1=CC=C(C=C1)[Sn+](C2=CC=CC=C2)C3=CC=CC=C3,InChI=1S/3C6H5.Sn/c3*1-2-4-6-5-3-1;/h3*1-5H;/q;;;+1,XBRCDWHXULVEFB-UHFFFAOYSA-N
Trimethyl((phenylseleno)methyl)silane,Industrial,92078,C10H16SeSi,243.29,,0,0,0.0,C[Si](C)(C)C[Se]C1=CC=CC=C1,PubChem,,,,Structure_PubChem,243.284,2.3118,0,0,0.0,12,1,3,,,,,243.284,,C10H16SeSi,,,,,,,,,,,Trouvé,,,,CID_92078,Trimethyl((phenylseleno)methyl)silane,trimethyl(phenylselanylmethyl)silane,C[Si](C)(C)C[Se]C1=CC=CC=C1,"InChI=1S/C10H16SeSi/c1-12(2,3)9-11-10-7-5-4-6-8-10/h4-8H,9H2,1-3H3",QXFASNHOOXGHDD-UHFFFAOYSA-N
Iodosylbenzene,Industrial,92125,C6H5IO,220.01,2.0,0,1,17.1,C1=CC=C(C=C1)I=O,PubChem,,,,Structure_PubChem,220.009,2.1724,0,1,17.07,8,1,1,,,,,220.009,,C6H5IO,,,,,,,,,,,Trouvé,,,,CID_92125,Iodosylbenzene,iodosylbenzene,C1=CC=C(C=C1)I=O,InChI=1S/C6H5IO/c8-7-6-4-2-1-3-5-6/h1-5H,JYJVVHFRSFVEJM-UHFFFAOYSA-N
Curcumene,Industrial,92139,C15H22,202.33,5.4,0,0,0.0,CC1=CC=C(C=C1)C(C)CCC=C(C)C,PubChem,,,,Structure_PubChem,202.341,4.8449,0,0,0.0,15,1,4,,,,,202.341,,C15H22,,,,,,,,,,,Trouvé,,,,CID_92139,Curcumene,1-methyl-4-(6-methylhept-5-en-2-yl)benzene,CC1=CC=C(C=C1)C(C)CCC=C(C)C,"InChI=1S/C15H22/c1-12(2)6-5-7-14(4)15-10-8-13(3)9-11-15/h6,8-11,14H,5,7H2,1-4H3",VMYXUZSZMNBRCN-UHFFFAOYSA-N
"Copper, tetrakis[mu-[2-(acetyloxy)benzoato-kappaO:kappaO']]di-",Industrial,92244,C36H28Cu2O16,843.7,,0,16,266.0,CC(=O)OC1=CC=CC=C1C(=O)[O-].CC(=O)OC1=CC=CC=C1C(=O)[O-].CC(=O)OC1=CC=CC=C1C(=O)[O-].CC(=O)OC1=CC=CC=C1C(=O)[O-].[Cu+2].[Cu+2],PubChem,,,,Structure_PubChem,843.696,-0.1034,0,16,265.72,54,4,8,,,,,843.696,,C36H28Cu2O16,,,,,,,,,,,Trouvé,,,,CID_92244,"Copper, tetrakis[mu-[2-(acetyloxy)benzoato-kappaO:kappaO']]di-",dicopper;tetrakis(2-acetyloxybenzoate),CC(=O)OC1=CC=CC=C1C(=O)[O-].CC(=O)OC1=CC=CC=C1C(=O)[O-].CC(=O)OC1=CC=CC=C1C(=O)[O-].CC(=O)OC1=CC=CC=C1C(=O)[O-].[Cu+2].[Cu+2],"InChI=1S/4C9H8O4.2Cu/c4*1-6(10)13-8-5-3-2-4-7(8)9(11)12;;/h4*2-5H,1H3,(H,11,12);;/q;;;;2*+2/p-4",BXBJCCCIFADZBU-UHFFFAOYSA-J
2-Propenylphenol,Industrial,93029,C9H10O,134.17,2.6,1,1,20.2,CC=CC1=CC=CC=C1O,PubChem,,,,Structure_PubChem,134.178,2.4253,1,1,20.23,10,1,1,,,,,134.178,,C9H10O,,,,,,,,,,,Trouvé,,,,CID_93029,2-Propenylphenol,2-prop-1-enylphenol,CC=CC1=CC=CC=C1O,"InChI=1S/C9H10O/c1-2-5-8-6-3-4-7-9(8)10/h2-7,10H,1H3",WHGXZPQWZJUGEP-UHFFFAOYSA-N
2-Isobutylphenol,Industrial,93144,C10H14O,150.22,3.3,1,1,20.2,CC(C)CC1=CC=CC=C1O,PubChem,,,,Structure_PubChem,150.221,2.5907,1,1,20.23,11,1,2,,,,,150.221,93144.0,C10H14O,150.22,3.3,1.0,1.0,20.2,11.0,,2.0,CC(C)CC1=CC=CC=C1O,2-(2-methylpropyl)phenol,Trouvé,11.0,1.0,2.0,CID_93144,2-Isobutylphenol,2-(2-methylpropyl)phenol,CC(C)CC1=CC=CC=C1O,"InChI=1S/C10H14O/c1-8(2)7-9-5-3-4-6-10(9)11/h3-6,8,11H,7H2,1-2H3",NFIDBGJMFKNGGQ-UHFFFAOYSA-N
"3,4-Bis(acetyloxy)benzoic acid",Industrial,94097,C11H10O6,238.19,1.2,1,6,89.9,CC(=O)OC1=C(C=C(C=C1)C(=O)O)OC(=O)C,PubChem,,,,Structure_PubChem,238.195,1.2354,1,5,89.9,17,1,3,,,,,238.195,,C11H10O6,,,,,,,,,,,Trouvé,,,,CID_94097,"3,4-Bis(acetyloxy)benzoic acid","3,4-diacetyloxybenzoic acid",CC(=O)OC1=C(C=C(C=C1)C(=O)O)OC(=O)C,"InChI=1S/C11H10O6/c1-6(12)16-9-4-3-8(11(14)15)5-10(9)17-7(2)13/h3-5H,1-2H3,(H,14,15)",FJVSTYFZOUSZCS-UHFFFAOYSA-N
"Benzene, (3-chloro-1-propenyl)-",Industrial,94242,C9H9Cl,152.62,3.2,0,0,0.0,C1=CC=C(C=C1)C=CCCl,PubChem,,,,Structure_PubChem,152.624,2.9386,0,0,0.0,10,1,2,,,,,152.624,,C9H9Cl,,,,,,,,,,,Trouvé,,,,CID_94242,"Benzene, (3-chloro-1-propenyl)-",3-chloroprop-1-enylbenzene,C1=CC=C(C=C1)C=CCCl,"InChI=1S/C9H9Cl/c10-8-4-7-9-5-2-1-3-6-9/h1-7H,8H2",IWTYTFSSTWXZFU-UHFFFAOYSA-N
"2,6-Difluorophenol",Industrial,94392,C6H4F2O,130.09,2.0,1,3,20.2,C1=CC(=C(C(=C1)F)O)F,PubChem,,,,Structure_PubChem,130.093,1.6704,1,1,20.23,9,1,0,,,,,130.093,,C6H4F2O,,,,,,,,,,,Trouvé,,,,CID_94392,"2,6-Difluorophenol","2,6-difluorophenol",C1=CC(=C(C(=C1)F)O)F,"InChI=1S/C6H4F2O/c7-4-2-1-3-5(8)6(4)9/h1-3,9H",CKKOVFGIBXCEIJ-UHFFFAOYSA-N
5-Methoxyflavone,Industrial,94525,C16H12O3,252.26,3.5,0,3,35.5,COC1=CC=CC2=C1C(=O)C=C(O2)C3=CC=CC=C3,PubChem,,,,Structure_PubChem,252.269,3.4686,0,3,39.44,19,3,2,,,,,252.269,,C16H12O3,,,,,,,,,,,Trouvé,,,,CID_94525,5-Methoxyflavone,5-methoxy-2-phenylchromen-4-one,COC1=CC=CC2=C1C(=O)C=C(O2)C3=CC=CC=C3,"InChI=1S/C16H12O3/c1-18-13-8-5-9-14-16(13)12(17)10-15(19-14)11-6-3-2-4-7-11/h2-10H,1H3",XRQSPUXANRGDAV-UHFFFAOYSA-N
"Arsonic acid, (phenylmethyl)-",Industrial,94911,C7H9AsO3,216.07,,2,3,57.5,C1=CC=C(C=C1)C[As](=O)(O)O,PubChem,,,,Structure_PubChem,216.068,0.1223,2,1,57.53,11,1,2,,,,,216.068,,C7H9AsO3,,,,,,,,,,,Trouvé,,,,CID_94911,"Arsonic acid, (phenylmethyl)-",benzylarsonic acid,C1=CC=C(C=C1)C[As](=O)(O)O,"InChI=1S/C7H9AsO3/c9-8(10,11)6-7-4-2-1-3-5-7/h1-5H,6H2,(H2,9,10,11)",ODQMOSYKHALMPU-UHFFFAOYSA-N
"2,5-Difluorophenol",Industrial,94952,C6H4F2O,130.09,2.0,1,3,20.2,C1=CC(=C(C=C1F)O)F,PubChem,,,,Structure_PubChem,130.093,1.6704,1,1,20.23,9,1,0,,,,,130.093,,C6H4F2O,,,,,,,,,,,Trouvé,,,,CID_94952,"2,5-Difluorophenol","2,5-difluorophenol",C1=CC(=C(C=C1F)O)F,"InChI=1S/C6H4F2O/c7-4-1-2-5(8)6(9)3-4/h1-3,9H",INXKVYFOWNAVMU-UHFFFAOYSA-N
"Benzeneacetonitrile, alpha-ethyl-",Industrial,95334,C10H11N,145.2,2.5,0,1,23.8,CCC(C#N)C1=CC=CC=C1,PubChem,,,,Structure_PubChem,145.205,2.7038,0,1,23.79,11,1,2,,,,,145.205,,C10H11N,,,,,,,,,,,Trouvé,,,,CID_95334,"Benzeneacetonitrile, alpha-ethyl-",2-phenylbutanenitrile,CCC(C#N)C1=CC=CC=C1,"InChI=1S/C10H11N/c1-2-9(8-11)10-6-4-3-5-7-10/h3-7,9H,2H2,1H3",IZPUPXNVRNBDSW-UHFFFAOYSA-N
2-Hydroxy-5-methoxybenzaldehyde,Industrial,95695,C8H8O3,152.15,1.8,1,3,46.5,COC1=CC(=C(C=C1)O)C=O,PubChem,,,,Structure_PubChem,152.149,1.2133,1,3,46.53,11,1,2,,,,,152.149,,C8H8O3,,,,,,,,,,,Trouvé,,,,CID_95695,2-Hydroxy-5-methoxybenzaldehyde,2-hydroxy-5-methoxybenzaldehyde,COC1=CC(=C(C=C1)O)C=O,"InChI=1S/C8H8O3/c1-11-7-2-3-8(10)6(4-7)5-9/h2-5,10H,1H3",FZHSPPYCNDYIKD-UHFFFAOYSA-N
Dibenzyl diselenide,Industrial,95955,C14H14Se2,340.2,,0,0,0.0,C1=CC=C(C=C1)C[Se][Se]CC2=CC=CC=C2,PubChem,,,,Structure_PubChem,340.186,2.7102,0,0,0.0,16,2,5,,,,,340.186,,C14H14Se2,,,,,,,,,,,Trouvé,,,,CID_95955,Dibenzyl diselenide,(benzyldiselanyl)methylbenzene,C1=CC=C(C=C1)C[Se][Se]CC2=CC=CC=C2,"InChI=1S/C14H14Se2/c1-3-7-13(8-4-1)11-15-16-12-14-9-5-2-6-10-14/h1-10H,11-12H2",HYAVEDMFTNAZQE-UHFFFAOYSA-N
p-Isoamylphenol,Industrial,96294,C11H16O,164.24,4.0,1,1,20.2,CC(C)CCC1=CC=C(C=C1)O,PubChem,,,,Structure_PubChem,164.248,2.9808,1,1,20.23,12,1,3,,,,,164.248,,C11H16O,,,,,,,,,,,Trouvé,,,,CID_96294,p-Isoamylphenol,4-(3-methylbutyl)phenol,CC(C)CCC1=CC=C(C=C1)O,"InChI=1S/C11H16O/c1-9(2)3-4-10-5-7-11(12)8-6-10/h5-9,12H,3-4H2,1-2H3",YSNKZJBCZRIRQO-UHFFFAOYSA-N
3-Phenyl-2-propynenitrile,Industrial,96382,C9H5N,127.14,2.2,0,1,23.8,C1=CC=C(C=C1)C#CC#N,PubChem,,,,Structure_PubChem,127.146,1.5617,0,1,23.79,10,1,0,,,,,127.146,,C9H5N,,,,,,,,,,,Trouvé,,,,CID_96382,3-Phenyl-2-propynenitrile,3-phenylprop-2-ynenitrile,C1=CC=C(C=C1)C#CC#N,"InChI=1S/C9H5N/c10-8-4-7-9-5-2-1-3-6-9/h1-3,5-6H",IYXVSRXFGYDNEV-UHFFFAOYSA-N
3-Fluoro-o-xylene,Industrial,96489,C8H9F,124.15,3.1,0,1,0.0,CC1=C(C(=CC=C1)F)C,PubChem,,,,Structure_PubChem,124.158,2.4425,0,0,0.0,9,1,0,,,,,124.158,,C8H9F,,,,,,,,,,,Trouvé,,,,CID_96489,3-Fluoro-o-xylene,"1-fluoro-2,3-dimethylbenzene",CC1=C(C(=CC=C1)F)C,"InChI=1S/C8H9F/c1-6-4-3-5-8(9)7(6)2/h3-5H,1-2H3",AWLDSXJCQWTJPC-UHFFFAOYSA-N
3-Hydroxyphthalic anhydride,Industrial,96580,C8H4O4,164.11,1.5,1,4,63.6,C1=CC2=C(C(=C1)O)C(=O)OC2=O,PubChem,,,,Structure_PubChem,164.116,0.7028,1,4,63.6,12,2,0,,,,,164.116,,C8H4O4,,,,,,,,,,,Trouvé,,,,CID_96580,3-Hydroxyphthalic anhydride,"4-hydroxy-2-benzofuran-1,3-dione",C1=CC2=C(C(=C1)O)C(=O)OC2=O,"InChI=1S/C8H4O4/c9-5-3-1-2-4-6(5)8(11)12-7(4)10/h1-3,9H",CCTOEAMRIIXGDJ-UHFFFAOYSA-N
3-Hydroxy-4'-methoxyflavone,Industrial,97141,C16H12O4,268.26,3.4,1,4,55.8,COC1=CC=C(C=C1)C2=C(C(=O)C3=CC=CC=C3O2)O,PubChem,,,,Structure_PubChem,268.268,3.1742,1,4,59.67,20,3,2,,,,,268.268,,C16H12O4,,,,,,,,,,,Trouvé,,,,CID_97141,3-Hydroxy-4'-methoxyflavone,3-hydroxy-2-(4-methoxyphenyl)chromen-4-one,COC1=CC=C(C=C1)C2=C(C(=O)C3=CC=CC=C3O2)O,"InChI=1S/C16H12O4/c1-19-11-8-6-10(7-9-11)16-15(18)14(17)12-4-2-3-5-13(12)20-16/h2-9,18H,1H3",IIBBFGMVMNZMGA-UHFFFAOYSA-N
2-Phenylhexanenitrile,Industrial,97799,C12H15N,173.25,3.6,0,1,23.8,CCCCC(C#N)C1=CC=CC=C1,PubChem,,,,Structure_PubChem,173.259,3.484,0,1,23.79,13,1,4,,,,,173.259,,C12H15N,,,,,,,,,,,Trouvé,,,,CID_97799,2-Phenylhexanenitrile,2-phenylhexanenitrile,CCCCC(C#N)C1=CC=CC=C1,"InChI=1S/C12H15N/c1-2-3-7-12(10-13)11-8-5-4-6-9-11/h4-6,8-9,12H,2-3,7H2,1H3",OTERUZJEJFMEEB-UHFFFAOYSA-N
2-Methyl-3-phenylbutane,Industrial,98361,C11H16,148.24,4.5,0,0,0.0,CC(C)C(C)C1=CC=CC=C1,PubChem,,,,Structure_PubChem,148.249,3.4461,0,0,0.0,11,1,2,,,,,148.249,,C11H16,,,,,,,,,,,Trouvé,,,,CID_98361,2-Methyl-3-phenylbutane,3-methylbutan-2-ylbenzene,CC(C)C(C)C1=CC=CC=C1,"InChI=1S/C11H16/c1-9(2)10(3)11-7-5-4-6-8-11/h4-10H,1-3H3",NQRMTOKLHZNAQH-UHFFFAOYSA-N
(Iodoethynyl)benzene,Industrial,99382,C8H5I,228.03,3.3,0,0,0.0,C1=CC=C(C=C1)C#CI,PubChem,,,,Structure_PubChem,228.032,2.4306,0,0,0.0,9,1,0,,,,,228.032,,C8H5I,,,,,,,,,,,Trouvé,,,,CID_99382,(Iodoethynyl)benzene,2-iodoethynylbenzene,C1=CC=C(C=C1)C#CI,InChI=1S/C8H5I/c9-7-6-8-4-2-1-3-5-8/h1-5H,VOHWEKIUKSUIDT-UHFFFAOYSA-N
Lecanoric Acid,Industrial,99613,C16H14O7,318.28,3.6,4,7,124.0,CC1=CC(=CC(=C1C(=O)OC2=CC(=C(C(=C2)C)C(=O)O)O)O)O,PubChem,,,,Structure_PubChem,318.281,2.3376,4,6,124.29,23,2,3,,,,,318.281,,C16H14O7,,,,,,,,,,,Trouvé,,,,CID_99613,Lecanoric Acid,"4-(2,4-dihydroxy-6-methylbenzoyl)oxy-2-hydroxy-6-methylbenzoic acid",CC1=CC(=CC(=C1C(=O)OC2=CC(=C(C(=C2)C)C(=O)O)O)O)O,"InChI=1S/C16H14O7/c1-7-3-9(17)5-11(18)14(7)16(22)23-10-4-8(2)13(15(20)21)12(19)6-10/h3-6,17-19H,1-2H3,(H,20,21)",HEMSJKZDHNSSEW-UHFFFAOYSA-N
Diphenyl ditelluride,Industrial,100657,C12H10Te2,409.4,,0,0,0.0,C1=CC=C(C=C1)[Te][Te]C2=CC=CC=C2,PubChem,,,,Structure_PubChem,409.412,0.9608,0,0,0.0,14,2,3,,,,,409.412,,C12H10Te2,,,,,,,,,,,Trouvé,,,,CID_100657,Diphenyl ditelluride,(phenylditellanyl)benzene,C1=CC=C(C=C1)[Te][Te]C2=CC=CC=C2,InChI=1S/C12H10Te2/c1-3-7-11(8-4-1)13-14-12-9-5-2-6-10-12/h1-10H,VRLFOXMNTSYGMX-UHFFFAOYSA-N
Eupatoriochromene,Industrial,100768,C13H14O3,218.25,2.7,1,3,46.5,CC(=O)C1=C(C=C2C(=C1)C=CC(O2)(C)C)O,PubChem,,,,Structure_PubChem,218.252,2.779,1,3,46.53,16,2,1,,,,,218.252,,C13H14O3,,,,,,,,,,,Trouvé,,,,CID_100768,Eupatoriochromene,"1-(7-hydroxy-2,2-dimethylchromen-6-yl)ethanone",CC(=O)C1=C(C=C2C(=C1)C=CC(O2)(C)C)O,"InChI=1S/C13H14O3/c1-8(14)10-6-9-4-5-13(2,3)16-12(9)7-11(10)15/h4-7,15H,1-3H3",SVUVYHFYZBCYRF-UHFFFAOYSA-N
"6,6'-Diphenylfulvene",Industrial,101236,C18H14,230.3,5.4,0,0,0.0,C1=CC=C(C=C1)C(=C2C=CC=C2)C3=CC=CC=C3,PubChem,,,,Structure_PubChem,230.31,4.6145,0,0,0.0,18,3,2,,,,,230.31,,C18H14,,,,,,,,,,,Trouvé,,,,CID_101236,"6,6'-Diphenylfulvene","[cyclopenta-2,4-dien-1-ylidene(phenyl)methyl]benzene",C1=CC=C(C=C1)C(=C2C=CC=C2)C3=CC=CC=C3,InChI=1S/C18H14/c1-3-9-15(10-4-1)18(17-13-7-8-14-17)16-11-5-2-6-12-16/h1-14H,BULLHRADHZGONG-UHFFFAOYSA-N
Cyclohexyl salicylate,Industrial,101330,C13H16O3,220.26,4.2,1,3,46.5,C1CCC(CC1)OC(=O)C2=CC=CC=C2O,PubChem,,,,Structure_PubChem,220.268,2.8817,1,3,46.53,16,2,2,,,,,220.268,,C13H16O3,,,,,,,,,,,Trouvé,,,,CID_101330,Cyclohexyl salicylate,cyclohexyl 2-hydroxybenzoate,C1CCC(CC1)OC(=O)C2=CC=CC=C2O,"InChI=1S/C13H16O3/c14-12-9-5-4-8-11(12)13(15)16-10-6-2-1-3-7-10/h4-5,8-10,14H,1-3,6-7H2",NUQDJSMHGCTKNL-UHFFFAOYSA-N
Benzyl selenocyanate,Industrial,101450,C8H7NSe,196.12,,0,1,23.8,C1=CC=C(C=C1)C[Se]C#N,PubChem,,,,Structure_PubChem,196.111,1.3719,0,1,23.79,10,1,2,,,,,196.111,,C8H7NSe,,,,,,,,,,,Trouvé,,,,CID_101450,Benzyl selenocyanate,benzyl selenocyanate,C1=CC=C(C=C1)C[Se]C#N,"InChI=1S/C8H7NSe/c9-7-10-6-8-4-2-1-3-5-8/h1-5H,6H2",WSKWDMOVMQKKQI-UHFFFAOYSA-N
"Mercury, chloro(4-methylphenyl)-",Industrial,101757,C7H7ClHg,327.17,,0,0,0.0,CC1=CC=C(C=C1)[Hg]Cl,PubChem,,,,Structure_PubChem,327.176,1.8566,0,0,0.0,9,1,1,,,,,327.176,,C7H7ClHg,,,,,,,,,,,Trouvé,,,,CID_101757,"Mercury, chloro(4-methylphenyl)-",chloro-(4-methylphenyl)mercury,CC1=CC=C(C=C1)[Hg]Cl,"InChI=1S/C7H7.ClH.Hg/c1-7-5-3-2-4-6-7;;/h3-6H,1H3;1H;/q;;+1/p-1",PWIXOHDPHIQCLY-UHFFFAOYSA-M
Iodylbenzene,Industrial,101840,C6H5IO2,236.01,1.5,0,2,34.1,C1=CC=C(C=C1)I(=O)=O,PubChem,,,,Structure_PubChem,236.008,2.0536,0,2,34.14,9,1,1,,,,,236.008,,C6H5IO2,,,,,,,,,,,Trouvé,,,,CID_101840,Iodylbenzene,iodylbenzene,C1=CC=C(C=C1)I(=O)=O,InChI=1S/C6H5IO2/c8-7(9)6-4-2-1-3-5-6/h1-5H,BDOLQESNFGCNSC-UHFFFAOYSA-N
1-Penten-1-ylbenzene,Industrial,101872,C11H14,146.23,3.9,0,0,0.0,CCCC=CC1=CC=CC=C1,PubChem,,,,Structure_PubChem,146.233,3.4999,0,0,0.0,11,1,3,,,,,146.233,,C11H14,,,,,,,,,,,Trouvé,,,,CID_101872,1-Penten-1-ylbenzene,pent-1-enylbenzene,CCCC=CC1=CC=CC=C1,"InChI=1S/C11H14/c1-2-3-5-8-11-9-6-4-7-10-11/h4-10H,2-3H2,1H3",KHMYONNPZWOTKW-UHFFFAOYSA-N
(~2~H_3_)Methylbenzene,Industrial,101983,C7H8,95.16,2.7,0,0,0.0,[2H]C([2H])([2H])C1=CC=CC=C1,PubChem,,,,Structure_PubChem,95.1593,1.995,0,0,0.0,7,1,0,,,,,95.1593,,C7H8,,,,,,,,,,,Trouvé,,,,CID_101983,(~2~H_3_)Methylbenzene,trideuteriomethylbenzene,[2H]C([2H])([2H])C1=CC=CC=C1,"InChI=1S/C7H8/c1-7-5-3-2-4-6-7/h2-6H,1H3/i1D3",YXFVVABEGXRONW-FIBGUPNXSA-N
Ethyl alcohol-d6,Industrial,102138,C2H6O,52.11,-0.1,1,1,20.2,[2H]C([2H])([2H])C([2H])([2H])O[2H],PubChem,,,,Structure_PubChem,52.1056,-0.0014,1,1,20.23,3,0,1,,,,,52.1056,,C2H6O,,,,,,,,,,,Trouvé,,,,CID_102138,Ethyl alcohol-d6,"1,1,1,2,2-pentadeuterio-2-deuteriooxyethane",[2H]C([2H])([2H])C([2H])([2H])O[2H],"InChI=1S/C2H6O/c1-2-3/h3H,2H2,1H3/i1D3,2D2,3D",LFQSCWFLJHTTHZ-LIDOUZCJSA-N
Diphenyliodonium iodide,Industrial,102228,C12H10I2,408.02,,0,1,0.0,C1=CC=C(C=C1)[I+]C2=CC=CC=C2.[I-],PubChem,,,,Structure_PubChem,408.02,-3.181,0,0,0.0,14,2,2,,,,,408.02,,C12H10I2,,,,,,,,,,,Trouvé,,,,CID_102228,Diphenyliodonium iodide,diphenyliodanium iodide,C1=CC=C(C=C1)[I+]C2=CC=CC=C2.[I-],InChI=1S/C12H10I.HI/c1-3-7-11(8-4-1)13-12-9-5-2-6-10-12;/h1-10H;1H/q+1;/p-1,WQIRVUAXANLUPO-UHFFFAOYSA-M
Phenyltriethylphosphonium iodide,Industrial,102363,C12H20IP,322.16,,0,1,0.0,CC[P+](CC)(CC)C1=CC=CC=C1.[I-],PubChem,,,,Structure_PubChem,322.17,0.3932,0,0,0.0,14,1,4,,,,,322.17,,C12H20IP,,,,,,,,,,,Trouvé,,,,CID_102363,Phenyltriethylphosphonium iodide,triethyl(phenyl)phosphanium iodide,CC[P+](CC)(CC)C1=CC=CC=C1.[I-],"InChI=1S/C12H20P.HI/c1-4-13(5-2,6-3)12-10-8-7-9-11-12;/h7-11H,4-6H2,1-3H3;1H/q+1;/p-1",RJPPYCZKYVZXFJ-UHFFFAOYSA-M
"Phenol, isobutylenated",Industrial,110629,C10H12O,148.2,3.5,1,1,20.2,CC(=C)CC1=CC=C(C=C1)O,PubChem,,,,Structure_PubChem,148.205,2.5108,1,1,20.23,11,1,2,,,,,148.205,,C10H12O,,,,,,,,,,,Trouvé,,,,CID_110629,"Phenol, isobutylenated",4-(2-methylprop-2-enyl)phenol,CC(=C)CC1=CC=C(C=C1)O,"InChI=1S/C10H12O/c1-8(2)7-9-3-5-10(11)6-4-9/h3-6,11H,1,7H2,2H3",OVBJIGPDFPHEJT-UHFFFAOYSA-N
tert-Butyl 4-hydroxybenzoate,Industrial,117640,C11H14O3,194.23,2.4,1,3,46.5,CC(C)(C)OC(=O)C1=CC=C(C=C1)O,PubChem,,,,Structure_PubChem,194.23,2.3475,1,3,46.53,14,1,1,,,,,194.23,,C11H14O3,,,,,,,,,,,Trouvé,,,,CID_117640,tert-Butyl 4-hydroxybenzoate,tert-butyl 4-hydroxybenzoate,CC(C)(C)OC(=O)C1=CC=C(C=C1)O,"InChI=1S/C11H14O3/c1-11(2,3)14-10(13)8-4-6-9(12)7-5-8/h4-7,12H,1-3H3",WHWMOMRHHQLBQQ-UHFFFAOYSA-N
"Formaldehyde, polymer with 1,3-benzenediol and phenol",Industrial,117702,C13H14O4,234.25,,3,4,77.8,C=O.C1=CC=C(C=C1)O.C1=CC(=CC(=C1)O)O,PubChem,,,,Structure_PubChem,234.251,2.3051,3,4,77.76,17,2,0,,,,,234.251,,C13H14O4,,,,,,,,,,,Trouvé,,,,CID_117702,"Formaldehyde, polymer with 1,3-benzenediol and phenol","benzene-1,3-diol;formaldehyde;phenol",C=O.C1=CC=C(C=C1)O.C1=CC(=CC(=C1)O)O,"InChI=1S/C6H6O2.C6H6O.CH2O/c7-5-2-1-3-6(8)4-5;7-6-4-2-1-3-5-6;1-2/h1-4,7-8H;1-5,7H;1H2",QDNBHWFDWXWFTG-UHFFFAOYSA-N
3-(Nitroxymethyl)phenyl 2-acetoxybenzoate,Industrial,119032,C16H13NO7,331.28,2.9,0,7,108.0,CC(=O)OC1=CC=CC=C1C(=O)OC2=CC=CC(=C2)CO[N+](=O)[O-],PubChem,,,,Structure_PubChem,331.28,2.5394,0,7,104.97,24,2,6,,,,,331.28,,C16H13NO7,,,,,,,,,,,Trouvé,,,,CID_119032,3-(Nitroxymethyl)phenyl 2-acetoxybenzoate,[3-(nitrooxymethyl)phenyl] 2-acetyloxybenzoate,CC(=O)OC1=CC=CC=C1C(=O)OC2=CC=CC(=C2)CO[N+](=O)[O-],"InChI=1S/C16H13NO7/c1-11(18)23-15-8-3-2-7-14(15)16(19)24-13-6-4-5-12(9-13)10-22-17(20)21/h2-9H,10H2,1H3",IOJUJUOXKXMJNF-UHFFFAOYSA-N
2-Isononylphenol,Industrial,119757,C15H24O,220.35,5.9,1,1,20.2,CC(C)CCCCCCC1=CC=CC=C1O,PubChem,,,,Structure_PubChem,220.356,4.5412,1,1,20.23,16,1,7,,,,,220.356,,C15H24O,,,,,,,,,,,Trouvé,,,,CID_119757,2-Isononylphenol,2-(7-methyloctyl)phenol,CC(C)CCCCCCC1=CC=CC=C1O,"InChI=1S/C15H24O/c1-13(2)9-5-3-4-6-10-14-11-7-8-12-15(14)16/h7-8,11-13,16H,3-6,9-10H2,1-2H3",UZVAZDQMPUOHKP-UHFFFAOYSA-N
"Arsine, chloroethylphenyl-(6CI,7CI,8CI)",Industrial,120337,C8H10AsCl,216.54,,0,0,0.0,CC[As](C1=CC=CC=C1)Cl,PubChem,,,,Structure_PubChem,216.543,2.1438,0,0,0.0,10,1,2,,,,,216.543,,C8H10AsCl,,,,,,,,,,,Trouvé,,,,CID_120337,"Arsine, chloroethylphenyl-(6CI,7CI,8CI)",chloro-ethyl-phenylarsane,CC[As](C1=CC=CC=C1)Cl,"InChI=1S/C8H10AsCl/c1-2-9(10)8-6-4-3-5-7-8/h3-7H,2H2,1H3",FBSCJLVPKHEFQH-UHFFFAOYSA-N
"1,4-Diethynylbenzene",Industrial,120463,C10H6,126.15,2.4,0,0,0.0,C#CC1=CC=C(C=C1)C#C,PubChem,,,,Structure_PubChem,126.158,1.6492,0,0,0.0,10,1,0,,,,,126.158,,C10H6,,,,,,,,,,,Trouvé,,,,CID_120463,"1,4-Diethynylbenzene","1,4-diethynylbenzene",C#CC1=CC=C(C=C1)C#C,"InChI=1S/C10H6/c1-3-9-5-7-10(4-2)8-6-9/h1-2,5-8H",MVLGANVFCMOJHR-UHFFFAOYSA-N
"Trisulfide, bis(phenylmethyl)",Industrial,122842,C14H14S3,278.5,4.3,0,3,75.9,C1=CC=C(C=C1)CSSSCC2=CC=CC=C2,PubChem,,,,Structure_PubChem,278.467,5.4164,0,3,0.0,17,2,6,,,,,278.467,,C14H14S3,,,,,,,,,,,Trouvé,,,,CID_122842,"Trisulfide, bis(phenylmethyl)",(benzyltrisulfanyl)methylbenzene,C1=CC=C(C=C1)CSSSCC2=CC=CC=C2,"InChI=1S/C14H14S3/c1-3-7-13(8-4-1)11-15-17-16-12-14-9-5-2-6-10-14/h1-10H,11-12H2",UXDMWYANCHMSJX-UHFFFAOYSA-N
Phosphorin,Industrial,123046,C5H5P,96.07,-0.3,0,0,0.0,C1=CC=PC=C1,PubChem,,,,Structure_PubChem,96.069,2.2667,0,0,0.0,6,1,0,,,,,96.069,,C5H5P,,,,,,,,,,,Trouvé,,,,CID_123046,Phosphorin,phosphinine,C1=CC=PC=C1,InChI=1S/C5H5P/c1-2-4-6-5-3-1/h1-5H,UNQNIRQQBJCMQR-UHFFFAOYSA-N
"2,4-Difluorophenol",Industrial,123051,C6H4F2O,130.09,2.0,1,3,20.2,C1=CC(=C(C=C1F)F)O,PubChem,,,,Structure_PubChem,130.093,1.6704,1,1,20.23,9,1,0,,,,,130.093,,C6H4F2O,,,,,,,,,,,Trouvé,,,,CID_123051,"2,4-Difluorophenol","2,4-difluorophenol",C1=CC(=C(C=C1F)F)O,"InChI=1S/C6H4F2O/c7-4-1-2-6(9)5(8)3-4/h1-3,9H",NVWVWEWVLBKPSM-UHFFFAOYSA-N
1-Phenyl-1-butene,Industrial,123088,C10H12,132.2,3.6,0,0,0.0,CCC=CC1=CC=CC=C1,PubChem,,,,Structure_PubChem,132.206,3.1098,0,0,0.0,10,1,2,,,,,132.206,,C10H12,,,,,,,,,,,Trouvé,,,,CID_123088,1-Phenyl-1-butene,but-1-enylbenzene,CCC=CC1=CC=CC=C1,"InChI=1S/C10H12/c1-2-3-7-10-8-5-4-6-9-10/h3-9H,2H2,1H3",MPMBRWOOISTHJV-UHFFFAOYSA-N
Ethyl [2]alcohol,Industrial,123093,C2H6O,47.07,-0.1,1,1,20.2,[2H]OCC,PubChem,,,,Structure_PubChem,47.0751,-0.0014,1,1,20.23,3,0,1,,,,,47.0751,,C2H6O,,,,,,,,,,,Trouvé,,,,CID_123093,Ethyl [2]alcohol,deuteriooxyethane,[2H]OCC,"InChI=1S/C2H6O/c1-2-3/h3H,2H2,1H3/i3D",LFQSCWFLJHTTHZ-WFVSFCRTSA-N
"Stannane, trimethylphenyl-",Industrial,123095,C9H14Sn,240.92,,0,0,0.0,C[Sn](C)(C)C1=CC=CC=C1,PubChem,,,,Structure_PubChem,240.922,2.2318,0,0,0.0,10,1,1,,,,,240.922,,C9H14Sn,,,,,,,,,,,Trouvé,,,,CID_123095,"Stannane, trimethylphenyl-",trimethyl(phenyl)stannane,C[Sn](C)(C)C1=CC=CC=C1,InChI=1S/C6H5.3CH3.Sn/c1-2-4-6-5-3-1;;;;/h1-5H;3*1H3;,COHOGNZHAUOXPA-UHFFFAOYSA-N
(2H)Benzene,Industrial,123097,C6H6,79.12,2.1,0,0,0.0,[2H]C1=CC=CC=C1,PubChem,,,,Structure_PubChem,79.1201,1.6866,0,0,0.0,6,1,0,,,,,79.1201,,C6H6,,,,,,,,,,,Trouvé,,,,CID_123097,(2H)Benzene,deuteriobenzene,[2H]C1=CC=CC=C1,InChI=1S/C6H6/c1-2-4-6-5-3-1/h1-6H/i1D,UHOVQNZJYSORNB-MICDWDOJSA-N
Methan(2H)ol,Industrial,123113,CH4O,33.048,-0.5,1,1,20.2,[2H]OC,PubChem,,,,Structure_PubChem,33.0481,-0.3915,1,1,20.23,2,0,0,,,,,33.0481,,CH4O,,,,,,,,,,,Trouvé,,,,CID_123113,Methan(2H)ol,deuteriooxymethane,[2H]OC,"InChI=1S/CH4O/c1-2/h2H,1H3/i2D",OKKJLVBELUTLKV-VMNATFBRSA-N
(2H3)Methanol,Industrial,123132,CH4O,35.06,-0.5,1,1,20.2,[2H]C([2H])([2H])O,PubChem,,,,Structure_PubChem,35.0603,-0.3915,1,1,20.23,2,0,0,,,,,35.0603,,CH4O,,,,,,,,,,,Trouvé,,,,CID_123132,(2H3)Methanol,trideuteriomethanol,[2H]C([2H])([2H])O,"InChI=1S/CH4O/c1-2/h2H,1H3/i1D3",OKKJLVBELUTLKV-FIBGUPNXSA-N
"2,4,5-Trifluorophenol",Industrial,123153,C6H3F3O,148.08,1.9,1,4,20.2,C1=C(C(=CC(=C1F)F)F)O,PubChem,,,,Structure_PubChem,148.083,1.8095,1,1,20.23,10,1,0,,,,,148.083,,C6H3F3O,,,,,,,,,,,Trouvé,,,,CID_123153,"2,4,5-Trifluorophenol","2,4,5-trifluorophenol",C1=C(C(=CC(=C1F)F)F)O,"InChI=1S/C6H3F3O/c7-3-1-5(9)6(10)2-4(3)8/h1-2,10H",ODGMYCITQAIRCI-UHFFFAOYSA-N
"Ethyl, 1-hydroxy-",Industrial,123157,C2H5O,45.06,-0.1,1,1,20.2,C[CH]O,PubChem,,,,Structure_PubChem,45.061,0.5406,1,1,20.23,3,0,0,,,,,45.061,,C2H5O,,,,,,,,,,,Trouvé,,,,CID_123157,"Ethyl, 1-hydroxy-",,C[CH]O,"InChI=1S/C2H5O/c1-2-3/h2-3H,1H3",GAWIXWVDTYZWAW-UHFFFAOYSA-N
"2,3,4-Trifluorophenol",Industrial,123174,C6H3F3O,148.08,1.9,1,4,20.2,C1=CC(=C(C(=C1O)F)F)F,PubChem,,,,Structure_PubChem,148.083,1.8095,1,1,20.23,10,1,0,,,,,148.083,,C6H3F3O,,,,,,,,,,,Trouvé,,,,CID_123174,"2,3,4-Trifluorophenol","2,3,4-trifluorophenol",C1=CC(=C(C(=C1O)F)F)F,"InChI=1S/C6H3F3O/c7-3-1-2-4(10)6(9)5(3)8/h1-2,10H",IJGSULQFKYOYEU-UHFFFAOYSA-N
"Phenol, 4-(2-methylpropyl)-",Industrial,123212,C10H14O,150.22,3.4,1,1,20.2,CC(C)CC1=CC=C(C=C1)O,PubChem,,,,Structure_PubChem,150.221,2.5907,1,1,20.23,11,1,2,,,,,150.221,,C10H14O,,,,,,,,,,,Trouvé,,,,CID_123212,"Phenol, 4-(2-methylpropyl)-",4-(2-methylpropyl)phenol,CC(C)CC1=CC=C(C=C1)O,"InChI=1S/C10H14O/c1-8(2)7-9-3-5-10(11)6-4-9/h3-6,8,11H,7H2,1-2H3",GDEHXPCZWFXRKC-UHFFFAOYSA-N
Phenol-d6,Industrial,123295,C6H6O,100.15,1.5,1,1,20.2,[2H]C1=C(C(=C(C(=C1[2H])[2H])O[2H])[2H])[2H],PubChem,,,,Structure_PubChem,100.1496,1.3922,1,1,20.23,7,1,1,,,,,100.1496,,C6H6O,,,,,,,,,,,Trouvé,,,,CID_123295,Phenol-d6,"1,2,3,4,5-pentadeuterio-6-deuteriooxybenzene",[2H]C1=C(C(=C(C(=C1[2H])[2H])O[2H])[2H])[2H],"InChI=1S/C6H6O/c7-6-4-2-1-3-5-6/h1-5,7H/i1D,2D,3D,4D,5D/hD",ISWSIDIOOBJBQZ-QNKSCLMFSA-N
Bromoselenobenzene,Industrial,123446,C6H5BrSe,235.98,,0,0,0.0,C1=CC=C(C=C1)[Se]Br,PubChem,,,,Structure_PubChem,235.97,1.326,0,0,0.0,8,1,1,,,,,235.97,,C6H5BrSe,,,,,,,,,,,Trouvé,,,,CID_123446,Bromoselenobenzene,phenyl selenohypobromite,C1=CC=C(C=C1)[Se]Br,InChI=1S/C6H5BrSe/c7-8-6-4-2-1-3-5-6/h1-5H,LCEFEIBEOBPPSJ-UHFFFAOYSA-N
"P,P-Diphenylphosphinodithioic acid",Industrial,129564,C12H11PS2,250.3,4.7,1,2,33.1,C1=CC=C(C=C1)P(=S)(C2=CC=CC=C2)S,PubChem,,,,Structure_PubChem,250.328,2.9617,1,1,0.0,15,2,2,,,,,250.328,,C12H11PS2,,,,,,,,,,,Trouvé,,,,CID_129564,"P,P-Diphenylphosphinodithioic acid",diphenyl-sulfanyl-sulfanylidene-lambda5-phosphane,C1=CC=C(C=C1)P(=S)(C2=CC=CC=C2)S,"InChI=1S/C12H11PS2/c14-13(15,11-7-3-1-4-8-11)12-9-5-2-6-10-12/h1-10H,(H,14,15)",CLUOCCWZZAGLPM-UHFFFAOYSA-N
Ethyl phenyl selenone,Industrial,130447,C8H10O2Se,217.13,,0,2,34.1,CC[Se](=O)(=O)C1=CC=CC=C1,PubChem,,,,Structure_PubChem,217.126,1.2167,0,2,34.14,11,1,2,,,,,217.126,,C8H10O2Se,,,,,,,,,,,Trouvé,,,,CID_130447,Ethyl phenyl selenone,ethylselenonylbenzene,CC[Se](=O)(=O)C1=CC=CC=C1,"InChI=1S/C8H10O2Se/c1-2-11(9,10)8-6-4-3-5-7-8/h3-7H,2H2,1H3",PORZRJCXIZMCQY-UHFFFAOYSA-N
(~14~C)Methanol,Industrial,134526,CH4O,34.035,-0.5,1,1,20.2,[14CH3]O,PubChem,,,,Structure_PubChem,34.0342,-0.3915,1,1,20.23,2,0,0,,,,,34.0342,,CH4O,,,,,,,,,,,Trouvé,,,,CID_134526,(~14~C)Methanol,(114C)methanol,[14CH3]O,"InChI=1S/CH4O/c1-2/h2H,1H3/i1+2",OKKJLVBELUTLKV-NJFSPNSNSA-N
2-((1-Oxopentyl)oxy)benzoic acid,Industrial,135269,C12H14O4,222.24,2.6,1,4,63.6,CCCCC(=O)OC1=CC=CC=C1C(=O)O,PubChem,,,,Structure_PubChem,222.24,2.4804,1,3,63.6,16,1,5,,,,,222.24,,C12H14O4,,,,,,,,,,,Trouvé,,,,CID_135269,2-((1-Oxopentyl)oxy)benzoic acid,2-pentanoyloxybenzoic acid,CCCCC(=O)OC1=CC=CC=C1C(=O)O,"InChI=1S/C12H14O4/c1-2-3-8-11(13)16-10-7-5-4-6-9(10)12(14)15/h4-7H,2-3,8H2,1H3,(H,14,15)",WJHZBTMHUNVIKC-UHFFFAOYSA-N
2-Ethenylphenol,Industrial,135442,C8H8O,120.15,2.3,1,1,20.2,C=CC1=CC=CC=C1O,PubChem,,,,Structure_PubChem,120.151,2.0352,1,1,20.23,9,1,1,,,,,120.151,,C8H8O,,,,,,,,,,,Trouvé,,,,CID_135442,2-Ethenylphenol,2-ethenylphenol,C=CC1=CC=CC=C1O,"InChI=1S/C8H8O/c1-2-7-5-3-4-6-8(7)9/h2-6,9H,1H2",JESXATFQYMPTNL-UHFFFAOYSA-N
Arsenin,Industrial,136132,C5H5As,140.01,,0,0,0.0,C1=CC=[As]C=C1,PubChem,,,,Structure_PubChem,140.017,0.5763,0,0,0.0,6,1,0,,,,,140.017,,C5H5As,,,,,,,,,,,Trouvé,,,,CID_136132,Arsenin,arsinine,C1=CC=[As]C=C1,InChI=1S/C5H5As/c1-2-4-6-5-3-1/h1-5H,XRFXFAVKXJREHL-UHFFFAOYSA-N
4-Fluoro-2-methylphenol,Industrial,136295,C7H7FO,126.13,1.4,1,2,20.2,CC1=C(C=CC(=C1)F)O,PubChem,,,,Structure_PubChem,126.13,1.8397,1,1,20.23,9,1,0,,,,,126.13,,C7H7FO,,,,,,,,,,,Trouvé,,,,CID_136295,4-Fluoro-2-methylphenol,4-fluoro-2-methylphenol,CC1=C(C=CC(=C1)F)O,"InChI=1S/C7H7FO/c1-5-4-6(8)2-3-7(5)9/h2-4,9H,1H3",GKQDDKKGDIVDAG-UHFFFAOYSA-N
1-Bromo-4-propylbenzene,Industrial,136374,C9H11Br,199.09,4.2,0,0,0.0,CCCC1=CC=C(C=C1)Br,PubChem,,,,Structure_PubChem,199.091,3.4016,0,0,0.0,10,1,2,,,,,199.091,,C9H11Br,,,,,,,,,,,Trouvé,,,,CID_136374,1-Bromo-4-propylbenzene,1-bromo-4-propylbenzene,CCCC1=CC=C(C=C1)Br,"InChI=1S/C9H11Br/c1-2-3-8-4-6-9(10)7-5-8/h4-7H,2-3H2,1H3",NUPWGLKBGVNSJX-UHFFFAOYSA-N
"Borane, dichlorophenyl-",Industrial,136678,C6H5BCl2,158.82,,0,0,0.0,B(C1=CC=CC=C1)(Cl)Cl,PubChem,,,,Structure_PubChem,158.824,1.8594,0,0,0.0,9,1,1,,,,,158.824,,C6H5BCl2,,,,,,,,,,,Trouvé,,,,CID_136678,"Borane, dichlorophenyl-",dichloro(phenyl)borane,B(C1=CC=CC=C1)(Cl)Cl,InChI=1S/C6H5BCl2/c8-7(9)6-4-2-1-3-5-6/h1-5H,NCQDQONETMHUMY-UHFFFAOYSA-N
"1,3-Di-tert-butylbenzene",Industrial,136810,C14H22,190.32,5.8,0,0,0.0,CC(C)(C)C1=CC(=CC=C1)C(C)(C)C,PubChem,,,,Structure_PubChem,190.33,4.2816,0,0,0.0,14,1,0,,,,,190.33,,C14H22,,,,,,,,,,,Trouvé,,,,CID_136810,"1,3-Di-tert-butylbenzene","1,3-ditert-butylbenzene",CC(C)(C)C1=CC(=CC=C1)C(C)(C)C,"InChI=1S/C14H22/c1-13(2,3)11-8-7-9-12(10-11)14(4,5)6/h7-10H,1-6H3",ILNDSSCEZZFNGE-UHFFFAOYSA-N
Bromodiphenylphosphine,Industrial,136851,C12H10BrP,265.08,4.0,0,0,0.0,C1=CC=C(C=C1)P(C2=CC=CC=C2)Br,PubChem,,,,Structure_PubChem,265.09,3.4292,0,0,0.0,14,2,2,,,,,265.09,,C12H10BrP,,,,,,,,,,,Trouvé,,,,CID_136851,Bromodiphenylphosphine,bromo(diphenyl)phosphane,C1=CC=C(C=C1)P(C2=CC=CC=C2)Br,InChI=1S/C12H10BrP/c13-14(11-7-3-1-4-8-11)12-9-5-2-6-10-12/h1-10H,RZSMSXXOYMFIKN-UHFFFAOYSA-N
Vinyldimethylphenylsilane,Industrial,136902,C10H14Si,162.3,,0,0,0.0,C[Si](C)(C=C)C1=CC=CC=C1,PubChem,,,,Structure_PubChem,162.308,2.3272,0,0,0.0,11,1,2,,,,,162.308,,C10H14Si,,,,,,,,,,,Trouvé,,,,CID_136902,Vinyldimethylphenylsilane,ethenyl-dimethyl-phenylsilane,C[Si](C)(C=C)C1=CC=CC=C1,"InChI=1S/C10H14Si/c1-4-11(2,3)10-8-6-5-7-9-10/h4-9H,1H2,2-3H3",QDEZCOQKJSRQNN-UHFFFAOYSA-N
Biphenyl-d10,Industrial,137030,C12H10,164.27,4.0,0,0,0.0,[2H]C1=C(C(=C(C(=C1[2H])[2H])C2=C(C(=C(C(=C2[2H])[2H])[2H])[2H])[2H])[2H])[2H],PubChem,,,,Structure_PubChem,164.273,3.3536,0,0,0.0,12,2,1,,,,,164.273,,C12H10,,,,,,,,,,,Trouvé,,,,CID_137030,Biphenyl-d10,"1,2,3,4,5-pentadeuterio-6-(2,3,4,5,6-pentadeuteriophenyl)benzene",[2H]C1=C(C(=C(C(=C1[2H])[2H])C2=C(C(=C(C(=C2[2H])[2H])[2H])[2H])[2H])[2H])[2H],"InChI=1S/C12H10/c1-3-7-11(8-4-1)12-9-5-2-6-10-12/h1-10H/i1D,2D,3D,4D,5D,6D,7D,8D,9D,10D",ZUOUZKKEUPVFJK-LHNTUAQVSA-N
Phenyltrimethylgermane,Industrial,137121,C9H14Ge,194.84,,0,0,0.0,C[Ge](C)(C)C1=CC=CC=C1,PubChem,,,,Structure_PubChem,194.821,2.2318,0,0,0.0,10,1,1,,,,,194.821,,C9H14Ge,,,,,,,,,,,Trouvé,,,,CID_137121,Phenyltrimethylgermane,trimethyl(phenyl)germane,C[Ge](C)(C)C1=CC=CC=C1,"InChI=1S/C9H14Ge/c1-10(2,3)9-7-5-4-6-8-9/h4-8H,1-3H3",NSXUUYLQZUABBS-UHFFFAOYSA-N
"Ethan-1,1-d2-ol",Industrial,137238,C2H6O,48.08,-0.1,1,1,20.2,[2H]C([2H])(C)O,PubChem,,,,Structure_PubChem,48.0812,-0.0014,1,1,20.23,3,0,0,,,,,48.0812,,C2H6O,,,,,,,,,,,Trouvé,,,,CID_137238,"Ethan-1,1-d2-ol","1,1-dideuterioethanol",[2H]C([2H])(C)O,"InChI=1S/C2H6O/c1-2-3/h3H,2H2,1H3/i2D2",LFQSCWFLJHTTHZ-CBTSVUPCSA-N
Benzyl(chloro)mercury,Industrial,137435,C7H7ClHg,327.17,,0,0,0.0,C1=CC=C(C=C1)C[Hg]Cl,PubChem,,,,Structure_PubChem,327.176,2.4229,0,0,0.0,9,1,2,,,,,327.176,,C7H7ClHg,,,,,,,,,,,Trouvé,,,,CID_137435,Benzyl(chloro)mercury,benzyl(chloro)mercury,C1=CC=C(C=C1)C[Hg]Cl,"InChI=1S/C7H7.ClH.Hg/c1-7-5-3-2-4-6-7;;/h2-6H,1H2;1H;/q;;+1/p-1",VLGACEINHFQTIJ-UHFFFAOYSA-M
"2,4-Difluoro-1-iodobenzene",Industrial,137519,C6H3F2I,239.99,2.8,0,2,0.0,C1=CC(=C(C=C1F)F)I,PubChem,,,,Structure_PubChem,239.99,2.5694,0,0,0.0,9,1,0,,,,,239.99,,C6H3F2I,,,,,,,,,,,Trouvé,,,,CID_137519,"2,4-Difluoro-1-iodobenzene","2,4-difluoro-1-iodobenzene",C1=CC(=C(C=C1F)F)I,InChI=1S/C6H3F2I/c7-4-1-2-6(9)5(8)3-4/h1-3H,YKLDMAPEGQYZRT-UHFFFAOYSA-N
"Benzene, (1-methylene-2-propenyl)-",Industrial,137524,C10H10,130.19,3.9,0,0,0.0,C=CC(=C)C1=CC=CC=C1,PubChem,,,,Structure_PubChem,130.19,2.8858,0,0,0.0,10,1,2,,,,,130.19,,C10H10,,,,,,,,,,,Trouvé,,,,CID_137524,"Benzene, (1-methylene-2-propenyl)-","buta-1,3-dien-2-ylbenzene",C=CC(=C)C1=CC=CC=C1,"InChI=1S/C10H10/c1-3-9(2)10-7-5-4-6-8-10/h3-8H,1-2H2",IMJGQTCMUZMLRZ-UHFFFAOYSA-N
"Benzene, 1,2-butadienyl-",Industrial,137545,C10H10,130.19,2.5,0,0,0.0,CC=C=CC1=CC=CC=C1,PubChem,,,,Structure_PubChem,130.19,2.8748,0,0,0.0,10,1,1,,,,,130.19,,C10H10,,,,,,,,,,,Trouvé,,,,CID_137545,"Benzene, 1,2-butadienyl-","buta-1,2-dienylbenzene",CC=C=CC1=CC=CC=C1,"InChI=1S/C10H10/c1-2-3-7-10-8-5-4-6-9-10/h2,4-9H,1H3",XTKAHDQLUKRHID-UHFFFAOYSA-N
p-Methoxyphenyl radical,Industrial,137580,C7H7O,107.13,2.1,0,1,9.2,COC1=CC=[C]C=C1,PubChem,,,,Structure_PubChem,107.132,1.4954,0,1,9.23,8,1,1,,,,,107.132,,C7H7O,,,,,,,,,,,Trouvé,,,,CID_137580,p-Methoxyphenyl radical,,COC1=CC=[C]C=C1,"InChI=1S/C7H7O/c1-8-7-5-3-2-4-6-7/h3-6H,1H3",GPKUICFDWYEPTK-UHFFFAOYSA-N
Allyldiphenylphosphine,Industrial,137699,C15H15P,226.25,3.7,0,0,0.0,C=CCP(C1=CC=CC=C1)C2=CC=CC=C2,PubChem,,,,Structure_PubChem,226.259,3.3053,0,0,0.0,16,2,4,,,,,226.259,,C15H15P,,,,,,,,,,,Trouvé,,,,CID_137699,Allyldiphenylphosphine,diphenyl(prop-2-enyl)phosphane,C=CCP(C1=CC=CC=C1)C2=CC=CC=C2,"InChI=1S/C15H15P/c1-2-13-16(14-9-5-3-6-10-14)15-11-7-4-8-12-15/h2-12H,1,13H2",PDDYFPPQDKRJTK-UHFFFAOYSA-N
2-Ethynylphenol,Industrial,138415,C8H6O,118.13,1.8,1,1,20.2,C#CC1=CC=CC=C1O,PubChem,,,,Structure_PubChem,118.135,1.3735,1,1,20.23,9,1,0,,,,,118.135,,C8H6O,,,,,,,,,,,Trouvé,,,,CID_138415,2-Ethynylphenol,2-ethynylphenol,C#CC1=CC=CC=C1O,"InChI=1S/C8H6O/c1-2-7-5-3-4-6-8(7)9/h1,3-6,9H",KTLQDZRFPKXZSB-UHFFFAOYSA-N
4-Propoxybenzoic Acid,Industrial,138500,C10H12O3,180.2,3.1,1,3,46.5,CCCOC1=CC=C(C=C1)C(=O)O,PubChem,,,,Structure_PubChem,180.203,2.1736,1,2,46.53,13,1,4,,,,,180.203,,C10H12O3,,,,,,,,,,,Trouvé,,,,CID_138500,4-Propoxybenzoic Acid,4-propoxybenzoic acid,CCCOC1=CC=C(C=C1)C(=O)O,"InChI=1S/C10H12O3/c1-2-7-13-9-5-3-8(4-6-9)10(11)12/h3-6H,2,7H2,1H3,(H,11,12)",GDFUWFOCYZZGQU-UHFFFAOYSA-N
Hydroxymethyl-d3 radical,Industrial,138852,CH4O,35.06,-0.5,1,1,20.2,[2H]C([2H])O[2H],PubChem,,,,Structure_PubChem,35.0603,-0.3915,1,1,20.23,2,0,0,,,,,35.0603,,CH4O,,,,,,,,,,,Trouvé,,,,CID_138852,Hydroxymethyl-d3 radical,dideuterio(deuteriooxy)methane,[2H]C([2H])O[2H],"InChI=1S/CH4O/c1-2/h2H,1H3/i1D2,2D",OKKJLVBELUTLKV-FUDHJZNOSA-N
m-Ethynylphenol,Industrial,139144,C8H6O,118.13,1.8,1,1,20.2,C#CC1=CC(=CC=C1)O,PubChem,,,,Structure_PubChem,118.135,1.3735,1,1,20.23,9,1,0,,,,,118.135,,C8H6O,,,,,,,,,,,Trouvé,,,,CID_139144,m-Ethynylphenol,3-ethynylphenol,C#CC1=CC(=CC=C1)O,"InChI=1S/C8H6O/c1-2-7-4-3-5-8(9)6-7/h1,3-6,9H",AODMJIOEGCBUQL-UHFFFAOYSA-N
Propionyl radical,Industrial,139982,C3H5O,57.07,0.6,0,1,17.1,CC[C]=O,PubChem,,,,Structure_PubChem,57.072,0.5061,0,1,17.07,4,0,1,,,,,57.072,,C3H5O,,,,,,,,,,,Trouvé,,,,CID_139982,Propionyl radical,,CC[C]=O,"InChI=1S/C3H5O/c1-2-3-4/h2H2,1H3",UFUASNAHBMBJIX-UHFFFAOYSA-N
1-Phenylethanethiol,Industrial,141850,C8H10S,138.23,2.4,1,1,1.0,CC(C1=CC=CC=C1)S,PubChem,,,,Structure_PubChem,138.235,2.6774,1,1,0.0,9,1,1,,,,,138.235,,C8H10S,,,,,,,,,,,Trouvé,,,,CID_141850,1-Phenylethanethiol,1-phenylethanethiol,CC(C1=CC=CC=C1)S,"InChI=1S/C8H10S/c1-7(9)8-5-3-2-4-6-8/h2-7,9H,1H3",QZZBJCFNHPYNKO-UHFFFAOYSA-N
4-Iodo-2-methylphenol,Industrial,143713,C7H7IO,234.03,2.6,1,1,20.2,CC1=C(C=CC(=C1)I)O,PubChem,,,,Structure_PubChem,234.036,2.3052,1,1,20.23,9,1,0,,,,,234.036,,C7H7IO,,,,,,,,,,,Trouvé,,,,CID_143713,4-Iodo-2-methylphenol,4-iodo-2-methylphenol,CC1=C(C=CC(=C1)I)O,"InChI=1S/C7H7IO/c1-5-4-6(8)2-3-7(5)9/h2-4,9H,1H3",WSBDSSKIWDFOBQ-UHFFFAOYSA-N
"Phosphine, phenylmethylidyne-",Industrial,144783,C7H5P,120.09,1.4,0,0,0.0,C1=CC=C(C=C1)C#P,PubChem,,,,Structure_PubChem,120.091,2.4044,0,0,0.0,8,1,0,,,,,120.091,,C7H5P,,,,,,,,,,,Trouvé,,,,CID_144783,"Phosphine, phenylmethylidyne-",benzylidynephosphane,C1=CC=C(C=C1)C#P,InChI=1S/C7H5P/c8-6-7-4-2-1-3-5-7/h1-5H,HKLDTKWOJPNPRA-UHFFFAOYSA-N
2'-Methoxyflavone,Industrial,146492,C16H12O3,252.26,3.5,0,3,35.5,COC1=CC=CC=C1C2=CC(=O)C3=CC=CC=C3O2,PubChem,,,,Structure_PubChem,252.269,3.4686,0,3,39.44,19,3,2,,,,,252.269,,C16H12O3,,,,,,,,,,,Trouvé,,,,CID_146492,2'-Methoxyflavone,2-(2-methoxyphenyl)chromen-4-one,COC1=CC=CC=C1C2=CC(=O)C3=CC=CC=C3O2,"InChI=1S/C16H12O3/c1-18-14-8-4-3-7-12(14)16-10-13(17)11-6-2-5-9-15(11)19-16/h2-10H,1H3",YEHDMSUNJUONMW-UHFFFAOYSA-N
4-Iodophenylboronic acid,Industrial,151254,C6H6BIO2,247.83,,2,2,40.5,B(C1=CC=C(C=C1)I)(O)O,PubChem,,,,Structure_PubChem,247.828,-0.029,2,2,40.46,10,1,1,,,,,247.828,,C6H6BIO2,,,,,,,,,,,Trouvé,,,,CID_151254,4-Iodophenylboronic acid,(4-iodophenyl)boronic acid,B(C1=CC=C(C=C1)I)(O)O,"InChI=1S/C6H6BIO2/c8-6-3-1-5(2-4-6)7(9)10/h1-4,9-10H",PELJYVULHLKXFF-UHFFFAOYSA-N
"2,4,6-Triiodoresorcinol",Industrial,152256,C6H3I3O2,487.8,3.2,2,2,40.5,C1=C(C(=C(C(=C1I)O)I)O)I,PubChem,,,,Structure_PubChem,487.8,2.9116,2,2,40.46,11,1,0,,,,,487.8,,C6H3I3O2,,,,,,,,,,,Trouvé,,,,CID_152256,"2,4,6-Triiodoresorcinol","2,4,6-triiodobenzene-1,3-diol",C1=C(C(=C(C(=C1I)O)I)O)I,"InChI=1S/C6H3I3O2/c7-2-1-3(8)6(11)4(9)5(2)10/h1,10-11H",XKFZYVWWXHCHIX-UHFFFAOYSA-N
"Cycloheptatrienylium, tetrafluoroborate(1-) (1:1)",Industrial,152926,C7H7BF4,177.94,,0,5,0.0,[B-](F)(F)(F)F.C1=CC=C[CH+]C=C1,PubChem,,,,Structure_PubChem,177.937,3.2677,0,0,0.0,12,1,0,,,,,177.937,,C7H7BF4,,,,,,,,,,,Trouvé,,,,CID_152926,"Cycloheptatrienylium, tetrafluoroborate(1-) (1:1)","cyclohepta-1,3,5-triene tetrafluoroborate",[B-](F)(F)(F)F.C1=CC=C[CH+]C=C1,"InChI=1S/C7H7.BF4/c1-2-4-6-7-5-3-1;2-1(3,4)5/h1-7H;/q+1;-1",SQVQHTIKOZVGLR-UHFFFAOYSA-N
1-(4-(Acetyloxy)-3-((acetyloxy)methyl)phenyl)ethanone,Industrial,154871,C13H14O5,250.25,1.0,0,5,69.7,CC(=O)C1=CC(=C(C=C1)OC(=O)C)COC(=O)C,PubChem,,,,Structure_PubChem,250.25,1.8776,0,5,69.67,18,1,4,,,,,250.25,,C13H14O5,,,,,,,,,,,Trouvé,,,,CID_154871,1-(4-(Acetyloxy)-3-((acetyloxy)methyl)phenyl)ethanone,(5-acetyl-2-acetyloxyphenyl)methyl acetate,CC(=O)C1=CC(=C(C=C1)OC(=O)C)COC(=O)C,"InChI=1S/C13H14O5/c1-8(14)11-4-5-13(18-10(3)16)12(6-11)7-17-9(2)15/h4-6H,7H2,1-3H3",FMKMEWWKBLDKST-UHFFFAOYSA-N
Ethanol-1-14C,Industrial,154994,C2H6O,48.061,-0.1,1,1,20.2,C[14CH2]O,PubChem,,,,Structure_PubChem,48.0612,-0.0014,1,1,20.23,3,0,0,,,,,48.0612,,C2H6O,,,,,,,,,,,Trouvé,,,,CID_154994,Ethanol-1-14C,(114C)ethanol,C[14CH2]O,"InChI=1S/C2H6O/c1-2-3/h3H,2H2,1H3/i2+2",LFQSCWFLJHTTHZ-HQMMCQRPSA-N
3-(2-Phenylethenyl)phenol,Industrial,156703,C14H12O,196.24,3.9,1,1,20.2,C1=CC=C(C=C1)C=CC2=CC(=CC=C2)O,PubChem,,,,Structure_PubChem,196.249,3.5626,1,1,20.23,15,2,2,,,,,196.249,,C14H12O,,,,,,,,,,,Trouvé,,,,CID_156703,3-(2-Phenylethenyl)phenol,3-(2-phenylethenyl)phenol,C1=CC=C(C=C1)C=CC2=CC(=CC=C2)O,"InChI=1S/C14H12O/c15-14-8-4-7-13(11-14)10-9-12-5-2-1-3-6-12/h1-11,15H",XBHJTSIYYWRJFQ-UHFFFAOYSA-N
4-Fluoro-3-phenoxybenzoic acid,Industrial,157032,C13H9FO3,232.21,3.1,1,4,46.5,C1=CC=C(C=C1)OC2=C(C=CC(=C2)C(=O)O)F,PubChem,,,,Structure_PubChem,232.21,3.3162,1,2,46.53,17,2,3,,,,,232.21,,C13H9FO3,,,,,,,,,,,Trouvé,,,,CID_157032,4-Fluoro-3-phenoxybenzoic acid,4-fluoro-3-phenoxybenzoic acid,C1=CC=C(C=C1)OC2=C(C=CC(=C2)C(=O)O)F,"InChI=1S/C13H9FO3/c14-11-7-6-9(13(15)16)8-12(11)17-10-4-2-1-3-5-10/h1-8H,(H,15,16)",VLXNXMTVRWIUJZ-UHFFFAOYSA-N
"Benzene, reaction products with chlorine and sulfur chloride (S2Cl2), chlorides",Industrial,159316,C6H6Cl4S2,284.1,,0,2,50.6,C1=CC=CC=C1.S(SCl)Cl.ClCl,PubChem,,,,Structure_PubChem,284.06,5.741,0,2,0.0,12,1,1,,,,,284.06,,C6H6Cl4S2,,,,,,,,,,,Trouvé,,,,CID_159316,"Benzene, reaction products with chlorine and sulfur chloride (S2Cl2), chlorides",benzene;chlorosulfanyl thiohypochlorite;molecular chlorine,C1=CC=CC=C1.S(SCl)Cl.ClCl,InChI=1S/C6H6.Cl2S2.Cl2/c1-2-4-6-5-3-1;1-3-4-2;1-2/h1-6H;;,VWQDLARRABLIAP-UHFFFAOYSA-N
"4-Fluoro-1,2-benzenediol",Industrial,160458,C6H5FO2,128.1,1.9,2,3,40.5,C1=CC(=C(C=C1F)O)O,PubChem,,,,Structure_PubChem,128.102,1.2369,2,2,40.46,9,1,0,,,,,128.102,,C6H5FO2,,,,,,,,,,,Trouvé,,,,CID_160458,"4-Fluoro-1,2-benzenediol","4-fluorobenzene-1,2-diol",C1=CC(=C(C=C1F)O)O,"InChI=1S/C6H5FO2/c7-4-1-2-5(8)6(9)3-4/h1-3,8-9H",NFWGQJUHSAGJBE-UHFFFAOYSA-N
"1,4-Benzenediol, 1-(hydrogen sulfate)",Industrial,161220,C6H6O5S,190.18,0.6,2,5,92.2,C1=CC(=CC=C1O)OS(=O)(=O)O,PubChem,,,,Structure_PubChem,190.176,0.5738,2,4,83.83,12,1,2,,,,,190.176,,C6H6O5S,,,,,,,,,,,Trouvé,,,,CID_161220,"1,4-Benzenediol, 1-(hydrogen sulfate)",(4-hydroxyphenyl) hydrogen sulfate,C1=CC(=CC=C1O)OS(=O)(=O)O,"InChI=1S/C6H6O5S/c7-5-1-3-6(4-2-5)11-12(8,9)10/h1-4,7H,(H,8,9,10)",FPXPQMOQWJZYBL-UHFFFAOYSA-N
2'-Hydroxyflavone,Industrial,161860,C15H10O3,238.24,3.2,1,3,46.5,C1=CC=C(C(=C1)C2=CC(=O)C3=CC=CC=C3O2)O,PubChem,,,,Structure_PubChem,238.242,3.1656,1,3,50.44,18,3,1,,,,,238.242,,C15H10O3,,,,,,,,,,,Trouvé,,,,CID_161860,2'-Hydroxyflavone,2-(2-hydroxyphenyl)chromen-4-one,C1=CC=C(C(=C1)C2=CC(=O)C3=CC=CC=C3O2)O,"InChI=1S/C15H10O3/c16-12-7-3-1-5-10(12)15-9-13(17)11-6-2-4-8-14(11)18-15/h1-9,16H",ZZLQHXCRRMUGQJ-UHFFFAOYSA-N
2-Methylbutyl salicylate,Industrial,162626,C12H16O3,208.25,4.3,1,3,46.5,CCC(C)COC(=O)C1=CC=CC=C1O,PubChem,,,,Structure_PubChem,208.257,2.5951,1,3,46.53,15,1,4,,,,,208.257,,C12H16O3,,,,,,,,,,,Trouvé,,,,CID_162626,2-Methylbutyl salicylate,2-methylbutyl 2-hydroxybenzoate,CCC(C)COC(=O)C1=CC=CC=C1O,"InChI=1S/C12H16O3/c1-3-9(2)8-15-12(14)10-6-4-5-7-11(10)13/h4-7,9,13H,3,8H2,1-2H3",LCMNCRZMVCRJNZ-UHFFFAOYSA-N
2-Hydroxy-4-(trifluoromethyl)benzoic acid,Industrial,164578,C8H5F3O3,206.12,3.5,2,6,57.5,C1=CC(=C(C=C1C(F)(F)F)O)C(=O)O,PubChem,,,,Structure_PubChem,206.119,2.1092,2,2,57.53,14,1,1,,,,,206.119,,C8H5F3O3,,,,,,,,,,,Trouvé,,,,CID_164578,2-Hydroxy-4-(trifluoromethyl)benzoic acid,2-hydroxy-4-(trifluoromethyl)benzoic acid,C1=CC(=C(C=C1C(F)(F)F)O)C(=O)O,"InChI=1S/C8H5F3O3/c9-8(10,11)4-1-2-5(7(13)14)6(12)3-4/h1-3,12H,(H,13,14)",XMLFPUBZFSJWCN-UHFFFAOYSA-N
"Mercury, iodophenyl-",Industrial,164736,C6H5HgI,404.6,,0,0,0.0,C1=CC=C(C=C1)[Hg]I,PubChem,,,,Structure_PubChem,404.6,1.7444,0,0,0.0,8,1,1,,,,,404.6,,C6H5HgI,,,,,,,,,,,Trouvé,,,,CID_164736,"Mercury, iodophenyl-",iodo(phenyl)mercury,C1=CC=C(C=C1)[Hg]I,InChI=1S/C6H5.Hg.HI/c1-2-4-6-5-3-1;;/h1-5H;;1H/q;+1;/p-1,BISBXZWWFIOZSX-UHFFFAOYSA-M
"Ethanol, 2-(chloromercuri)-(6CI,7CI)",Industrial,164927,C2H5ClHgO,281.1,,1,1,20.2,C(C[Hg]Cl)O,PubChem,,,,Structure_PubChem,281.104,0.6333,1,1,20.23,5,0,2,,,,,281.104,,C2H5ClHgO,,,,,,,,,,,Trouvé,,,,CID_164927,"Ethanol, 2-(chloromercuri)-(6CI,7CI)",chloro(2-hydroxyethyl)mercury,C(C[Hg]Cl)O,"InChI=1S/C2H5O.ClH.Hg/c1-2-3;;/h3H,1-2H2;1H;/q;;+1/p-1",VICZSHULGAWQBF-UHFFFAOYSA-M
4-Isooctylphenol,Industrial,168643,C14H22O,206.32,5.1,1,1,20.2,CC(C)CCCCCC1=CC=C(C=C1)O,PubChem,,,,Structure_PubChem,206.329,4.1511,1,1,20.23,15,1,6,,,,,206.329,,C14H22O,,,,,,,,,,,Trouvé,,,,CID_168643,4-Isooctylphenol,4-(6-methylheptyl)phenol,CC(C)CCCCCC1=CC=C(C=C1)O,"InChI=1S/C14H22O/c1-12(2)6-4-3-5-7-13-8-10-14(15)11-9-13/h8-12,15H,3-7H2,1-2H3",HVXRCAWUNAOCTA-UHFFFAOYSA-N
"Cycloheptatrienylium, hexafluorophosphate(1-) (1:1)",Industrial,169069,C7H7F6P,236.09,,0,7,0.0,C1=CC=C[CH+]C=C1.F[P-](F)(F)(F)(F)F,PubChem,,,,Structure_PubChem,236.095,5.3501,0,0,0.0,14,1,0,,,,,236.095,,C7H7F6P,,,,,,,,,,,Trouvé,,,,CID_169069,"Cycloheptatrienylium, hexafluorophosphate(1-) (1:1)","cyclohepta-1,3,5-triene hexafluorophosphate",C1=CC=C[CH+]C=C1.F[P-](F)(F)(F)(F)F,"InChI=1S/C7H7.F6P/c1-2-4-6-7-5-3-1;1-7(2,3,4,5)6/h1-7H;/q+1;-1",ZCBPSALVMPRNKG-UHFFFAOYSA-N
2-Dodecylphenol,Industrial,171144,C18H30O,262.4,7.8,1,1,20.2,CCCCCCCCCCCCC1=CC=CC=C1O,PubChem,,,,Structure_PubChem,262.437,5.8556,1,1,20.23,19,1,11,,,,,262.437,,C18H30O,,,,,,,,,,,Trouvé,,,,CID_171144,2-Dodecylphenol,2-dodecylphenol,CCCCCCCCCCCCC1=CC=CC=C1O,"InChI=1S/C18H30O/c1-2-3-4-5-6-7-8-9-10-11-14-17-15-12-13-16-18(17)19/h12-13,15-16,19H,2-11,14H2,1H3",CYEJMVLDXAUOPN-UHFFFAOYSA-N
Propylidyne-oxonium,Industrial,171610,C3H5O+,57.07,0.6,0,1,17.1,CC[C+]=O,PubChem,,,,Structure_PubChem,57.072,0.5061,0,1,17.07,4,0,1,,,,,57.072,,C3H5O+,,,,,,,,,,,Trouvé,,,,CID_171610,Propylidyne-oxonium,propan-1-one,CC[C+]=O,"InChI=1S/C3H5O/c1-2-3-4/h2H2,1H3/q+1",IXRIKXJQFYIWSW-UHFFFAOYSA-N
"Phenol, reaction products with hydrogen peroxide, distn. residues",Industrial,175673,C6H8O3,128.13,,3,3,60.7,C1=CC=C(C=C1)O.OO,PubChem,,,,Structure_PubChem,128.127,1.4096,3,3,60.69,9,1,0,,,,,128.127,,C6H8O3,,,,,,,,,,,Trouvé,,,,CID_175673,"Phenol, reaction products with hydrogen peroxide, distn. residues",hydrogen peroxide;phenol,C1=CC=C(C=C1)O.OO,"InChI=1S/C6H6O.H2O2/c7-6-4-2-1-3-5-6;1-2/h1-5,7H;1-2H",KQUXHNRTCORKIG-UHFFFAOYSA-N
"Formaldehyde, reaction products with Bu alcohol and phenol",Industrial,175684,C11H18O3,198.26,,2,3,57.5,CCCCO.C=O.C1=CC=C(C=C1)O,PubChem,,,,Structure_PubChem,198.262,1.9861,2,3,57.53,14,1,2,,,,,198.262,,C11H18O3,,,,,,,,,,,Trouvé,,,,CID_175684,"Formaldehyde, reaction products with Bu alcohol and phenol",butan-1-ol;formaldehyde;phenol,CCCCO.C=O.C1=CC=C(C=C1)O,"InChI=1S/C6H6O.C4H10O.CH2O/c7-6-4-2-1-3-5-6;1-2-3-4-5;1-2/h1-5,7H;5H,2-4H2,1H3;1H2",MCBSGVXXRPRGCG-UHFFFAOYSA-N
2'-Hydroxyflavanone,Industrial,176925,C15H12O3,240.25,2.5,1,3,46.5,C1C(OC2=CC=CC=C2C1=O)C3=CC=CC=C3O,PubChem,,,,Structure_PubChem,240.258,3.0987,1,3,46.53,18,3,1,,,,,240.258,,C15H12O3,,,,,,,,,,,Trouvé,,,,CID_176925,2'-Hydroxyflavanone,"2-(2-hydroxyphenyl)-2,3-dihydrochromen-4-one",C1C(OC2=CC=CC=C2C1=O)C3=CC=CC=C3O,"InChI=1S/C15H12O3/c16-12-7-3-1-5-10(12)15-9-13(17)11-6-2-4-8-14(11)18-15/h1-8,15-16H,9H2",KZKWCKFDCPVDFJ-UHFFFAOYSA-N
Chromone-3-carboxylic acid,Industrial,181620,C10H6O4,190.15,1.8,1,4,63.6,C1=CC=C2C(=C1)C(=O)C(=CO2)C(=O)O,PubChem,,,,Structure_PubChem,190.154,1.4912,1,3,67.51,14,2,1,,,,,190.154,,C10H6O4,,,,,,,,,,,Trouvé,,,,CID_181620,Chromone-3-carboxylic acid,4-oxochromene-3-carboxylic acid,C1=CC=C2C(=C1)C(=O)C(=CO2)C(=O)O,"InChI=1S/C10H6O4/c11-9-6-3-1-2-4-8(6)14-5-7(9)10(12)13/h1-5H,(H,12,13)",PCIITXGDSHXTSN-UHFFFAOYSA-N
4-Chloro-2-fluorophenol,Industrial,181975,C6H4ClFO,146.54,2.5,1,2,20.2,C1=CC(=C(C=C1Cl)F)O,PubChem,,,,Structure_PubChem,146.548,2.1847,1,1,20.23,9,1,0,,,,,146.548,,C6H4ClFO,,,,,,,,,,,Trouvé,,,,CID_181975,4-Chloro-2-fluorophenol,4-chloro-2-fluorophenol,C1=CC(=C(C=C1Cl)F)O,"InChI=1S/C6H4ClFO/c7-4-1-2-6(9)5(8)3-4/h1-3,9H",ZKMUKBBWORLNLA-UHFFFAOYSA-N
"4',6-Dihydroxyflavone",Industrial,182362,C15H10O4,254.24,3.3,2,4,66.8,C1=CC(=CC=C1C2=CC(=O)C3=C(O2)C=CC(=C3)O)O,PubChem,,,,Structure_PubChem,254.241,2.8712,2,4,70.67,19,3,1,,,,,254.241,182362.0,C15H10O4,254.24,3.3,2.0,4.0,66.8,19.0,,1.0,C1=CC(=CC=C1C2=CC(=O)C3=C(O2)C=CC(=C3)O)O,6-hydroxy-2-(4-hydroxyphenyl)chromen-4-one,Trouvé,19.0,3.0,1.0,CID_182362,"4',6-Dihydroxyflavone",6-hydroxy-2-(4-hydroxyphenyl)chromen-4-one,C1=CC(=CC=C1C2=CC(=O)C3=C(O2)C=CC(=C3)O)O,"InChI=1S/C15H10O4/c16-10-3-1-9(2-4-10)15-8-13(18)12-7-11(17)5-6-14(12)19-15/h1-8,16-17H",FFULTBKXWHYHFQ-UHFFFAOYSA-N
"Phenol, 2-fluoro-5-methyl-",Industrial,182387,C7H7FO,126.13,1.8,1,2,20.2,CC1=CC(=C(C=C1)F)O,PubChem,,,,Structure_PubChem,126.13,1.8397,1,1,20.23,9,1,0,,,,,126.13,,C7H7FO,,,,,,,,,,,Trouvé,,,,CID_182387,"Phenol, 2-fluoro-5-methyl-",2-fluoro-5-methylphenol,CC1=CC(=C(C=C1)F)O,"InChI=1S/C7H7FO/c1-5-2-3-6(8)7(9)4-5/h2-4,9H,1H3",XEHPMVZYZDQLDN-UHFFFAOYSA-N
Chloro(tert-butyl)phenylphosphine,Industrial,185712,C10H14ClP,200.64,3.3,0,0,0.0,CC(C)(C)P(C1=CC=CC=C1)Cl,PubChem,,,,Structure_PubChem,200.649,3.7461,0,0,0.0,12,1,1,,,,,200.649,,C10H14ClP,,,,,,,,,,,Trouvé,,,,CID_185712,Chloro(tert-butyl)phenylphosphine,tert-butyl-chloro-phenylphosphane,CC(C)(C)P(C1=CC=CC=C1)Cl,"InChI=1S/C10H14ClP/c1-10(2,3)12(11)9-7-5-4-6-8-9/h4-8H,1-3H3",XOQDDCZARYSQNB-UHFFFAOYSA-N
Antimony choline,Industrial,196193,C5H14OSb+,211.92,,1,1,20.2,C[Sb+](C)(C)CCO,PubChem,,,,Structure_PubChem,211.926,1.3169,1,1,20.23,7,0,2,,,,,211.926,,C5H14OSb+,,,,,,,,,,,Trouvé,,,,CID_196193,Antimony choline,2-hydroxyethyl(trimethyl)stibanium,C[Sb+](C)(C)CCO,"InChI=1S/C2H5O.3CH3.Sb/c1-2-3;;;;/h3H,1-2H2;3*1H3;/q;;;;+1",HEUNVZPIHWLOQP-UHFFFAOYSA-N
Dibromodiphenylstannane,Industrial,197817,C12H10Br2Sn,432.72,,0,0,0.0,C1=CC=C(C=C1)[Sn](C2=CC=CC=C2)(Br)Br,PubChem,,,,Structure_PubChem,432.731,3.0328,0,0,0.0,15,2,2,,,,,432.731,,C12H10Br2Sn,,,,,,,,,,,Trouvé,,,,CID_197817,Dibromodiphenylstannane,dibromo(diphenyl)stannane,C1=CC=C(C=C1)[Sn](C2=CC=CC=C2)(Br)Br,InChI=1S/2C6H5.2BrH.Sn/c2*1-2-4-6-5-3-1;;;/h2*1-5H;2*1H;/q;;;;+2/p-2,ALOQGPVOAWHHLG-UHFFFAOYSA-L
Bis(benzene)chromium iodide,Industrial,197904,C12H12CrI-,335.12,,0,1,0.0,C1=CC=CC=C1.C1=CC=CC=C1.[Cr].[I-],PubChem,,,,Structure_PubChem,335.128,0.3747,0,0,0.0,14,2,0,,,,,335.128,,C12H12CrI-,,,,,,,,,,,Trouvé,,,,CID_197904,Bis(benzene)chromium iodide,benzene;chromium;iodide,C1=CC=CC=C1.C1=CC=CC=C1.[Cr].[I-],InChI=1S/2C6H6.Cr.HI/c2*1-2-4-6-5-3-1;;/h2*1-6H;;1H/p-1,IWYUZZHGGOHXAS-UHFFFAOYSA-M
Benzyltributylphosphonium chloride,Industrial,200231,C19H34ClP,328.9,,0,1,0.0,CCCC[P+](CCCC)(CCCC)CC1=CC=CC=C1.[Cl-],PubChem,,,,Structure_PubChem,328.908,3.6085,0,0,0.0,21,1,11,,,,,328.908,,C19H34ClP,,,,,,,,,,,Trouvé,,,,CID_200231,Benzyltributylphosphonium chloride,benzyl(tributyl)phosphanium chloride,CCCC[P+](CCCC)(CCCC)CC1=CC=CC=C1.[Cl-],"InChI=1S/C19H34P.ClH/c1-4-7-15-20(16-8-5-2,17-9-6-3)18-19-13-11-10-12-14-19;/h10-14H,4-9,15-18H2,1-3H3;1H/q+1;/p-1",WCHPXAFAEZGCMB-UHFFFAOYSA-M
2-(2-Ethylhexyl)phenol,Industrial,200241,C14H22O,206.32,5.4,1,1,20.2,CCCCC(CC)CC1=CC=CC=C1O,PubChem,,,,Structure_PubChem,206.329,4.1511,1,1,20.23,15,1,6,,,,,206.329,,C14H22O,,,,,,,,,,,Trouvé,,,,CID_200241,2-(2-Ethylhexyl)phenol,2-(2-ethylhexyl)phenol,CCCCC(CC)CC1=CC=CC=C1O,"InChI=1S/C14H22O/c1-3-5-8-12(4-2)11-13-9-6-7-10-14(13)15/h6-7,9-10,12,15H,3-5,8,11H2,1-2H3",RRKBRXPIJHVKIC-UHFFFAOYSA-N
3-Isopropylsalicylic acid,Industrial,201887,C10H12O3,180.2,3.6,2,3,57.5,CC(C)C1=C(C(=CC=C1)C(=O)O)O,PubChem,,,,Structure_PubChem,180.203,2.2138,2,2,57.53,13,1,2,,,,,180.203,,C10H12O3,,,,,,,,,,,Trouvé,,,,CID_201887,3-Isopropylsalicylic acid,2-hydroxy-3-propan-2-ylbenzoic acid,CC(C)C1=C(C(=CC=C1)C(=O)O)O,"InChI=1S/C10H12O3/c1-6(2)7-4-3-5-8(9(7)11)10(12)13/h3-6,11H,1-2H3,(H,12,13)",XGAYQDWZIPRBPF-UHFFFAOYSA-N
"Arsenic acid, methylphenyl-",Industrial,203113,C7H9AsO2,200.07,,1,2,37.3,C[As](=O)(C1=CC=CC=C1)O,PubChem,,,,Structure_PubChem,200.069,0.3884,1,1,37.3,10,1,1,,,,,200.069,,C7H9AsO2,,,,,,,,,,,Trouvé,,,,CID_203113,"Arsenic acid, methylphenyl-",methyl(phenyl)arsinic acid,C[As](=O)(C1=CC=CC=C1)O,"InChI=1S/C7H9AsO2/c1-8(9,10)7-5-3-2-4-6-7/h2-6H,1H3,(H,9,10)",MROUTHHOGFJANY-UHFFFAOYSA-N
"Phosphonium, triallylphenyl-, bromide",Industrial,207421,C15H20BrP,311.2,,0,1,0.0,C=CC[P+](CC=C)(CC=C)C1=CC=CC=C1.[Br-],PubChem,,,,Structure_PubChem,311.203,0.8915,0,0,0.0,17,1,7,,,,,311.203,,C15H20BrP,,,,,,,,,,,Trouvé,,,,CID_207421,"Phosphonium, triallylphenyl-, bromide",phenyl-tris(prop-2-enyl)phosphanium bromide,C=CC[P+](CC=C)(CC=C)C1=CC=CC=C1.[Br-],"InChI=1S/C15H20P.BrH/c1-4-12-16(13-5-2,14-6-3)15-10-8-7-9-11-15;/h4-11H,1-3,12-14H2;1H/q+1;/p-1",YCMIQRQYHCWLBO-UHFFFAOYSA-M
"Phosphonic acid, (m-hydroxyphenyl)-",Industrial,214691,C6H7O4P,174.09,-0.4,3,4,77.8,C1=CC(=CC(=C1)P(=O)(O)O)O,PubChem,,,,Structure_PubChem,174.092,0.1952,3,2,77.76,11,1,1,,,,,174.092,,C6H7O4P,,,,,,,,,,,Trouvé,,,,CID_214691,"Phosphonic acid, (m-hydroxyphenyl)-",(3-hydroxyphenyl)phosphonic acid,C1=CC(=CC(=C1)P(=O)(O)O)O,"InChI=1S/C6H7O4P/c7-5-2-1-3-6(4-5)11(8,9)10/h1-4,7H,(H2,8,9,10)",CHVHANKCBNWZMB-UHFFFAOYSA-N
(4-Hydroxyphenyl)phosphonic acid,Industrial,214694,C6H7O4P,174.09,0.2,3,4,77.8,C1=CC(=CC=C1O)P(=O)(O)O,PubChem,,,,Structure_PubChem,174.092,0.1952,3,2,77.76,11,1,1,,,,,174.092,,C6H7O4P,,,,,,,,,,,Trouvé,,,,CID_214694,(4-Hydroxyphenyl)phosphonic acid,(4-hydroxyphenyl)phosphonic acid,C1=CC(=CC=C1O)P(=O)(O)O,"InChI=1S/C6H7O4P/c7-5-1-3-6(4-2-5)11(8,9)10/h1-4,7H,(H2,8,9,10)",YIDVLWDHYNWHMH-UHFFFAOYSA-N
4-Hydroxyphenyl thiocyanate,Industrial,220327,C7H5NOS,151.19,2.1,1,3,69.3,C1=CC(=CC=C1O)SC#N,PubChem,,,,Structure_PubChem,151.19,1.9654,1,3,44.02,10,1,1,,,,,151.19,,C7H5NOS,,,,,,,,,,,Trouvé,,,,CID_220327,4-Hydroxyphenyl thiocyanate,(4-hydroxyphenyl) thiocyanate,C1=CC(=CC=C1O)SC#N,"InChI=1S/C7H5NOS/c8-5-10-7-3-1-6(9)2-4-7/h1-4,9H",FMRRFPFZGPDDLZ-UHFFFAOYSA-N
"Benzoic acid, 2-ethoxy-, ethyl ester",Industrial,221644,C11H14O3,194.23,3.1,0,3,35.5,CCOC1=CC=CC=C1C(=O)OCC,PubChem,,,,Structure_PubChem,194.23,2.262,0,3,35.53,14,1,4,,,,,194.23,,C11H14O3,,,,,,,,,,,Trouvé,,,,CID_221644,"Benzoic acid, 2-ethoxy-, ethyl ester",ethyl 2-ethoxybenzoate,CCOC1=CC=CC=C1C(=O)OCC,"InChI=1S/C11H14O3/c1-3-13-10-8-6-5-7-9(10)11(12)14-4-2/h5-8H,3-4H2,1-2H3",OUZCDRGUTZLAGO-UHFFFAOYSA-N
4-(2-Butenyl)phenol,Industrial,221736,C10H12O,148.2,3.1,1,1,20.2,C/C=C/CC1=CC=C(C=C1)O,PubChem,,,,Structure_PubChem,148.205,2.5108,1,1,20.23,11,1,2,,,,,148.205,,C10H12O,,,,,,,,,,,Trouvé,,,,CID_221736,4-(2-Butenyl)phenol,4-[(E)-but-2-enyl]phenol,C/C=C/CC1=CC=C(C=C1)O,"InChI=1S/C10H12O/c1-2-3-4-9-5-7-10(11)8-6-9/h2-3,5-8,11H,4H2,1H3/b3-2+",CHQPRDVSUIJJNP-NSCUHMNNSA-N
"1,4-Difluoro-2-iodobenzene",Industrial,223084,C6H3F2I,239.99,2.8,0,2,0.0,C1=CC(=C(C=C1F)I)F,PubChem,,,,Structure_PubChem,239.99,2.5694,0,0,0.0,9,1,0,,,,,239.99,,C6H3F2I,,,,,,,,,,,Trouvé,,,,CID_223084,"1,4-Difluoro-2-iodobenzene","1,4-difluoro-2-iodobenzene",C1=CC(=C(C=C1F)I)F,InChI=1S/C6H3F2I/c7-4-1-2-5(8)6(9)3-4/h1-3H,WBYVNDUCUMNZPM-UHFFFAOYSA-N
"Benzene, 1,3-bis(trifluoromethyl)-",Industrial,223106,C8H4F6,214.11,3.8,0,6,0.0,C1=CC(=CC(=C1)C(F)(F)F)C(F)(F)F,PubChem,,,,Structure_PubChem,214.108,3.7242,0,0,0.0,14,1,0,,,,,214.108,,C8H4F6,,,,,,,,,,,Trouvé,,,,CID_223106,"Benzene, 1,3-bis(trifluoromethyl)-","1,3-bis(trifluoromethyl)benzene",C1=CC(=CC(=C1)C(F)(F)F)C(F)(F)F,"InChI=1S/C8H4F6/c9-7(10,11)5-2-1-3-6(4-5)8(12,13)14/h1-4H",SJBBXFLOLUTGCW-UHFFFAOYSA-N
"(2,4-Dihydroxyphenyl)arsonic acid",Industrial,223335,C6H7AsO5,234.04,,4,5,98.0,C1=CC(=C(C=C1O)O)[As](=O)(O)O,PubChem,,,,Structure_PubChem,234.039,-1.3412,4,3,97.99,12,1,1,,,,,234.039,,C6H7AsO5,,,,,,,,,,,Trouvé,,,,CID_223335,"(2,4-Dihydroxyphenyl)arsonic acid","(2,4-dihydroxyphenyl)arsonic acid",C1=CC(=C(C=C1O)O)[As](=O)(O)O,"InChI=1S/C6H7AsO5/c8-4-1-2-5(6(9)3-4)7(10,11)12/h1-3,8-9H,(H2,10,11,12)",IRNHKTKWGLKNNU-UHFFFAOYSA-N
3'-Hydroxyflavone,Industrial,229015,C15H10O3,238.24,3.2,1,3,46.5,C1=CC=C2C(=C1)C(=O)C=C(O2)C3=CC(=CC=C3)O,PubChem,,,,Structure_PubChem,238.242,3.1656,1,3,50.44,18,3,1,,,,,238.242,,C15H10O3,,,,,,,,,,,Trouvé,,,,CID_229015,3'-Hydroxyflavone,2-(3-hydroxyphenyl)chromen-4-one,C1=CC=C2C(=C1)C(=O)C=C(O2)C3=CC(=CC=C3)O,"InChI=1S/C15H10O3/c16-11-5-3-4-10(8-11)15-9-13(17)12-6-1-2-7-14(12)18-15/h1-9,16H",ISZWRZGKEWQACU-UHFFFAOYSA-N
4'-Hydroxyflavone,Industrial,229016,C15H10O3,238.24,3.2,1,3,46.5,C1=CC=C2C(=C1)C(=O)C=C(O2)C3=CC=C(C=C3)O,PubChem,,,,Structure_PubChem,238.242,3.1656,1,3,50.44,18,3,1,,,,,238.242,,C15H10O3,,,,,,,,,,,Trouvé,,,,CID_229016,4'-Hydroxyflavone,2-(4-hydroxyphenyl)chromen-4-one,C1=CC=C2C(=C1)C(=O)C=C(O2)C3=CC=C(C=C3)O,"InChI=1S/C15H10O3/c16-11-7-5-10(6-8-11)15-9-13(17)12-3-1-2-4-14(12)18-15/h1-9,16H",SHGLJXBLXNNCTE-UHFFFAOYSA-N
"1,3-Benzenediboronic acid",Industrial,230477,C6H8B2O4,165.75,,4,4,80.9,B(C1=CC(=CC=C1)B(O)O)(O)O,PubChem,,,,Structure_PubChem,165.75,-2.9538,4,4,80.92,12,1,2,,,,,165.75,,C6H8B2O4,,,,,,,,,,,Trouvé,,,,CID_230477,"1,3-Benzenediboronic acid",(3-boronophenyl)boronic acid,B(C1=CC(=CC=C1)B(O)O)(O)O,"InChI=1S/C6H8B2O4/c9-7(10)5-2-1-3-6(4-5)8(11)12/h1-4,9-12H",UXPAASVRXBULRG-UHFFFAOYSA-N
"1,4-Benzenediboronic acid",Industrial,230478,C6H8B2O4,165.75,,4,4,80.9,B(C1=CC=C(C=C1)B(O)O)(O)O,PubChem,,,,Structure_PubChem,165.75,-2.9538,4,4,80.92,12,1,2,,,,,165.75,,C6H8B2O4,,,,,,,,,,,Trouvé,,,,CID_230478,"1,4-Benzenediboronic acid",(4-boronophenyl)boronic acid,B(C1=CC=C(C=C1)B(O)O)(O)O,"InChI=1S/C6H8B2O4/c9-7(10)5-1-2-6(4-3-5)8(11)12/h1-4,9-12H",BODYVHJTUHHINQ-UHFFFAOYSA-N
1-Chloro-2-phenylethane,Industrial,231496,C8H9Cl,140.61,3.0,0,0,0.0,C1=CC=C(C=C1)CCCl,PubChem,,,,Structure_PubChem,140.613,2.4679,0,0,0.0,9,1,2,,,,,140.613,,C8H9Cl,,,,,,,,,,,Trouvé,,,,CID_231496,1-Chloro-2-phenylethane,2-chloroethylbenzene,C1=CC=C(C=C1)CCCl,"InChI=1S/C8H9Cl/c9-7-6-8-4-2-1-3-5-8/h1-5H,6-7H2",MNNZINNZIQVULG-UHFFFAOYSA-N
Mls003389285,Industrial,234138,C10H11OP,178.17,1.2,0,1,17.1,C1C=CCP1(=O)C2=CC=CC=C2,PubChem,,,,Structure_PubChem,178.171,2.2448,0,1,17.07,12,2,1,,,,,178.171,,C10H11OP,,,,,,,,,,,Trouvé,,,,CID_234138,Mls003389285,"1-phenyl-2,5-dihydro-1lambda5-phosphole 1-oxide",C1C=CCP1(=O)C2=CC=CC=C2,"InChI=1S/C10H11OP/c11-12(8-4-5-9-12)10-6-2-1-3-7-10/h1-7H,8-9H2",MRIPLOHUFFCPDX-UHFFFAOYSA-N
(4-Hydroxyphenyl)phenylarsinic acid,Industrial,237671,C12H11AsO3,278.13,,2,3,57.5,C1=CC=C(C=C1)[As](=O)(C2=CC=C(C=C2)O)O,PubChem,,,,Structure_PubChem,278.139,0.3714,2,2,57.53,16,2,2,,,,,278.139,,C12H11AsO3,,,,,,,,,,,Trouvé,,,,CID_237671,(4-Hydroxyphenyl)phenylarsinic acid,(4-hydroxyphenyl)-phenylarsinic acid,C1=CC=C(C=C1)[As](=O)(C2=CC=C(C=C2)O)O,"InChI=1S/C12H11AsO3/c14-12-8-6-11(7-9-12)13(15,16)10-4-2-1-3-5-10/h1-9,14H,(H,15,16)",KDOZRXVAUNLEMJ-UHFFFAOYSA-N
(2-Hydroxyphenyl)(4-hydroxyphenyl)arsinic acid,Industrial,237672,C12H11AsO4,294.13,,3,4,77.8,C1=CC=C(C(=C1)O)[As](=O)(C2=CC=C(C=C2)O)O,PubChem,,,,Structure_PubChem,294.138,0.077,3,3,77.76,17,2,2,,,,,294.138,,C12H11AsO4,,,,,,,,,,,Trouvé,,,,CID_237672,(2-Hydroxyphenyl)(4-hydroxyphenyl)arsinic acid,(2-hydroxyphenyl)-(4-hydroxyphenyl)arsinic acid,C1=CC=C(C(=C1)O)[As](=O)(C2=CC=C(C=C2)O)O,"InChI=1S/C12H11AsO4/c14-10-7-5-9(6-8-10)13(16,17)11-3-1-2-4-12(11)15/h1-8,14-15H,(H,16,17)",LYLOLQCNEFADIQ-UHFFFAOYSA-N
(2-Hydroxyphenyl)arsonic acid,Industrial,238189,C6H7AsO4,218.04,,3,4,77.8,C1=CC=C(C(=C1)O)[As](=O)(O)O,PubChem,,,,Structure_PubChem,218.04,-1.0468,3,2,77.76,11,1,1,,,,,218.04,,C6H7AsO4,,,,,,,,,,,Trouvé,,,,CID_238189,(2-Hydroxyphenyl)arsonic acid,(2-hydroxyphenyl)arsonic acid,C1=CC=C(C(=C1)O)[As](=O)(O)O,"InChI=1S/C6H7AsO4/c8-6-4-2-1-3-5(6)7(9,10)11/h1-4,8H,(H2,9,10,11)",YOIBQIMOYMGDMM-UHFFFAOYSA-N
"2,2'-Dithiodiphenol",Industrial,239746,C12H10O2S2,250.3,3.7,2,4,91.1,C1=CC=C(C(=C1)O)SSC2=CC=CC=C2O,PubChem,,,,Structure_PubChem,250.344,3.8972,2,4,40.46,16,2,3,,,,,250.344,,C12H10O2S2,,,,,,,,,,,Trouvé,,,,CID_239746,"2,2'-Dithiodiphenol",2-[(2-hydroxyphenyl)disulfanyl]phenol,C1=CC=C(C(=C1)O)SSC2=CC=CC=C2O,"InChI=1S/C12H10O2S2/c13-9-5-1-3-7-11(9)15-16-12-8-4-2-6-10(12)14/h1-8,13-14H",FNXXLDHPVGHXEM-UHFFFAOYSA-N
4-Mercaptophenol,Industrial,240147,C6H6OS,126.18,1.1,2,2,21.2,C1=CC(=CC=C1O)S,PubChem,,,,Structure_PubChem,126.18,1.6809,2,2,20.23,8,1,0,,,,,126.18,,C6H6OS,,,,,,,,,,,Trouvé,,,,CID_240147,4-Mercaptophenol,4-sulfanylphenol,C1=CC(=CC=C1O)S,"InChI=1S/C6H6OS/c7-5-1-3-6(8)4-2-5/h1-4,7-8H",BXAVKNRWVKUTLY-UHFFFAOYSA-N
4-(2-Iodoethyl)phenol,Industrial,245696,C8H9IO,248.06,3.4,1,1,20.2,C1=CC(=CC=C1CCI)O,PubChem,,,,Structure_PubChem,248.063,2.3697,1,1,20.23,10,1,2,,,,,248.063,,C8H9IO,,,,,,,,,,,Trouvé,,,,CID_245696,4-(2-Iodoethyl)phenol,4-(2-iodoethyl)phenol,C1=CC(=CC=C1CCI)O,"InChI=1S/C8H9IO/c9-6-5-7-1-3-8(10)4-2-7/h1-4,10H,5-6H2",OGMCDNXCHXQKHO-UHFFFAOYSA-N
"beta-Methylstyrene, cis-",Industrial,252324,C9H10,118.18,3.2,0,0,0.0,C/C=C\C1=CC=CC=C1,PubChem,,,,Structure_PubChem,118.179,2.7197,0,0,0.0,9,1,1,,,,,118.179,,C9H10,,,,,,,,,,,Trouvé,,,,CID_252324,"beta-Methylstyrene, cis-",[(Z)-prop-1-enyl]benzene,C/C=C\C1=CC=CC=C1,"InChI=1S/C9H10/c1-2-6-9-7-4-3-5-8-9/h2-8H,1H3/b6-2-",QROGIFZRVHSFLM-KXFIGUGUSA-N
trans-beta-METHYLSTYRENE,Industrial,252325,C9H10,118.18,3.2,0,0,0.0,C/C=C/C1=CC=CC=C1,PubChem,,,,Structure_PubChem,118.179,2.7197,0,0,0.0,9,1,1,,,,,118.179,,C9H10,,,,,,,,,,,Trouvé,,,,CID_252325,trans-beta-METHYLSTYRENE,[(E)-prop-1-enyl]benzene,C/C=C/C1=CC=CC=C1,"InChI=1S/C9H10/c1-2-6-9-7-4-3-5-8-9/h2-8H,1H3/b6-2+",QROGIFZRVHSFLM-QHHAFSJGSA-N
4-Isopropenyl-o-xylene,Industrial,258550,C11H14,146.23,4.1,0,0,0.0,CC1=C(C=C(C=C1)C(=C)C)C,PubChem,,,,Structure_PubChem,146.233,3.3365,0,0,0.0,11,1,1,,,,,146.233,,C11H14,,,,,,,,,,,Trouvé,,,,CID_258550,4-Isopropenyl-o-xylene,"1,2-dimethyl-4-prop-1-en-2-ylbenzene",CC1=C(C=C(C=C1)C(=C)C)C,"InChI=1S/C11H14/c1-8(2)11-6-5-9(3)10(4)7-11/h5-7H,1H2,2-4H3",XSQYYLSXKMCPJQ-UHFFFAOYSA-N
Ononetin,Industrial,259632,C15H14O4,258.27,3.2,2,4,66.8,COC1=CC=C(C=C1)CC(=O)C2=C(C=C(C=C2)O)O,PubChem,,,,Structure_PubChem,258.273,2.5318,2,4,66.76,19,2,4,,,,,258.273,,C15H14O4,,,,,,,,,,,Trouvé,,,,CID_259632,Ononetin,"1-(2,4-dihydroxyphenyl)-2-(4-methoxyphenyl)ethanone",COC1=CC=C(C=C1)CC(=O)C2=C(C=C(C=C2)O)O,"InChI=1S/C15H14O4/c1-19-12-5-2-10(3-6-12)8-14(17)13-7-4-11(16)9-15(13)18/h2-7,9,16,18H,8H2,1H3",XHBZOAYMBBUURD-UHFFFAOYSA-N
Triethyl(phenyl)silane,Industrial,262887,C12H20Si,192.37,,0,0,0.0,CC[Si](CC)(CC)C1=CC=CC=C1,PubChem,,,,Structure_PubChem,192.378,3.4021,0,0,0.0,13,1,4,,,,,192.378,,C12H20Si,,,,,,,,,,,Trouvé,,,,CID_262887,Triethyl(phenyl)silane,triethyl(phenyl)silane,CC[Si](CC)(CC)C1=CC=CC=C1,"InChI=1S/C12H20Si/c1-4-13(5-2,6-3)12-10-8-7-9-11-12/h7-11H,4-6H2,1-3H3",CEAWWDXUKYZTJL-UHFFFAOYSA-N
3-Hydroxy-7-methoxy-2-(4-methoxyphenyl)-4H-chromen-4-one,Industrial,265699,C17H14O5,298.29,3.3,1,5,65.0,COC1=CC=C(C=C1)C2=C(C(=O)C3=C(O2)C=C(C=C3)OC)O,PubChem,,,,Structure_PubChem,298.294,3.1828,1,5,68.9,22,3,3,,,,,298.294,,C17H14O5,,,,,,,,,,,Trouvé,,,,CID_265699,3-Hydroxy-7-methoxy-2-(4-methoxyphenyl)-4H-chromen-4-one,3-hydroxy-7-methoxy-2-(4-methoxyphenyl)chromen-4-one,COC1=CC=C(C=C1)C2=C(C(=O)C3=C(O2)C=C(C=C3)OC)O,"InChI=1S/C17H14O5/c1-20-11-5-3-10(4-6-11)17-16(19)15(18)13-8-7-12(21-2)9-14(13)22-17/h3-9,19H,1-2H3",IFHXSMSQHPVVSF-UHFFFAOYSA-N
7-(Acetyloxy)-2-methyl-3-phenyl-4H-1-benzopyran-4-one,Industrial,268208,C18H14O4,294.3,3.2,0,4,52.6,CC1=C(C(=O)C2=C(O1)C=C(C=C2)OC(=O)C)C3=CC=CC=C3,PubChem,,,,Structure_PubChem,294.306,3.6937,0,4,56.51,22,3,2,,,,,294.306,268208.0,C18H14O4,294.3,3.2,0.0,4.0,52.6,22.0,,3.0,CC1=C(C(=O)C2=C(O1)C=C(C=C2)OC(=O)C)C3=CC=CC=C3,(2-methyl-4-oxo-3-phenylchromen-7-yl) acetate,Trouvé,22.0,3.0,2.0,CID_268208,7-(Acetyloxy)-2-methyl-3-phenyl-4H-1-benzopyran-4-one,(2-methyl-4-oxo-3-phenylchromen-7-yl) acetate,CC1=C(C(=O)C2=C(O1)C=C(C=C2)OC(=O)C)C3=CC=CC=C3,"InChI=1S/C18H14O4/c1-11-17(13-6-4-3-5-7-13)18(20)15-9-8-14(22-12(2)19)10-16(15)21-11/h3-10H,1-2H3",DPIAJERHFDBLPT-UHFFFAOYSA-N
"1,1-Diphenyl-2-methylpropane",Industrial,274386,C16H18,210.31,4.3,0,0,0.0,CC(C)C(C1=CC=CC=C1)C2=CC=CC=C2,PubChem,,,,Structure_PubChem,210.32,4.4745,0,0,0.0,16,2,3,,,,,210.32,,C16H18,,,,,,,,,,,Trouvé,,,,CID_274386,"1,1-Diphenyl-2-methylpropane",(2-methyl-1-phenylpropyl)benzene,CC(C)C(C1=CC=CC=C1)C2=CC=CC=C2,"InChI=1S/C16H18/c1-13(2)16(14-9-5-3-6-10-14)15-11-7-4-8-12-15/h3-13,16H,1-2H3",WYYWMBKUPQWNRU-UHFFFAOYSA-N
4-[(4-Hydroxyphenyl)disulfanyl]phenol,Industrial,280665,C12H10O2S2,250.3,3.7,2,4,91.1,C1=CC(=CC=C1O)SSC2=CC=C(C=C2)O,PubChem,,,,Structure_PubChem,250.344,3.8972,2,4,40.46,16,2,3,,,,,250.344,,C12H10O2S2,,,,,,,,,,,Trouvé,,,,CID_280665,4-[(4-Hydroxyphenyl)disulfanyl]phenol,4-[(4-hydroxyphenyl)disulfanyl]phenol,C1=CC(=CC=C1O)SSC2=CC=C(C=C2)O,"InChI=1S/C12H10O2S2/c13-9-1-5-11(6-2-9)15-16-12-7-3-10(14)4-8-12/h1-8,13-14H",XGKGITBBMXTKTE-UHFFFAOYSA-N
(Chloromethyl)phenylphosphinic chloride,Industrial,283502,C7H7Cl2OP,209.01,2.4,0,1,17.1,C1=CC=C(C=C1)P(=O)(CCl)Cl,PubChem,,,,Structure_PubChem,209.012,3.0251,0,1,17.07,11,1,2,,,,,209.012,,C7H7Cl2OP,,,,,,,,,,,Trouvé,,,,CID_283502,(Chloromethyl)phenylphosphinic chloride,[chloro(chloromethyl)phosphoryl]benzene,C1=CC=C(C=C1)P(=O)(CCl)Cl,"InChI=1S/C7H7Cl2OP/c8-6-11(9,10)7-4-2-1-3-5-7/h1-5H,6H2",XHTKQBFZLWPIFU-UHFFFAOYSA-N
4-Fluorophenylboronic acid,Industrial,285645,C6H6BFO2,139.92,,2,3,40.5,B(C1=CC=C(C=C1)F)(O)O,PubChem,,,,Structure_PubChem,139.922,-0.4945,2,2,40.46,10,1,1,,,,,139.922,,C6H6BFO2,,,,,,,,,,,Trouvé,,,,CID_285645,4-Fluorophenylboronic acid,(4-fluorophenyl)boronic acid,B(C1=CC=C(C=C1)F)(O)O,"InChI=1S/C6H6BFO2/c8-6-3-1-5(2-4-6)7(9)10/h1-4,9-10H",LBUNNMJLXWQQBY-UHFFFAOYSA-N
Iodobenzene dichloride,Industrial,288571,C6H5Cl2I,274.91,4.2,0,0,0.0,C1=CC=C(C=C1)I(Cl)Cl,PubChem,,,,Structure_PubChem,274.916,3.6702,0,0,0.0,9,1,1,,,,,274.916,,C6H5Cl2I,,,,,,,,,,,Trouvé,,,,CID_288571,Iodobenzene dichloride,dichloro(phenyl)-lambda3-iodane,C1=CC=C(C=C1)I(Cl)Cl,InChI=1S/C6H5Cl2I/c7-9(8)6-4-2-1-3-5-6/h1-5H,KSRHWBLHVZJTKV-UHFFFAOYSA-N
Phenyl phosphorodichloridothionate,Industrial,292336,C6H5Cl2OPS,227.05,4.5,0,2,41.3,C1=CC=C(C=C1)OP(=S)(Cl)Cl,PubChem,,,,Structure_PubChem,227.052,3.7675,0,2,9.23,11,1,2,,,,,227.052,,C6H5Cl2OPS,,,,,,,,,,,Trouvé,,,,CID_292336,Phenyl phosphorodichloridothionate,dichloro-phenoxy-sulfanylidene-lambda5-phosphane,C1=CC=C(C=C1)OP(=S)(Cl)Cl,"InChI=1S/C6H5Cl2OPS/c7-10(8,11)9-6-4-2-1-3-5-6/h1-5H",ODPZLWXUWFTSEA-UHFFFAOYSA-N
(Dipropyl)-phenylphosphine,Industrial,292611,C12H19P,194.25,3.3,0,0,0.0,CCCP(CCC)C1=CC=CC=C1,PubChem,,,,Structure_PubChem,194.258,3.6138,0,0,0.0,13,1,5,,,,,194.258,,C12H19P,,,,,,,,,,,Trouvé,,,,CID_292611,(Dipropyl)-phenylphosphine,phenyl(dipropyl)phosphane,CCCP(CCC)C1=CC=CC=C1,"InChI=1S/C12H19P/c1-3-10-13(11-4-2)12-8-6-5-7-9-12/h5-9H,3-4,10-11H2,1-2H3",OSRKWUXYLYWDOH-UHFFFAOYSA-N
Phenylstibonic Acid,Industrial,299579,C6H7O3Sb,248.88,,2,3,57.5,C1=CC=C(C=C1)[Sb](=O)(O)O,PubChem,,,,Structure_PubChem,248.879,-0.7524,2,1,57.53,10,1,1,,,,,248.879,,C6H7O3Sb,,,,,,,,,,,Trouvé,,,,CID_299579,Phenylstibonic Acid,phenylstibonic acid,C1=CC=C(C=C1)[Sb](=O)(O)O,InChI=1S/C6H5.2H2O.O.Sb/c1-2-4-6-5-3-1;;;;/h1-5H;2*1H2;;/q;;;;+2/p-2,KXPRPCQZFKDEGH-UHFFFAOYSA-L
Methyl phenyl hydrogen phosphate,Industrial,301276,C7H9O4P,188.12,0.7,1,4,55.8,COP(=O)(O)OC1=CC=CC=C1,PubChem,,,,Structure_PubChem,188.119,1.8122,1,3,55.76,12,1,3,,,,,188.119,,C7H9O4P,,,,,,,,,,,Trouvé,,,,CID_301276,Methyl phenyl hydrogen phosphate,methyl phenyl hydrogen phosphate,COP(=O)(O)OC1=CC=CC=C1,"InChI=1S/C7H9O4P/c1-10-12(8,9)11-7-5-3-2-4-6-7/h2-6H,1H3,(H,8,9)",BXVTXRIOHHFSQZ-UHFFFAOYSA-N
"Stibene, tri-o-tolyl-",Industrial,301718,C21H21Sb,395.2,,0,0,0.0,CC1=CC=CC=C1[Sb](C2=CC=CC=C2C)C3=CC=CC=C3C,PubChem,,,,Structure_PubChem,395.159,3.1281,0,0,0.0,22,3,3,,,,,395.159,,C21H21Sb,,,,,,,,,,,Trouvé,,,,CID_301718,"Stibene, tri-o-tolyl-",tris(2-methylphenyl)stibane,CC1=CC=CC=C1[Sb](C2=CC=CC=C2C)C3=CC=CC=C3C,"InChI=1S/3C7H7.Sb/c3*1-7-5-3-2-4-6-7;/h3*2-5H,1H3;",LDXFCCZPPSEDCI-UHFFFAOYSA-N
3-Fluoro-2-methylphenol,Industrial,302628,C7H7FO,126.13,2.0,1,2,20.2,CC1=C(C=CC=C1F)O,PubChem,,,,Structure_PubChem,126.13,1.8397,1,1,20.23,9,1,0,,,,,126.13,,C7H7FO,,,,,,,,,,,Trouvé,,,,CID_302628,3-Fluoro-2-methylphenol,3-fluoro-2-methylphenol,CC1=C(C=CC=C1F)O,"InChI=1S/C7H7FO/c1-5-6(8)3-2-4-7(5)9/h2-4,9H,1H3",OMGVVVBQKWNRQA-UHFFFAOYSA-N
Phenyl selenoxide,Industrial,305982,C12H10OSe,249.18,,0,1,17.1,C1=CC=C(C=C1)[Se](=O)C2=CC=CC=C2,PubChem,,,,Structure_PubChem,249.171,1.2228,0,1,17.07,14,2,2,,,,,249.171,,C12H10OSe,,,,,,,,,,,Trouvé,,,,CID_305982,Phenyl selenoxide,phenylseleninylbenzene,C1=CC=C(C=C1)[Se](=O)C2=CC=CC=C2,InChI=1S/C12H10OSe/c13-14(11-7-3-1-4-8-11)12-9-5-2-6-10-12/h1-10H,OOZCGWBPTPQVFX-UHFFFAOYSA-N
4-Hydroxybenzene-1-sulfonyl fluoride,Industrial,308444,C6H5FO3S,176.17,1.3,1,4,62.8,C1=CC(=CC=C1O)S(=O)(=O)F,PubChem,,,,Structure_PubChem,176.168,1.0504,1,3,54.37,11,1,1,,,,,176.168,,C6H5FO3S,,,,,,,,,,,Trouvé,,,,CID_308444,4-Hydroxybenzene-1-sulfonyl fluoride,4-hydroxybenzenesulfonyl fluoride,C1=CC(=CC=C1O)S(=O)(=O)F,"InChI=1S/C6H5FO3S/c7-11(9,10)6-3-1-5(8)2-4-6/h1-4,8H",FYIHSKNNTBQVMV-UHFFFAOYSA-N
Phenyl Methanesulfonate,Industrial,316170,C7H8O3S,172.2,1.2,0,3,51.8,CS(=O)(=O)OC1=CC=CC=C1,PubChem,,,,Structure_PubChem,172.205,1.025,0,3,43.37,11,1,2,,,,,172.205,,C7H8O3S,,,,,,,,,,,Trouvé,,,,CID_316170,Phenyl Methanesulfonate,phenyl methanesulfonate,CS(=O)(=O)OC1=CC=CC=C1,"InChI=1S/C7H8O3S/c1-11(8,9)10-7-5-3-2-4-6-7/h2-6H,1H3",WXVUCMFEGJUVTN-UHFFFAOYSA-N
Di-tert-butylphenylphosphine,Industrial,316378,C14H23P,222.31,3.5,0,0,0.0,CC(C)(C)P(C1=CC=CC=C1)C(C)(C)C,PubChem,,,,Structure_PubChem,222.312,4.3908,0,0,0.0,15,1,1,,,,,222.312,,C14H23P,,,,,,,,,,,Trouvé,,,,CID_316378,Di-tert-butylphenylphosphine,ditert-butyl(phenyl)phosphane,CC(C)(C)P(C1=CC=CC=C1)C(C)(C)C,"InChI=1S/C14H23P/c1-13(2,3)15(14(4,5)6)12-10-8-7-9-11-12/h7-11H,1-6H3",XOJNEFQLMRCOMS-UHFFFAOYSA-N
"1,4-Bis(dimethylvinylsilyl)benzene",Industrial,320767,C14H22Si2,246.49,,0,0,0.0,C[Si](C)(C=C)C1=CC=C(C=C1)[Si](C)(C)C=C,PubChem,,,,Structure_PubChem,246.502,2.9678,0,0,0.0,16,1,4,,,,,246.502,,C14H22Si2,,,,,,,,,,,Trouvé,,,,CID_320767,"1,4-Bis(dimethylvinylsilyl)benzene",ethenyl-[4-[ethenyl(dimethyl)silyl]phenyl]-dimethylsilane,C[Si](C)(C=C)C1=CC=C(C=C1)[Si](C)(C)C=C,"InChI=1S/C14H22Si2/c1-7-15(3,4)13-9-11-14(12-10-13)16(5,6)8-2/h7-12H,1-2H2,3-6H3",VLNRSEGRGSDKLS-UHFFFAOYSA-N
"Benzene, [(2-bromoethyl)seleno]-",Industrial,325521,C8H9BrSe,264.03,,0,0,0.0,C1=CC=C(C=C1)[Se]CCBr,PubChem,,,,Structure_PubChem,264.024,1.8293,0,0,0.0,10,1,3,,,,,264.024,,C8H9BrSe,,,,,,,,,,,Trouvé,,,,CID_325521,"Benzene, [(2-bromoethyl)seleno]-",2-bromoethylselanylbenzene,C1=CC=C(C=C1)[Se]CCBr,"InChI=1S/C8H9BrSe/c9-6-7-10-8-4-2-1-3-5-8/h1-5H,6-7H2",PWGASXBMVGZVTH-UHFFFAOYSA-N
"4-Nonylphenol, branched",Industrial,338733,C15H24O,220.35,5.6,1,1,20.2,CC(C)CCCCCCC1=CC=C(C=C1)O,PubChem,,,,Structure_PubChem,220.356,4.5412,1,1,20.23,16,1,7,,,,,220.356,,C15H24O,,,,,,,,,,,Trouvé,,,,CID_338733,"4-Nonylphenol, branched",4-(7-methyloctyl)phenol,CC(C)CCCCCCC1=CC=C(C=C1)O,"InChI=1S/C15H24O/c1-13(2)7-5-3-4-6-8-14-9-11-15(16)12-10-14/h9-13,16H,3-8H2,1-2H3",JSFITYFUKSFPBZ-UHFFFAOYSA-N
7-Methoxycoumarin-4-acetic acid,Industrial,342221,C12H10O5,234.2,1.3,1,5,72.8,COC1=CC2=C(C=C1)C(=CC(=O)O2)CC(=O)O,PubChem,,,,Structure_PubChem,234.207,1.4287,1,4,76.74,17,2,3,,,,,234.207,,C12H10O5,,,,,,,,,,,Trouvé,,,,CID_342221,7-Methoxycoumarin-4-acetic acid,2-(7-methoxy-2-oxochromen-4-yl)acetic acid,COC1=CC2=C(C=C1)C(=CC(=O)O2)CC(=O)O,"InChI=1S/C12H10O5/c1-16-8-2-3-9-7(4-11(13)14)5-12(15)17-10(9)6-8/h2-3,5-6H,4H2,1H3,(H,13,14)",ZEKAXIFHLIITGV-UHFFFAOYSA-N
3-Benzoyl-7-methoxycoumarin,Industrial,342533,C17H12O4,280.27,3.4,0,4,52.6,COC1=CC2=C(C=C1)C=C(C(=O)O2)C(=O)C3=CC=CC=C3,PubChem,,,,Structure_PubChem,280.279,3.0326,0,4,56.51,21,3,3,,,,,280.279,,C17H12O4,,,,,,,,,,,Trouvé,,,,CID_342533,3-Benzoyl-7-methoxycoumarin,3-benzoyl-7-methoxychromen-2-one,COC1=CC2=C(C=C1)C=C(C(=O)O2)C(=O)C3=CC=CC=C3,"InChI=1S/C17H12O4/c1-20-13-8-7-12-9-14(17(19)21-15(12)10-13)16(18)11-5-3-2-4-6-11/h2-10H,1H3",HYORIVUCOQKMOC-UHFFFAOYSA-N
Trimethylphenylphosphonium iodide,Industrial,357585,C9H14IP,280.09,,0,1,0.0,C[P+](C)(C)C1=CC=CC=C1.[I-],PubChem,,,,Structure_PubChem,280.089,-0.7771,0,0,0.0,11,1,1,,,,,280.089,,C9H14IP,,,,,,,,,,,Trouvé,,,,CID_357585,Trimethylphenylphosphonium iodide,trimethyl(phenyl)phosphanium iodide,C[P+](C)(C)C1=CC=CC=C1.[I-],"InChI=1S/C9H14P.HI/c1-10(2,3)9-7-5-4-6-8-9;/h4-8H,1-3H3;1H/q+1;/p-1",XQLLUORERPKHEM-UHFFFAOYSA-M
"9-Phenyl-9-phosphabicyclo[4.2.1]nona-2,4,7-triene",Industrial,386462,C14H13P,212.23,3.1,0,0,0.0,C1=CC=C(C=C1)P2C3C=CC=CC2C=C3,PubChem,,,,Structure_PubChem,212.232,3.2268,0,0,0.0,15,3,1,,,,,212.232,,C14H13P,,,,,,,,,,,Trouvé,,,,CID_386462,"9-Phenyl-9-phosphabicyclo[4.2.1]nona-2,4,7-triene","9-phenyl-9-phosphabicyclo[4.2.1]nona-2,4,7-triene",C1=CC=C(C=C1)P2C3C=CC=CC2C=C3,"InChI=1S/C14H13P/c1-2-6-12(7-3-1)15-13-8-4-5-9-14(15)11-10-13/h1-11,13-14H",VMJOBMHRAPELBO-UHFFFAOYSA-N
4-(1-Propen-1-yl)phenol,Industrial,415627,C9H10O,134.17,2.6,1,1,20.2,CC=CC1=CC=C(C=C1)O,PubChem,,,,Structure_PubChem,134.178,2.4253,1,1,20.23,10,1,1,,,,,134.178,,C9H10O,,,,,,,,,,,Trouvé,,,,CID_415627,4-(1-Propen-1-yl)phenol,4-prop-1-enylphenol,CC=CC1=CC=C(C=C1)O,"InChI=1S/C9H10O/c1-2-3-8-4-6-9(10)7-5-8/h2-7,10H,1H3",UMFCIIBZHQXRCJ-UHFFFAOYSA-N
2-Hydroxyethyl(iodo)mercury,Industrial,426855,C2H5HgIO,372.56,,1,1,20.2,C(C[Hg]I)O,PubChem,,,,Structure_PubChem,372.555,0.8295,1,1,20.23,5,0,2,,,,,372.555,,C2H5HgIO,,,,,,,,,,,Trouvé,,,,CID_426855,2-Hydroxyethyl(iodo)mercury,2-hydroxyethyl(iodo)mercury,C(C[Hg]I)O,"InChI=1S/C2H5O.Hg.HI/c1-2-3;;/h3H,1-2H2;;1H/q;+1;/p-1",UPAQJXAZAHLACO-UHFFFAOYSA-M
Phenyl(trifluoromethyl)mercury,Industrial,429021,C7H5F3Hg,346.7,,0,3,0.0,C1=CC=C(C=C1)[Hg]C(F)(F)F,PubChem,,,,Structure_PubChem,346.701,1.9142,0,0,0.0,11,1,1,,,,,346.701,,C7H5F3Hg,,,,,,,,,,,Trouvé,,,,CID_429021,Phenyl(trifluoromethyl)mercury,phenyl(trifluoromethyl)mercury,C1=CC=C(C=C1)[Hg]C(F)(F)F,InChI=1S/C6H5.CF3.Hg/c1-2-4-6-5-3-1;2-1(3)4;/h1-5H;;,BTVXEPISDXWGON-UHFFFAOYSA-N
2-Hydroxyethylmercury,Industrial,432526,C2H5HgO,245.65,,1,1,20.2,C(C[Hg])O,PubChem,,,,Structure_PubChem,245.651,-0.0562,1,1,20.23,4,0,1,,,,,245.651,,C2H5HgO,,,,,,,,,,,Trouvé,,,,CID_432526,2-Hydroxyethylmercury,2-hydroxyethylmercury,C(C[Hg])O,"InChI=1S/C2H5O.Hg/c1-2-3;/h3H,1-2H2;",FMWRPMYUDZEUFS-UHFFFAOYSA-N
(-)-alpha-Curcumene,Industrial,442360,C15H22,202.33,5.4,0,0,0.0,CC1=CC=C(C=C1)[C@H](C)CCC=C(C)C,PubChem,,,,Structure_PubChem,202.341,4.8449,0,0,0.0,15,1,4,,,,,202.341,,C15H22,,,,,,,,,,,Trouvé,,,,CID_442360,(-)-alpha-Curcumene,1-methyl-4-[(2R)-6-methylhept-5-en-2-yl]benzene,CC1=CC=C(C=C1)[C@H](C)CCC=C(C)C,"InChI=1S/C15H22/c1-12(2)6-5-7-14(4)15-10-8-13(3)9-11-15/h6,8-11,14H,5,7H2,1-4H3/t14-/m1/s1",VMYXUZSZMNBRCN-CQSZACIVSA-N
Ethanol;sulfane,Industrial,447913,C2H8OS,80.15,,2,2,21.2,CCO.S,PubChem,,,,Structure_PubChem,80.152,0.1114,1,1,20.23,4,0,0,,,,,80.152,,C2H8OS,,,,,,,,,,,Trouvé,,,,CID_447913,Ethanol;sulfane,ethanol;sulfane,CCO.S,"InChI=1S/C2H6O.H2S/c1-2-3;/h3H,2H2,1H3;1H2",XQZMLYODAOELER-UHFFFAOYSA-N
(2-Hydroxyphenyl)diphenylphosphine,Industrial,450336,C18H15OP,278.3,4.3,1,1,20.2,C1=CC=C(C=C1)P(C2=CC=CC=C2)C3=CC=CC=C3O,PubChem,,,,Structure_PubChem,278.291,3.1504,1,1,20.23,20,3,3,,,,,278.291,,C18H15OP,,,,,,,,,,,Trouvé,,,,CID_450336,(2-Hydroxyphenyl)diphenylphosphine,2-diphenylphosphanylphenol,C1=CC=C(C=C1)P(C2=CC=CC=C2)C3=CC=CC=C3O,"InChI=1S/C18H15OP/c19-17-13-7-8-14-18(17)20(15-9-3-1-4-10-15)16-11-5-2-6-12-16/h1-14,19H",HGHOYIFINVBZKO-UHFFFAOYSA-N
(111C)methanol,Industrial,450515,CH4O,31.043,-0.5,1,1,20.2,[11CH3]O,PubChem,,,,Structure_PubChem,31.0424,-0.3915,1,1,20.23,2,0,0,,,,,31.0424,,CH4O,,,,,,,,,,,Trouvé,,,,CID_450515,(111C)methanol,(111C)methanol,[11CH3]O,"InChI=1S/CH4O/c1-2/h2H,1H3/i1-1",OKKJLVBELUTLKV-BJUDXGSMSA-N
(111C)ethanol,Industrial,450528,C2H6O,45.069,-0.1,1,1,20.2,C[11CH2]O,PubChem,,,,Structure_PubChem,45.0694,-0.0014,1,1,20.23,3,0,0,,,,,45.0694,,C2H6O,,,,,,,,,,,Trouvé,,,,CID_450528,(111C)ethanol,(111C)ethanol,C[11CH2]O,"InChI=1S/C2H6O/c1-2-3/h3H,2H2,1H3/i2-1",LFQSCWFLJHTTHZ-JVVVGQRLSA-N
(111C)propan-1-ol,Industrial,450529,C3H8O,59.1,0.3,1,1,20.2,CC[11CH2]O,PubChem,,,,Structure_PubChem,59.0964,0.3887,1,1,20.23,4,0,1,,,,,59.0964,,C3H8O,,,,,,,,,,,Trouvé,,,,CID_450529,(111C)propan-1-ol,(111C)propan-1-ol,CC[11CH2]O,"InChI=1S/C3H8O/c1-2-3-4/h4H,2-3H2,1H3/i3-1",BDERNNFJNOPAEC-KTXUZGJCSA-N
(211C)propan-2-one,Industrial,451245,C3H6O,57.08,-0.1,0,1,17.1,C[11C](=O)C,PubChem,,,,Structure_PubChem,57.0804,0.5953,0,1,17.07,4,0,0,,,,,57.0804,,C3H6O,,,,,,,,,,,Trouvé,,,,CID_451245,(211C)propan-2-one,(211C)propan-2-one,C[11C](=O)C,InChI=1S/C3H6O/c1-3(2)4/h1-2H3/i3-1,CSCPPACGZOOCGX-KTXUZGJCSA-N
(111C)propan-2-one,Industrial,451253,C3H6O,57.08,-0.1,0,1,17.1,CC(=O)[11CH3],PubChem,,,,Structure_PubChem,57.0804,0.5953,0,1,17.07,4,0,0,,,,,57.0804,,C3H6O,,,,,,,,,,,Trouvé,,,,CID_451253,(111C)propan-2-one,(111C)propan-2-one,CC(=O)[11CH3],InChI=1S/C3H6O/c1-3(2)4/h1-2H3/i1-1,CSCPPACGZOOCGX-BJUDXGSMSA-N
"3,2'-Dihydroxyflavone",Industrial,455313,C15H10O4,254.24,3.0,2,4,66.8,C1=CC=C(C(=C1)C2=C(C(=O)C3=CC=CC=C3O2)O)O,PubChem,,,,Structure_PubChem,254.241,2.8712,2,4,70.67,19,3,1,,,,,254.241,,C15H10O4,,,,,,,,,,,Trouvé,,,,CID_455313,"3,2'-Dihydroxyflavone",3-hydroxy-2-(2-hydroxyphenyl)chromen-4-one,C1=CC=C(C(=C1)C2=C(C(=O)C3=CC=CC=C3O2)O)O,"InChI=1S/C15H10O4/c16-11-7-3-1-5-9(11)15-14(18)13(17)10-6-2-4-8-12(10)19-15/h1-8,16,18H",VECGDSZOFMYGAF-UHFFFAOYSA-N
Methylenebis(2-hydroxybenzoic acid),Industrial,479504,C15H12O6,288.25,3.3,4,6,115.0,C1=CC(=C(C(=C1)C(=O)O)O)CC2=C(C(=CC=C2)C(=O)O)O,PubChem,,,,Structure_PubChem,288.255,2.085,4,4,115.06,21,2,4,,,,,288.255,,C15H12O6,,,,,,,,,,,Trouvé,,,,CID_479504,Methylenebis(2-hydroxybenzoic acid),3-[(3-carboxy-2-hydroxyphenyl)methyl]-2-hydroxybenzoic acid,C1=CC(=C(C(=C1)C(=O)O)O)CC2=C(C(=CC=C2)C(=O)O)O,"InChI=1S/C15H12O6/c16-12-8(3-1-5-10(12)14(18)19)7-9-4-2-6-11(13(9)17)15(20)21/h1-6,16-17H,7H2,(H,18,19)(H,20,21)",RWXFMUMBJLQGDZ-UHFFFAOYSA-N
(Pent-4-en-1-yl)benzene,Industrial,517892,C11H14,146.23,4.3,0,0,0.0,C=CCCCC1=CC=CC=C1,PubChem,,,,Structure_PubChem,146.233,3.1953,0,0,0.0,11,1,4,,,,,146.233,,C11H14,,,,,,,,,,,Trouvé,,,,CID_517892,(Pent-4-en-1-yl)benzene,pent-4-enylbenzene,C=CCCCC1=CC=CC=C1,"InChI=1S/C11H14/c1-2-3-5-8-11-9-6-4-7-10-11/h2,4,6-7,9-10H,1,3,5,8H2",RURREWSZSUQSNB-UHFFFAOYSA-N
"2,3,6-Trifluorophenol",Industrial,517988,C6H3F3O,148.08,1.9,1,4,20.2,C1=CC(=C(C(=C1F)O)F)F,PubChem,,,,Structure_PubChem,148.083,1.8095,1,1,20.23,10,1,0,,,,,148.083,,C6H3F3O,,,,,,,,,,,Trouvé,,,,CID_517988,"2,3,6-Trifluorophenol","2,3,6-trifluorophenol",C1=CC(=C(C(=C1F)O)F)F,"InChI=1S/C6H3F3O/c7-3-1-2-4(8)6(10)5(3)9/h1-2,10H",QSFGUSFDWCVXNR-UHFFFAOYSA-N
"Ethanol-2,2,2-d3",Industrial,519451,C2H6O,49.09,-0.1,1,1,20.2,[2H]C([2H])([2H])CO,PubChem,,,,Structure_PubChem,49.0873,-0.0014,1,1,20.23,3,0,0,,,,,49.0873,,C2H6O,,,,,,,,,,,Trouvé,,,,CID_519451,"Ethanol-2,2,2-d3","2,2,2-trideuterioethanol",[2H]C([2H])([2H])CO,"InChI=1S/C2H6O/c1-2-3/h3H,2H2,1H3/i1D3",LFQSCWFLJHTTHZ-FIBGUPNXSA-N
4-Hydroxy-2-Methoxybenzaldehyde,Industrial,519541,C8H8O3,152.15,1.2,1,3,46.5,COC1=C(C=CC(=C1)O)C=O,PubChem,,,,Structure_PubChem,152.149,1.2133,1,3,46.53,11,1,2,,,,,152.149,,C8H8O3,,,,,,,,,,,Trouvé,,,,CID_519541,4-Hydroxy-2-Methoxybenzaldehyde,4-hydroxy-2-methoxybenzaldehyde,COC1=C(C=CC(=C1)O)C=O,"InChI=1S/C8H8O3/c1-11-8-4-7(10)3-2-6(8)5-9/h2-5,10H,1H3",WBIZZNFQJPOKDK-UHFFFAOYSA-N
"1,2-Bis(trimethylsilyl)benzene",Industrial,519794,C12H22Si2,222.47,,0,0,0.0,C[Si](C)(C)C1=CC=CC=C1[Si](C)(C)C,PubChem,,,,Structure_PubChem,222.48,2.777,0,0,0.0,14,1,2,,,,,222.48,,C12H22Si2,,,,,,,,,,,Trouvé,,,,CID_519794,"1,2-Bis(trimethylsilyl)benzene",trimethyl-(2-trimethylsilylphenyl)silane,C[Si](C)(C)C1=CC=CC=C1[Si](C)(C)C,"InChI=1S/C12H22Si2/c1-13(2,3)11-9-7-8-10-12(11)14(4,5)6/h7-10H,1-6H3",YHMJZIJXVNRXIN-UHFFFAOYSA-N
"Methyl 2,6-dihydroxybenzoate",Industrial,519869,C8H8O4,168.15,2.0,2,4,66.8,COC(=O)C1=C(C=CC=C1O)O,PubChem,,,,Structure_PubChem,168.148,0.8844,2,4,66.76,12,1,1,,,,,168.148,,C8H8O4,,,,,,,,,,,Trouvé,,,,CID_519869,"Methyl 2,6-dihydroxybenzoate","methyl 2,6-dihydroxybenzoate",COC(=O)C1=C(C=CC=C1O)O,"InChI=1S/C8H8O4/c1-12-8(11)7-5(9)3-2-4-6(7)10/h2-4,9-10H,1H3",WCQZCKUNZVMBDC-UHFFFAOYSA-N
"2,4,6-Trifluorophenol",Industrial,519974,C6H3F3O,148.08,1.9,1,4,20.2,C1=C(C=C(C(=C1F)O)F)F,PubChem,,,,Structure_PubChem,148.083,1.8095,1,1,20.23,10,1,0,,,,,148.083,,C6H3F3O,,,,,,,,,,,Trouvé,,,,CID_519974,"2,4,6-Trifluorophenol","2,4,6-trifluorophenol",C1=C(C=C(C(=C1F)O)F)F,"InChI=1S/C6H3F3O/c7-3-1-4(8)6(10)5(9)2-3/h1-2,10H",QQFWMPUXPLBWTG-UHFFFAOYSA-N
2-Fluorothiophenol,Industrial,520216,C6H5FS,128.17,2.2,1,2,1.0,C1=CC=C(C(=C1)F)S,PubChem,,,,Structure_PubChem,128.171,2.1144,1,1,0.0,8,1,0,,,,,128.171,,C6H5FS,,,,,,,,,,,Trouvé,,,,CID_520216,2-Fluorothiophenol,2-fluorobenzenethiol,C1=CC=C(C(=C1)F)S,"InChI=1S/C6H5FS/c7-5-3-1-2-4-6(5)8/h1-4,8H",WJTZZPVVTSDNJJ-UHFFFAOYSA-N
"Benzene, ethyl(phenylethyl)-, mono-ar-ethyl deriv.",Industrial,521817,C18H22,238.4,5.9,0,0,0.0,CCC(C1=CC=CC=C1)C(CC)C2=CC=CC=C2,PubChem,,,,Structure_PubChem,238.374,5.374,0,0,0.0,18,2,5,,,,,238.374,,C18H22,,,,,,,,,,,Trouvé,,,,CID_521817,"Benzene, ethyl(phenylethyl)-, mono-ar-ethyl deriv.",4-phenylhexan-3-ylbenzene,CCC(C1=CC=CC=C1)C(CC)C2=CC=CC=C2,"InChI=1S/C18H22/c1-3-17(15-11-7-5-8-12-15)18(4-2)16-13-9-6-10-14-16/h5-14,17-18H,3-4H2,1-2H3",JTJWVUQPSOFEPZ-UHFFFAOYSA-N
"1,3-Benzenedithiol",Industrial,522062,C6H6S2,142.2,2.2,2,2,2.0,C1=CC(=CC(=C1)S)S,PubChem,,,,Structure_PubChem,142.248,2.264,2,2,0.0,8,1,0,,,,,142.248,,C6H6S2,,,,,,,,,,,Trouvé,,,,CID_522062,"1,3-Benzenedithiol","benzene-1,3-dithiol",C1=CC(=CC(=C1)S)S,"InChI=1S/C6H6S2/c7-5-2-1-3-6(8)4-5/h1-4,7-8H",ZWOASCVFHSYHOB-UHFFFAOYSA-N
Acetone-D6,Industrial,522220,C3H6O,64.12,-0.1,0,1,17.1,[2H]C([2H])([2H])C(=O)C([2H])([2H])[2H],PubChem,,,,Structure_PubChem,64.1166,0.5953,0,1,17.07,4,0,0,,,,,64.1166,,C3H6O,,,,,,,,,,,Trouvé,,,,CID_522220,Acetone-D6,"1,1,1,3,3,3-hexadeuteriopropan-2-one",[2H]C([2H])([2H])C(=O)C([2H])([2H])[2H],"InChI=1S/C3H6O/c1-3(2)4/h1-2H3/i1D3,2D3",CSCPPACGZOOCGX-WFGJKAKNSA-N
2-Fluoro-4-(trifluoromethyl)phenol,Industrial,522654,C7H4F4O,180.1,2.1,1,5,20.2,C1=CC(=C(C=C1C(F)(F)F)F)O,PubChem,,,,Structure_PubChem,180.1,2.5501,1,1,20.23,12,1,0,,,,,180.1,,C7H4F4O,,,,,,,,,,,Trouvé,,,,CID_522654,2-Fluoro-4-(trifluoromethyl)phenol,2-fluoro-4-(trifluoromethyl)phenol,C1=CC(=C(C=C1C(F)(F)F)F)O,"InChI=1S/C7H4F4O/c8-5-3-4(7(9,10)11)1-2-6(5)12/h1-3,12H",WEUIJSDNBZVSNY-UHFFFAOYSA-N
Phenyl selenocyanate,Industrial,555340,C7H5NSe,182.09,,0,1,23.8,C1=CC=C(C=C1)[Se]C#N,PubChem,,,,Structure_PubChem,182.084,0.4972,0,1,23.79,9,1,1,,,,,182.084,,C7H5NSe,,,,,,,,,,,Trouvé,,,,CID_555340,Phenyl selenocyanate,phenyl selenocyanate,C1=CC=C(C=C1)[Se]C#N,InChI=1S/C7H5NSe/c8-6-9-7-4-2-1-3-5-7/h1-5H,NODWRXQVQYOJGN-UHFFFAOYSA-N
2-Methyl-3-phenyl-2-propen-1-ol,Industrial,560879,C10H12O,148.2,2.3,1,1,20.2,CC(=CC1=CC=CC=C1)CO,PubChem,,,,Structure_PubChem,148.205,2.0822,1,1,20.23,11,1,2,,,,,148.205,,C10H12O,,,,,,,,,,,Trouvé,,,,CID_560879,2-Methyl-3-phenyl-2-propen-1-ol,2-methyl-3-phenylprop-2-en-1-ol,CC(=CC1=CC=CC=C1)CO,"InChI=1S/C10H12O/c1-9(8-11)7-10-5-3-2-4-6-10/h2-7,11H,8H2,1H3",LLNAMUJRIZIXHF-UHFFFAOYSA-N
Chloro(2H5)benzene,Industrial,575975,C6H5Cl,117.59,2.9,0,0,0.0,[2H]C1=C(C(=C(C(=C1[2H])[2H])Cl)[2H])[2H],PubChem,,,,Structure_PubChem,117.5895,2.34,0,0,0.0,7,1,0,,,,,117.5895,,C6H5Cl,,,,,,,,,,,Trouvé,,,,CID_575975,Chloro(2H5)benzene,"1-chloro-2,3,4,5,6-pentadeuteriobenzene",[2H]C1=C(C(=C(C(=C1[2H])[2H])Cl)[2H])[2H],"InChI=1S/C6H5Cl/c7-6-4-2-1-3-5-6/h1-5H/i1D,2D,3D,4D,5D",MVPPADPHJFYWMZ-RALIUCGRSA-N
"2-Fluorobenzene-1,4-diol",Industrial,581766,C6H5FO2,128.1,0.9,2,3,40.5,C1=CC(=C(C=C1O)F)O,PubChem,,,,Structure_PubChem,128.102,1.2369,2,2,40.46,9,1,0,,,,,128.102,,C6H5FO2,,,,,,,,,,,Trouvé,,,,CID_581766,"2-Fluorobenzene-1,4-diol","2-fluorobenzene-1,4-diol",C1=CC(=C(C=C1O)F)O,"InChI=1S/C6H5FO2/c7-5-3-4(8)1-2-6(5)9/h1-3,8-9H",GIMXWZYFIFOCBJ-UHFFFAOYSA-N
p-Isopropenylphenol,Industrial,584247,C9H10O,134.17,3.0,1,1,20.2,CC(=C)C1=CC=C(C=C1)O,PubChem,,,,Structure_PubChem,134.178,2.4253,1,1,20.23,10,1,1,,,,,134.178,,C9H10O,,,,,,,,,,,Trouvé,,,,CID_584247,p-Isopropenylphenol,4-prop-1-en-2-ylphenol,CC(=C)C1=CC=C(C=C1)O,"InChI=1S/C9H10O/c1-7(2)8-3-5-9(10)6-4-8/h3-6,10H,1H2,2H3",JAGRUUPXPPLSRX-UHFFFAOYSA-N
"1,3-Benzenedimethanethiol",Industrial,586424,C8H10S2,170.3,2.1,2,2,2.0,C1=CC(=CC(=C1)CS)CS,PubChem,,,,Structure_PubChem,170.302,2.5462,2,2,0.0,10,1,2,,,,,170.302,,C8H10S2,,,,,,,,,,,Trouvé,,,,CID_586424,"1,3-Benzenedimethanethiol",[3-(sulfanylmethyl)phenyl]methanethiol,C1=CC(=CC(=C1)CS)CS,"InChI=1S/C8H10S2/c9-5-7-2-1-3-8(4-7)6-10/h1-4,9-10H,5-6H2",JSNABGZJVWSNOB-UHFFFAOYSA-N
Phenylphosphonicdifluoride,Industrial,595499,C6H5F2OP,162.07,2.6,0,3,17.1,C1=CC=C(C=C1)P(=O)(F)F,PubChem,,,,Structure_PubChem,162.075,2.444,0,1,17.07,10,1,1,,,,,162.075,,C6H5F2OP,,,,,,,,,,,Trouvé,,,,CID_595499,Phenylphosphonicdifluoride,difluorophosphorylbenzene,C1=CC=C(C=C1)P(=O)(F)F,"InChI=1S/C6H5F2OP/c7-10(8,9)6-4-2-1-3-5-6/h1-5H",DLQNMJXSNKPAMA-UHFFFAOYSA-N
Sparassol,Industrial,596344,C10H12O4,196.2,2.3,1,4,55.8,CC1=CC(=CC(=C1C(=O)OC)O)OC,PubChem,,,,Structure_PubChem,196.202,1.4958,1,4,55.76,14,1,2,,,,,196.202,,C10H12O4,,,,,,,,,,,Trouvé,,,,CID_596344,Sparassol,methyl 2-hydroxy-4-methoxy-6-methylbenzoate,CC1=CC(=CC(=C1C(=O)OC)O)OC,"InChI=1S/C10H12O4/c1-6-4-7(13-2)5-8(11)9(6)10(12)14-3/h4-5,11H,1-3H3",PFVPJOAAHSOENR-UHFFFAOYSA-N
4-(tert-Butyldimethylsiloxy)phenol,Industrial,597388,C12H20O2Si,224.37,,1,2,29.5,CC(C)(C)[Si](C)(C)OC1=CC=C(C=C1)O,PubChem,,,,Structure_PubChem,224.376,3.7762,1,2,29.46,15,1,2,,,,,224.376,,C12H20O2Si,,,,,,,,,,,Trouvé,,,,CID_597388,4-(tert-Butyldimethylsiloxy)phenol,4-[tert-butyl(dimethyl)silyl]oxyphenol,CC(C)(C)[Si](C)(C)OC1=CC=C(C=C1)O,"InChI=1S/C12H20O2Si/c1-12(2,3)15(4,5)14-11-8-6-10(13)7-9-11/h6-9,13H,1-5H3",KZTVHIZALLBXMO-UHFFFAOYSA-N
2-Bromo-4-fluorophenol,Industrial,605472,C6H4BrFO,191.0,2.6,1,2,20.2,C1=CC(=C(C=C1F)Br)O,PubChem,,,,Structure_PubChem,190.999,2.2938,1,1,20.23,9,1,0,,,,,190.999,,C6H4BrFO,,,,,,,,,,,Trouvé,,,,CID_605472,2-Bromo-4-fluorophenol,2-bromo-4-fluorophenol,C1=CC(=C(C=C1F)Br)O,"InChI=1S/C6H4BrFO/c7-5-3-4(8)1-2-6(5)9/h1-3,9H",MEYRABVEYCFHHB-UHFFFAOYSA-N
Tributylphenyltin,Industrial,607632,C18H32Sn,367.2,,0,0,0.0,CCCC[Sn](CCCC)(CCCC)C1=CC=CC=C1,PubChem,,,,Structure_PubChem,367.165,5.7427,0,0,0.0,19,1,10,,,,,367.165,,C18H32Sn,,,,,,,,,,,Trouvé,,,,CID_607632,Tributylphenyltin,tributyl(phenyl)stannane,CCCC[Sn](CCCC)(CCCC)C1=CC=CC=C1,"InChI=1S/C6H5.3C4H9.Sn/c1-2-4-6-5-3-1;3*1-3-4-2;/h1-5H;3*1,3-4H2,2H3;",SYUVAXDZVWPKSI-UHFFFAOYSA-N
"Phosphine sulfide, methyldiphenyl-",Industrial,616037,C13H13PS,232.28,4.2,0,1,32.1,CP(=S)(C1=CC=CC=C1)C2=CC=CC=C2,PubChem,,,,Structure_PubChem,232.288,2.7467,0,1,0.0,15,2,2,,,,,232.288,,C13H13PS,,,,,,,,,,,Trouvé,,,,CID_616037,"Phosphine sulfide, methyldiphenyl-",methyl-diphenyl-sulfanylidene-lambda5-phosphane,CP(=S)(C1=CC=CC=C1)C2=CC=CC=C2,"InChI=1S/C13H13PS/c1-14(15,12-8-4-2-5-9-12)13-10-6-3-7-11-13/h2-11H,1H3",JFBNAFBCBMDKNJ-UHFFFAOYSA-N
2-Iodo-4-methylphenol,Industrial,616392,C7H7IO,234.03,2.6,1,1,20.2,CC1=CC(=C(C=C1)O)I,PubChem,,,,Structure_PubChem,234.036,2.3052,1,1,20.23,9,1,0,,,,,234.036,,C7H7IO,,,,,,,,,,,Trouvé,,,,CID_616392,2-Iodo-4-methylphenol,2-iodo-4-methylphenol,CC1=CC(=C(C=C1)O)I,"InChI=1S/C7H7IO/c1-5-2-3-7(9)6(8)4-5/h2-4,9H,1H3",JITSLEIKSRKKCZ-UHFFFAOYSA-N
4-Iodoresorcinol,Industrial,616738,C6H5IO2,236.01,1.9,2,2,40.5,C1=CC(=C(C=C1O)O)I,PubChem,,,,Structure_PubChem,236.008,1.7024,2,2,40.46,9,1,0,,,,,236.008,,C6H5IO2,,,,,,,,,,,Trouvé,,,,CID_616738,4-Iodoresorcinol,"4-iodobenzene-1,3-diol",C1=CC(=C(C=C1O)O)I,"InChI=1S/C6H5IO2/c7-5-2-1-4(8)3-6(5)9/h1-3,8-9H",DWOPERRUKLPBFG-UHFFFAOYSA-N
"2-Iodobenzene-1,3-diol",Industrial,616833,C6H5IO2,236.01,1.9,2,2,40.5,C1=CC(=C(C(=C1)O)I)O,PubChem,,,,Structure_PubChem,236.008,1.7024,2,2,40.46,9,1,0,,,,,236.008,,C6H5IO2,,,,,,,,,,,Trouvé,,,,CID_616833,"2-Iodobenzene-1,3-diol","2-iodobenzene-1,3-diol",C1=CC(=C(C(=C1)O)I)O,"InChI=1S/C6H5IO2/c7-6-4(8)2-1-3-5(6)9/h1-3,8-9H",BNJXHRMYHDWZKL-UHFFFAOYSA-N
3'-Methoxyflavone,Industrial,619834,C16H12O3,252.26,3.5,0,3,35.5,COC1=CC=CC(=C1)C2=CC(=O)C3=CC=CC=C3O2,PubChem,,,,Structure_PubChem,252.269,3.4686,0,3,39.44,19,3,2,,,,,252.269,,C16H12O3,,,,,,,,,,,Trouvé,,,,CID_619834,3'-Methoxyflavone,2-(3-methoxyphenyl)chromen-4-one,COC1=CC=CC(=C1)C2=CC(=O)C3=CC=CC=C3O2,"InChI=1S/C16H12O3/c1-18-12-6-4-5-11(9-12)16-10-14(17)13-7-2-3-8-15(13)19-16/h2-10H,1H3",KIEVPIBIYKKJRJ-UHFFFAOYSA-N
4-Chloro-2-iodophenol,Industrial,620234,C6H4ClIO,254.45,3.1,1,1,20.2,C1=CC(=C(C=C1Cl)I)O,PubChem,,,,Structure_PubChem,254.454,2.6502,1,1,20.23,9,1,0,,,,,254.454,,C6H4ClIO,,,,,,,,,,,Trouvé,,,,CID_620234,4-Chloro-2-iodophenol,4-chloro-2-iodophenol,C1=CC(=C(C=C1Cl)I)O,"InChI=1S/C6H4ClIO/c7-4-1-2-6(9)5(8)3-4/h1-3,9H",JKPLMQJLGBBFLO-UHFFFAOYSA-N
Benzylideneacetone,Industrial,637759,C10H10O,146.19,2.1,0,1,17.1,CC(=O)/C=C/C1=CC=CC=C1,PubChem,,,,Structure_PubChem,146.189,2.2888,0,1,17.07,11,1,2,,,,,146.189,,C10H10O,,,,,,,,,,,Trouvé,,,,CID_637759,Benzylideneacetone,(E)-4-phenylbut-3-en-2-one,CC(=O)/C=C/C1=CC=CC=C1,"InChI=1S/C10H10O/c1-9(11)7-8-10-5-3-2-4-6-10/h2-8H,1H3/b8-7+",BWHOZHOGCMHOBV-BQYQJAHWSA-N
trans-Stilbene,Industrial,638088,C14H12,180.24,4.8,0,0,0.0,C1=CC=C(C=C1)/C=C/C2=CC=CC=C2,PubChem,,,,Structure_PubChem,180.25,3.857,0,0,0.0,14,2,2,,,,,180.25,,C14H12,,,,,,,,,,,Trouvé,,,,CID_638088,trans-Stilbene,(E)-stilbene,C1=CC=C(C=C1)/C=C/C2=CC=CC=C2,InChI=1S/C14H12/c1-3-7-13(8-4-1)11-12-14-9-5-2-6-10-14/h1-12H/b12-11+,PJANXHGTPQOBST-VAWYXSNFSA-N
Cinnamyl chloride,Industrial,639658,C9H9Cl,152.62,3.2,0,0,0.0,C1=CC=C(C=C1)/C=C/CCl,PubChem,,,,Structure_PubChem,152.624,2.9386,0,0,0.0,10,1,2,,,,,152.624,,C9H9Cl,,,,,,,,,,,Trouvé,,,,CID_639658,Cinnamyl chloride,[(E)-3-chloroprop-1-enyl]benzene,C1=CC=C(C=C1)/C=C/CCl,"InChI=1S/C9H9Cl/c10-8-4-7-9-5-2-1-3-6-9/h1-7H,8H2/b7-4+",IWTYTFSSTWXZFU-QPJJXVBHSA-N
"trans,trans-1,4-Diphenyl-1,3-butadiene",Industrial,641683,C16H14,206.28,5.5,0,0,0.0,C1=CC=C(C=C1)/C=C/C=C/C2=CC=CC=C2,PubChem,,,,Structure_PubChem,206.288,4.4132,0,0,0.0,16,2,3,,,,,206.288,,C16H14,,,,,,,,,,,Trouvé,,,,CID_641683,"trans,trans-1,4-Diphenyl-1,3-butadiene","[(1E,3E)-4-phenylbuta-1,3-dienyl]benzene",C1=CC=C(C=C1)/C=C/C=C/C2=CC=CC=C2,"InChI=1S/C16H14/c1-3-9-15(10-4-1)13-7-8-14-16-11-5-2-6-12-16/h1-14H/b13-7+,14-8+",JFLKFZNIIQFQBS-FNCQTZNRSA-N
Cardamonin,Industrial,641785,C16H14O4,270.28,3.5,2,4,66.8,COC1=CC(=CC(=C1C(=O)/C=C/C2=CC=CC=C2)O)O,PubChem,,,,Structure_PubChem,270.284,3.0025,2,4,66.76,20,2,4,,,,,270.284,,C16H14O4,,,,,,,,,,,Trouvé,,,,CID_641785,Cardamonin,"(E)-1-(2,4-dihydroxy-6-methoxyphenyl)-3-phenylprop-2-en-1-one",COC1=CC(=CC(=C1C(=O)/C=C/C2=CC=CC=C2)O)O,"InChI=1S/C16H14O4/c1-20-15-10-12(17)9-14(19)16(15)13(18)8-7-11-5-3-2-4-6-11/h2-10,17,19H,1H3/b8-7+",NYSZJNUIVUBQMM-BQYQJAHWSA-N
4-Iodobenzene-1-thiol,Industrial,656900,C6H5IS,236.08,3.4,1,1,1.0,C1=CC(=CC=C1S)I,PubChem,,,,Structure_PubChem,236.077,2.5799,1,1,0.0,8,1,0,,,,,236.077,,C6H5IS,,,,,,,,,,,Trouvé,,,,CID_656900,4-Iodobenzene-1-thiol,4-iodobenzenethiol,C1=CC(=CC=C1S)I,"InChI=1S/C6H5IS/c7-5-1-3-6(8)4-2-5/h1-4,8H",IKZUTVQEBGHQJA-UHFFFAOYSA-N
Ethane;ethanol;methane,Industrial,656942,C5H16O,92.18,,1,1,20.2,C.CC.CCO,PubChem,,,,Structure_PubChem,92.182,1.6609,1,1,20.23,6,0,0,,,,,92.182,,C5H16O,,,,,,,,,,,Trouvé,,,,CID_656942,Ethane;ethanol;methane,ethane;ethanol;methane,C.CC.CCO,"InChI=1S/C2H6O.C2H6.CH4/c1-2-3;1-2;/h3H,2H2,1H3;1-2H3;1H4",SGUVIPOJQCOYGI-UHFFFAOYSA-N
2-(Phenyl(hydroxyphosphoryl))phenol,Industrial,659558,C12H11O3P,234.19,2.2,2,3,57.5,C1=CC=C(C=C1)P(=O)(C2=CC=CC=C2O)O,PubChem,,,,Structure_PubChem,234.191,1.6134,2,2,57.53,16,2,2,,,,,234.191,,C12H11O3P,,,,,,,,,,,Trouvé,,,,CID_659558,2-(Phenyl(hydroxyphosphoryl))phenol,(2-hydroxyphenyl)-phenylphosphinic acid,C1=CC=C(C=C1)P(=O)(C2=CC=CC=C2O)O,"InChI=1S/C12H11O3P/c13-11-8-4-5-9-12(11)16(14,15)10-6-2-1-3-7-10/h1-9,13H,(H,14,15)",QJZPQIPHDYWWTI-UHFFFAOYSA-N
"Benzoic acid, 4-(2-(2,4-dihydroxyphenyl)-2-oxoethoxy)-, methyl ester",Industrial,666890,C16H14O6,302.28,3.0,2,6,93.1,COC(=O)C1=CC=C(C=C1)OCC(=O)C2=C(C=C(C=C2)O)O,PubChem,,,,Structure_PubChem,302.282,2.1461,2,6,93.06,22,2,5,,,,,302.282,,C16H14O6,,,,,,,,,,,Trouvé,,,,CID_666890,"Benzoic acid, 4-(2-(2,4-dihydroxyphenyl)-2-oxoethoxy)-, methyl ester","methyl 4-[2-(2,4-dihydroxyphenyl)-2-oxoethoxy]benzoate",COC(=O)C1=CC=C(C=C1)OCC(=O)C2=C(C=C(C=C2)O)O,"InChI=1S/C16H14O6/c1-21-16(20)10-2-5-12(6-3-10)22-9-15(19)13-7-4-11(17)8-14(13)18/h2-8,17-18H,9H2,1H3",ILFLFDSLJRPWIW-UHFFFAOYSA-N
"6,3'-Dimethoxyflavone",Industrial,676293,C17H14O4,282.29,3.9,0,4,44.8,COC1=CC2=C(C=C1)OC(=CC2=O)C3=CC(=CC=C3)OC,PubChem,,,,Structure_PubChem,282.295,3.4772,0,4,48.67,21,3,3,,,,,282.295,,C17H14O4,,,,,,,,,,,Trouvé,,,,CID_676293,"6,3'-Dimethoxyflavone",6-methoxy-2-(3-methoxyphenyl)chromen-4-one,COC1=CC2=C(C=C1)OC(=CC2=O)C3=CC(=CC=C3)OC,"InChI=1S/C17H14O4/c1-19-12-5-3-4-11(8-12)17-10-15(18)14-9-13(20-2)6-7-16(14)21-17/h3-10H,1-2H3",LLLIKVGWTVPYAL-UHFFFAOYSA-N
3-Hydroxy-3'-methoxyflavone,Industrial,676296,C16H12O4,268.26,3.4,1,4,55.8,COC1=CC=CC(=C1)C2=C(C(=O)C3=CC=CC=C3O2)O,PubChem,,,,Structure_PubChem,268.268,3.1742,1,4,59.67,20,3,2,,,,,268.268,,C16H12O4,,,,,,,,,,,Trouvé,,,,CID_676296,3-Hydroxy-3'-methoxyflavone,3-hydroxy-2-(3-methoxyphenyl)chromen-4-one,COC1=CC=CC(=C1)C2=C(C(=O)C3=CC=CC=C3O2)O,"InChI=1S/C16H12O4/c1-19-11-6-4-5-10(9-11)16-15(18)14(17)12-7-2-3-8-13(12)20-16/h2-9,18H,1H3",GYLGASXCHFNKHD-UHFFFAOYSA-N
4'-Hydroxy-7-Methoxyflavone,Industrial,676307,C16H12O4,268.26,3.6,1,4,55.8,COC1=CC2=C(C=C1)C(=O)C=C(O2)C3=CC=C(C=C3)O,PubChem,,,,Structure_PubChem,268.268,3.1742,1,4,59.67,20,3,2,,,,,268.268,,C16H12O4,,,,,,,,,,,Trouvé,,,,CID_676307,4'-Hydroxy-7-Methoxyflavone,2-(4-hydroxyphenyl)-7-methoxychromen-4-one,COC1=CC2=C(C=C1)C(=O)C=C(O2)C3=CC=C(C=C3)O,"InChI=1S/C16H12O4/c1-19-12-6-7-13-14(18)9-15(20-16(13)8-12)10-2-4-11(17)5-3-10/h2-9,17H,1H3",DZUKXCCSULKRJA-UHFFFAOYSA-N
"3,6-Dihydroxyflavone",Industrial,688659,C15H10O4,254.24,3.0,2,4,66.8,C1=CC=C(C=C1)C2=C(C(=O)C3=C(O2)C=CC(=C3)O)O,PubChem,,,,Structure_PubChem,254.241,2.8712,2,4,70.67,19,3,1,,,,,254.241,,C15H10O4,,,,,,,,,,,Trouvé,,,,CID_688659,"3,6-Dihydroxyflavone","3,6-dihydroxy-2-phenylchromen-4-one",C1=CC=C(C=C1)C2=C(C(=O)C3=C(O2)C=CC(=C3)O)O,"InChI=1S/C15H10O4/c16-10-6-7-12-11(8-10)13(17)14(18)15(19-12)9-4-2-1-3-5-9/h1-8,16,18H",XHLOLFKZCUCROE-UHFFFAOYSA-N
"3,4'-Dihydroxyflavone",Industrial,688715,C15H10O4,254.24,3.0,2,4,66.8,C1=CC=C2C(=C1)C(=O)C(=C(O2)C3=CC=C(C=C3)O)O,PubChem,,,,Structure_PubChem,254.241,2.8712,2,4,70.67,19,3,1,,,,,254.241,,C15H10O4,,,,,,,,,,,Trouvé,,,,CID_688715,"3,4'-Dihydroxyflavone",3-hydroxy-2-(4-hydroxyphenyl)chromen-4-one,C1=CC=C2C(=C1)C(=O)C(=C(O2)C3=CC=C(C=C3)O)O,"InChI=1S/C15H10O4/c16-10-7-5-9(6-8-10)15-14(18)13(17)11-3-1-2-4-12(11)19-15/h1-8,16,18H",GPGOCTLAUAHUQO-UHFFFAOYSA-N
2-Methoxycinnamic acid,Industrial,734154,C10H10O3,178.18,1.8,1,3,46.5,COC1=CC=CC=C1/C=C/C(=O)O,PubChem,,,,Structure_PubChem,178.187,1.793,1,2,46.53,13,1,3,,,,,178.187,,C10H10O3,,,,,,,,,,,Trouvé,,,,CID_734154,2-Methoxycinnamic acid,(E)-3-(2-methoxyphenyl)prop-2-enoic acid,COC1=CC=CC=C1/C=C/C(=O)O,"InChI=1S/C10H10O3/c1-13-9-5-3-2-4-8(9)6-7-10(11)12/h2-7H,1H3,(H,11,12)/b7-6+",FEGVSPGUHMGGBO-VOTSOKGWSA-N
5-(2-Methoxyphenyl)-2-furoic acid,Industrial,776315,C12H10O4,218.2,2.5,1,4,59.7,COC1=CC=CC=C1C2=CC=C(O2)C(=O)O,PubChem,,,,Structure_PubChem,218.208,2.6534,1,3,59.67,16,2,3,,,,,218.208,,C12H10O4,,,,,,,,,,,Trouvé,,,,CID_776315,5-(2-Methoxyphenyl)-2-furoic acid,5-(2-methoxyphenyl)furan-2-carboxylic acid,COC1=CC=CC=C1C2=CC=C(O2)C(=O)O,"InChI=1S/C12H10O4/c1-15-9-5-3-2-4-8(9)10-6-7-11(16-10)12(13)14/h2-7H,1H3,(H,13,14)",CHWVDGYLKPLBES-UHFFFAOYSA-N
"5,7-Dihydroxy-2,2-dimethylchroman-4-one",Industrial,821362,C11H12O4,208.21,1.8,2,4,66.8,CC1(CC(=O)C2=C(C=C(C=C2O1)O)O)C,PubChem,,,,Structure_PubChem,208.213,1.8416,2,4,66.76,15,2,0,,,,,208.213,821362.0,C11H12O4,208.21,1.8,2.0,4.0,66.8,15.0,,0.0,CC1(CC(=O)C2=C(C=C(C=C2O1)O)O)C,"5,7-dihydroxy-2,2-dimethyl-3H-chromen-4-one",Trouvé,15.0,2.0,0.0,CID_821362,"5,7-Dihydroxy-2,2-dimethylchroman-4-one","5,7-dihydroxy-2,2-dimethyl-3H-chromen-4-one",CC1(CC(=O)C2=C(C=C(C=C2O1)O)O)C,"InChI=1S/C11H12O4/c1-11(2)5-8(14)10-7(13)3-6(12)4-9(10)15-11/h3-4,12-13H,5H2,1-2H3",JFWGYKRUMPKNKF-UHFFFAOYSA-N
"Ethyl 2,4-dihydroxybenzoate",Industrial,821388,C9H10O4,182.17,2.6,2,4,66.8,CCOC(=O)C1=C(C=C(C=C1)O)O,PubChem,,,,Structure_PubChem,182.175,1.2745,2,4,66.76,13,1,2,,,,,182.175,,C9H10O4,,,,,,,,,,,Trouvé,,,,CID_821388,"Ethyl 2,4-dihydroxybenzoate","ethyl 2,4-dihydroxybenzoate",CCOC(=O)C1=C(C=C(C=C1)O)O,"InChI=1S/C9H10O4/c1-2-13-9(12)7-4-3-6(10)5-8(7)11/h3-5,10-11H,2H2,1H3",BRDIPNLKURUXCU-UHFFFAOYSA-N
"3-(2,2,2-Trifluoroethyl)phenol",Industrial,843705,C8H7F3O,176.14,3.0,1,4,20.2,C1=CC(=CC(=C1)O)CC(F)(F)F,PubChem,,,,Structure_PubChem,176.137,2.497,1,1,20.23,12,1,1,,,,,176.137,,C8H7F3O,,,,,,,,,,,Trouvé,,,,CID_843705,"3-(2,2,2-Trifluoroethyl)phenol","3-(2,2,2-trifluoroethyl)phenol",C1=CC(=CC(=C1)O)CC(F)(F)F,"InChI=1S/C8H7F3O/c9-8(10,11)5-6-2-1-3-7(12)4-6/h1-4,12H,5H2",NVLPKNPGWGKEMW-UHFFFAOYSA-N
Cinnamonitrile,Industrial,1550846,C9H7N,129.16,2.0,0,1,23.8,C1=CC=C(C=C1)/C=C/C#N,PubChem,,,,Structure_PubChem,129.162,2.2234,0,1,23.79,10,1,1,,,,,129.162,,C9H7N,,,,,,,,,,,Trouvé,,,,CID_1550846,Cinnamonitrile,(E)-3-phenylprop-2-enenitrile,C1=CC=C(C=C1)/C=C/C#N,InChI=1S/C9H7N/c10-8-4-7-9-5-2-1-3-6-9/h1-7H/b7-4+,ZWKNLRXFUTWSOY-QPJJXVBHSA-N
3-Methyl-5-phenylpent-2-enenitrile,Industrial,1585264,C12H13N,171.24,3.3,0,1,23.8,C/C(=C\C#N)/CCC1=CC=CC=C1,PubChem,,,,Structure_PubChem,171.243,3.0891,0,1,23.79,13,1,3,,,,,171.243,,C12H13N,,,,,,,,,,,Trouvé,,,,CID_1585264,3-Methyl-5-phenylpent-2-enenitrile,(E)-3-methyl-5-phenylpent-2-enenitrile,C/C(=C\C#N)/CCC1=CC=CC=C1,"InChI=1S/C12H13N/c1-11(9-10-13)7-8-12-5-3-2-4-6-12/h2-6,9H,7-8H2,1H3/b11-9+",QELCXXZZKSRBET-PKNBQFBNSA-N
"2-Methoxycinnamic acid, (Z)-",Industrial,1622530,C10H10O3,178.18,1.8,1,3,46.5,COC1=CC=CC=C1/C=C\C(=O)O,PubChem,,,,Structure_PubChem,178.187,1.793,1,2,46.53,13,1,3,,,,,178.187,,C10H10O3,,,,,,,,,,,Trouvé,,,,CID_1622530,"2-Methoxycinnamic acid, (Z)-",(Z)-3-(2-methoxyphenyl)prop-2-enoic acid,COC1=CC=CC=C1/C=C\C(=O)O,"InChI=1S/C10H10O3/c1-13-9-5-3-2-4-8(9)6-7-10(11)12/h2-7H,1H3,(H,11,12)/b7-6-",FEGVSPGUHMGGBO-SREVYHEPSA-N
Bromo(2H5)benzene,Industrial,2723968,C6H5Br,162.04,3.0,0,0,0.0,[2H]C1=C(C(=C(C(=C1[2H])[2H])Br)[2H])[2H],PubChem,,,,Structure_PubChem,162.0405,2.4491,0,0,0.0,7,1,0,,,,,162.0405,,C6H5Br,,,,,,,,,,,Trouvé,,,,CID_2723968,Bromo(2H5)benzene,"1-bromo-2,3,4,5,6-pentadeuteriobenzene",[2H]C1=C(C(=C(C(=C1[2H])[2H])Br)[2H])[2H],"InChI=1S/C6H5Br/c7-6-4-2-1-3-5-6/h1-5H/i1D,2D,3D,4D,5D",QARVLSVVCXYDNA-RALIUCGRSA-N
"1,2-Difluoro-4-iodobenzene",Industrial,2724444,C6H3F2I,239.99,2.8,0,2,0.0,C1=CC(=C(C=C1I)F)F,PubChem,,,,Structure_PubChem,239.99,2.5694,0,0,0.0,9,1,0,,,,,239.99,,C6H3F2I,,,,,,,,,,,Trouvé,,,,CID_2724444,"1,2-Difluoro-4-iodobenzene","1,2-difluoro-4-iodobenzene",C1=CC(=C(C=C1I)F)F,InChI=1S/C6H3F2I/c7-5-2-1-4(9)3-6(5)8/h1-3H,KSASJELKLBIMSG-UHFFFAOYSA-N
4-Chloro-3-fluorophenol,Industrial,2724523,C6H4ClFO,146.54,2.8,1,2,20.2,C1=CC(=C(C=C1O)F)Cl,PubChem,,,,Structure_PubChem,146.548,2.1847,1,1,20.23,9,1,0,,,,,146.548,,C6H4ClFO,,,,,,,,,,,Trouvé,,,,CID_2724523,4-Chloro-3-fluorophenol,4-chloro-3-fluorophenol,C1=CC(=C(C=C1O)F)Cl,"InChI=1S/C6H4ClFO/c7-5-2-1-4(9)3-6(5)8/h1-3,9H",XLHYAEBESNFTCA-UHFFFAOYSA-N
2-Bromo-5-fluorophenol,Industrial,2724600,C6H4BrFO,191.0,2.6,1,2,20.2,C1=CC(=C(C=C1F)O)Br,PubChem,,,,Structure_PubChem,190.999,2.2938,1,1,20.23,9,1,0,,,,,190.999,,C6H4BrFO,,,,,,,,,,,Trouvé,,,,CID_2724600,2-Bromo-5-fluorophenol,2-bromo-5-fluorophenol,C1=CC(=C(C=C1F)O)Br,"InChI=1S/C6H4BrFO/c7-5-2-1-4(8)3-6(5)9/h1-3,9H",HUVAOAVBKOVPBZ-UHFFFAOYSA-N
Benzeneselenenyl iodide,Industrial,2724689,C6H5ISe,282.98,,0,0,0.0,C1=CC=C(C=C1)[Se]I,PubChem,,,,Structure_PubChem,282.97,1.3661,0,0,0.0,8,1,1,,,,,282.97,,C6H5ISe,,,,,,,,,,,Trouvé,,,,CID_2724689,Benzeneselenenyl iodide,phenyl selenohypoiodite,C1=CC=C(C=C1)[Se]I,InChI=1S/C6H5ISe/c7-8-6-4-2-1-3-5-6/h1-5H,OIFWKNDBUVXZMJ-UHFFFAOYSA-N
4-Bromo-2-fluorophenol,Industrial,2724981,C6H4BrFO,191.0,2.6,1,2,20.2,C1=CC(=C(C=C1Br)F)O,PubChem,,,,Structure_PubChem,190.999,2.2938,1,1,20.23,9,1,0,,,,,190.999,,C6H4BrFO,,,,,,,,,,,Trouvé,,,,CID_2724981,4-Bromo-2-fluorophenol,4-bromo-2-fluorophenol,C1=CC(=C(C=C1Br)F)O,"InChI=1S/C6H4BrFO/c7-4-1-2-6(9)5(8)3-4/h1-3,9H",RYVOZMPTISNBDB-UHFFFAOYSA-N
Triallyl(phenyl)silane,Industrial,2733229,C15H20Si,228.4,,0,0,0.0,C=CC[Si](CC=C)(CC=C)C1=CC=CC=C1,PubChem,,,,Structure_PubChem,228.411,3.9004,0,0,0.0,16,1,7,,,,,228.411,,C15H20Si,,,,,,,,,,,Trouvé,,,,CID_2733229,Triallyl(phenyl)silane,phenyl-tris(prop-2-enyl)silane,C=CC[Si](CC=C)(CC=C)C1=CC=CC=C1,"InChI=1S/C15H20Si/c1-4-12-16(13-5-2,14-6-3)15-10-8-7-9-11-15/h4-11H,1-3,12-14H2",QFCLQSLLAYLBCU-UHFFFAOYSA-N
"2,3,5-Trifluorophenol",Industrial,2733311,C6H3F3O,148.08,1.9,1,4,20.2,C1=C(C=C(C(=C1O)F)F)F,PubChem,,,,Structure_PubChem,148.083,1.8095,1,1,20.23,10,1,0,,,,,148.083,,C6H3F3O,,,,,,,,,,,Trouvé,,,,CID_2733311,"2,3,5-Trifluorophenol","2,3,5-trifluorophenol",C1=C(C=C(C(=C1O)F)F)F,"InChI=1S/C6H3F3O/c7-3-1-4(8)6(9)5(10)2-3/h1-2,10H",JNZQXSIWHRRMNO-UHFFFAOYSA-N
"Magnesium, chloro(phenylmethyl)-",Industrial,2733352,C7H7ClMg,150.89,,0,2,0.0,[CH2-]C1=CC=CC=C1.[Mg+2].[Cl-],PubChem,,,,Structure_PubChem,150.891,-1.508,0,0,0.0,9,1,0,,,,,150.891,,C7H7ClMg,,,,,,,,,,,Trouvé,,,,CID_2733352,"Magnesium, chloro(phenylmethyl)-",magnesium;methanidylbenzene;chloride,[CH2-]C1=CC=CC=C1.[Mg+2].[Cl-],"InChI=1S/C7H7.ClH.Mg/c1-7-5-3-2-4-6-7;;/h2-6H,1H2;1H;/q-1;;+2/p-1",SCEZYJKGDJPHQO-UHFFFAOYSA-M
Diallylphenylphosphine,Industrial,2733416,C12H15P,190.22,2.8,0,0,0.0,C=CCP(CC=C)C1=CC=CC=C1,PubChem,,,,Structure_PubChem,190.226,3.1658,0,0,0.0,13,1,5,,,,,190.226,,C12H15P,,,,,,,,,,,Trouvé,,,,CID_2733416,Diallylphenylphosphine,phenyl-bis(prop-2-enyl)phosphane,C=CCP(CC=C)C1=CC=CC=C1,"InChI=1S/C12H15P/c1-3-10-13(11-4-2)12-8-6-5-7-9-12/h3-9H,1-2,10-11H2",NDIFDGDMWAZLDH-UHFFFAOYSA-N
3-Fluorophenylboronic acid,Industrial,2733986,C6H6BFO2,139.92,,2,3,40.5,B(C1=CC(=CC=C1)F)(O)O,PubChem,,,,Structure_PubChem,139.922,-0.4945,2,2,40.46,10,1,1,,,,,139.922,,C6H6BFO2,,,,,,,,,,,Trouvé,,,,CID_2733986,3-Fluorophenylboronic acid,(3-fluorophenyl)boronic acid,B(C1=CC(=CC=C1)F)(O)O,"InChI=1S/C6H6BFO2/c8-6-3-1-2-5(4-6)7(9)10/h1-4,9-10H",KNXQDJCZSVHEIW-UHFFFAOYSA-N
"(2,3-Difluorophenyl)boronic acid",Industrial,2734333,C6H5BF2O2,157.91,,2,4,40.5,B(C1=C(C(=CC=C1)F)F)(O)O,PubChem,,,,Structure_PubChem,157.912,-0.3554,2,2,40.46,11,1,1,,,,,157.912,,C6H5BF2O2,,,,,,,,,,,Trouvé,,,,CID_2734333,"(2,3-Difluorophenyl)boronic acid","(2,3-difluorophenyl)boronic acid",B(C1=C(C(=CC=C1)F)F)(O)O,"InChI=1S/C6H5BF2O2/c8-5-3-1-2-4(6(5)9)7(10)11/h1-3,10-11H",SZYXKFKWFYUOGZ-UHFFFAOYSA-N
"2,4-Difluorophenylboronic acid",Industrial,2734334,C6H5BF2O2,157.91,,2,4,40.5,B(C1=C(C=C(C=C1)F)F)(O)O,PubChem,,,,Structure_PubChem,157.912,-0.3554,2,2,40.46,11,1,1,,,,,157.912,,C6H5BF2O2,,,,,,,,,,,Trouvé,,,,CID_2734334,"2,4-Difluorophenylboronic acid","(2,4-difluorophenyl)boronic acid",B(C1=C(C=C(C=C1)F)F)(O)O,"InChI=1S/C6H5BF2O2/c8-4-1-2-5(7(10)11)6(9)3-4/h1-3,10-11H",QQLRSCZSKQTFGY-UHFFFAOYSA-N
"(2,5-Difluorophenyl)boronic acid",Industrial,2734335,C6H5BF2O2,157.91,,2,4,40.5,B(C1=C(C=CC(=C1)F)F)(O)O,PubChem,,,,Structure_PubChem,157.912,-0.3554,2,2,40.46,11,1,1,,,,,157.912,,C6H5BF2O2,,,,,,,,,,,Trouvé,,,,CID_2734335,"(2,5-Difluorophenyl)boronic acid","(2,5-difluorophenyl)boronic acid",B(C1=C(C=CC(=C1)F)F)(O)O,"InChI=1S/C6H5BF2O2/c8-4-1-2-6(9)5(3-4)7(10)11/h1-3,10-11H",KTOJGSDLJNUAEP-UHFFFAOYSA-N
"2,6-Difluorophenylboronic acid",Industrial,2734336,C6H5BF2O2,157.91,,2,4,40.5,B(C1=C(C=CC=C1F)F)(O)O,PubChem,,,,Structure_PubChem,157.912,-0.3554,2,2,40.46,11,1,1,,,,,157.912,,C6H5BF2O2,,,,,,,,,,,Trouvé,,,,CID_2734336,"2,6-Difluorophenylboronic acid","(2,6-difluorophenyl)boronic acid",B(C1=C(C=CC=C1F)F)(O)O,"InChI=1S/C6H5BF2O2/c8-4-2-1-3-5(9)6(4)7(10)11/h1-3,10-11H",DBZAICSEFBVFHL-UHFFFAOYSA-N
"3,4-Difluorobenzeneboronic acid",Industrial,2734337,C6H5BF2O2,157.91,,2,4,40.5,B(C1=CC(=C(C=C1)F)F)(O)O,PubChem,,,,Structure_PubChem,157.912,-0.3554,2,2,40.46,11,1,1,,,,,157.912,,C6H5BF2O2,,,,,,,,,,,Trouvé,,,,CID_2734337,"3,4-Difluorobenzeneboronic acid","(3,4-difluorophenyl)boronic acid",B(C1=CC(=C(C=C1)F)F)(O)O,"InChI=1S/C6H5BF2O2/c8-5-2-1-4(7(10)11)3-6(5)9/h1-3,10-11H",RMGYQBHKEWWTOY-UHFFFAOYSA-N
"Boronic acid, (4-ethylphenyl)-",Industrial,2734352,C8H11BO2,149.98,,2,2,40.5,B(C1=CC=C(C=C1)CC)(O)O,PubChem,,,,Structure_PubChem,149.986,-0.0712,2,2,40.46,11,1,2,,,,,149.986,,C8H11BO2,,,,,,,,,,,Trouvé,,,,CID_2734352,"Boronic acid, (4-ethylphenyl)-",(4-ethylphenyl)boronic acid,B(C1=CC=C(C=C1)CC)(O)O,"InChI=1S/C8H11BO2/c1-2-7-3-5-8(6-4-7)9(10)11/h3-6,10-11H,2H2,1H3",RZCPLOMUUCFPQA-UHFFFAOYSA-N
2-Fluorophenylboronic acid,Industrial,2734354,C6H6BFO2,139.92,,2,3,40.5,B(C1=CC=CC=C1F)(O)O,PubChem,,,,Structure_PubChem,139.922,-0.4945,2,2,40.46,10,1,1,,,,,139.922,,C6H6BFO2,,,,,,,,,,,Trouvé,,,,CID_2734354,2-Fluorophenylboronic acid,(2-fluorophenyl)boronic acid,B(C1=CC=CC=C1F)(O)O,"InChI=1S/C6H6BFO2/c8-6-4-2-1-3-5(6)7(9)10/h1-4,9-10H",QCSLIRFWJPOENV-UHFFFAOYSA-N
(3-hydroxyphenyl)boronic Acid,Industrial,2734359,C6H7BO3,137.93,,3,3,60.7,B(C1=CC(=CC=C1)O)(O)O,PubChem,,,,Structure_PubChem,137.931,-0.928,3,3,60.69,10,1,1,,,,,137.931,,C6H7BO3,,,,,,,,,,,Trouvé,,,,CID_2734359,(3-hydroxyphenyl)boronic Acid,(3-hydroxyphenyl)boronic acid,B(C1=CC(=CC=C1)O)(O)O,"InChI=1S/C6H7BO3/c8-6-3-1-2-5(4-6)7(9)10/h1-4,8-10H",WFWQWTPAPNEOFE-UHFFFAOYSA-N
4-Hydroxyphenylboronic acid,Industrial,2734360,C6H7BO3,137.93,,3,3,60.7,B(C1=CC=C(C=C1)O)(O)O,PubChem,,,,Structure_PubChem,137.931,-0.928,3,3,60.69,10,1,1,,,,,137.931,,C6H7BO3,,,,,,,,,,,Trouvé,,,,CID_2734360,4-Hydroxyphenylboronic acid,(4-hydroxyphenyl)boronic acid,B(C1=CC=C(C=C1)O)(O)O,"InChI=1S/C6H7BO3/c8-6-3-1-5(2-4-6)7(9)10/h1-4,8-10H",COIQUVGFTILYGA-UHFFFAOYSA-N
3-Iodophenylboronic acid,Industrial,2734362,C6H6BIO2,247.83,,2,2,40.5,B(C1=CC(=CC=C1)I)(O)O,PubChem,,,,Structure_PubChem,247.828,-0.029,2,2,40.46,10,1,1,,,,,247.828,,C6H6BIO2,,,,,,,,,,,Trouvé,,,,CID_2734362,3-Iodophenylboronic acid,(3-iodophenyl)boronic acid,B(C1=CC(=CC=C1)I)(O)O,"InChI=1S/C6H6BIO2/c8-6-3-1-2-5(4-6)7(9)10/h1-4,9-10H",REEUXWXIMNEIIN-UHFFFAOYSA-N
2-(Trifluoromethyl)benzeneboronic acid,Industrial,2734387,C7H6BF3O2,189.93,,2,5,40.5,B(C1=CC=CC=C1C(F)(F)F)(O)O,PubChem,,,,Structure_PubChem,189.929,0.3852,2,2,40.46,13,1,1,,,,,189.929,,C7H6BF3O2,,,,,,,,,,,Trouvé,,,,CID_2734387,2-(Trifluoromethyl)benzeneboronic acid,[2-(trifluoromethyl)phenyl]boronic acid,B(C1=CC=CC=C1C(F)(F)F)(O)O,"InChI=1S/C7H6BF3O2/c9-7(10,11)5-3-1-2-4-6(5)8(12)13/h1-4,12-13H",JNSBEPKGFVENFS-UHFFFAOYSA-N
3-(Trifluoromethyl)phenylboronic acid,Industrial,2734388,C7H6BF3O2,189.93,,2,5,40.5,B(C1=CC(=CC=C1)C(F)(F)F)(O)O,PubChem,,,,Structure_PubChem,189.929,0.3852,2,2,40.46,13,1,1,,,,,189.929,,C7H6BF3O2,,,,,,,,,,,Trouvé,,,,CID_2734388,3-(Trifluoromethyl)phenylboronic acid,[3-(trifluoromethyl)phenyl]boronic acid,B(C1=CC(=CC=C1)C(F)(F)F)(O)O,"InChI=1S/C7H6BF3O2/c9-7(10,11)5-2-1-3-6(4-5)8(12)13/h1-4,12-13H",WOAORAPRPVIATR-UHFFFAOYSA-N
4-(Trifluoromethyl)phenylboronic acid,Industrial,2734389,C7H6BF3O2,189.93,,2,5,40.5,B(C1=CC=C(C=C1)C(F)(F)F)(O)O,PubChem,,,,Structure_PubChem,189.929,0.3852,2,2,40.46,13,1,1,,,,,189.929,,C7H6BF3O2,,,,,,,,,,,Trouvé,,,,CID_2734389,4-(Trifluoromethyl)phenylboronic acid,[4-(trifluoromethyl)phenyl]boronic acid,B(C1=CC=C(C=C1)C(F)(F)F)(O)O,"InChI=1S/C7H6BF3O2/c9-7(10,11)5-1-3-6(4-2-5)8(12)13/h1-4,12-13H",ALMFIOZYDASRRC-UHFFFAOYSA-N
"2-(4,4,5,5-Tetramethyl-1,3,2-dioxaborolan-2-yl)phenol",Industrial,2734622,C12H17BO3,220.07,,1,3,38.7,B1(OC(C(O1)(C)C)(C)C)C2=CC=CC=C2O,PubChem,,,,Structure_PubChem,220.077,1.6914,1,3,38.69,16,2,1,,,,,220.077,,C12H17BO3,,,,,,,,,,,Trouvé,,,,CID_2734622,"2-(4,4,5,5-Tetramethyl-1,3,2-dioxaborolan-2-yl)phenol","2-(4,4,5,5-tetramethyl-1,3,2-dioxaborolan-2-yl)phenol",B1(OC(C(O1)(C)C)(C)C)C2=CC=CC=C2O,"InChI=1S/C12H17BO3/c1-11(2)12(3,4)16-13(15-11)9-7-5-6-8-10(9)14/h5-8,14H,1-4H3",VLROJECCXBBKPZ-UHFFFAOYSA-N
"3-(4,4,5,5-Tetramethyl-1,3,2-dioxaborolan-2-yl)phenol",Industrial,2734623,C12H17BO3,220.07,,1,3,38.7,B1(OC(C(O1)(C)C)(C)C)C2=CC(=CC=C2)O,PubChem,,,,Structure_PubChem,220.077,1.6914,1,3,38.69,16,2,1,,,,,220.077,,C12H17BO3,,,,,,,,,,,Trouvé,,,,CID_2734623,"3-(4,4,5,5-Tetramethyl-1,3,2-dioxaborolan-2-yl)phenol","3-(4,4,5,5-tetramethyl-1,3,2-dioxaborolan-2-yl)phenol",B1(OC(C(O1)(C)C)(C)C)C2=CC(=CC=C2)O,"InChI=1S/C12H17BO3/c1-11(2)12(3,4)16-13(15-11)9-6-5-7-10(14)8-9/h5-8,14H,1-4H3",MUKIFYQKIZOYKT-UHFFFAOYSA-N
"4-(4,4,5,5-Tetramethyl-1,3,2-dioxaborolan-2-yl)phenol",Industrial,2734624,C12H17BO3,220.07,,1,3,38.7,B1(OC(C(O1)(C)C)(C)C)C2=CC=C(C=C2)O,PubChem,,,,Structure_PubChem,220.077,1.6914,1,3,38.69,16,2,1,,,,,220.077,,C12H17BO3,,,,,,,,,,,Trouvé,,,,CID_2734624,"4-(4,4,5,5-Tetramethyl-1,3,2-dioxaborolan-2-yl)phenol","4-(4,4,5,5-tetramethyl-1,3,2-dioxaborolan-2-yl)phenol",B1(OC(C(O1)(C)C)(C)C)C2=CC=C(C=C2)O,"InChI=1S/C12H17BO3/c1-11(2)12(3,4)16-13(15-11)9-5-7-10(14)8-6-9/h5-8,14H,1-4H3",BICZJRAGTCRORZ-UHFFFAOYSA-N
3-[(3-Hydroxyphenyl)disulfanyl]phenol,Industrial,2736157,C12H10O2S2,250.3,3.7,2,4,91.1,C1=CC(=CC(=C1)SSC2=CC=CC(=C2)O)O,PubChem,,,,Structure_PubChem,250.344,3.8972,2,4,40.46,16,2,3,,,,,250.344,,C12H10O2S2,,,,,,,,,,,Trouvé,,,,CID_2736157,3-[(3-Hydroxyphenyl)disulfanyl]phenol,3-[(3-hydroxyphenyl)disulfanyl]phenol,C1=CC(=CC(=C1)SSC2=CC=CC(=C2)O)O,"InChI=1S/C12H10O2S2/c13-9-3-1-5-11(7-9)15-16-12-6-2-4-10(14)8-12/h1-8,13-14H",XBNOMKROXZGMFW-UHFFFAOYSA-N
"2-Mercaptobenzene-1,4-diol",Industrial,2736167,C6H6O2S,142.18,0.9,3,3,41.5,C1=CC(=C(C=C1O)S)O,PubChem,,,,Structure_PubChem,142.179,1.3865,3,3,40.46,9,1,0,,,,,142.179,,C6H6O2S,,,,,,,,,,,Trouvé,,,,CID_2736167,"2-Mercaptobenzene-1,4-diol","2-sulfanylbenzene-1,4-diol",C1=CC(=C(C=C1O)S)O,"InChI=1S/C6H6O2S/c7-4-1-2-5(8)6(9)3-4/h1-3,7-9H",ZFQJFYYGUOXGRF-UHFFFAOYSA-N
3-Hydroxybenzenethiol,Industrial,2736613,C6H6OS,126.18,1.3,2,2,21.2,C1=CC(=CC(=C1)S)O,PubChem,,,,Structure_PubChem,126.18,1.6809,2,2,20.23,8,1,0,,,,,126.18,,C6H6OS,,,,,,,,,,,Trouvé,,,,CID_2736613,3-Hydroxybenzenethiol,3-sulfanylphenol,C1=CC(=CC(=C1)S)O,"InChI=1S/C6H6OS/c7-5-2-1-3-6(8)4-5/h1-4,7-8H",DOFIAZGYBIBEGI-UHFFFAOYSA-N
"2,5-Diiodofluorobenzene",Industrial,2737096,C6H3FI2,347.89,3.3,0,1,0.0,C1=CC(=C(C=C1I)F)I,PubChem,,,,Structure_PubChem,347.896,3.0349,0,0,0.0,9,1,0,,,,,347.896,,C6H3FI2,,,,,,,,,,,Trouvé,,,,CID_2737096,"2,5-Diiodofluorobenzene","2-fluoro-1,4-diiodobenzene",C1=CC(=C(C=C1I)F)I,InChI=1S/C6H3FI2/c7-5-3-4(8)1-2-6(5)9/h1-3H,IQTKOCIDYDYDSB-UHFFFAOYSA-N
4-Fluoro-3-methylphenol,Industrial,2737394,C7H7FO,126.13,1.4,1,2,20.2,CC1=C(C=CC(=C1)O)F,PubChem,,,,Structure_PubChem,126.13,1.8397,1,1,20.23,9,1,0,,,,,126.13,,C7H7FO,,,,,,,,,,,Trouvé,,,,CID_2737394,4-Fluoro-3-methylphenol,4-fluoro-3-methylphenol,CC1=C(C=CC(=C1)O)F,"InChI=1S/C7H7FO/c1-5-4-6(9)2-3-7(5)8/h2-4,9H,1H3",RVYGYYVGWSCWGY-UHFFFAOYSA-N
2-Fluoro-3-(trifluoromethyl)phenol,Industrial,2737586,C7H4F4O,180.1,2.6,1,5,20.2,C1=CC(=C(C(=C1)O)F)C(F)(F)F,PubChem,,,,Structure_PubChem,180.1,2.5501,1,1,20.23,12,1,0,,,,,180.1,,C7H4F4O,,,,,,,,,,,Trouvé,,,,CID_2737586,2-Fluoro-3-(trifluoromethyl)phenol,2-fluoro-3-(trifluoromethyl)phenol,C1=CC(=C(C(=C1)O)F)C(F)(F)F,"InChI=1S/C7H4F4O/c8-6-4(7(9,10)11)2-1-3-5(6)12/h1-3,12H",DOICLFHNNMXINV-UHFFFAOYSA-N
Diphenyltellurium oxide,Industrial,2751537,C12H10OTe,297.8,,0,1,17.1,C1=CC=C(C=C1)[Te](=O)C2=CC=CC=C2,PubChem,,,,Structure_PubChem,297.811,1.2228,0,1,17.07,14,2,2,,,,,297.811,,C12H10OTe,,,,,,,,,,,Trouvé,,,,CID_2751537,Diphenyltellurium oxide,phenyltellurinylbenzene,C1=CC=C(C=C1)[Te](=O)C2=CC=CC=C2,InChI=1S/C12H10OTe/c13-14(11-7-3-1-4-8-11)12-9-5-2-6-10-12/h1-10H,QAOXODVHAUTMNL-UHFFFAOYSA-N
"2,4,6-Trifluoroiodobenzene",Industrial,2760714,C6H2F3I,257.98,2.9,0,3,0.0,C1=C(C=C(C(=C1F)I)F)F,PubChem,,,,Structure_PubChem,257.98,2.7085,0,0,0.0,10,1,0,,,,,257.98,,C6H2F3I,,,,,,,,,,,Trouvé,,,,CID_2760714,"2,4,6-Trifluoroiodobenzene","1,3,5-trifluoro-2-iodobenzene",C1=C(C=C(C(=C1F)I)F)F,InChI=1S/C6H2F3I/c7-3-1-4(8)6(10)5(9)2-3/h1-2H,CTUZRFPGJAMCBX-UHFFFAOYSA-N
"3,4,5-Trifluoroiodobenzene",Industrial,2760715,C6H2F3I,257.98,2.9,0,3,0.0,C1=C(C=C(C(=C1F)F)F)I,PubChem,,,,Structure_PubChem,257.98,2.7085,0,0,0.0,10,1,0,,,,,257.98,,C6H2F3I,,,,,,,,,,,Trouvé,,,,CID_2760715,"3,4,5-Trifluoroiodobenzene","1,2,3-trifluoro-5-iodobenzene",C1=C(C=C(C(=C1F)F)F)I,InChI=1S/C6H2F3I/c7-4-1-3(10)2-5(8)6(4)9/h1-2H,RLJXJUHMVYLIBW-UHFFFAOYSA-N
(2-Hydroxyphenyl)boronic acid,Industrial,2773454,C6H7BO3,137.93,,3,3,60.7,B(C1=CC=CC=C1O)(O)O,PubChem,,,,Structure_PubChem,137.931,-0.928,3,3,60.69,10,1,1,,,,,137.931,,C6H7BO3,,,,,,,,,,,Trouvé,,,,CID_2773454,(2-Hydroxyphenyl)boronic acid,(2-hydroxyphenyl)boronic acid,B(C1=CC=CC=C1O)(O)O,"InChI=1S/C6H7BO3/c8-6-4-2-1-3-5(6)7(9)10/h1-4,8-10H",YDMRDHQUQIVWBE-UHFFFAOYSA-N
Diethyl 3-hydroxyphenylphosphonate,Industrial,2773717,C10H15O4P,230.2,1.4,1,4,55.8,CCOP(=O)(C1=CC=CC(=C1)O)OCC,PubChem,,,,Structure_PubChem,230.2,2.2836,1,4,55.76,15,1,5,,,,,230.2,,C10H15O4P,,,,,,,,,,,Trouvé,,,,CID_2773717,Diethyl 3-hydroxyphenylphosphonate,3-diethoxyphosphorylphenol,CCOP(=O)(C1=CC=CC(=C1)O)OCC,"InChI=1S/C10H15O4P/c1-3-13-15(12,14-4-2)10-7-5-6-9(11)8-10/h5-8,11H,3-4H2,1-2H3",NXNQMKQLDMKXGY-UHFFFAOYSA-N
p-Diethoxyphosphorylphenol,Industrial,2773718,C10H15O4P,230.2,1.4,1,4,55.8,CCOP(=O)(C1=CC=C(C=C1)O)OCC,PubChem,,,,Structure_PubChem,230.2,2.2836,1,4,55.76,15,1,5,,,,,230.2,,C10H15O4P,,,,,,,,,,,Trouvé,,,,CID_2773718,p-Diethoxyphosphorylphenol,4-diethoxyphosphorylphenol,CCOP(=O)(C1=CC=C(C=C1)O)OCC,"InChI=1S/C10H15O4P/c1-3-13-15(12,14-4-2)10-7-5-9(11)6-8-10/h5-8,11H,3-4H2,1-2H3",RKDQFNLPHKSPGL-UHFFFAOYSA-N
"4-Fluoro-1,2-diiodobenzene",Industrial,2774254,C6H3FI2,347.89,3.3,0,1,0.0,C1=CC(=C(C=C1F)I)I,PubChem,,,,Structure_PubChem,347.896,3.0349,0,0,0.0,9,1,0,,,,,347.896,,C6H3FI2,,,,,,,,,,,Trouvé,,,,CID_2774254,"4-Fluoro-1,2-diiodobenzene","4-fluoro-1,2-diiodobenzene",C1=CC(=C(C=C1F)I)I,InChI=1S/C6H3FI2/c7-4-1-2-5(8)6(9)3-4/h1-3H,YWDQZXYXZFFYJQ-UHFFFAOYSA-N
5-Fluoro-2-methylphenol,Industrial,2774616,C7H7FO,126.13,2.1,1,2,20.2,CC1=C(C=C(C=C1)F)O,PubChem,,,,Structure_PubChem,126.13,1.8397,1,1,20.23,9,1,0,,,,,126.13,,C7H7FO,,,,,,,,,,,Trouvé,,,,CID_2774616,5-Fluoro-2-methylphenol,5-fluoro-2-methylphenol,CC1=C(C=C(C=C1)F)O,"InChI=1S/C7H7FO/c1-5-2-3-6(8)4-7(5)9/h2-4,9H,1H3",CKJOSIHYVLHIER-UHFFFAOYSA-N
"3,4,5-Trifluorophenol",Industrial,2777943,C6H3F3O,148.08,2.0,1,4,20.2,C1=C(C=C(C(=C1F)F)F)O,PubChem,,,,Structure_PubChem,148.083,1.8095,1,1,20.23,10,1,0,,,,,148.083,,C6H3F3O,,,,,,,,,,,Trouvé,,,,CID_2777943,"3,4,5-Trifluorophenol","3,4,5-trifluorophenol",C1=C(C=C(C(=C1F)F)F)O,"InChI=1S/C6H3F3O/c7-4-1-3(10)2-5(8)6(4)9/h1-2,10H",ZRTWIJKGTUGZJY-UHFFFAOYSA-N
"1,3-Difluoro-5-iodobenzene",Industrial,2778221,C6H3F2I,239.99,2.8,0,2,0.0,C1=C(C=C(C=C1F)I)F,PubChem,,,,Structure_PubChem,239.99,2.5694,0,0,0.0,9,1,0,,,,,239.99,,C6H3F2I,,,,,,,,,,,Trouvé,,,,CID_2778221,"1,3-Difluoro-5-iodobenzene","1,3-difluoro-5-iodobenzene",C1=C(C=C(C=C1F)I)F,InChI=1S/C6H3F2I/c7-4-1-5(8)3-6(9)2-4/h1-3H,QQCFOQNFPIAENW-UHFFFAOYSA-N
2-Fluoro-4-methylphenol,Industrial,2778485,C7H7FO,126.13,1.8,1,2,20.2,CC1=CC(=C(C=C1)O)F,PubChem,,,,Structure_PubChem,126.13,1.8397,1,1,20.23,9,1,0,,,,,126.13,,C7H7FO,,,,,,,,,,,Trouvé,,,,CID_2778485,2-Fluoro-4-methylphenol,2-fluoro-4-methylphenol,CC1=CC(=C(C=C1)O)F,"InChI=1S/C7H7FO/c1-5-2-3-7(9)6(8)4-5/h2-4,9H,1H3",WJKISRFVKIOBCQ-UHFFFAOYSA-N
3-(Pentafluorothio)phenol,Industrial,2779201,C6H5F5OS,220.16,4.8,1,6,21.2,C1=CC(=CC(=C1)S(F)(F)(F)(F)F)O,PubChem,,,,Structure_PubChem,220.162,4.0496,1,1,20.23,13,1,1,,,,,220.162,,C6H5F5OS,,,,,,,,,,,Trouvé,,,,CID_2779201,3-(Pentafluorothio)phenol,3-(pentafluoro-lambda6-sulfanyl)phenol,C1=CC(=CC(=C1)S(F)(F)(F)(F)F)O,"InChI=1S/C6H5F5OS/c7-13(8,9,10,11)6-3-1-2-5(12)4-6/h1-4,12H",KVOACEHJTNSNBD-UHFFFAOYSA-N
4-Hydroxyphenylsulfur pentafluoride,Industrial,2779203,C6H5F5OS,220.16,4.8,1,6,21.2,C1=CC(=CC=C1O)S(F)(F)(F)(F)F,PubChem,,,,Structure_PubChem,220.162,4.0496,1,1,20.23,13,1,1,,,,,220.162,,C6H5F5OS,,,,,,,,,,,Trouvé,,,,CID_2779203,4-Hydroxyphenylsulfur pentafluoride,4-(pentafluoro-lambda6-sulfanyl)phenol,C1=CC(=CC=C1O)S(F)(F)(F)(F)F,"InChI=1S/C6H5F5OS/c7-13(8,9,10,11)6-3-1-5(12)2-4-6/h1-4,12H",XHJLGVIUMCBMHL-UHFFFAOYSA-N
3-Fluoro-4-methylbenzeneboronic acid,Industrial,2782674,C7H8BFO2,153.95,,2,3,40.5,B(C1=CC(=C(C=C1)C)F)(O)O,PubChem,,,,Structure_PubChem,153.949,-0.1861,2,2,40.46,11,1,1,,,,,153.949,,C7H8BFO2,,,,,,,,,,,Trouvé,,,,CID_2782674,3-Fluoro-4-methylbenzeneboronic acid,(3-fluoro-4-methylphenyl)boronic acid,B(C1=CC(=C(C=C1)C)F)(O)O,"InChI=1S/C7H8BFO2/c1-5-2-3-6(8(10)11)4-7(5)9/h2-4,10-11H,1H3",WPVBHUUZDFUIJA-UHFFFAOYSA-N
"1,3-Difluoro-2-iodobenzene",Industrial,2782738,C6H3F2I,239.99,2.8,0,2,0.0,C1=CC(=C(C(=C1)F)I)F,PubChem,,,,Structure_PubChem,239.99,2.5694,0,0,0.0,9,1,0,,,,,239.99,,C6H3F2I,,,,,,,,,,,Trouvé,,,,CID_2782738,"1,3-Difluoro-2-iodobenzene","1,3-difluoro-2-iodobenzene",C1=CC(=C(C(=C1)F)I)F,InChI=1S/C6H3F2I/c7-4-2-1-3-5(8)6(4)9/h1-3H,VQMXWPLTZBKNEH-UHFFFAOYSA-N
(2-Fluoro-4-methylphenyl)boronic acid,Industrial,2783132,C7H8BFO2,153.95,,2,3,40.5,B(C1=C(C=C(C=C1)C)F)(O)O,PubChem,,,,Structure_PubChem,153.949,-0.1861,2,2,40.46,11,1,1,,,,,153.949,,C7H8BFO2,,,,,,,,,,,Trouvé,,,,CID_2783132,(2-Fluoro-4-methylphenyl)boronic acid,(2-fluoro-4-methylphenyl)boronic acid,B(C1=C(C=C(C=C1)C)F)(O)O,"InChI=1S/C7H8BFO2/c1-5-2-3-6(8(10)11)7(9)4-5/h2-4,10-11H,1H3",LIXXGOMAGHXIMP-UHFFFAOYSA-N
O-Phenylhydroxylamine,Industrial,2794249,C6H7NO,109.13,1.4,1,2,35.3,C1=CC=C(C=C1)ON,PubChem,,,,Structure_PubChem,109.128,0.9391,1,2,35.25,8,1,1,,,,,109.128,,C6H7NO,,,,,,,,,,,Trouvé,,,,CID_2794249,O-Phenylhydroxylamine,O-phenylhydroxylamine,C1=CC=C(C=C1)ON,"InChI=1S/C6H7NO/c7-8-6-4-2-1-3-5-6/h1-5H,7H2",UOKZUTXLHRTLFH-UHFFFAOYSA-N
"Phenol, 4-(diphenylphosphinyl)-",Industrial,2828393,C18H15O2P,294.3,2.5,1,2,37.3,C1=CC=C(C=C1)P(=O)(C2=CC=CC=C2)C3=CC=C(C=C3)O,PubChem,,,,Structure_PubChem,294.29,3.0316,1,2,37.3,21,3,3,,,,,294.29,,C18H15O2P,,,,,,,,,,,Trouvé,,,,CID_2828393,"Phenol, 4-(diphenylphosphinyl)-",4-diphenylphosphorylphenol,C1=CC=C(C=C1)P(=O)(C2=CC=CC=C2)C3=CC=C(C=C3)O,"InChI=1S/C18H15O2P/c19-15-11-13-18(14-12-15)21(20,16-7-3-1-4-8-16)17-9-5-2-6-10-17/h1-14,19H",QFUAZGOBONNJEI-UHFFFAOYSA-N
4-Sulfophenol,Industrial,3010347,C6H5O4S-,173.17,0.2,1,4,85.8,C1=CC(=CC=C1O)S(=O)(=O)[O-],PubChem,,,,Structure_PubChem,173.169,0.2963,1,4,77.43,11,1,1,,,,,173.169,,C6H5O4S-,,,,,,,,,,,Trouvé,,,,CID_3010347,4-Sulfophenol,4-hydroxybenzenesulfonate,C1=CC(=CC=C1O)S(=O)(=O)[O-],"InChI=1S/C6H6O4S/c7-5-1-3-6(4-2-5)11(8,9)10/h1-4,7H,(H,8,9,10)/p-1",FEPBITJSIHRMRT-UHFFFAOYSA-M
(1-Fluoroethenyl)benzene,Industrial,3011495,C8H7F,122.14,2.6,0,1,0.0,C=C(C1=CC=CC=C1)F,PubChem,,,,Structure_PubChem,122.142,2.6268,0,0,0.0,9,1,1,,,,,122.142,,C8H7F,,,,,,,,,,,Trouvé,,,,CID_3011495,(1-Fluoroethenyl)benzene,1-fluoroethenylbenzene,C=C(C1=CC=CC=C1)F,"InChI=1S/C8H7F/c1-7(9)8-5-3-2-4-6-8/h2-6H,1H2",DAEXAGHVEUWODX-UHFFFAOYSA-N
"Phenol, 3-ethenyl-",Industrial,3013921,C8H8O,120.15,2.6,1,1,20.2,C=CC1=CC(=CC=C1)O,PubChem,,,,Structure_PubChem,120.151,2.0352,1,1,20.23,9,1,1,,,,,120.151,,C8H8O,,,,,,,,,,,Trouvé,,,,CID_3013921,"Phenol, 3-ethenyl-",3-ethenylphenol,C=CC1=CC(=CC=C1)O,"InChI=1S/C8H8O/c1-2-7-4-3-5-8(9)6-7/h2-6,9H,1H2",YNGIFMKMDRDNBQ-UHFFFAOYSA-N
Phenyl Dimethicone,Industrial,3032548,C7H8OSi,136.22,,0,1,17.1,C[Si](=O)C1=CC=CC=C1,PubChem,,,,Structure_PubChem,136.226,0.9454,0,1,17.07,9,1,1,,,,,136.226,,C7H8OSi,,,,,,,,,,,Trouvé,,,,CID_3032548,Phenyl Dimethicone,methyl-oxo-phenylsilane,C[Si](=O)C1=CC=CC=C1,"InChI=1S/C7H8OSi/c1-9(8)7-5-3-2-4-6-7/h2-6H,1H3",IXKNJYSAWNJQQY-UHFFFAOYSA-N
"Phenol, decyl-",Industrial,3032831,C16H26O,234.38,6.7,1,1,20.2,CCCCCCCCCCC1=CC=CC=C1O,PubChem,,,,Structure_PubChem,234.383,5.0754,1,1,20.23,17,1,9,,,,,234.383,,C16H26O,,,,,,,,,,,Trouvé,,,,CID_3032831,"Phenol, decyl-",2-decylphenol,CCCCCCCCCCC1=CC=CC=C1O,"InChI=1S/C16H26O/c1-2-3-4-5-6-7-8-9-12-15-13-10-11-14-16(15)17/h10-11,13-14,17H,2-9,12H2,1H3",FDIPWBUDOCPIMH-UHFFFAOYSA-N
Desmethylanethol trithione,Industrial,3082127,C9H6OS3,226.3,2.4,1,4,103.0,C1=CC(=CC=C1C2=CC(=S)SS2)O,PubChem,,,,Structure_PubChem,226.347,3.9117,1,4,20.23,13,2,1,,,,,226.347,,C9H6OS3,,,,,,,,,,,Trouvé,,,,CID_3082127,Desmethylanethol trithione,5-(4-hydroxyphenyl)dithiole-3-thione,C1=CC(=CC=C1C2=CC(=S)SS2)O,"InChI=1S/C9H6OS3/c10-7-3-1-6(2-4-7)8-5-9(11)13-12-8/h1-5,10H",IWBBKLMHAILHAR-UHFFFAOYSA-N
Eugenitin,Industrial,3083581,C12H12O4,220.22,2.5,1,4,55.8,CC1=CC(=O)C2=C(C(=C(C=C2O1)OC)C)O,PubChem,,,,Structure_PubChem,220.224,2.124,1,4,59.67,16,2,1,,,,,220.224,,C12H12O4,,,,,,,,,,,Trouvé,,,,CID_3083581,Eugenitin,"5-hydroxy-7-methoxy-2,6-dimethylchromen-4-one",CC1=CC(=O)C2=C(C(=C(C=C2O1)OC)C)O,"InChI=1S/C12H12O4/c1-6-4-8(13)11-10(16-6)5-9(15-3)7(2)12(11)14/h4-5,14H,1-3H3",RGTSAUBIQAKKLC-UHFFFAOYSA-N
Capillene,Industrial,3083613,C12H10,154.21,3.4,0,0,0.0,CC#CC#CCC1=CC=CC=C1,PubChem,,,,Structure_PubChem,154.212,2.2558,0,0,0.0,12,1,1,,,,,154.212,,C12H10,,,,,,,,,,,Trouvé,,,,CID_3083613,Capillene,"hexa-2,4-diynylbenzene",CC#CC#CCC1=CC=CC=C1,"InChI=1S/C12H10/c1-2-3-4-6-9-12-10-7-5-8-11-12/h5,7-8,10-11H,9H2,1H3",WXQYRBLGGSLJHA-UHFFFAOYSA-N
Pyrocatechol sulfate,Industrial,3083879,C6H6O5S,190.18,0.4,2,5,92.2,C1=CC=C(C(=C1)O)OS(=O)(=O)O,PubChem,,,,Structure_PubChem,190.176,0.5738,2,4,83.83,12,1,2,,,,,190.176,,C6H6O5S,,,,,,,,,,,Trouvé,,,,CID_3083879,Pyrocatechol sulfate,(2-hydroxyphenyl) hydrogen sulfate,C1=CC=C(C(=C1)O)OS(=O)(=O)O,"InChI=1S/C6H6O5S/c7-5-3-1-2-4-6(5)11-12(8,9)10/h1-4,7H,(H,8,9,10)",MZPWKJZDOCIALD-UHFFFAOYSA-N
6-Phenyl-2-hexyne,Industrial,3251198,C12H14,158.24,3.8,0,0,0.0,CC#CCCCC1=CC=CC=C1,PubChem,,,,Structure_PubChem,158.244,3.0326,0,0,0.0,12,1,3,,,,,158.244,,C12H14,,,,,,,,,,,Trouvé,,,,CID_3251198,6-Phenyl-2-hexyne,hex-4-ynylbenzene,CC#CCCCC1=CC=CC=C1,"InChI=1S/C12H14/c1-2-3-4-6-9-12-10-7-5-8-11-12/h5,7-8,10-11H,4,6,9H2,1H3",BYQGPSNMZZGRQP-UHFFFAOYSA-N
"1,2-Bis(dichlorophosphino)benzene",Industrial,3316562,C6H4Cl4P2,279.8,4.2,0,0,0.0,C1=CC=C(C(=C1)P(Cl)Cl)P(Cl)Cl,PubChem,,,,Structure_PubChem,279.858,4.5162,0,0,0.0,12,1,2,,,,,279.858,,C6H4Cl4P2,,,,,,,,,,,Trouvé,,,,CID_3316562,"1,2-Bis(dichlorophosphino)benzene",dichloro-(2-dichlorophosphanylphenyl)phosphane,C1=CC=C(C(=C1)P(Cl)Cl)P(Cl)Cl,InChI=1S/C6H4Cl4P2/c7-11(8)5-3-1-2-4-6(5)12(9)10/h1-4H,IGYHSFVSIYJSML-UHFFFAOYSA-N
(4-Hydroxyphenyl)diphenylphosphine,Industrial,3328702,C18H15OP,278.3,4.3,1,1,20.2,C1=CC=C(C=C1)P(C2=CC=CC=C2)C3=CC=C(C=C3)O,PubChem,,,,Structure_PubChem,278.291,3.1504,1,1,20.23,20,3,3,,,,,278.291,,C18H15OP,,,,,,,,,,,Trouvé,,,,CID_3328702,(4-Hydroxyphenyl)diphenylphosphine,4-diphenylphosphanylphenol,C1=CC=C(C=C1)P(C2=CC=CC=C2)C3=CC=C(C=C3)O,"InChI=1S/C18H15OP/c19-15-11-13-18(14-12-15)20(16-7-3-1-4-8-16)17-9-5-2-6-10-17/h1-14,19H",QOPABJOZVXZFJG-UHFFFAOYSA-N
4-(Triphenylsilyl)phenol,Industrial,3359842,C24H20OSi,352.5,,1,1,20.2,C1=CC=C(C=C1)[Si](C2=CC=CC=C2)(C3=CC=CC=C3)C4=CC=C(C=C4)O,PubChem,,,,Structure_PubChem,352.509,2.7696,1,1,20.23,26,4,4,,,,,352.509,,C24H20OSi,,,,,,,,,,,Trouvé,,,,CID_3359842,4-(Triphenylsilyl)phenol,4-triphenylsilylphenol,C1=CC=C(C=C1)[Si](C2=CC=CC=C2)(C3=CC=CC=C3)C4=CC=C(C=C4)O,"InChI=1S/C24H20OSi/c25-20-16-18-24(19-17-20)26(21-10-4-1-5-11-21,22-12-6-2-7-13-22)23-14-8-3-9-15-23/h1-19,25H",SSRMPVDFDJCFNE-UHFFFAOYSA-N
Acetylsalicylate,Industrial,3434975,C9H7O4-,179.15,1.8,0,4,66.4,CC(=O)OC1=CC=CC=C1C(=O)[O-],PubChem,,,,Structure_PubChem,179.151,-0.0246,0,4,66.43,13,1,2,,,,,179.151,,C9H7O4-,,,,,,,,,,,Trouvé,,,,CID_3434975,Acetylsalicylate,2-acetyloxybenzoate,CC(=O)OC1=CC=CC=C1C(=O)[O-],"InChI=1S/C9H8O4/c1-6(10)13-8-5-3-2-4-7(8)9(11)12/h2-5H,1H3,(H,11,12)/p-1",BSYNRYMUTXBXSQ-UHFFFAOYSA-M
3-Fluoro-5-methylphenol,Industrial,3549669,C7H7FO,126.13,2.0,1,2,20.2,CC1=CC(=CC(=C1)F)O,PubChem,,,,Structure_PubChem,126.13,1.8397,1,1,20.23,9,1,0,,,,,126.13,,C7H7FO,,,,,,,,,,,Trouvé,,,,CID_3549669,3-Fluoro-5-methylphenol,3-fluoro-5-methylphenol,CC1=CC(=CC(=C1)F)O,"InChI=1S/C7H7FO/c1-5-2-6(8)4-7(9)3-5/h2-4,9H,1H3",AYMBVFCWNCCREA-UHFFFAOYSA-N
Cyclopentadienyllithium,Industrial,3563366,C5H5Li,72.1,,0,1,0.0,[Li+].[CH-]1C=CC=C1,PubChem,,,,Structure_PubChem,72.036,-1.5905,0,0,0.0,6,1,0,,,,,72.036,,C5H5Li,,,,,,,,,,,Trouvé,,,,CID_3563366,Cyclopentadienyllithium,"lithium cyclopenta-1,3-diene",[Li+].[CH-]1C=CC=C1,InChI=1S/C5H5.Li/c1-2-4-5-3-1;/h1-5H;/q-1;+1,DBKDYYFPDRPMPE-UHFFFAOYSA-N
Ptaeroxylin,Industrial,3646533,C15H14O4,258.27,2.7,1,4,55.8,CC1=CCC2=C(C=C3C(=C2O)C(=O)C=C(O3)C)OC1,PubChem,,,,Structure_PubChem,258.273,2.6882,1,4,59.67,19,3,0,,,,,258.273,,C15H14O4,,,,,,,,,,,Trouvé,,,,CID_3646533,Ptaeroxylin,"5-hydroxy-2,8-dimethyl-6,9-dihydropyrano[3,2-h][1]benzoxepin-4-one",CC1=CCC2=C(C=C3C(=C2O)C(=O)C=C(O3)C)OC1,"InChI=1S/C15H14O4/c1-8-3-4-10-12(18-7-8)6-13-14(15(10)17)11(16)5-9(2)19-13/h3,5-6,17H,4,7H2,1-2H3",IUIHYYSAVUBPQO-UHFFFAOYSA-N
Ethyloxidanium,Industrial,3732650,C2H7O+,47.08,-0.1,1,0,1.0,CC[OH2+],PubChem,,,,Structure_PubChem,47.077,-0.2691,0,0,22.9,3,0,0,,,,,47.077,,C2H7O+,,,,,,,,,,,Trouvé,,,,CID_3732650,Ethyloxidanium,ethyloxidanium,CC[OH2+],"InChI=1S/C2H6O/c1-2-3/h3H,2H2,1H3/p+1",LFQSCWFLJHTTHZ-UHFFFAOYSA-O
2-Ethylbenzenethiol,Industrial,3734338,C8H10S,138.23,3.0,1,1,1.0,CCC1=CC=CC=C1S,PubChem,,,,Structure_PubChem,138.235,2.5377,1,1,0.0,9,1,1,,,,,138.235,,C8H10S,,,,,,,,,,,Trouvé,,,,CID_3734338,2-Ethylbenzenethiol,2-ethylbenzenethiol,CCC1=CC=CC=C1S,"InChI=1S/C8H10S/c1-2-7-5-3-4-6-8(7)9/h3-6,9H,2H2,1H3",ABROBCBIIWHVNS-UHFFFAOYSA-N
Propyloxidanium,Industrial,3810857,C3H9O+,61.1,0.3,1,0,1.0,CCC[OH2+],PubChem,,,,Structure_PubChem,61.104,0.121,0,0,22.9,4,0,1,,,,,61.104,,C3H9O+,,,,,,,,,,,Trouvé,,,,CID_3810857,Propyloxidanium,propyloxidanium,CCC[OH2+],"InChI=1S/C3H8O/c1-2-3-4/h4H,2-3H2,1H3/p+1",BDERNNFJNOPAEC-UHFFFAOYSA-O
4-(Trifluoromethylsulfanyl)phenol,Industrial,3815158,C7H5F3OS,194.18,3.3,1,5,45.5,C1=CC(=CC=C1O)SC(F)(F)F,PubChem,,,,Structure_PubChem,194.177,3.0041,1,2,20.23,12,1,1,,,,,194.177,,C7H5F3OS,,,,,,,,,,,Trouvé,,,,CID_3815158,4-(Trifluoromethylsulfanyl)phenol,4-(trifluoromethylsulfanyl)phenol,C1=CC(=CC=C1O)SC(F)(F)F,"InChI=1S/C7H5F3OS/c8-7(9,10)12-6-3-1-5(11)2-4-6/h1-4,11H",YYCPTWHVKSATQK-UHFFFAOYSA-N
(Dimethylphenylsilyl)acetylene,Industrial,4080658,C10H12Si,160.29,,0,0,0.0,C[Si](C)(C#C)C1=CC=CC=C1,PubChem,,,,Structure_PubChem,160.292,1.7744,0,0,0.0,11,1,1,,,,,160.292,,C10H12Si,,,,,,,,,,,Trouvé,,,,CID_4080658,(Dimethylphenylsilyl)acetylene,ethynyl-dimethyl-phenylsilane,C[Si](C)(C#C)C1=CC=CC=C1,"InChI=1S/C10H12Si/c1-4-11(2,3)10-8-6-5-7-9-10/h1,5-9H,2-3H3",SSEAMHJAEFEPPK-UHFFFAOYSA-N
4-Butylphenylboronic acid,Industrial,4100860,C10H15BO2,178.04,,2,2,40.5,B(C1=CC=C(C=C1)CCCC)(O)O,PubChem,,,,Structure_PubChem,178.04,0.709,2,2,40.46,13,1,4,,,,,178.04,,C10H15BO2,,,,,,,,,,,Trouvé,,,,CID_4100860,4-Butylphenylboronic acid,(4-butylphenyl)boronic acid,B(C1=CC=C(C=C1)CCCC)(O)O,"InChI=1S/C10H15BO2/c1-2-3-4-9-5-7-10(8-6-9)11(12)13/h5-8,12-13H,2-4H2,1H3",UGZUUTHZEATQAM-UHFFFAOYSA-N
Sodium benzenethiolate,Industrial,4110039,C6H5NaS,132.16,,0,1,1.0,C1=CC=C(C=C1)[S-].[Na+],PubChem,,,,Structure_PubChem,132.163,-1.4036,0,1,0.0,8,1,0,,,,,132.163,,C6H5NaS,,,,,,,,,,,Trouvé,,,,CID_4110039,Sodium benzenethiolate,sodium benzenethiolate,C1=CC=C(C=C1)[S-].[Na+],"InChI=1S/C6H6S.Na/c7-6-4-2-1-3-5-6;/h1-5,7H;/q;+1/p-1",RZWQDAUIUBVCDD-UHFFFAOYSA-M
Methylphenylphosphine,Industrial,4117656,C7H9P,124.12,1.5,0,0,0.0,CPC1=CC=CC=C1,PubChem,,,,Structure_PubChem,124.123,1.6202,0,0,0.0,8,1,1,,,,,124.123,,C7H9P,,,,,,,,,,,Trouvé,,,,CID_4117656,Methylphenylphosphine,methyl(phenyl)phosphane,CPC1=CC=CC=C1,"InChI=1S/C7H9P/c1-8-7-5-3-2-4-6-7/h2-6,8H,1H3",MHERPFVRWOTBSF-UHFFFAOYSA-N
Tris(4-hydroxyphenyl)phosphine oxide,Industrial,4183961,C18H15O4P,326.3,3.0,3,4,77.8,C1=CC(=CC=C1O)P(=O)(C2=CC=C(C=C2)O)C3=CC=C(C=C3)O,PubChem,,,,Structure_PubChem,326.288,2.4428,3,4,77.76,23,3,3,,,,,326.288,,C18H15O4P,,,,,,,,,,,Trouvé,,,,CID_4183961,Tris(4-hydroxyphenyl)phosphine oxide,4-bis(4-hydroxyphenyl)phosphorylphenol,C1=CC(=CC=C1O)P(=O)(C2=CC=C(C=C2)O)C3=CC=C(C=C3)O,"InChI=1S/C18H15O4P/c19-13-1-7-16(8-2-13)23(22,17-9-3-14(20)4-10-17)18-11-5-15(21)6-12-18/h1-12,19-21H",LMBQOLBVWODAFG-UHFFFAOYSA-N
Methylphenylchlorophosphine,Industrial,4188606,C7H8ClP,158.56,2.3,0,0,0.0,CP(C1=CC=CC=C1)Cl,PubChem,,,,Structure_PubChem,158.568,2.5774,0,0,0.0,9,1,1,,,,,158.568,,C7H8ClP,,,,,,,,,,,Trouvé,,,,CID_4188606,Methylphenylchlorophosphine,chloro-methyl-phenylphosphane,CP(C1=CC=CC=C1)Cl,"InChI=1S/C7H8ClP/c1-9(8)7-5-3-2-4-6-7/h2-6H,1H3",JEPQKKGNKYPFIZ-UHFFFAOYSA-N
"1,2-Bis(phosphino)benzene",Industrial,4346365,C6H8P2,142.07,1.0,0,0,0.0,C1=CC=C(C(=C1)P)P,PubChem,,,,Structure_PubChem,142.078,0.6874,0,0,0.0,8,1,0,,,,,142.078,,C6H8P2,,,,,,,,,,,Trouvé,,,,CID_4346365,"1,2-Bis(phosphino)benzene",(2-phosphanylphenyl)phosphane,C1=CC=C(C(=C1)P)P,"InChI=1S/C6H8P2/c7-5-3-1-2-4-6(5)8/h1-4H,7-8H2",DKFDVEXWZZOMGS-UHFFFAOYSA-N
Sodium 4-hydroxybenzenesulfonate,Industrial,4379756,C6H5NaO4S,196.16,,1,4,85.8,C1=CC(=CC=C1O)S(=O)(=O)[O-].[Na+],PubChem,,,,Structure_PubChem,196.159,-2.6997,1,4,77.43,12,1,1,,,,,196.159,,C6H5NaO4S,,,,,,,,,,,Trouvé,,,,CID_4379756,Sodium 4-hydroxybenzenesulfonate,sodium 4-hydroxybenzenesulfonate,C1=CC(=CC=C1O)S(=O)(=O)[O-].[Na+],"InChI=1S/C6H6O4S.Na/c7-5-1-3-6(4-2-5)11(8,9)10;/h1-4,7H,(H,8,9,10);/q;+1/p-1",BYMHXIQVEAYSJD-UHFFFAOYSA-M
Benzylzinc bromide,Industrial,4443518,C7H7BrZn,236.4,,0,1,0.0,[CH2-]C1=CC=CC=C1.[Zn+]Br,PubChem,,,,Structure_PubChem,236.427,2.7119,0,0,0.0,9,1,0,,,,,236.427,,C7H7BrZn,,,,,,,,,,,Trouvé,,,,CID_4443518,Benzylzinc bromide,bromozinc(1+);methanidylbenzene,[CH2-]C1=CC=CC=C1.[Zn+]Br,"InChI=1S/C7H7.BrH.Zn/c1-7-5-3-2-4-6-7;;/h2-6H,1H2;1H;/q-1;;+2/p-1",WRSWIWOVJBYZAW-UHFFFAOYSA-M
Phenolate Sodium,Industrial,4445035,C6H5NaO,116.09,,0,1,23.1,C1=CC=C(C=C1)[O-].[Na+],PubChem,,,,Structure_PubChem,116.095,-2.2358,0,1,23.06,8,1,0,,,,,116.095,,C6H5NaO,,,,,,,,,,,Trouvé,,,,CID_4445035,Phenolate Sodium,sodium phenoxide,C1=CC=C(C=C1)[O-].[Na+],"InChI=1S/C6H6O.Na/c7-6-4-2-1-3-5-6;/h1-5,7H;/q;+1/p-1",NESLWCLHZZISNB-UHFFFAOYSA-M
"2,6-Diiodo-4-methylphenol",Industrial,4541084,C7H6I2O,359.93,3.2,1,1,20.2,CC1=CC(=C(C(=C1)I)O)I,PubChem,,,,Structure_PubChem,359.932,2.9098,1,1,20.23,10,1,0,,,,,359.932,,C7H6I2O,,,,,,,,,,,Trouvé,,,,CID_4541084,"2,6-Diiodo-4-methylphenol","2,6-diiodo-4-methylphenol",CC1=CC(=C(C(=C1)I)O)I,"InChI=1S/C7H6I2O/c1-4-2-5(8)7(10)6(9)3-4/h2-3,10H,1H3",YLNIUGKLFHIHRA-UHFFFAOYSA-N
tert-Butylphenylphosphine,Industrial,4568796,C10H15P,166.2,2.5,0,0,0.0,CC(C)(C)PC1=CC=CC=C1,PubChem,,,,Structure_PubChem,166.204,2.7889,0,0,0.0,11,1,1,,,,,166.204,,C10H15P,,,,,,,,,,,Trouvé,,,,CID_4568796,tert-Butylphenylphosphine,tert-butyl(phenyl)phosphane,CC(C)(C)PC1=CC=CC=C1,"InChI=1S/C10H15P/c1-10(2,3)11-9-7-5-4-6-8-9/h4-8,11H,1-3H3",ZSSMIQURWRIOCN-UHFFFAOYSA-N
B-(4-Nonylphenyl)boronic acid,Industrial,4589192,C15H25BO2,248.17,,2,2,40.5,B(C1=CC=C(C=C1)CCCCCCCCC)(O)O,PubChem,,,,Structure_PubChem,248.175,2.6595,2,2,40.46,18,1,9,,,,,248.175,,C15H25BO2,,,,,,,,,,,Trouvé,,,,CID_4589192,B-(4-Nonylphenyl)boronic acid,(4-nonylphenyl)boronic acid,B(C1=CC=C(C=C1)CCCCCCCCC)(O)O,"InChI=1S/C15H25BO2/c1-2-3-4-5-6-7-8-9-14-10-12-15(13-11-14)16(17)18/h10-13,17-18H,2-9H2,1H3",VONVJOGSLHAKOX-UHFFFAOYSA-N
"1,4-Benzenedithiol",Industrial,4691729,C6H6S2,142.2,2.1,2,2,2.0,C1=CC(=CC=C1S)S,PubChem,,,,Structure_PubChem,142.248,2.264,2,2,0.0,8,1,0,,,,,142.248,,C6H6S2,,,,,,,,,,,Trouvé,,,,CID_4691729,"1,4-Benzenedithiol","benzene-1,4-dithiol",C1=CC(=CC=C1S)S,"InChI=1S/C6H6S2/c7-5-1-2-6(8)4-3-5/h1-4,7-8H",WYLQRHZSKIDFEP-UHFFFAOYSA-N
Eugenitol,Industrial,5036604,C11H10O4,206.19,2.1,2,4,66.8,CC1=CC(=O)C2=C(O1)C=C(C(=C2O)C)O,PubChem,,,,Structure_PubChem,206.197,1.821,2,4,70.67,15,2,0,,,,,206.197,,C11H10O4,,,,,,,,,,,Trouvé,,,,CID_5036604,Eugenitol,"5,7-dihydroxy-2,6-dimethylchromen-4-one",CC1=CC(=O)C2=C(O1)C=C(C(=C2O)C)O,"InChI=1S/C11H10O4/c1-5-3-8(13)10-9(15-5)4-7(12)6(2)11(10)14/h3-4,12,14H,1-2H3",HMAUJNAGOIPKDG-UHFFFAOYSA-N
4-Allyloxycoumarin,Industrial,5133468,C12H10O3,202.21,2.2,0,3,35.5,C=CCOC1=CC(=O)OC2=CC=CC=C21,PubChem,,,,Structure_PubChem,202.209,2.3578,0,3,39.44,15,2,3,,,,,202.209,,C12H10O3,,,,,,,,,,,Trouvé,,,,CID_5133468,4-Allyloxycoumarin,4-prop-2-enoxychromen-2-one,C=CCOC1=CC(=O)OC2=CC=CC=C21,"InChI=1S/C12H10O3/c1-2-7-14-11-8-12(13)15-10-6-4-3-5-9(10)11/h2-6,8H,1,7H2",LWRKLYVFSHDLMU-UHFFFAOYSA-N
Acacetin,Industrial,5280442,C16H12O5,284.26,2.1,2,5,76.0,COC1=CC=C(C=C1)C2=CC(=O)C3=C(C=C(C=C3O2)O)O,PubChem,,,,Structure_PubChem,284.267,2.8798,2,5,79.9,21,3,2,,,,,284.267,,C16H12O5,,,,,,,,,,,Trouvé,,,,CID_5280442,Acacetin,"5,7-dihydroxy-2-(4-methoxyphenyl)chromen-4-one",COC1=CC=C(C=C1)C2=CC(=O)C3=C(C=C(C=C3O2)O)O,"InChI=1S/C16H12O5/c1-20-11-4-2-9(3-5-11)14-8-13(19)16-12(18)6-10(17)7-15(16)21-14/h2-8,17-18H,1H3",DANYIYRPLHHOCZ-UHFFFAOYSA-N
Apigenin,Industrial,5280443,C15H10O5,270.24,1.7,3,5,87.0,C1=CC(=CC=C1C2=CC(=O)C3=C(C=C(C=C3O2)O)O)O,PubChem,,,,Structure_PubChem,270.24,2.5768,3,5,90.9,20,3,1,,,,,270.24,5280443.0,C15H10O5,270.24,1.7,3.0,5.0,87.0,20.0,,1.0,C1=CC(=CC=C1C2=CC(=O)C3=C(C=C(C=C3O2)O)O)O,"5,7-dihydroxy-2-(4-hydroxyphenyl)chromen-4-one",Trouvé,20.0,3.0,1.0,CID_5280443,Apigenin,"5,7-dihydroxy-2-(4-hydroxyphenyl)chromen-4-one",C1=CC(=CC=C1C2=CC(=O)C3=C(C=C(C=C3O2)O)O)O,"InChI=1S/C15H10O5/c16-9-3-1-8(2-4-9)13-7-12(19)15-11(18)5-10(17)6-14(15)20-13/h1-7,16-18H",KZNIFHPLKGYRTM-UHFFFAOYSA-N
p-Coumaryl alcohol,Industrial,5280535,C9H10O2,150.17,1.3,2,2,40.5,C1=CC(=CC=C1/C=C/CO)O,PubChem,,,,Structure_PubChem,150.177,1.3977,2,2,40.46,11,1,2,,,,,150.177,,C9H10O2,,,,,,,,,,,Trouvé,,,,CID_5280535,p-Coumaryl alcohol,4-[(E)-3-hydroxyprop-1-enyl]phenol,C1=CC(=CC=C1/C=C/CO)O,"InChI=1S/C9H10O2/c10-7-1-2-8-3-5-9(11)6-4-8/h1-6,10-11H,7H2/b2-1+",PTNLHDGQWUGONS-OWOJBTEDSA-N
4-Methylumbelliferone,Industrial,5280567,C10H8O3,176.17,1.9,1,3,46.5,CC1=CC(=O)OC2=C1C=CC(=C2)O,PubChem,,,,Structure_PubChem,176.171,1.807,1,3,50.44,13,2,0,,,,,176.171,5280567.0,C10H8O3,176.17,1.9,1.0,3.0,46.5,13.0,,0.0,CC1=CC(=O)OC2=C1C=CC(=C2)O,7-hydroxy-4-methylchromen-2-one,Trouvé,13.0,2.0,0.0,CID_5280567,4-Methylumbelliferone,7-hydroxy-4-methylchromen-2-one,CC1=CC(=O)OC2=C1C=CC(=C2)O,"InChI=1S/C10H8O3/c1-6-4-10(12)13-9-5-7(11)2-3-8(6)9/h2-5,11H,1H3",HSHNITRMYYLLCV-UHFFFAOYSA-N
Kaempferol,Industrial,5280863,C15H10O6,286.24,1.9,4,6,107.0,C1=CC(=CC=C1C2=C(C(=O)C3=C(C=C(C=C3O2)O)O)O)O,PubChem,,,,Structure_PubChem,286.239,2.2824,4,6,111.13,21,3,1,,,,,286.239,5280863.0,C15H10O6,286.24,1.9,4.0,6.0,107.0,21.0,,1.0,C1=CC(=CC=C1C2=C(C(=O)C3=C(C=C(C=C3O2)O)O)O)O,"3,5,7-trihydroxy-2-(4-hydroxyphenyl)chromen-4-one",Trouvé,21.0,3.0,1.0,CID_5280863,Kaempferol,"3,5,7-trihydroxy-2-(4-hydroxyphenyl)chromen-4-one",C1=CC(=CC=C1C2=C(C(=O)C3=C(C=C(C=C3O2)O)O)O)O,"InChI=1S/C15H10O6/c16-8-3-1-7(2-4-8)15-14(20)13(19)12-10(18)5-9(17)6-11(12)21-15/h1-6,16-18,20H",IYRMWMYZSQPJKC-UHFFFAOYSA-N
"5,7-Dihydroxychromone",Industrial,5281343,C9H6O4,178.14,1.4,2,4,66.8,C1=COC2=CC(=CC(=C2C1=O)O)O,PubChem,,,,Structure_PubChem,178.143,1.2042,2,4,70.67,13,2,0,,,,,178.143,,C9H6O4,,,,,,,,,,,Trouvé,,,,CID_5281343,"5,7-Dihydroxychromone","5,7-dihydroxychromen-4-one",C1=COC2=CC(=CC(=C2C1=O)O)O,"InChI=1S/C9H6O4/c10-5-3-7(12)9-6(11)1-2-13-8(9)4-5/h1-4,10,12H",NYCXYKOXLNBYID-UHFFFAOYSA-N
Mammea A/AA,Industrial,5281419,C25H26O5,406.5,5.8,2,5,83.8,CC(C)CC(=O)C1=C(C2=C(C(=C1O)CC=C(C)C)OC(=O)C=C2C3=CC=CC=C3)O,PubChem,,,,Structure_PubChem,406.478,5.6087,2,5,87.74,30,3,6,,,,,406.478,,C25H26O5,,,,,,,,,,,Trouvé,,,,CID_5281419,Mammea A/AA,"5,7-dihydroxy-6-(3-methylbutanoyl)-8-(3-methylbut-2-enyl)-4-phenylchromen-2-one",CC(C)CC(=O)C1=C(C2=C(C(=C1O)CC=C(C)C)OC(=O)C=C2C3=CC=CC=C3)O,"InChI=1S/C25H26O5/c1-14(2)10-11-17-23(28)22(19(26)12-15(3)4)24(29)21-18(13-20(27)30-25(17)21)16-8-6-5-7-9-16/h5-10,13,15,28-29H,11-12H2,1-4H3",JIFOADIANOIMSK-UHFFFAOYSA-N
Umbelliferone,Industrial,5281426,C9H6O3,162.14,1.6,1,3,46.5,C1=CC(=CC2=C1C=CC(=O)O2)O,PubChem,,,,Structure_PubChem,162.144,1.4986,1,3,50.44,12,2,0,,,,,162.144,,C9H6O3,,,,,,,,,,,Trouvé,,,,CID_5281426,Umbelliferone,7-hydroxychromen-2-one,C1=CC(=CC2=C1C=CC(=O)O2)O,"InChI=1S/C9H6O3/c10-7-3-1-6-2-4-9(11)12-8(6)5-7/h1-5,10H",ORHBXUUXSCNDEV-UHFFFAOYSA-N
"5-Hydroxy-7,4'-dimethoxyflavone",Industrial,5281601,C17H14O5,298.29,2.4,1,5,65.0,COC1=CC=C(C=C1)C2=CC(=O)C3=C(C=C(C=C3O2)OC)O,PubChem,,,,Structure_PubChem,298.294,3.1828,1,5,68.9,22,3,3,,,,,298.294,,C17H14O5,,,,,,,,,,,Trouvé,,,,CID_5281601,"5-Hydroxy-7,4'-dimethoxyflavone",5-hydroxy-7-methoxy-2-(4-methoxyphenyl)chromen-4-one,COC1=CC=C(C=C1)C2=CC(=O)C3=C(C=C(C=C3O2)OC)O,"InChI=1S/C17H14O5/c1-20-11-5-3-10(4-6-11)15-9-14(19)17-13(18)7-12(21-2)8-16(17)22-15/h3-9,18H,1-2H3",LZERJKGWTQYMBB-UHFFFAOYSA-N
Chrysin,Industrial,5281607,C15H10O4,254.24,2.1,2,4,66.8,C1=CC=C(C=C1)C2=CC(=O)C3=C(C=C(C=C3O2)O)O,PubChem,,,,Structure_PubChem,254.241,2.8712,2,4,70.67,19,3,1,,,,,254.241,5281607.0,C15H10O4,254.24,2.1,2.0,4.0,66.8,19.0,,1.0,C1=CC=C(C=C1)C2=CC(=O)C3=C(C=C(C=C3O2)O)O,"5,7-dihydroxy-2-phenylchromen-4-one",Trouvé,19.0,3.0,1.0,CID_5281607,Chrysin,"5,7-dihydroxy-2-phenylchromen-4-one",C1=CC=C(C=C1)C2=CC(=O)C3=C(C=C(C=C3O2)O)O,"InChI=1S/C15H10O4/c16-10-6-11(17)15-12(18)8-13(19-14(15)7-10)9-4-2-1-3-5-9/h1-8,16-17H",RTIXKCRFFJGDFG-UHFFFAOYSA-N
Datiscetin,Industrial,5281610,C15H10O6,286.24,1.9,4,6,107.0,C1=CC=C(C(=C1)C2=C(C(=O)C3=C(C=C(C=C3O2)O)O)O)O,PubChem,,,,Structure_PubChem,286.239,2.2824,4,6,111.13,21,3,1,,,,,286.239,,C15H10O6,,,,,,,,,,,Trouvé,,,,CID_5281610,Datiscetin,"3,5,7-trihydroxy-2-(2-hydroxyphenyl)chromen-4-one",C1=CC=C(C(=C1)C2=C(C(=O)C3=C(C=C(C=C3O2)O)O)O)O,"InChI=1S/C15H10O6/c16-7-5-10(18)12-11(6-7)21-15(14(20)13(12)19)8-3-1-2-4-9(8)17/h1-6,16-18,20H",WCNLFPKXBGWWDS-UHFFFAOYSA-N
"3,4',7-Trihydroxyflavone",Industrial,5281611,C15H10O5,270.24,2.7,3,5,87.0,C1=CC(=CC=C1C2=C(C(=O)C3=C(O2)C=C(C=C3)O)O)O,PubChem,,,,Structure_PubChem,270.24,2.5768,3,5,90.9,20,3,1,,,,,270.24,,C15H10O5,,,,,,,,,,,Trouvé,,,,CID_5281611,"3,4',7-Trihydroxyflavone","3,7-dihydroxy-2-(4-hydroxyphenyl)chromen-4-one",C1=CC(=CC=C1C2=C(C(=O)C3=C(O2)C=C(C=C3)O)O)O,"InChI=1S/C15H10O5/c16-9-3-1-8(2-4-9)15-14(19)13(18)11-6-5-10(17)7-12(11)20-15/h1-7,16-17,19H",OBWHQJYOOCRPST-UHFFFAOYSA-N
Galangin,Industrial,5281616,C15H10O5,270.24,2.3,3,5,87.0,C1=CC=C(C=C1)C2=C(C(=O)C3=C(C=C(C=C3O2)O)O)O,PubChem,,,,Structure_PubChem,270.24,2.5768,3,5,90.9,20,3,1,,,,,270.24,5281616.0,C15H10O5,270.24,2.3,3.0,5.0,87.0,20.0,,1.0,C1=CC=C(C=C1)C2=C(C(=O)C3=C(C=C(C=C3O2)O)O)O,"3,5,7-trihydroxy-2-phenylchromen-4-one",Trouvé,20.0,3.0,1.0,CID_5281616,Galangin,"3,5,7-trihydroxy-2-phenylchromen-4-one",C1=CC=C(C=C1)C2=C(C(=O)C3=C(C=C(C=C3O2)O)O)O,"InChI=1S/C15H10O5/c16-9-6-10(17)12-11(7-9)20-15(14(19)13(12)18)8-4-2-1-3-5-8/h1-7,16-17,19H",VCCRNZQBSJXYJD-UHFFFAOYSA-N
Genkwanin,Industrial,5281617,C16H12O5,284.26,2.1,2,5,76.0,COC1=CC(=C2C(=C1)OC(=CC2=O)C3=CC=C(C=C3)O)O,PubChem,,,,Structure_PubChem,284.267,2.8798,2,5,79.9,21,3,2,,,,,284.267,,C16H12O5,,,,,,,,,,,Trouvé,,,,CID_5281617,Genkwanin,5-hydroxy-2-(4-hydroxyphenyl)-7-methoxychromen-4-one,COC1=CC(=C2C(=C1)OC(=CC2=O)C3=CC=C(C=C3)O)O,"InChI=1S/C16H12O5/c1-20-11-6-12(18)16-13(19)8-14(21-15(16)7-11)9-2-4-10(17)5-3-9/h2-8,17-18H,1H3",JPMYFOBNRRGFNO-UHFFFAOYSA-N
Morin,Industrial,5281670,C15H10O7,302.23,1.5,5,7,127.0,C1=CC(=C(C=C1O)O)C2=C(C(=O)C3=C(C=C(C=C3O2)O)O)O,PubChem,,,,Structure_PubChem,302.238,1.988,5,7,131.36,22,3,1,,,,,302.238,5281670.0,C15H10O7,302.23,1.5,5.0,7.0,127.0,22.0,,1.0,C1=CC(=C(C=C1O)O)C2=C(C(=O)C3=C(C=C(C=C3O2)O)O)O,"2-(2,4-dihydroxyphenyl)-3,5,7-trihydroxychromen-4-one",Trouvé,22.0,3.0,1.0,CID_5281670,Morin,"2-(2,4-dihydroxyphenyl)-3,5,7-trihydroxychromen-4-one",C1=CC(=C(C=C1O)O)C2=C(C(=O)C3=C(C=C(C=C3O2)O)O)O,"InChI=1S/C15H10O7/c16-6-1-2-8(9(18)3-6)15-14(21)13(20)12-10(19)4-7(17)5-11(12)22-15/h1-5,16-19,21H",YXOLAZRVSSWPPT-UHFFFAOYSA-N
7-Hydroxyflavone,Industrial,5281894,C15H10O3,238.24,3.6,1,3,46.5,C1=CC=C(C=C1)C2=CC(=O)C3=C(O2)C=C(C=C3)O,PubChem,,,,Structure_PubChem,238.242,3.1656,1,3,50.44,18,3,1,,,,,238.242,,C15H10O3,,,,,,,,,,,Trouvé,,,,CID_5281894,7-Hydroxyflavone,7-hydroxy-2-phenylchromen-4-one,C1=CC=C(C=C1)C2=CC(=O)C3=C(O2)C=C(C=C3)O,"InChI=1S/C15H10O3/c16-11-6-7-12-13(17)9-14(18-15(12)8-11)10-4-2-1-3-5-10/h1-9,16H",MQGPSCMMNJKMHQ-UHFFFAOYSA-N
Tectochrysin,Industrial,5281954,C16H12O4,268.26,2.4,1,4,55.8,COC1=CC(=C2C(=C1)OC(=CC2=O)C3=CC=CC=C3)O,PubChem,,,,Structure_PubChem,268.268,3.1742,1,4,59.67,20,3,2,,,,,268.268,,C16H12O4,,,,,,,,,,,Trouvé,,,,CID_5281954,Tectochrysin,5-hydroxy-7-methoxy-2-phenylchromen-4-one,COC1=CC(=C2C(=C1)OC(=CC2=O)C3=CC=CC=C3)O,"InChI=1S/C16H12O4/c1-19-11-7-12(17)16-13(18)9-14(20-15(16)8-11)10-5-3-2-4-6-10/h2-9,17H,1H3",IRZVHDLBAYNPCT-UHFFFAOYSA-N
"7,4'-Dihydroxyflavone",Industrial,5282073,C15H10O4,254.24,3.3,2,4,66.8,C1=CC(=CC=C1C2=CC(=O)C3=C(O2)C=C(C=C3)O)O,PubChem,,,,Structure_PubChem,254.241,2.8712,2,4,70.67,19,3,1,,,,,254.241,,C15H10O4,,,,,,,,,,,Trouvé,,,,CID_5282073,"7,4'-Dihydroxyflavone",7-hydroxy-2-(4-hydroxyphenyl)chromen-4-one,C1=CC(=CC=C1C2=CC(=O)C3=C(O2)C=C(C=C3)O)O,"InChI=1S/C15H10O4/c16-10-3-1-9(2-4-10)14-8-13(18)12-6-5-11(17)7-15(12)19-14/h1-8,16-17H",LCAWNFIFMLXZPQ-UHFFFAOYSA-N
Sofalcone,Industrial,5282219,C27H30O6,450.5,6.2,1,6,82.1,CC(=CCOC1=CC=C(C=C1)/C=C/C(=O)C2=C(C=C(C=C2)OCC=C(C)C)OCC(=O)O)C,PubChem,,,,Structure_PubChem,450.531,5.7361,1,5,82.06,33,2,12,,,,,450.531,,C27H30O6,,,,,,,,,,,Trouvé,,,,CID_5282219,Sofalcone,2-[5-(3-methylbut-2-enoxy)-2-[(E)-3-[4-(3-methylbut-2-enoxy)phenyl]prop-2-enoyl]phenoxy]acetic acid,CC(=CCOC1=CC=C(C=C1)/C=C/C(=O)C2=C(C=C(C=C2)OCC=C(C)C)OCC(=O)O)C,"InChI=1S/C27H30O6/c1-19(2)13-15-31-22-8-5-21(6-9-22)7-12-25(28)24-11-10-23(32-16-14-20(3)4)17-26(24)33-18-27(29)30/h5-14,17H,15-16,18H2,1-4H3,(H,29,30)/b12-7+",GFWRVVCDTLRWPK-KPKJPENVSA-N
"4,4'-(1E)-prop-1-ene-1,2-diyldiphenol",Industrial,5282240,C15H14O2,226.27,4.1,2,2,40.5,C/C(=C\C1=CC=C(C=C1)O)/C2=CC=C(C=C2)O,PubChem,,,,Structure_PubChem,226.275,3.6583,2,2,40.46,17,2,2,,,,,226.275,,C15H14O2,,,,,,,,,,,Trouvé,,,,CID_5282240,"4,4'-(1E)-prop-1-ene-1,2-diyldiphenol",4-[(E)-2-(4-hydroxyphenyl)prop-1-enyl]phenol,C/C(=C\C1=CC=C(C=C1)O)/C2=CC=C(C=C2)O,"InChI=1S/C15H14O2/c1-11(13-4-8-15(17)9-5-13)10-12-2-6-14(16)7-3-12/h2-10,16-17H,1H3/b11-10+",PMNXCGMIMVLCRP-ZHACJKMWSA-N
"4,4'-Stilbenediol",Industrial,5282363,C14H12O2,212.24,3.5,2,2,40.5,C1=CC(=CC=C1/C=C/C2=CC=C(C=C2)O)O,PubChem,,,,Structure_PubChem,212.248,3.2682,2,2,40.46,16,2,2,,,,,212.248,,C14H12O2,,,,,,,,,,,Trouvé,,,,CID_5282363,"4,4'-Stilbenediol",4-[(E)-2-(4-hydroxyphenyl)ethenyl]phenol,C1=CC(=CC=C1/C=C/C2=CC=C(C=C2)O)O,"InChI=1S/C14H12O2/c15-13-7-3-11(4-8-13)1-2-12-5-9-14(16)10-6-12/h1-10,15-16H/b2-1+",XLAIWHIOIFKLEO-OWOJBTEDSA-N
beta-Chlorostyrene,Industrial,5284490,C8H7Cl,138.59,2.9,0,0,0.0,C1=CC=C(C=C1)/C=C/Cl,PubChem,,,,Structure_PubChem,138.597,2.8961,0,0,0.0,9,1,1,,,,,138.597,,C8H7Cl,,,,,,,,,,,Trouvé,,,,CID_5284490,beta-Chlorostyrene,[(E)-2-chloroethenyl]benzene,C1=CC=C(C=C1)/C=C/Cl,InChI=1S/C8H7Cl/c9-7-6-8-4-2-1-3-5-8/h1-7H/b7-6+,SBYMUDUGTIKLCR-VOTSOKGWSA-N
4-Hydroxy-trans-stilbene,Industrial,5284650,C14H12O,196.24,4.1,1,1,20.2,C1=CC=C(C=C1)/C=C/C2=CC=C(C=C2)O,PubChem,,,,Structure_PubChem,196.249,3.5626,1,1,20.23,15,2,2,,,,,196.249,,C14H12O,,,,,,,,,,,Trouvé,,,,CID_5284650,4-Hydroxy-trans-stilbene,4-[(E)-2-phenylethenyl]phenol,C1=CC=C(C=C1)/C=C/C2=CC=C(C=C2)O,"InChI=1S/C14H12O/c15-14-10-8-13(9-11-14)7-6-12-4-2-1-3-5-12/h1-11,15H/b7-6+",QVLMUEOXQBUPAH-VOTSOKGWSA-N
3-Carbethoxyumbeliferone,Industrial,5289613,C12H10O5,234.2,2.0,1,5,72.8,CCOC(=O)C1=CC2=C(C=C(C=C2)O)OC1=O,PubChem,,,,Structure_PubChem,234.207,1.6753,1,5,76.74,17,2,2,,,,,234.207,,C12H10O5,,,,,,,,,,,Trouvé,,,,CID_5289613,3-Carbethoxyumbeliferone,ethyl 7-hydroxy-2-oxochromene-3-carboxylate,CCOC(=O)C1=CC2=C(C=C(C=C2)O)OC1=O,"InChI=1S/C12H10O5/c1-2-16-11(14)9-5-7-3-4-8(13)6-10(7)17-12(9)15/h3-6,13H,2H2,1H3",IETDBZQIWIJQJG-UHFFFAOYSA-N
trans-beta-Bromostyrene,Industrial,5314126,C8H7Br,183.04,2.9,0,0,0.0,C1=CC=C(C=C1)/C=C/Br,PubChem,,,,Structure_PubChem,183.048,3.0522,0,0,0.0,9,1,1,,,,,183.048,,C8H7Br,,,,,,,,,,,Trouvé,,,,CID_5314126,trans-beta-Bromostyrene,[(E)-2-bromoethenyl]benzene,C1=CC=C(C=C1)/C=C/Br,InChI=1S/C8H7Br/c9-7-6-8-4-2-1-3-5-8/h1-7H/b7-6+,YMOONIIMQBGTDU-VOTSOKGWSA-N
Monotropitoside,Industrial,5315244,C19H26O12,446.4,-2.5,6,12,185.0,COC(=O)C1=CC=CC=C1O[C@H]2[C@@H]([C@H]([C@@H]([C@H](O2)CO[C@H]3[C@@H]([C@H]([C@@H](CO3)O)O)O)O)O)O,PubChem,,,,Structure_PubChem,446.405,-2.8848,6,12,184.6,31,3,6,,,,,446.405,,C19H26O12,,,,,,,,,,,Trouvé,,,,CID_5315244,Monotropitoside,"methyl 2-[(2S,3R,4S,5S,6R)-3,4,5-trihydroxy-6-[[(2S,3R,4S,5R)-3,4,5-trihydroxyoxan-2-yl]oxymethyl]oxan-2-yl]oxybenzoate",COC(=O)C1=CC=CC=C1O[C@H]2[C@@H]([C@H]([C@@H]([C@H](O2)CO[C@H]3[C@@H]([C@H]([C@@H](CO3)O)O)O)O)O)O,"InChI=1S/C19H26O12/c1-27-17(26)8-4-2-3-5-10(8)30-19-16(25)14(23)13(22)11(31-19)7-29-18-15(24)12(21)9(20)6-28-18/h2-5,9,11-16,18-25H,6-7H2,1H3/t9-,11-,12+,13-,14+,15-,16-,18+,19-/m1/s1",VHUNCYDAXJGCLO-AHMNSWSSSA-N
"2',6'-Dihydroxy-4'-methoxychalcone",Industrial,5316793,C16H14O4,270.28,3.5,2,4,66.8,COC1=CC(=C(C(=C1)O)C(=O)/C=C/C2=CC=CC=C2)O,PubChem,,,,Structure_PubChem,270.284,3.0025,2,4,66.76,20,2,4,,,,,270.284,,C16H14O4,,,,,,,,,,,Trouvé,,,,CID_5316793,"2',6'-Dihydroxy-4'-methoxychalcone","(E)-1-(2,6-dihydroxy-4-methoxyphenyl)-3-phenylprop-2-en-1-one",COC1=CC(=C(C(=C1)O)C(=O)/C=C/C2=CC=CC=C2)O,"InChI=1S/C16H14O4/c1-20-12-9-14(18)16(15(19)10-12)13(17)8-7-11-5-3-2-4-6-11/h2-10,18-19H,1H3/b8-7+",CUGDOWNTXKLQMD-BQYQJAHWSA-N
Isoeugenitol,Industrial,5318562,C11H10O4,206.19,2.1,2,4,66.8,CC1=CC(=O)C2=C(C=C(C(=C2O1)C)O)O,PubChem,,,,Structure_PubChem,206.197,1.821,2,4,70.67,15,2,0,,,,,206.197,,C11H10O4,,,,,,,,,,,Trouvé,,,,CID_5318562,Isoeugenitol,"5,7-dihydroxy-2,8-dimethylchromen-4-one",CC1=CC(=O)C2=C(C=C(C(=C2O1)C)O)O,"InChI=1S/C11H10O4/c1-5-3-8(13)10-9(14)4-7(12)6(2)11(10)15-5/h3-4,12,14H,1-2H3",XSSGQRFNGHRFBC-UHFFFAOYSA-N
Licoflavone A,Industrial,5319000,C20H18O4,322.4,5.2,2,4,66.8,CC(=CCC1=CC2=C(C=C1O)OC(=CC2=O)C3=CC=C(C=C3)O)C,PubChem,,,,Structure_PubChem,322.36,4.3799,2,4,70.67,24,3,3,,,,,322.36,,C20H18O4,,,,,,,,,,,Trouvé,,,,CID_5319000,Licoflavone A,7-hydroxy-2-(4-hydroxyphenyl)-6-(3-methylbut-2-enyl)chromen-4-one,CC(=CCC1=CC2=C(C=C1O)OC(=CC2=O)C3=CC=C(C=C3)O)C,"InChI=1S/C20H18O4/c1-12(2)3-4-14-9-16-18(23)11-19(24-20(16)10-17(14)22)13-5-7-15(21)8-6-13/h3,5-11,21-22H,4H2,1-2H3",HJGURBGBPIKRER-UHFFFAOYSA-N
Anofinic acid,Industrial,5319235,C12H12O3,204.22,2.8,1,3,46.5,CC1(C=CC2=C(O1)C=CC(=C2)C(=O)O)C,PubChem,,,,Structure_PubChem,204.225,2.569,1,2,46.53,15,2,1,,,,,204.225,,C12H12O3,,,,,,,,,,,Trouvé,,,,CID_5319235,Anofinic acid,"2,2-dimethylchromene-6-carboxylic acid",CC1(C=CC2=C(O1)C=CC(=C2)C(=O)O)C,"InChI=1S/C12H12O3/c1-12(2)6-5-8-7-9(11(13)14)3-4-10(8)15-12/h3-7H,1-2H3,(H,13,14)",AXICIBPYBONRSP-UHFFFAOYSA-N
Mesuagin,Industrial,5319380,C24H22O5,390.4,4.9,1,5,72.8,CC(C)C(=O)C1=C2C(=C3C(=C1O)C(=CC(=O)O3)C4=CC=CC=C4)C=CC(O2)(C)C,PubChem,,,,Structure_PubChem,390.435,5.1885,1,5,76.74,29,4,3,,,,,390.435,,C24H22O5,,,,,,,,,,,Trouvé,,,,CID_5319380,Mesuagin,"5-hydroxy-8,8-dimethyl-6-(2-methylpropanoyl)-4-phenylpyrano[2,3-h]chromen-2-one",CC(C)C(=O)C1=C2C(=C3C(=C1O)C(=CC(=O)O3)C4=CC=CC=C4)C=CC(O2)(C)C,"InChI=1S/C24H22O5/c1-13(2)20(26)19-21(27)18-16(14-8-6-5-7-9-14)12-17(25)28-22(18)15-10-11-24(3,4)29-23(15)19/h5-13,27H,1-4H3",SVCPILBFQWTZFW-UHFFFAOYSA-N
"4,4'-Dihydroxy-2'-methoxychalcone",Industrial,5319688,C16H14O4,270.28,3.0,2,4,66.8,COC1=C(C=CC(=C1)O)C(=O)/C=C/C2=CC=C(C=C2)O,PubChem,,,,Structure_PubChem,270.284,3.0025,2,4,66.76,20,2,4,,,,,270.284,,C16H14O4,,,,,,,,,,,Trouvé,,,,CID_5319688,"4,4'-Dihydroxy-2'-methoxychalcone",(E)-1-(4-hydroxy-2-methoxyphenyl)-3-(4-hydroxyphenyl)prop-2-en-1-one,COC1=C(C=CC(=C1)O)C(=O)/C=C/C2=CC=C(C=C2)O,"InChI=1S/C16H14O4/c1-20-16-10-13(18)7-8-14(16)15(19)9-4-11-2-5-12(17)6-3-11/h2-10,17-18H,1H3/b9-4+",PACBGANPVNHGNP-RUDMXATFSA-N
Pratol,Industrial,5320693,C16H12O4,268.26,3.6,1,4,55.8,COC1=CC=C(C=C1)C2=CC(=O)C3=C(O2)C=C(C=C3)O,PubChem,,,,Structure_PubChem,268.268,3.1742,1,4,59.67,20,3,2,,,,,268.268,,C16H12O4,,,,,,,,,,,Trouvé,,,,CID_5320693,Pratol,7-hydroxy-2-(4-methoxyphenyl)chromen-4-one,COC1=CC=C(C=C1)C2=CC(=O)C3=C(O2)C=C(C=C3)O,"InChI=1S/C16H12O4/c1-19-12-5-2-10(3-6-12)15-9-14(18)13-7-4-11(17)8-16(13)20-15/h2-9,17H,1H3",SQVXWIUVAILQRH-UHFFFAOYSA-N
"4-(3,7-Dimethyl-3-vinylocta-1,6-dien-1-yl)phenol",Industrial,5321439,C18H24O,256.4,6.1,1,1,20.2,CC(=CCCC(C)(C=C)/C=C/C1=CC=C(C=C1)O)C,PubChem,,,,Structure_PubChem,256.389,5.3441,1,1,20.23,19,1,6,,,,,256.389,,C18H24O,,,,,,,,,,,Trouvé,,,,CID_5321439,"4-(3,7-Dimethyl-3-vinylocta-1,6-dien-1-yl)phenol","4-[(1E)-3-ethenyl-3,7-dimethylocta-1,6-dienyl]phenol",CC(=CCCC(C)(C=C)/C=C/C1=CC=C(C=C1)O)C,"InChI=1S/C18H24O/c1-5-18(4,13-6-7-15(2)3)14-12-16-8-10-17(19)11-9-16/h5,7-12,14,19H,1,6,13H2,2-4H3/b14-12+",LFYJSSARVMHQJB-WYMLVPIESA-N
"5,7,2'-Trihydroxyflavone",Industrial,5322064,C15H10O5,270.24,1.7,3,5,87.0,C1=CC=C(C(=C1)C2=CC(=O)C3=C(C=C(C=C3O2)O)O)O,PubChem,,,,Structure_PubChem,270.24,2.5768,3,5,90.9,20,3,1,,,,,270.24,,C15H10O5,,,,,,,,,,,Trouvé,,,,CID_5322064,"5,7,2'-Trihydroxyflavone","5,7-dihydroxy-2-(2-hydroxyphenyl)chromen-4-one",C1=CC=C(C(=C1)C2=CC(=O)C3=C(C=C(C=C3O2)O)O)O,"InChI=1S/C15H10O5/c16-8-5-11(18)15-12(19)7-13(20-14(15)6-8)9-3-1-2-4-10(9)17/h1-7,16-18H",OFYPDAKTVZXXPC-UHFFFAOYSA-N
7-hydroxy-4-propyl-2H-chromen-2-one,Industrial,5322246,C12H12O3,204.22,2.9,1,3,46.5,CCCC1=CC(=O)OC2=C1C=CC(=C2)O,PubChem,,,,Structure_PubChem,204.225,2.4511,1,3,50.44,15,2,2,,,,,204.225,,C12H12O3,,,,,,,,,,,Trouvé,,,,CID_5322246,7-hydroxy-4-propyl-2H-chromen-2-one,7-hydroxy-4-propylchromen-2-one,CCCC1=CC(=O)OC2=C1C=CC(=C2)O,"InChI=1S/C12H12O3/c1-2-3-8-6-12(14)15-11-7-9(13)4-5-10(8)11/h4-7,13H,2-3H2,1H3",GQJVOVBBBZRUBH-UHFFFAOYSA-N
8-Acetyl-7-hydroxy-4-methylcoumarin,Industrial,5324648,C12H10O4,218.2,1.7,1,4,63.6,CC1=CC(=O)OC2=C1C=CC(=C2C(=O)C)O,PubChem,,,,Structure_PubChem,218.208,2.0096,1,4,67.51,16,2,1,,,,,218.208,,C12H10O4,,,,,,,,,,,Trouvé,,,,CID_5324648,8-Acetyl-7-hydroxy-4-methylcoumarin,8-acetyl-7-hydroxy-4-methylchromen-2-one,CC1=CC(=O)OC2=C1C=CC(=C2C(=O)C)O,"InChI=1S/C12H10O4/c1-6-5-10(15)16-12-8(6)3-4-9(14)11(12)7(2)13/h3-5,14H,1-2H3",WZOMQVFUPMLOGT-UHFFFAOYSA-N
p-Hydroxycinnamonitrile,Industrial,5328811,C9H7NO,145.16,2.0,1,2,44.0,C1=CC(=CC=C1/C=C/C#N)O,PubChem,,,,Structure_PubChem,145.161,1.929,1,2,44.02,11,1,1,,,,,145.161,,C9H7NO,,,,,,,,,,,Trouvé,,,,CID_5328811,p-Hydroxycinnamonitrile,(E)-3-(4-hydroxyphenyl)prop-2-enenitrile,C1=CC(=CC=C1/C=C/C#N)O,"InChI=1S/C9H7NO/c10-7-1-2-8-3-5-9(11)6-4-8/h1-6,11H/b2-1+",RZROIDXECXAOTO-OWOJBTEDSA-N
2'-Hydroxy-4-methoxychalcone,Industrial,5331295,C16H14O3,254.28,3.9,1,3,46.5,COC1=CC=C(C=C1)/C=C/C(=O)C2=CC=CC=C2O,PubChem,,,,Structure_PubChem,254.285,3.2969,1,3,46.53,19,2,4,,,,,254.285,,C16H14O3,,,,,,,,,,,Trouvé,,,,CID_5331295,2'-Hydroxy-4-methoxychalcone,(E)-1-(2-hydroxyphenyl)-3-(4-methoxyphenyl)prop-2-en-1-one,COC1=CC=C(C=C1)/C=C/C(=O)C2=CC=CC=C2O,"InChI=1S/C16H14O3/c1-19-13-9-6-12(7-10-13)8-11-16(18)14-4-2-3-5-15(14)17/h2-11,17H,1H3/b11-8+",NXBNYUSXDBHELA-DHZHZOJOSA-N
"5,7-Dihydroxy-4-methylcoumarin",Industrial,5354284,C10H8O4,192.17,1.1,2,4,66.8,CC1=CC(=O)OC2=CC(=CC(=C12)O)O,PubChem,,,,Structure_PubChem,192.17,1.5126,2,4,70.67,14,2,0,,,,,192.17,,C10H8O4,,,,,,,,,,,Trouvé,,,,CID_5354284,"5,7-Dihydroxy-4-methylcoumarin","5,7-dihydroxy-4-methylchromen-2-one",CC1=CC(=O)OC2=CC(=CC(=C12)O)O,"InChI=1S/C10H8O4/c1-5-2-9(13)14-8-4-6(11)3-7(12)10(5)8/h2-4,11-12H,1H3",QNVWGEJMXOQQPM-UHFFFAOYSA-N
"1-Penten-3-one, 4-methyl-1-phenyl-",Industrial,5354448,C12H14O,174.24,3.1,0,1,17.1,CC(C)C(=O)/C=C/C1=CC=CC=C1,PubChem,,,,Structure_PubChem,174.243,2.9249,0,1,17.07,13,1,3,,,,,174.243,,C12H14O,,,,,,,,,,,Trouvé,,,,CID_5354448,"1-Penten-3-one, 4-methyl-1-phenyl-",(E)-4-methyl-1-phenylpent-1-en-3-one,CC(C)C(=O)/C=C/C1=CC=CC=C1,"InChI=1S/C12H14O/c1-10(2)12(13)9-8-11-6-4-3-5-7-11/h3-10H,1-2H3/b9-8+",CAXIQKXPSQYDIR-CMDGGOBGSA-N
Flavokawain A,Industrial,5355469,C18H18O5,314.3,3.8,1,5,65.0,COC1=CC=C(C=C1)/C=C/C(=O)C2=C(C=C(C=C2OC)OC)O,PubChem,,,,Structure_PubChem,314.337,3.3141,1,5,64.99,23,2,6,,,,,314.337,,C18H18O5,,,,,,,,,,,Trouvé,,,,CID_5355469,Flavokawain A,"(E)-1-(2-hydroxy-4,6-dimethoxyphenyl)-3-(4-methoxyphenyl)prop-2-en-1-one",COC1=CC=C(C=C1)/C=C/C(=O)C2=C(C=C(C=C2OC)OC)O,"InChI=1S/C18H18O5/c1-21-13-7-4-12(5-8-13)6-9-15(19)18-16(20)10-14(22-2)11-17(18)23-3/h4-11,20H,1-3H3/b9-6+",CGIBCVBDFUTMPT-RMKNXTFCSA-N
"2',5'-Dihydroxy-4-methoxychalcone",Industrial,5355888,C16H14O4,270.28,3.5,2,4,66.8,COC1=CC=C(C=C1)/C=C/C(=O)C2=C(C=CC(=C2)O)O,PubChem,,,,Structure_PubChem,270.284,3.0025,2,4,66.76,20,2,4,,,,,270.284,,C16H14O4,,,,,,,,,,,Trouvé,,,,CID_5355888,"2',5'-Dihydroxy-4-methoxychalcone","(E)-1-(2,5-dihydroxyphenyl)-3-(4-methoxyphenyl)prop-2-en-1-one",COC1=CC=C(C=C1)/C=C/C(=O)C2=C(C=CC(=C2)O)O,"InChI=1S/C16H14O4/c1-20-13-6-2-11(3-7-13)4-8-15(18)14-10-12(17)5-9-16(14)19/h2-10,17,19H,1H3/b8-4+",FUQGIYDZGLORRC-XBXARRHUSA-N
"Styrene, alpha,beta-dichloro-",Industrial,5356088,C8H6Cl2,173.04,3.4,0,0,0.0,C1=CC=C(C=C1)/C(=C\Cl)/Cl,PubChem,,,,Structure_PubChem,173.042,3.4626,0,0,0.0,10,1,1,,,,,173.042,,C8H6Cl2,,,,,,,,,,,Trouvé,,,,CID_5356088,"Styrene, alpha,beta-dichloro-","[(E)-1,2-dichloroethenyl]benzene",C1=CC=C(C=C1)/C(=C\Cl)/Cl,InChI=1S/C8H6Cl2/c9-6-8(10)7-4-2-1-3-5-7/h1-6H/b8-6+,OQGSCHGFHOSXFY-SOFGYWHQSA-N
"3-(8,11,14-Pentadecatrienyl)phenol",Industrial,5356112,C21H30O,298.5,7.6,1,1,20.2,C=CC/C=C/C/C=C/CCCCCCCC1=CC(=CC=C1)O,PubChem,,,,Structure_PubChem,298.47,6.3539,1,1,20.23,22,1,12,,,,,298.47,,C21H30O,,,,,,,,,,,Trouvé,,,,CID_5356112,"3-(8,11,14-Pentadecatrienyl)phenol","3-[(8E,11E)-pentadeca-8,11,14-trienyl]phenol",C=CC/C=C/C/C=C/CCCCCCCC1=CC(=CC=C1)O,"InChI=1S/C21H30O/c1-2-3-4-5-6-7-8-9-10-11-12-13-14-16-20-17-15-18-21(22)19-20/h2,4-5,7-8,15,17-19,22H,1,3,6,9-14,16H2/b5-4+,8-7+",JOLVYUIAMRUBRK-AOSYACOCSA-N
Flavokawain B,Industrial,5356121,C17H16O4,284.31,3.8,1,4,55.8,COC1=CC(=C(C(=C1)OC)C(=O)/C=C/C2=CC=CC=C2)O,PubChem,,,,Structure_PubChem,284.311,3.3055,1,4,55.76,21,2,5,,,,,284.311,,C17H16O4,,,,,,,,,,,Trouvé,,,,CID_5356121,Flavokawain B,"(E)-1-(2-hydroxy-4,6-dimethoxyphenyl)-3-phenylprop-2-en-1-one",COC1=CC(=C(C(=C1)OC)C(=O)/C=C/C2=CC=CC=C2)O,"InChI=1S/C17H16O4/c1-20-13-10-15(19)17(16(11-13)21-2)14(18)9-8-12-6-4-3-5-7-12/h3-11,19H,1-2H3/b9-8+",QKQLSQLKXBHUSO-CMDGGOBGSA-N
1-Phenyl-2-butene,Industrial,5356732,C10H12,132.2,3.5,0,0,0.0,C/C=C/CC1=CC=CC=C1,PubChem,,,,Structure_PubChem,132.206,2.8052,0,0,0.0,10,1,2,,,,,132.206,,C10H12,,,,,,,,,,,Trouvé,,,,CID_5356732,1-Phenyl-2-butene,[(E)-but-2-enyl]benzene,C/C=C/CC1=CC=CC=C1,"InChI=1S/C10H12/c1-2-3-7-10-8-5-4-6-9-10/h2-6,8-9H,7H2,1H3/b3-2+",VUKHQPGJNTXTPY-NSCUHMNNSA-N
cis-Stilbene,Industrial,5356785,C14H12,180.24,4.8,0,0,0.0,C1=CC=C(C=C1)/C=C\C2=CC=CC=C2,PubChem,,,,Structure_PubChem,180.25,3.857,0,0,0.0,14,2,2,,,,,180.25,,C14H12,,,,,,,,,,,Trouvé,,,,CID_5356785,cis-Stilbene,(Z)-stilbene,C1=CC=C(C=C1)/C=C\C2=CC=CC=C2,InChI=1S/C14H12/c1-3-7-13(8-4-1)11-12-14-9-5-2-6-10-14/h1-12H/b12-11-,PJANXHGTPQOBST-QXMHVHEDSA-N
Triphenylstannyl,Industrial,5357402,C18H15Sn,350.0,,0,0,0.0,C1=CC=C(C=C1)[Sn](C2=CC=CC=C2)C3=CC=CC=C3,PubChem,,,,Structure_PubChem,350.029,2.2028,0,0,0.0,19,3,3,,,,,350.029,,C18H15Sn,,,,,,,,,,,Trouvé,,,,CID_5357402,Triphenylstannyl,,C1=CC=C(C=C1)[Sn](C2=CC=CC=C2)C3=CC=CC=C3,InChI=1S/3C6H5.Sn/c3*1-2-4-6-5-3-1;/h3*1-5H;,SBXWFLISHPUINY-UHFFFAOYSA-N
(E)-1-(2-Hydroxy-4-Methoxyphenyl)-3-(4-Methoxyphenyl)Prop-2-En-1-One,Industrial,5357488,C17H16O4,284.31,4.0,1,4,55.8,COC1=CC=C(C=C1)/C=C/C(=O)C2=C(C=C(C=C2)OC)O,PubChem,,,,Structure_PubChem,284.311,3.3055,1,4,55.76,21,2,5,,,,,284.311,,C17H16O4,,,,,,,,,,,Trouvé,,,,CID_5357488,(E)-1-(2-Hydroxy-4-Methoxyphenyl)-3-(4-Methoxyphenyl)Prop-2-En-1-One,(E)-1-(2-hydroxy-4-methoxyphenyl)-3-(4-methoxyphenyl)prop-2-en-1-one,COC1=CC=C(C=C1)/C=C/C(=O)C2=C(C=C(C=C2)OC)O,"InChI=1S/C17H16O4/c1-20-13-6-3-12(4-7-13)5-10-16(18)15-9-8-14(21-2)11-17(15)19/h3-11,19H,1-2H3/b10-5+",OAAPAFSEMHJNTF-BJMVGYQFSA-N
Alternariol,Industrial,5359485,C14H10O5,258.23,2.9,3,5,87.0,CC1=CC(=CC2=C1C3=C(C(=CC(=C3)O)O)C(=O)O2)O,PubChem,,,,Structure_PubChem,258.229,2.3714,3,5,90.9,19,3,0,,,,,258.229,,C14H10O5,,,,,,,,,,,Trouvé,,,,CID_5359485,Alternariol,"3,7,9-trihydroxy-1-methylbenzo[c]chromen-6-one",CC1=CC(=CC2=C1C3=C(C(=CC(=C3)O)O)C(=O)O2)O,"InChI=1S/C14H10O5/c1-6-2-7(15)5-11-12(6)9-3-8(16)4-10(17)13(9)14(18)19-11/h2-5,15-17H,1H3",CEBXXEKPIIDJHL-UHFFFAOYSA-N
Penten-1-ylbenzene,Industrial,5370618,C11H14,146.23,3.9,0,0,0.0,CCC/C=C/C1=CC=CC=C1,PubChem,,,,Structure_PubChem,146.233,3.4999,0,0,0.0,11,1,3,,,,,146.233,,C11H14,,,,,,,,,,,Trouvé,,,,CID_5370618,Penten-1-ylbenzene,[(E)-pent-1-enyl]benzene,CCC/C=C/C1=CC=CC=C1,"InChI=1S/C11H14/c1-2-3-5-8-11-9-6-4-7-10-11/h4-10H,2-3H2,1H3/b8-5+",KHMYONNPZWOTKW-VMPITWQZSA-N
(E)-1-Phenyl-1-butene,Industrial,5370622,C10H12,132.2,3.6,0,0,0.0,CC/C=C/C1=CC=CC=C1,PubChem,,,,Structure_PubChem,132.206,3.1098,0,0,0.0,10,1,2,,,,,132.206,,C10H12,,,,,,,,,,,Trouvé,,,,CID_5370622,(E)-1-Phenyl-1-butene,[(E)-but-1-enyl]benzene,CC/C=C/C1=CC=CC=C1,"InChI=1S/C10H12/c1-2-3-7-10-8-5-4-6-9-10/h3-9H,2H2,1H3/b7-3+",MPMBRWOOISTHJV-XVNBXDOJSA-N
[(E)-4-phenylbut-2-enyl]benzene,Industrial,5370638,C16H16,208.3,4.8,0,0,0.0,C1=CC=C(C=C1)C/C=C/CC2=CC=CC=C2,PubChem,,,,Structure_PubChem,208.304,4.028,0,0,0.0,16,2,4,,,,,208.304,,C16H16,,,,,,,,,,,Trouvé,,,,CID_5370638,[(E)-4-phenylbut-2-enyl]benzene,[(E)-4-phenylbut-2-enyl]benzene,C1=CC=C(C=C1)C/C=C/CC2=CC=CC=C2,"InChI=1S/C16H16/c1-3-9-15(10-4-1)13-7-8-14-16-11-5-2-6-12-16/h1-12H,13-14H2/b8-7+",CTYOBVWQEXIGRQ-BQYQJAHWSA-N
3-Methyl-4-phenyl-3-buten-2-one,Industrial,5370646,C11H12O,160.21,2.1,0,1,17.1,C/C(=C\C1=CC=CC=C1)/C(=O)C,PubChem,,,,Structure_PubChem,160.216,2.6789,0,1,17.07,12,1,2,,,,,160.216,,C11H12O,,,,,,,,,,,Trouvé,,,,CID_5370646,3-Methyl-4-phenyl-3-buten-2-one,(E)-3-methyl-4-phenylbut-3-en-2-one,C/C(=C\C1=CC=CC=C1)/C(=O)C,"InChI=1S/C11H12O/c1-9(10(2)12)8-11-6-4-3-5-7-11/h3-8H,1-2H3/b9-8+",BQJFBHBDOAIIGS-CMDGGOBGSA-N
((Z)-Hex-3-Enyl) 2-Hydroxybenzoate,Industrial,5371102,C13H16O3,220.26,4.4,1,3,46.5,CC/C=C\CCOC(=O)C1=CC=CC=C1O,PubChem,,,,Structure_PubChem,220.268,2.9053,1,3,46.53,16,1,5,,,,,220.268,,C13H16O3,,,,,,,,,,,Trouvé,,,,CID_5371102,((Z)-Hex-3-Enyl) 2-Hydroxybenzoate,[(Z)-hex-3-enyl] 2-hydroxybenzoate,CC/C=C\CCOC(=O)C1=CC=CC=C1O,"InChI=1S/C13H16O3/c1-2-3-4-7-10-16-13(15)11-8-5-6-9-12(11)14/h3-6,8-9,14H,2,7,10H2,1H3/b4-3-",IEPWIPZLLIOZLU-ARJAWSKDSA-N
"(E)-1-Phenyl-1,3-butadiene",Industrial,5371758,C10H10,130.19,3.6,0,0,0.0,C=C/C=C/C1=CC=CC=C1,PubChem,,,,Structure_PubChem,130.19,2.8858,0,0,0.0,10,1,2,,,,,130.19,,C10H10,,,,,,,,,,,Trouvé,,,,CID_5371758,"(E)-1-Phenyl-1,3-butadiene","[(1E)-buta-1,3-dienyl]benzene",C=C/C=C/C1=CC=CC=C1,"InChI=1S/C10H10/c1-2-3-7-10-8-5-4-6-9-10/h2-9H,1H2/b7-3+",XZKRXPZXQLARHH-XVNBXDOJSA-N
Noreugenin,Industrial,5375252,C10H8O4,192.17,0.8,2,4,66.8,CC1=CC(=O)C2=C(C=C(C=C2O1)O)O,PubChem,,,,Structure_PubChem,192.17,1.5126,2,4,70.67,14,2,0,,,,,192.17,,C10H8O4,,,,,,,,,,,Trouvé,,,,CID_5375252,Noreugenin,"5,7-dihydroxy-2-methylchromen-4-one",CC1=CC(=O)C2=C(C=C(C=C2O1)O)O,"InChI=1S/C10H8O4/c1-5-2-7(12)10-8(13)3-6(11)4-9(10)14-5/h2-4,11,13H,1H3",NCUJRUDLFCGVOE-UHFFFAOYSA-N
3-[(E)-2-phenylvinyl]phenol,Industrial,5375465,C14H12O,196.24,3.9,1,1,20.2,C1=CC=C(C=C1)/C=C/C2=CC(=CC=C2)O,PubChem,,,,Structure_PubChem,196.249,3.5626,1,1,20.23,15,2,2,,,,,196.249,,C14H12O,,,,,,,,,,,Trouvé,,,,CID_5375465,3-[(E)-2-phenylvinyl]phenol,3-[(E)-2-phenylethenyl]phenol,C1=CC=C(C=C1)/C=C/C2=CC(=CC=C2)O,"InChI=1S/C14H12O/c15-14-8-4-7-13(11-14)10-9-12-5-2-1-3-6-12/h1-11,15H/b10-9+",XBHJTSIYYWRJFQ-MDZDMXLPSA-N
1-Hydroxyxanthone,Industrial,5376036,C13H8O3,212.2,3.6,1,3,46.5,C1=CC=C2C(=C1)C(=O)C3=C(C=CC=C3O2)O,PubChem,,,,Structure_PubChem,212.204,2.6518,1,3,50.44,16,3,0,,,,,212.204,,C13H8O3,,,,,,,,,,,Trouvé,,,,CID_5376036,1-Hydroxyxanthone,1-hydroxyxanthen-9-one,C1=CC=C2C(=C1)C(=O)C3=C(C=CC=C3O2)O,"InChI=1S/C13H8O3/c14-9-5-3-7-11-12(9)13(15)8-4-1-2-6-10(8)16-11/h1-7,14H",BNLRKUSVMCIOGU-UHFFFAOYSA-N
"1,6-Diphenylhexatriene",Industrial,5376733,C18H16,232.3,6.1,0,0,0.0,C1=CC=C(C=C1)/C=C/C=C/C=C/C2=CC=CC=C2,PubChem,,,,Structure_PubChem,232.326,4.9694,0,0,0.0,18,2,4,,,,,232.326,,C18H16,,,,,,,,,,,Trouvé,,,,CID_5376733,"1,6-Diphenylhexatriene","[(1E,3E,5E)-6-phenylhexa-1,3,5-trienyl]benzene",C1=CC=C(C=C1)/C=C/C=C/C=C/C2=CC=CC=C2,"InChI=1S/C18H16/c1(5-11-17-13-7-3-8-14-17)2-6-12-18-15-9-4-10-16-18/h1-16H/b2-1+,11-5+,12-6+",BOBLSBAZCVBABY-WPWUJOAOSA-N
2'-Hydroxy-4'-Methoxychalcone,Industrial,5380645,C16H14O3,254.28,4.1,1,3,46.5,COC1=CC(=C(C=C1)C(=O)C=CC2=CC=CC=C2)O,PubChem,,,,Structure_PubChem,254.285,3.2969,1,3,46.53,19,2,4,,,,,254.285,5380645.0,C16H14O3,254.28,4.1,1.0,3.0,46.5,19.0,,4.0,COC1=CC(=C(C=C1)C(=O)/C=C/C2=CC=CC=C2)O,(E)-1-(2-hydroxy-4-methoxyphenyl)-3-phenylprop-2-en-1-one,Trouvé,19.0,2.0,4.0,CID_5380645,2'-Hydroxy-4'-Methoxychalcone,(E)-1-(2-hydroxy-4-methoxyphenyl)-3-phenylprop-2-en-1-one,COC1=CC(=C(C=C1)C(=O)/C=C/C2=CC=CC=C2)O,"InChI=1S/C16H14O3/c1-19-13-8-9-14(16(18)11-13)15(17)10-7-12-5-3-2-4-6-12/h2-11,18H,1H3/b10-7+",GUNGQVJAKLIYDG-JXMROGBWSA-N
7-hydroxy-2-methyl-3-phenyl-4H-chromen-4-one,Industrial,5380976,C16H12O3,252.26,3.1,1,3,46.5,CC1=C(C(=O)C2=C(O1)C=C(C=C2)O)C3=CC=CC=C3,PubChem,,,,Structure_PubChem,252.269,3.474,1,3,50.44,19,3,1,,,,,252.269,,C16H12O3,,,,,,,,,,,Trouvé,,,,CID_5380976,7-hydroxy-2-methyl-3-phenyl-4H-chromen-4-one,7-hydroxy-2-methyl-3-phenylchromen-4-one,CC1=C(C(=O)C2=C(O1)C=C(C=C2)O)C3=CC=CC=C3,"InChI=1S/C16H12O3/c1-10-15(11-5-3-2-4-6-11)16(18)13-8-7-12(17)9-14(13)19-10/h2-9,17H,1H3",BBCDTCKKROIGAB-UHFFFAOYSA-N
"7,3'-Dihydroxyflavone",Industrial,5391140,C15H10O4,254.24,3.3,2,4,66.8,C1=CC(=CC(=C1)O)C2=CC(=O)C3=C(O2)C=C(C=C3)O,PubChem,,,,Structure_PubChem,254.241,2.8712,2,4,70.67,19,3,1,,,,,254.241,,C15H10O4,,,,,,,,,,,Trouvé,,,,CID_5391140,"7,3'-Dihydroxyflavone",7-hydroxy-2-(3-hydroxyphenyl)chromen-4-one,C1=CC(=CC(=C1)O)C2=CC(=O)C3=C(O2)C=C(C=C3)O,"InChI=1S/C15H10O4/c16-10-3-1-2-9(6-10)14-8-13(18)12-5-4-11(17)7-15(12)19-14/h1-8,16-17H",DYARIVMCYYQNNQ-UHFFFAOYSA-N
"7,2'-Dihydroxyflavone",Industrial,5391149,C15H10O4,254.24,3.3,2,4,66.8,C1=CC=C(C(=C1)C2=CC(=O)C3=C(O2)C=C(C=C3)O)O,PubChem,,,,Structure_PubChem,254.241,2.8712,2,4,70.67,19,3,1,,,,,254.241,,C15H10O4,,,,,,,,,,,Trouvé,,,,CID_5391149,"7,2'-Dihydroxyflavone",7-hydroxy-2-(2-hydroxyphenyl)chromen-4-one,C1=CC=C(C(=C1)C2=CC(=O)C3=C(O2)C=C(C=C3)O)O,"InChI=1S/C15H10O4/c16-9-5-6-11-13(18)8-15(19-14(11)7-9)10-3-1-2-4-12(10)17/h1-8,16-17H",NUGPQONICGTVNA-UHFFFAOYSA-N
7-Hydroxy-3-methylflavone,Industrial,5391151,C16H12O3,252.26,3.6,1,3,46.5,CC1=C(OC2=C(C1=O)C=CC(=C2)O)C3=CC=CC=C3,PubChem,,,,Structure_PubChem,252.269,3.474,1,3,50.44,19,3,1,,,,,252.269,,C16H12O3,,,,,,,,,,,Trouvé,,,,CID_5391151,7-Hydroxy-3-methylflavone,7-hydroxy-3-methyl-2-phenylchromen-4-one,CC1=C(OC2=C(C1=O)C=CC(=C2)O)C3=CC=CC=C3,"InChI=1S/C16H12O3/c1-10-15(18)13-8-7-12(17)9-14(13)19-16(10)11-5-3-2-4-6-11/h2-9,17H,1H3",SUNCCQBNDWHMPR-UHFFFAOYSA-N
"3,5-Dihydroxyflavone",Industrial,5393151,C15H10O4,254.24,2.6,2,4,66.8,C1=CC=C(C=C1)C2=C(C(=O)C3=C(C=CC=C3O2)O)O,PubChem,,,,Structure_PubChem,254.241,2.8712,2,4,70.67,19,3,1,,,,,254.241,,C15H10O4,,,,,,,,,,,Trouvé,,,,CID_5393151,"3,5-Dihydroxyflavone","3,5-dihydroxy-2-phenylchromen-4-one",C1=CC=C(C=C1)C2=C(C(=O)C3=C(C=CC=C3O2)O)O,"InChI=1S/C15H10O4/c16-10-7-4-8-11-12(10)13(17)14(18)15(19-11)9-5-2-1-3-6-9/h1-8,16,18H",QHYWQIVTVQAKQF-UHFFFAOYSA-N
"3,7-Dihydroxyflavone",Industrial,5393152,C15H10O4,254.24,3.0,2,4,66.8,C1=CC=C(C=C1)C2=C(C(=O)C3=C(O2)C=C(C=C3)O)O,PubChem,,,,Structure_PubChem,254.241,2.8712,2,4,70.67,19,3,1,,,,,254.241,,C15H10O4,,,,,,,,,,,Trouvé,,,,CID_5393152,"3,7-Dihydroxyflavone","3,7-dihydroxy-2-phenylchromen-4-one",C1=CC=C(C=C1)C2=C(C(=O)C3=C(O2)C=C(C=C3)O)O,"InChI=1S/C15H10O4/c16-10-6-7-11-12(8-10)19-15(14(18)13(11)17)9-4-2-1-3-5-9/h1-8,16,18H",UWQJWDYDYIJWKY-UHFFFAOYSA-N
7-hydroxy-3-phenyl-2H-chromen-2-one,Industrial,5393176,C15H10O3,238.24,3.2,1,3,46.5,C1=CC=C(C=C1)C2=CC3=C(C=C(C=C3)O)OC2=O,PubChem,,,,Structure_PubChem,238.242,3.1656,1,3,50.44,18,3,1,,,,,238.242,5393176.0,C15H10O3,238.24,3.2,1.0,3.0,46.5,18.0,,1.0,C1=CC=C(C=C1)C2=CC3=C(C=C(C=C3)O)OC2=O,7-hydroxy-3-phenylchromen-2-one,Trouvé,18.0,3.0,1.0,CID_5393176,7-hydroxy-3-phenyl-2H-chromen-2-one,7-hydroxy-3-phenylchromen-2-one,C1=CC=C(C=C1)C2=CC3=C(C=C(C=C3)O)OC2=O,"InChI=1S/C15H10O3/c16-12-7-6-11-8-13(10-4-2-1-3-5-10)15(17)18-14(11)9-12/h1-9,16H",RIPZCQZTVDNJHQ-UHFFFAOYSA-N
8-Acetyl-7-hydroxycoumarin,Industrial,5411574,C11H8O4,204.18,1.8,1,4,63.6,CC(=O)C1=C(C=CC2=C1OC(=O)C=C2)O,PubChem,,,,Structure_PubChem,204.181,1.7012,1,4,67.51,15,2,1,,,,,204.181,,C11H8O4,,,,,,,,,,,Trouvé,,,,CID_5411574,8-Acetyl-7-hydroxycoumarin,8-acetyl-7-hydroxychromen-2-one,CC(=O)C1=C(C=CC2=C1OC(=O)C=C2)O,"InChI=1S/C11H8O4/c1-6(12)10-8(13)4-2-7-3-5-9(14)15-11(7)10/h2-5,13H,1H3",XWYMACPLPPQCHC-UHFFFAOYSA-N
"7-hydroxy-3,4-dimethyl-2H-chromen-2-one",Industrial,5412990,C11H10O3,190.19,2.3,1,3,46.5,CC1=C(C(=O)OC2=C1C=CC(=C2)O)C,PubChem,,,,Structure_PubChem,190.198,2.1154,1,3,50.44,14,2,0,,,,,190.198,,C11H10O3,,,,,,,,,,,Trouvé,,,,CID_5412990,"7-hydroxy-3,4-dimethyl-2H-chromen-2-one","7-hydroxy-3,4-dimethylchromen-2-one",CC1=C(C(=O)OC2=C1C=CC(=C2)O)C,"InChI=1S/C11H10O3/c1-6-7(2)11(13)14-10-5-8(12)3-4-9(6)10/h3-5,12H,1-2H3",QEEXKPYVMOIPKR-UHFFFAOYSA-N
(Z)-1-Phenyl-1-butene,Industrial,5462907,C10H12,132.2,3.6,0,0,0.0,CC/C=C\C1=CC=CC=C1,PubChem,,,,Structure_PubChem,132.206,3.1098,0,0,0.0,10,1,2,,,,,132.206,,C10H12,,,,,,,,,,,Trouvé,,,,CID_5462907,(Z)-1-Phenyl-1-butene,[(Z)-but-1-enyl]benzene,CC/C=C\C1=CC=CC=C1,"InChI=1S/C10H12/c1-2-3-7-10-8-5-4-6-9-10/h3-9H,2H2,1H3/b7-3-",MPMBRWOOISTHJV-CLTKARDFSA-N
"2-(1-Propenyl)phenol, (E)-",Industrial,5463403,C9H10O,134.17,2.6,1,1,20.2,C/C=C/C1=CC=CC=C1O,PubChem,,,,Structure_PubChem,134.178,2.4253,1,1,20.23,10,1,1,,,,,134.178,,C9H10O,,,,,,,,,,,Trouvé,,,,CID_5463403,"2-(1-Propenyl)phenol, (E)-",2-[(E)-prop-1-enyl]phenol,C/C=C/C1=CC=CC=C1O,"InChI=1S/C9H10O/c1-2-5-8-6-3-4-7-9(8)10/h2-7,10H,1H3/b5-2+",WHGXZPQWZJUGEP-GORDUTHDSA-N
2-Phenyl-hex-2-enenitrile,Industrial,5463415,C12H13N,171.24,3.4,0,1,23.8,CCC/C=C(\C#N)/C1=CC=CC=C1,PubChem,,,,Structure_PubChem,171.243,3.3937,0,1,23.79,13,1,3,,,,,171.243,,C12H13N,,,,,,,,,,,Trouvé,,,,CID_5463415,2-Phenyl-hex-2-enenitrile,(Z)-2-phenylhex-2-enenitrile,CCC/C=C(\C#N)/C1=CC=CC=C1,"InChI=1S/C12H13N/c1-2-3-7-12(10-13)11-8-5-4-6-9-11/h4-9H,2-3H2,1H3/b12-7+",UYBGOPSMJQAVEH-KPKJPENVSA-N
2-Benzyl-2-methyl-3-butenitrile,Industrial,5463804,C12H13N,171.24,3.1,0,1,23.8,CC(CC1=CC=CC=C1)(C=C)C#N,PubChem,,,,Structure_PubChem,171.243,2.945,0,1,23.79,13,1,3,,,,,171.243,,C12H13N,,,,,,,,,,,Trouvé,,,,CID_5463804,2-Benzyl-2-methyl-3-butenitrile,2-benzyl-2-methylbut-3-enenitrile,CC(CC1=CC=CC=C1)(C=C)C#N,"InChI=1S/C12H13N/c1-3-12(2,10-13)9-11-7-5-4-6-8-11/h3-8H,1,9H2,2H3",UKLOORXNVRHFRM-UHFFFAOYSA-N
(+)-Bakuchiol,Industrial,5468522,C18H24O,256.4,6.1,1,1,20.2,CC(=CCC[C@@](C)(C=C)/C=C/C1=CC=C(C=C1)O)C,PubChem,,,,Structure_PubChem,256.389,5.3441,1,1,20.23,19,1,6,,,,,256.389,,C18H24O,,,,,,,,,,,Trouvé,,,,CID_5468522,(+)-Bakuchiol,"4-[(1E,3S)-3-ethenyl-3,7-dimethylocta-1,6-dienyl]phenol",CC(=CCC[C@@](C)(C=C)/C=C/C1=CC=C(C=C1)O)C,"InChI=1S/C18H24O/c1-5-18(4,13-6-7-15(2)3)14-12-16-8-10-17(19)11-9-16/h5,7-12,14,19H,1,6,13H2,2-4H3/b14-12+/t18-/m1/s1",LFYJSSARVMHQJB-QIXNEVBVSA-N
"4-[(1E)-3,3-dimethylpenta-1,4-dienyl]phenol",Industrial,5470819,C13H16O,188.26,4.2,1,1,20.2,CC(C)(C=C)/C=C/C1=CC=C(C=C1)O,PubChem,,,,Structure_PubChem,188.27,3.6176,1,1,20.23,14,1,3,,,,,188.27,,C13H16O,,,,,,,,,,,Trouvé,,,,CID_5470819,"4-[(1E)-3,3-dimethylpenta-1,4-dienyl]phenol","4-[(1E)-3,3-dimethylpenta-1,4-dienyl]phenol",CC(C)(C=C)/C=C/C1=CC=C(C=C1)O,"InChI=1S/C13H16O/c1-4-13(2,3)10-9-11-5-7-12(14)8-6-11/h4-10,14H,1H2,2-3H3/b10-9+",DKVQOAMBVKKPAM-MDZDMXLPSA-N
"4-Propenylphenol, (E)-",Industrial,5474441,C9H10O,134.17,2.6,1,1,20.2,C/C=C/C1=CC=C(C=C1)O,PubChem,,,,Structure_PubChem,134.178,2.4253,1,1,20.23,10,1,1,,,,,134.178,,C9H10O,,,,,,,,,,,Trouvé,,,,CID_5474441,"4-Propenylphenol, (E)-",4-[(E)-prop-1-enyl]phenol,C/C=C/C1=CC=C(C=C1)O,"InChI=1S/C9H10O/c1-2-3-8-4-6-9(10)7-5-8/h2-7,10H,1H3/b3-2+",UMFCIIBZHQXRCJ-NSCUHMNNSA-N
Albanin A,Industrial,5481961,C20H18O6,354.4,3.6,4,6,107.0,CC(=CCC1=C(OC2=CC(=CC(=C2C1=O)O)O)C3=C(C=C(C=C3)O)O)C,PubChem,,,,Structure_PubChem,354.358,3.7911,4,6,111.13,26,3,3,,,,,354.358,,C20H18O6,,,,,,,,,,,Trouvé,,,,CID_5481961,Albanin A,"2-(2,4-dihydroxyphenyl)-5,7-dihydroxy-3-(3-methylbut-2-enyl)chromen-4-one",CC(=CCC1=C(OC2=CC(=CC(=C2C1=O)O)O)C3=C(C=C(C=C3)O)O)C,"InChI=1S/C20H18O6/c1-10(2)3-5-14-19(25)18-16(24)8-12(22)9-17(18)26-20(14)13-6-4-11(21)7-15(13)23/h3-4,6-9,21-24H,5H2,1-2H3",KEIIIPKLVSSAEI-UHFFFAOYSA-N
Norartocarpetin,Industrial,5481970,C15H10O6,286.24,1.4,4,6,107.0,C1=CC(=C(C=C1O)O)C2=CC(=O)C3=C(C=C(C=C3O2)O)O,PubChem,,,,Structure_PubChem,286.239,2.2824,4,6,111.13,21,3,1,,,,,286.239,,C15H10O6,,,,,,,,,,,Trouvé,,,,CID_5481970,Norartocarpetin,"2-(2,4-dihydroxyphenyl)-5,7-dihydroxychromen-4-one",C1=CC(=C(C=C1O)O)C2=CC(=O)C3=C(C=C(C=C3O2)O)O,"InChI=1S/C15H10O6/c16-7-1-2-9(10(18)3-7)13-6-12(20)15-11(19)4-8(17)5-14(15)21-13/h1-6,16-19H",ZSYPIPFQOQGYHH-UHFFFAOYSA-N
Mammea B/BA,Industrial,5489487,C22H28O5,372.5,5.5,2,5,83.8,CCCC1=CC(=O)OC2=C1C(=C(C(=C2C(=O)CC(C)C)O)CC=C(C)C)O,PubChem,,,,Structure_PubChem,372.461,4.8942,2,5,87.74,27,2,7,,,,,372.461,,C22H28O5,,,,,,,,,,,Trouvé,,,,CID_5489487,Mammea B/BA,"5,7-dihydroxy-8-(3-methylbutanoyl)-6-(3-methylbut-2-enyl)-4-propylchromen-2-one",CCCC1=CC(=O)OC2=C1C(=C(C(=C2C(=O)CC(C)C)O)CC=C(C)C)O,"InChI=1S/C22H28O5/c1-6-7-14-11-17(24)27-22-18(14)20(25)15(9-8-12(2)3)21(26)19(22)16(23)10-13(4)5/h8,11,13,25-26H,6-7,9-10H2,1-5H3",LYJWLIYDNZREPC-UHFFFAOYSA-N
2-[(E)-2-phenylethenyl]phenol,Industrial,5704879,C14H12O,196.24,3.8,1,1,20.2,C1=CC=C(C=C1)/C=C/C2=CC=CC=C2O,PubChem,,,,Structure_PubChem,196.249,3.5626,1,1,20.23,15,2,2,,,,,196.249,,C14H12O,,,,,,,,,,,Trouvé,,,,CID_5704879,2-[(E)-2-phenylethenyl]phenol,2-[(E)-2-phenylethenyl]phenol,C1=CC=C(C=C1)/C=C/C2=CC=CC=C2O,"InChI=1S/C14H12O/c15-14-9-5-4-8-13(14)11-10-12-6-2-1-3-7-12/h1-11,15H/b11-10+",AYPZAZPOYROADP-ZHACJKMWSA-N
"(3E,5E)-6-phenylhexa-3,5-dien-2-one",Industrial,5708783,C12H12O,172.22,2.7,0,1,17.1,CC(=O)/C=C/C=C/C1=CC=CC=C1,PubChem,,,,Structure_PubChem,172.227,2.845,0,1,17.07,13,1,3,,,,,172.227,,C12H12O,,,,,,,,,,,Trouvé,,,,CID_5708783,"(3E,5E)-6-phenylhexa-3,5-dien-2-one","(3E,5E)-6-phenylhexa-3,5-dien-2-one",CC(=O)/C=C/C=C/C1=CC=CC=C1,"InChI=1S/C12H12O/c1-11(13)7-5-6-10-12-8-3-2-4-9-12/h2-10H,1H3/b7-5+,10-6+",PRNUCJKOERXADE-YLNKAEQOSA-N
"2',4'-Dihydroxy-4-methoxychalcone",Industrial,5711223,C16H14O4,270.28,3.7,2,4,66.8,COC1=CC=C(C=C1)/C=C/C(=O)C2=C(C=C(C=C2)O)O,PubChem,,,,Structure_PubChem,270.284,3.0025,2,4,66.76,20,2,4,,,,,270.284,,C16H14O4,,,,,,,,,,,Trouvé,,,,CID_5711223,"2',4'-Dihydroxy-4-methoxychalcone","(E)-1-(2,4-dihydroxyphenyl)-3-(4-methoxyphenyl)prop-2-en-1-one",COC1=CC=C(C=C1)/C=C/C(=O)C2=C(C=C(C=C2)O)O,"InChI=1S/C16H14O4/c1-20-13-6-2-11(3-7-13)4-9-15(18)14-8-5-12(17)10-16(14)19/h2-10,17,19H,1H3/b9-4+",ADRQFDIWPRFKSP-RUDMXATFSA-N
Mammea A/BA,Industrial,5748555,C25H26O5,406.5,5.8,2,5,83.8,CC(C)CC(=O)C1=C(C(=C(C2=C1OC(=O)C=C2C3=CC=CC=C3)O)CC=C(C)C)O,PubChem,,,,Structure_PubChem,406.478,5.6087,2,5,87.74,30,3,6,,,,,406.478,,C25H26O5,,,,,,,,,,,Trouvé,,,,CID_5748555,Mammea A/BA,"5,7-dihydroxy-8-(3-methylbutanoyl)-6-(3-methylbut-2-enyl)-4-phenylchromen-2-one",CC(C)CC(=O)C1=C(C(=C(C2=C1OC(=O)C=C2C3=CC=CC=C3)O)CC=C(C)C)O,"InChI=1S/C25H26O5/c1-14(2)10-11-17-23(28)21-18(16-8-6-5-7-9-16)13-20(27)30-25(21)22(24(17)29)19(26)12-15(3)4/h5-10,13,15,28-29H,11-12H2,1-4H3",SBHOAZQBEGVQLJ-UHFFFAOYSA-N
4-(1Z)-1-Propen-1-ylphenol,Industrial,5791138,C9H10O,134.17,2.6,1,1,20.2,C/C=C\C1=CC=C(C=C1)O,PubChem,,,,Structure_PubChem,134.178,2.4253,1,1,20.23,10,1,1,,,,,134.178,,C9H10O,,,,,,,,,,,Trouvé,,,,CID_5791138,4-(1Z)-1-Propen-1-ylphenol,4-[(Z)-prop-1-enyl]phenol,C/C=C\C1=CC=C(C=C1)O,"InChI=1S/C9H10O/c1-2-3-8-4-6-9(10)7-5-8/h2-7,10H,1H3/b3-2-",UMFCIIBZHQXRCJ-IHWYPQMZSA-N
Obtusastyrene,Industrial,5793914,C15H14O,210.27,4.1,1,1,20.2,C1=CC=C(C=C1)/C=C/CC2=CC=C(C=C2)O,PubChem,,,,Structure_PubChem,210.276,3.6481,1,1,20.23,16,2,3,,,,,210.276,,C15H14O,,,,,,,,,,,Trouvé,,,,CID_5793914,Obtusastyrene,4-[(E)-3-phenylprop-2-enyl]phenol,C1=CC=C(C=C1)/C=C/CC2=CC=C(C=C2)O,"InChI=1S/C15H14O/c16-15-11-9-14(10-12-15)8-4-7-13-5-2-1-3-6-13/h1-7,9-12,16H,8H2/b7-4+",YNPGXIGIEYOFEX-QPJJXVBHSA-N
Derricidin,Industrial,5961410,C20H20O3,308.4,5.4,1,3,46.5,CC(=CCOC1=CC(=C(C=C1)C(=O)/C=C/C2=CC=CC=C2)O)C,PubChem,,,,Structure_PubChem,308.377,4.6333,1,3,46.53,23,2,6,,,,,308.377,,C20H20O3,,,,,,,,,,,Trouvé,,,,CID_5961410,Derricidin,(E)-1-[2-hydroxy-4-(3-methylbut-2-enoxy)phenyl]-3-phenylprop-2-en-1-one,CC(=CCOC1=CC(=C(C=C1)C(=O)/C=C/C2=CC=CC=C2)O)C,"InChI=1S/C20H20O3/c1-15(2)12-13-23-17-9-10-18(20(22)14-17)19(21)11-8-16-6-4-3-5-7-16/h3-12,14,22H,13H2,1-2H3/b11-8+",DGUGLZYULGVSIZ-DHZHZOJOSA-N
cis-3-Hexenyl salicylate,Industrial,6021887,C13H16O3,220.26,4.4,1,3,46.5,CC/C=C/CCOC(=O)C1=CC=CC=C1O,PubChem,,,,Structure_PubChem,220.268,2.9053,1,3,46.53,16,1,5,,,,,220.268,,C13H16O3,,,,,,,,,,,Trouvé,,,,CID_6021887,cis-3-Hexenyl salicylate,[(E)-hex-3-enyl] 2-hydroxybenzoate,CC/C=C/CCOC(=O)C1=CC=CC=C1O,"InChI=1S/C13H16O3/c1-2-3-4-7-10-16-13(15)11-8-5-6-9-12(11)14/h3-6,8-9,14H,2,7,10H2,1H3/b4-3+",IEPWIPZLLIOZLU-ONEGZZNKSA-N
"(E)-1-(2,4-dihydroxyphenyl)-3-(2-methoxyphenyl)-2-propen-1-one (4)",Industrial,6161915,C16H14O4,270.28,3.5,2,4,66.8,COC1=CC=CC=C1/C=C/C(=O)C2=C(C=C(C=C2)O)O,PubChem,,,,Structure_PubChem,270.284,3.0025,2,4,66.76,20,2,4,,,,,270.284,,C16H14O4,,,,,,,,,,,Trouvé,,,,CID_6161915,"(E)-1-(2,4-dihydroxyphenyl)-3-(2-methoxyphenyl)-2-propen-1-one (4)","(E)-1-(2,4-dihydroxyphenyl)-3-(2-methoxyphenyl)prop-2-en-1-one",COC1=CC=CC=C1/C=C/C(=O)C2=C(C=C(C=C2)O)O,"InChI=1S/C16H14O4/c1-20-16-5-3-2-4-11(16)6-9-14(18)13-8-7-12(17)10-15(13)19/h2-10,17,19H,1H3/b9-6+",ODLVGCCGMXGMGZ-RMKNXTFCSA-N
Flavokawain C,Industrial,6293081,C17H16O5,300.3,3.5,2,5,76.0,COC1=CC(=C(C(=C1)OC)C(=O)/C=C/C2=CC=C(C=C2)O)O,PubChem,,,,Structure_PubChem,300.31,3.0111,2,5,75.99,22,2,5,,,,,300.31,,C17H16O5,,,,,,,,,,,Trouvé,,,,CID_6293081,Flavokawain C,"(E)-1-(2-hydroxy-4,6-dimethoxyphenyl)-3-(4-hydroxyphenyl)prop-2-en-1-one",COC1=CC(=C(C(=C1)OC)C(=O)/C=C/C2=CC=C(C=C2)O)O,"InChI=1S/C17H16O5/c1-21-13-9-15(20)17(16(10-13)22-2)14(19)8-5-11-3-6-12(18)7-4-11/h3-10,18,20H,1-2H3/b8-5+",UXUFMIJZNYXWDX-VMPITWQZSA-N
(Oxo(phenyl)-lambda~5~-phosphanylidene)oxidanium,Industrial,6327116,C6H6O2P+,141.08,0.9,1,2,37.3,C1=CC=C(C=C1)[P+](=O)O,PubChem,,,,Structure_PubChem,141.086,1.0466,1,1,37.3,9,1,1,,,,,141.086,,C6H6O2P+,,,,,,,,,,,Trouvé,,,,CID_6327116,(Oxo(phenyl)-lambda~5~-phosphanylidene)oxidanium,hydroxy-oxo-phenylphosphanium,C1=CC=C(C=C1)[P+](=O)O,InChI=1S/C6H5O2P/c7-9(8)6-4-2-1-3-5-6/h1-5H/p+1,KNQVWTDLQQGKSV-UHFFFAOYSA-O
Chloromethylphenylsilane,Industrial,6327322,C7H8ClSi,155.67,,0,0,0.0,C[Si](C1=CC=CC=C1)Cl,PubChem,,,,Structure_PubChem,155.68,1.7537,0,0,0.0,9,1,1,,,,,155.68,,C7H8ClSi,,,,,,,,,,,Trouvé,,,,CID_6327322,Chloromethylphenylsilane,,C[Si](C1=CC=CC=C1)Cl,"InChI=1S/C7H8ClSi/c1-9(8)7-5-3-2-4-6-7/h2-6H,1H3",IPAIXTZQWAGRPZ-UHFFFAOYSA-N
Dichlorophenylsilane,Industrial,6327324,C6H5Cl2Si,176.09,,0,0,0.0,C1=CC=C(C=C1)[Si](Cl)Cl,PubChem,,,,Structure_PubChem,176.098,1.8594,0,0,0.0,9,1,1,,,,,176.098,,C6H5Cl2Si,,,,,,,,,,,Trouvé,,,,CID_6327324,Dichlorophenylsilane,,C1=CC=C(C=C1)[Si](Cl)Cl,InChI=1S/C6H5Cl2Si/c7-9(8)6-4-2-1-3-5-6/h1-5H,XNAFLNBULDHNJS-UHFFFAOYSA-N
2-Methylseleno benzene,Industrial,6327527,C7H7Se,170.1,,0,0,0.0,CC1=CC=CC=C1[Se],PubChem,,,,Structure_PubChem,170.093,0.7888,0,0,0.0,8,1,0,,,,,170.093,,C7H7Se,,,,,,,,,,,Trouvé,,,,CID_6327527,2-Methylseleno benzene,,CC1=CC=CC=C1[Se],"InChI=1S/C7H7Se/c1-6-4-2-3-5-7(6)8/h2-5H,1H3",KEJCHYPUJQVSCJ-UHFFFAOYSA-N
"Benzene, (chlorosilyl)-",Industrial,6327539,C6H5ClSi,140.64,,0,0,0.0,C1=CC=C(C=C1)[Si]Cl,PubChem,,,,Structure_PubChem,140.645,1.1699,0,0,0.0,8,1,1,,,,,140.645,,C6H5ClSi,,,,,,,,,,,Trouvé,,,,CID_6327539,"Benzene, (chlorosilyl)-",,C1=CC=C(C=C1)[Si]Cl,InChI=1S/C6H5ClSi/c7-8-6-4-2-1-3-5-6/h1-5H,GTPDFCLBTFKHNH-UHFFFAOYSA-N
Phenylselenol,Industrial,6327608,C6H5Se,156.07,,0,0,0.0,C1=CC=C(C=C1)[Se],PubChem,,,,Structure_PubChem,156.066,0.4804,0,0,0.0,7,1,0,,,,,156.066,,C6H5Se,,,,,,,,,,,Trouvé,,,,CID_6327608,Phenylselenol,,C1=CC=C(C=C1)[Se],InChI=1S/C6H5Se/c7-6-4-2-1-3-5-6/h1-5H,YWBHROUQJYHSOR-UHFFFAOYSA-N
Fenylsilan,Industrial,6327628,C6H5Si,105.19,,0,0,0.0,C1=CC=C(C=C1)[Si],PubChem,,,,Structure_PubChem,105.192,0.4804,0,0,0.0,7,1,0,,,,,105.192,,C6H5Si,,,,,,,,,,,Trouvé,,,,CID_6327628,Fenylsilan,,C1=CC=C(C=C1)[Si],InChI=1S/C6H5Si/c7-6-4-2-1-3-5-6/h1-5H,XJWOWXZSFTXJEX-UHFFFAOYSA-N
(Methylsilyl)benzene,Industrial,6327655,C7H8Si,120.22,,0,0,0.0,C[Si]C1=CC=CC=C1,PubChem,,,,Structure_PubChem,120.227,1.0642,0,0,0.0,8,1,1,,,,,120.227,,C7H8Si,,,,,,,,,,,Trouvé,,,,CID_6327655,(Methylsilyl)benzene,,C[Si]C1=CC=CC=C1,"InChI=1S/C7H8Si/c1-8-7-5-3-2-4-6-7/h2-6H,1H3",LAQFLZHBVPULPL-UHFFFAOYSA-N
Phenyldimethylsilane,Industrial,6327656,C8H11Si,135.26,,0,0,0.0,C[Si](C)C1=CC=CC=C1,PubChem,,,,Structure_PubChem,135.262,1.648,0,0,0.0,9,1,1,,,,,135.262,,C8H11Si,,,,,,,,,,,Trouvé,,,,CID_6327656,Phenyldimethylsilane,,C[Si](C)C1=CC=CC=C1,"InChI=1S/C8H11Si/c1-9(2)8-6-4-3-5-7-8/h3-7H,1-2H3",OIKHZBFJHONJJB-UHFFFAOYSA-N
"1,1'-Silylenebis[benzene]",Industrial,6327659,C12H10Si,182.29,,0,0,0.0,C1=CC=C(C=C1)[Si]C2=CC=CC=C2,PubChem,,,,Structure_PubChem,182.298,1.3416,0,0,0.0,13,2,2,,,,,182.298,,C12H10Si,,,,,,,,,,,Trouvé,,,,CID_6327659,"1,1'-Silylenebis[benzene]",,C1=CC=C(C=C1)[Si]C2=CC=CC=C2,InChI=1S/C12H10Si/c1-3-7-11(8-4-1)13-12-9-5-2-6-10-12/h1-10H,BPYFPNZHLXDIGA-UHFFFAOYSA-N
Diphenylarsine,Industrial,6327689,C12H10As,229.13,,0,0,0.0,C1=CC=C(C=C1)[As]C2=CC=CC=C2,PubChem,,,,Structure_PubChem,229.134,1.3416,0,0,0.0,13,2,2,,,,,229.134,,C12H10As,,,,,,,,,,,Trouvé,,,,CID_6327689,Diphenylarsine,,C1=CC=C(C=C1)[As]C2=CC=CC=C2,InChI=1S/C12H10As/c1-3-7-11(8-4-1)13-12-9-5-2-6-10-12/h1-10H,SEBDYZTUVULEBJ-UHFFFAOYSA-N
"1,4-Phenylenebis(dimethylsilane)",Industrial,6328729,C10H16Si2,192.4,,0,0,0.0,C[Si](C)C1=CC=C(C=C1)[Si](C)C,PubChem,,,,Structure_PubChem,192.41,1.6094,0,0,0.0,12,1,2,,,,,192.41,,C10H16Si2,,,,,,,,,,,Trouvé,,,,CID_6328729,"1,4-Phenylenebis(dimethylsilane)",,C[Si](C)C1=CC=C(C=C1)[Si](C)C,"InChI=1S/C10H16Si2/c1-11(2)9-5-7-10(8-6-9)12(3)4/h5-8H,1-4H3",UHXCHUWSQRLZJS-UHFFFAOYSA-N
"Benzene, (ethenylmethylsilyl)-",Industrial,6329252,C9H11Si,147.27,,0,0,0.0,C[Si](C=C)C1=CC=CC=C1,PubChem,,,,Structure_PubChem,147.273,1.7434,0,0,0.0,10,1,2,,,,,147.273,,C9H11Si,,,,,,,,,,,Trouvé,,,,CID_6329252,"Benzene, (ethenylmethylsilyl)-",,C[Si](C=C)C1=CC=CC=C1,"InChI=1S/C9H11Si/c1-3-10(2)9-7-5-4-6-8-9/h3-8H,1H2,2H3",MOSXLDGILGBOSZ-UHFFFAOYSA-N
4-Methylbenzeneselenol,Industrial,6333379,C7H7Se,170.1,,0,0,0.0,CC1=CC=C(C=C1)[Se],PubChem,,,,Structure_PubChem,170.093,0.7888,0,0,0.0,8,1,0,,,,,170.093,,C7H7Se,,,,,,,,,,,Trouvé,,,,CID_6333379,4-Methylbenzeneselenol,,CC1=CC=C(C=C1)[Se],"InChI=1S/C7H7Se/c1-6-2-4-7(8)5-3-6/h2-5H,1H3",QFSXGVRENHFNNG-UHFFFAOYSA-N
"(3E)-2,3-Dihydro-3-(phenylmethylene)-4H-1-benzopyran-4-one",Industrial,6364799,C16H12O2,236.26,3.3,0,2,26.3,C1/C(=C\C2=CC=CC=C2)/C(=O)C3=CC=CC=C3O1,PubChem,,,,Structure_PubChem,236.27,3.3453,0,2,26.3,18,3,1,,,,,236.27,,C16H12O2,,,,,,,,,,,Trouvé,,,,CID_6364799,"(3E)-2,3-Dihydro-3-(phenylmethylene)-4H-1-benzopyran-4-one",(3E)-3-benzylidenechromen-4-one,C1/C(=C\C2=CC=CC=C2)/C(=O)C3=CC=CC=C3O1,"InChI=1S/C16H12O2/c17-16-13(10-12-6-2-1-3-7-12)11-18-15-9-5-4-8-14(15)16/h1-10H,11H2/b13-10+",TXRPREROCFYGHX-JLHYYAGUSA-N
Sodium phenylphosphinate,Industrial,6364990,C6H5NaO2P+,163.07,,0,2,40.1,C1=CC=C(C=C1)[P+](=O)[O-].[Na+],PubChem,,,,Structure_PubChem,163.068,-2.5814,0,2,40.13,10,1,1,,,,,163.068,,C6H5NaO2P+,,,,,,,,,,,Trouvé,,,,CID_6364990,Sodium phenylphosphinate,sodium oxido-oxo-phenylphosphanium,C1=CC=C(C=C1)[P+](=O)[O-].[Na+],InChI=1S/C6H5O2P.Na/c7-9(8)6-4-2-1-3-5-6;/h1-5H;/q;+1,HHJJPFYGIRKQOM-UHFFFAOYSA-N
"4-Methyl-1-phenyl-1,3-pentadiene",Industrial,6372315,C12H14,158.24,4.2,0,0,0.0,CC(=C/C=C/C1=CC=CC=C1)C,PubChem,,,,Structure_PubChem,158.244,3.666,0,0,0.0,12,1,2,,,,,158.244,,C12H14,,,,,,,,,,,Trouvé,,,,CID_6372315,"4-Methyl-1-phenyl-1,3-pentadiene","[(1E)-4-methylpenta-1,3-dienyl]benzene",CC(=C/C=C/C1=CC=CC=C1)C,"InChI=1S/C12H14/c1-11(2)7-6-10-12-8-4-3-5-9-12/h3-10H,1-2H3/b10-6+",ZVNDSQGHZLPKQV-UXBLZVDNSA-N
alpha-Methylcinnamic alcohol,Industrial,6393846,C10H12O,148.2,2.3,1,1,20.2,C/C(=C\C1=CC=CC=C1)/CO,PubChem,,,,Structure_PubChem,148.205,2.0822,1,1,20.23,11,1,2,,,,,148.205,,C10H12O,,,,,,,,,,,Trouvé,,,,CID_6393846,alpha-Methylcinnamic alcohol,(E)-2-methyl-3-phenylprop-2-en-1-ol,C/C(=C\C1=CC=CC=C1)/CO,"InChI=1S/C10H12O/c1-9(8-11)7-10-5-3-2-4-6-10/h2-7,11H,8H2,1H3/b9-7+",LLNAMUJRIZIXHF-VQHVLOKHSA-N
Phenyldifluorophosphine,Industrial,6396630,C6H5F2P,146.07,2.6,0,2,0.0,C1=CC=C(C=C1)P(F)F,PubChem,,,,Structure_PubChem,146.076,2.5628,0,0,0.0,9,1,1,,,,,146.076,,C6H5F2P,,,,,,,,,,,Trouvé,,,,CID_6396630,Phenyldifluorophosphine,difluoro(phenyl)phosphane,C1=CC=C(C=C1)P(F)F,InChI=1S/C6H5F2P/c7-9(8)6-4-2-1-3-5-6/h1-5H,DPFCRMGFCUKIJZ-UHFFFAOYSA-N
Isopropenyloxy,Industrial,6432319,C3H5O,57.07,-0.1,0,1,17.1,CC(=O)[CH2],PubChem,,,,Structure_PubChem,57.072,0.4095,0,1,17.07,4,0,0,,,,,57.072,,C3H5O,,,,,,,,,,,Trouvé,,,,CID_6432319,Isopropenyloxy,,CC(=O)[CH2],"InChI=1S/C3H5O/c1-3(2)4/h1H2,2H3",HNUKTDKISXPDPA-UHFFFAOYSA-N
3-Hydroxypropyl,Industrial,6432324,C3H7O,59.09,0.3,1,1,20.2,[CH2]CCO,PubChem,,,,Structure_PubChem,59.088,0.2029,1,1,20.23,4,0,1,,,,,59.088,,C3H7O,,,,,,,,,,,Trouvé,,,,CID_6432324,3-Hydroxypropyl,,[CH2]CCO,"InChI=1S/C3H7O/c1-2-3-4/h4H,1-3H2",QOXOZONBQWIKDA-UHFFFAOYSA-N
CH2CH2OH,Industrial,6432439,C2H5O,45.06,-0.1,1,1,20.2,[CH2]CO,PubChem,,,,Structure_PubChem,45.061,-0.1872,1,1,20.23,3,0,0,,,,,45.061,,C2H5O,,,,,,,,,,,Trouvé,,,,CID_6432439,CH2CH2OH,,[CH2]CO,"InChI=1S/C2H5O/c1-2-3/h3H,1-2H2",HVFGPIFTSJJAKK-UHFFFAOYSA-N
4-[(E)-2-(4-methylphenyl)ethenyl]phenol,Industrial,6442188,C15H14O,210.27,4.2,1,1,20.2,CC1=CC=C(C=C1)/C=C/C2=CC=C(C=C2)O,PubChem,,,,Structure_PubChem,210.276,3.871,1,1,20.23,16,2,2,,,,,210.276,,C15H14O,,,,,,,,,,,Trouvé,,,,CID_6442188,4-[(E)-2-(4-methylphenyl)ethenyl]phenol,4-[(E)-2-(4-methylphenyl)ethenyl]phenol,CC1=CC=C(C=C1)/C=C/C2=CC=C(C=C2)O,"InChI=1S/C15H14O/c1-12-2-4-13(5-3-12)6-7-14-8-10-15(16)11-9-14/h2-11,16H,1H3/b7-6+",WFYJMFZHHRHKKR-VOTSOKGWSA-N
(1-~2~H_1_)Propan-2-one,Industrial,6912034,C3H6O,59.09,-0.1,0,1,17.1,[2H]CC(=O)C,PubChem,,,,Structure_PubChem,59.0861,0.5953,0,1,17.07,4,0,0,,,,,59.0861,,C3H6O,,,,,,,,,,,Trouvé,,,,CID_6912034,(1-~2~H_1_)Propan-2-one,1-deuteriopropan-2-one,[2H]CC(=O)C,InChI=1S/C3H6O/c1-3(2)4/h1-2H3/i1D,CSCPPACGZOOCGX-MICDWDOJSA-N
4-[(Z)-2-phenylethenyl]phenol,Industrial,9548678,C14H12O,196.24,4.1,1,1,20.2,C1=CC=C(C=C1)/C=C\C2=CC=C(C=C2)O,PubChem,,,,Structure_PubChem,196.249,3.5626,1,1,20.23,15,2,2,,,,,196.249,,C14H12O,,,,,,,,,,,Trouvé,,,,CID_9548678,4-[(Z)-2-phenylethenyl]phenol,4-[(Z)-2-phenylethenyl]phenol,C1=CC=C(C=C1)/C=C\C2=CC=C(C=C2)O,"InChI=1S/C14H12O/c15-14-10-8-13(9-11-14)7-6-12-4-2-1-3-5-12/h1-11,15H/b7-6-",QVLMUEOXQBUPAH-SREVYHEPSA-N
NO-aspirin,Industrial,9818919,C16H13NO7,331.28,2.9,0,7,108.0,CC(=O)OC1=CC=CC=C1C(=O)OC2=CC=C(C=C2)CO[N+](=O)[O-],PubChem,,,,Structure_PubChem,331.28,2.5394,0,7,104.97,24,2,6,,,,,331.28,,C16H13NO7,,,,,,,,,,,Trouvé,,,,CID_9818919,NO-aspirin,[4-(nitrooxymethyl)phenyl] 2-acetyloxybenzoate,CC(=O)OC1=CC=CC=C1C(=O)OC2=CC=C(C=C2)CO[N+](=O)[O-],"InChI=1S/C16H13NO7/c1-11(18)23-15-5-3-2-4-14(15)16(19)24-13-8-6-12(7-9-13)10-22-17(20)21/h2-9H,10H2,1H3",CTHNKWFUDCMLIQ-UHFFFAOYSA-N
Isoaurostatin,Industrial,9837937,C15H10O4,254.24,2.8,2,4,66.8,C1=CC(=CC=C1/C=C/2\C3=C(C=C(C=C3)O)OC2=O)O,PubChem,,,,Structure_PubChem,254.241,2.5574,2,4,66.76,19,3,1,,,,,254.241,,C15H10O4,,,,,,,,,,,Trouvé,,,,CID_9837937,Isoaurostatin,(3E)-6-hydroxy-3-[(4-hydroxyphenyl)methylidene]-1-benzofuran-2-one,C1=CC(=CC=C1/C=C/2\C3=C(C=C(C=C3)O)OC2=O)O,"InChI=1S/C15H10O4/c16-10-3-1-9(2-4-10)7-13-12-6-5-11(17)8-14(12)19-15(13)18/h1-8,16-17H/b13-7+",DJGNNZVFOBIPMK-NTUHNPAUSA-N
n-Octanoyl-5-salicylic acid,Industrial,9838158,C15H20O4,264.32,5.2,2,4,74.6,CCCCCCCC(=O)C1=CC(=C(C=C1)O)C(=O)O,PubChem,,,,Structure_PubChem,264.321,3.6336,2,3,74.6,19,1,8,,,,,264.321,,C15H20O4,,,,,,,,,,,Trouvé,,,,CID_9838158,n-Octanoyl-5-salicylic acid,2-hydroxy-5-octanoylbenzoic acid,CCCCCCCC(=O)C1=CC(=C(C=C1)O)C(=O)O,"InChI=1S/C15H20O4/c1-2-3-4-5-6-7-13(16)11-8-9-14(17)12(10-11)15(18)19/h8-10,17H,2-7H2,1H3,(H,18,19)",IXIGWKNBFPKCCD-UHFFFAOYSA-N
Aspisol,Industrial,9905405,C15H22N2O6,326.34,,4,8,153.0,CC(=O)OC1=CC=CC=C1C(=O)O.C(CCN)CC(C(=O)O)N,PubChem,,,,Structure_PubChem,326.349,0.8374,4,6,152.94,23,1,7,,,,,326.349,,C15H22N2O6,,,,,,,,,,,Trouvé,,,,CID_9905405,Aspisol,"2-acetyloxybenzoic acid;2,6-diaminohexanoic acid",CC(=O)OC1=CC=CC=C1C(=O)O.C(CCN)CC(C(=O)O)N,"InChI=1S/C9H8O4.C6H14N2O2/c1-6(10)13-8-5-3-2-4-7(8)9(11)12;7-4-2-1-3-5(8)6(9)10/h2-5H,1H3,(H,11,12);5H,1-4,7-8H2,(H,9,10)",JJBCTCGUOQYZHK-UHFFFAOYSA-N
Phenylsulfur Pentafluoride,Industrial,9942464,C6H5F5S,204.16,5.2,0,5,1.0,C1=CC=C(C=C1)S(F)(F)(F)(F)F,PubChem,,,,Structure_PubChem,204.163,4.344,0,0,0.0,12,1,1,,,,,204.163,,C6H5F5S,,,,,,,,,,,Trouvé,,,,CID_9942464,Phenylsulfur Pentafluoride,pentafluoro(phenyl)-lambda6-sulfane,C1=CC=C(C=C1)S(F)(F)(F)(F)F,"InChI=1S/C6H5F5S/c7-12(8,9,10,11)6-4-2-1-3-5-6/h1-5H",DMNYFEWFSFTYEL-UHFFFAOYSA-N
Gibbilimbol B,Industrial,10014185,C16H24O,232.36,5.8,1,1,20.2,CCCCCC/C=C/CCC1=CC=C(C=C1)O,PubChem,,,,Structure_PubChem,232.367,4.8514,1,1,20.23,17,1,8,,,,,232.367,,C16H24O,,,,,,,,,,,Trouvé,,,,CID_10014185,Gibbilimbol B,4-[(E)-dec-3-enyl]phenol,CCCCCC/C=C/CCC1=CC=C(C=C1)O,"InChI=1S/C16H24O/c1-2-3-4-5-6-7-8-9-10-15-11-13-16(17)14-12-15/h7-8,11-14,17H,2-6,9-10H2,1H3/b8-7+",RQVUFITWWLNDGP-BQYQJAHWSA-N
1-(18F)fluoropropan-2-one,Industrial,10057438,C3H5FO,75.07,0.3,0,2,17.1,CC(=O)C[18F],PubChem,,,,Structure_PubChem,75.0729,0.5449,0,1,17.07,5,0,1,,,,,75.0729,,C3H5FO,,,,,,,,,,,Trouvé,,,,CID_10057438,1-(18F)fluoropropan-2-one,1-(18F)fluoropropan-2-one,CC(=O)C[18F],"InChI=1S/C3H5FO/c1-3(5)2-4/h2H2,1H3/i4-1",MSWVMWGCNZQPIA-NUTRPMROSA-N
4-Fluoro-2-iodophenol,Industrial,10171417,C6H4FIO,238.0,2.3,1,2,20.2,C1=CC(=C(C=C1F)I)O,PubChem,,,,Structure_PubChem,237.999,2.1359,1,1,20.23,9,1,0,,,,,237.999,,C6H4FIO,,,,,,,,,,,Trouvé,,,,CID_10171417,4-Fluoro-2-iodophenol,4-fluoro-2-iodophenol,C1=CC(=C(C=C1F)I)O,"InChI=1S/C6H4FIO/c7-4-1-2-6(9)5(8)3-4/h1-3,9H",FTTVHYAABUMDNX-UHFFFAOYSA-N
2-[(Trifluoromethyl)sulfanyl]phenol,Industrial,10176507,C7H5F3OS,194.18,3.3,1,5,45.5,C1=CC=C(C(=C1)O)SC(F)(F)F,PubChem,,,,Structure_PubChem,194.177,3.0041,1,2,20.23,12,1,1,,,,,194.177,,C7H5F3OS,,,,,,,,,,,Trouvé,,,,CID_10176507,2-[(Trifluoromethyl)sulfanyl]phenol,2-(trifluoromethylsulfanyl)phenol,C1=CC=C(C(=C1)O)SC(F)(F)F,"InChI=1S/C7H5F3OS/c8-7(9,10)12-6-4-2-1-3-5(6)11/h1-4,11H",QIVDFUUJJILMTQ-UHFFFAOYSA-N
Gibbilimbol D,Industrial,10262345,C14H20O,204.31,4.7,1,1,20.2,CCCC/C=C/CCC1=CC=C(C=C1)O,PubChem,,,,Structure_PubChem,204.313,4.0712,1,1,20.23,15,1,6,,,,,204.313,,C14H20O,,,,,,,,,,,Trouvé,,,,CID_10262345,Gibbilimbol D,4-[(E)-oct-3-enyl]phenol,CCCC/C=C/CCC1=CC=C(C=C1)O,"InChI=1S/C14H20O/c1-2-3-4-5-6-7-8-13-9-11-14(15)12-10-13/h5-6,9-12,15H,2-4,7-8H2,1H3/b6-5+",UTXMWVVQOZAGKZ-AATRIKPKSA-N
Gibbilimbol A,Industrial,10263365,C16H24O,232.36,5.8,1,1,20.2,CCCCC/C=C/CCCC1=CC=C(C=C1)O,PubChem,,,,Structure_PubChem,232.367,4.8514,1,1,20.23,17,1,8,,,,,232.367,,C16H24O,,,,,,,,,,,Trouvé,,,,CID_10263365,Gibbilimbol A,4-[(E)-dec-4-enyl]phenol,CCCCC/C=C/CCCC1=CC=C(C=C1)O,"InChI=1S/C16H24O/c1-2-3-4-5-6-7-8-9-10-15-11-13-16(17)14-12-15/h6-7,11-14,17H,2-5,8-10H2,1H3/b7-6+",LMJPVRXXPPOFAM-VOTSOKGWSA-N
"Ethanol-18O, 95 atom % 18O",Industrial,10285773,C2H6O,48.07,-0.1,1,1,20.2,CC[18OH],PubChem,,,,Structure_PubChem,48.0692,-0.0014,1,1,20.23,3,0,0,,,,,48.0692,,C2H6O,,,,,,,,,,,Trouvé,,,,CID_10285773,"Ethanol-18O, 95 atom % 18O",ethan(18O)ol,CC[18OH],"InChI=1S/C2H6O/c1-2-3/h3H,2H2,1H3/i3+2",LFQSCWFLJHTTHZ-YZRHJBSPSA-N
"2,6-Diiodophenol",Industrial,10405322,C6H4I2O,345.9,2.9,1,1,20.2,C1=CC(=C(C(=C1)I)O)I,PubChem,,,,Structure_PubChem,345.905,2.6014,1,1,20.23,9,1,0,,,,,345.905,,C6H4I2O,,,,,,,,,,,Trouvé,,,,CID_10405322,"2,6-Diiodophenol","2,6-diiodophenol",C1=CC(=C(C(=C1)I)O)I,"InChI=1S/C6H4I2O/c7-4-2-1-3-5(8)6(4)9/h1-3,9H",VMGBDTCTVUUNAO-UHFFFAOYSA-N
4-Iodo-3-methylphenol,Industrial,10421515,C7H7IO,234.03,2.5,1,1,20.2,CC1=C(C=CC(=C1)O)I,PubChem,,,,Structure_PubChem,234.036,2.3052,1,1,20.23,9,1,0,,,,,234.036,,C7H7IO,,,,,,,,,,,Trouvé,,,,CID_10421515,4-Iodo-3-methylphenol,4-iodo-3-methylphenol,CC1=C(C=CC(=C1)O)I,"InChI=1S/C7H7IO/c1-5-4-6(9)2-3-7(5)8/h2-4,9H,1H3",IYKHMSCHNOEGSE-UHFFFAOYSA-N
Phenylmercury(1+);chloride,Industrial,10448266,C6H5ClHg,313.15,,0,1,0.0,C1=CC=C(C=C1)[Hg+].[Cl-],PubChem,,,,Structure_PubChem,313.149,-2.1373,0,0,0.0,8,1,0,,,,,313.149,,C6H5ClHg,,,,,,,,,,,Trouvé,,,,CID_10448266,Phenylmercury(1+);chloride,phenylmercury(1+) chloride,C1=CC=C(C=C1)[Hg+].[Cl-],InChI=1S/C6H5.ClH.Hg/c1-2-4-6-5-3-1;;/h1-5H;1H;/q;;+1/p-1,AWGTVRDHKJQFAX-UHFFFAOYSA-M
"4-Fluoro-1,3-dihydroxybenzene",Industrial,10558640,C6H5FO2,128.1,1.4,2,3,40.5,C1=CC(=C(C=C1O)O)F,PubChem,,,,Structure_PubChem,128.102,1.2369,2,2,40.46,9,1,0,,,,,128.102,,C6H5FO2,,,,,,,,,,,Trouvé,,,,CID_10558640,"4-Fluoro-1,3-dihydroxybenzene","4-fluorobenzene-1,3-diol",C1=CC(=C(C=C1O)O)F,"InChI=1S/C6H5FO2/c7-5-2-1-4(8)3-6(5)9/h1-3,8-9H",XPOIJNIQXJYQOV-UHFFFAOYSA-N
2-Fluororesorcinol,Industrial,10678246,C6H5FO2,128.1,1.3,2,3,40.5,C1=CC(=C(C(=C1)O)F)O,PubChem,,,,Structure_PubChem,128.102,1.2369,2,2,40.46,9,1,0,,,,,128.102,,C6H5FO2,,,,,,,,,,,Trouvé,,,,CID_10678246,2-Fluororesorcinol,"2-fluorobenzene-1,3-diol",C1=CC(=C(C(=C1)O)F)O,"InChI=1S/C6H5FO2/c7-6-4(8)2-1-3-5(6)9/h1-3,8-9H",AGQVUPRGSFUGMJ-UHFFFAOYSA-N
"4,6-Difluorobenzene-1,3-diol",Industrial,10820672,C6H4F2O2,146.09,1.4,2,4,40.5,C1=C(C(=CC(=C1O)F)F)O,PubChem,,,,Structure_PubChem,146.092,1.376,2,2,40.46,10,1,0,,,,,146.092,,C6H4F2O2,,,,,,,,,,,Trouvé,,,,CID_10820672,"4,6-Difluorobenzene-1,3-diol","4,6-difluorobenzene-1,3-diol",C1=C(C(=CC(=C1O)F)F)O,"InChI=1S/C6H4F2O2/c7-3-1-4(8)6(10)2-5(3)9/h1-2,9-10H",OEPHFJHSCASUKS-UHFFFAOYSA-N
"2,4-Difluororesorcinol",Industrial,10844515,C6H4F2O2,146.09,1.4,2,4,40.5,C1=CC(=C(C(=C1O)F)O)F,PubChem,,,,Structure_PubChem,146.092,1.376,2,2,40.46,10,1,0,,,,,146.092,,C6H4F2O2,,,,,,,,,,,Trouvé,,,,CID_10844515,"2,4-Difluororesorcinol","2,4-difluorobenzene-1,3-diol",C1=CC(=C(C(=C1O)F)O)F,"InChI=1S/C6H4F2O2/c7-3-1-2-4(9)5(8)6(3)10/h1-2,9-10H",IBNBFQFUGXNAKU-UHFFFAOYSA-N
(~2~H_3_)Ethenylbenzene,Industrial,10855399,C8H8,107.17,2.9,0,0,0.0,[2H]C(=C([2H])C1=CC=CC=C1)[2H],PubChem,,,,Structure_PubChem,107.1703,2.3296,0,0,0.0,8,1,1,,,,,107.1703,,C8H8,,,,,,,,,,,Trouvé,,,,CID_10855399,(~2~H_3_)Ethenylbenzene,"1,2,2-trideuterioethenylbenzene",[2H]C(=C([2H])C1=CC=CC=C1)[2H],"InChI=1S/C8H8/c1-2-8-6-4-3-5-7-8/h2-7H,1H2/i1D2,2D",PPBRXRYQALVLMV-FUDHJZNOSA-N
Phenyl chloranesulfonate,Industrial,10856328,C6H5ClO3S,192.62,2.0,0,3,51.8,C1=CC=C(C=C1)OS(=O)(=O)Cl,PubChem,,,,Structure_PubChem,192.623,1.549,0,3,43.37,11,1,2,,,,,192.623,,C6H5ClO3S,,,,,,,,,,,Trouvé,,,,CID_10856328,Phenyl chloranesulfonate,chlorosulfonyloxybenzene,C1=CC=C(C=C1)OS(=O)(=O)Cl,"InChI=1S/C6H5ClO3S/c7-11(8,9)10-6-4-2-1-3-5-6/h1-5H",XBXHEDNNWSJZPK-UHFFFAOYSA-N
1-(Chloromercuri)-2-propanone,Industrial,10891676,C3H5ClHgO,293.11,,0,1,17.1,CC(=O)C[Hg]Cl,PubChem,,,,Structure_PubChem,293.115,1.23,0,1,17.07,6,0,2,,,,,293.115,,C3H5ClHgO,,,,,,,,,,,Trouvé,,,,CID_10891676,1-(Chloromercuri)-2-propanone,chloro(2-oxopropyl)mercury,CC(=O)C[Hg]Cl,"InChI=1S/C3H5O.ClH.Hg/c1-3(2)4;;/h1H2,2H3;1H;/q;;+1/p-1",NPZKGIMPCUETOK-UHFFFAOYSA-M
Benzyllithium,Industrial,10898650,C7H7Li,98.1,,0,1,0.0,[Li+].[CH2-]C1=CC=CC=C1,PubChem,,,,Structure_PubChem,98.074,-1.1272,0,0,0.0,8,1,0,,,,,98.074,,C7H7Li,,,,,,,,,,,Trouvé,,,,CID_10898650,Benzyllithium,lithium methanidylbenzene,[Li+].[CH2-]C1=CC=CC=C1,"InChI=1S/C7H7.Li/c1-7-5-3-2-4-6-7;/h2-6H,1H2;/q-1;+1",YNXURHRFIMQACJ-UHFFFAOYSA-N
4-(3-Iodostyryl)phenol,Industrial,10914234,C14H11IO,322.14,4.5,1,1,20.2,C1=CC(=CC(=C1)I)/C=C/C2=CC=C(C=C2)O,PubChem,,,,Structure_PubChem,322.145,4.1672,1,1,20.23,16,2,2,,,,,322.145,,C14H11IO,,,,,,,,,,,Trouvé,,,,CID_10914234,4-(3-Iodostyryl)phenol,4-[(E)-2-(3-iodophenyl)ethenyl]phenol,C1=CC(=CC(=C1)I)/C=C/C2=CC=C(C=C2)O,"InChI=1S/C14H11IO/c15-13-3-1-2-12(10-13)5-4-11-6-8-14(16)9-7-11/h1-10,16H/b5-4+",ASEXKNGMNUFVRL-SNAWJCMRSA-N
"1,4-Bis(tributylstannyl)benzene",Industrial,10930334,C30H58Sn2,656.2,,0,0,0.0,CCCC[Sn](CCCC)(CCCC)C1=CC=C(C=C1)[Sn](CCCC)(CCCC)CCCC,PubChem,,,,Structure_PubChem,656.216,9.7988,0,0,0.0,32,1,20,,,,,656.216,,C30H58Sn2,,,,,,,,,,,Trouvé,,,,CID_10930334,"1,4-Bis(tributylstannyl)benzene",tributyl-(4-tributylstannylphenyl)stannane,CCCC[Sn](CCCC)(CCCC)C1=CC=C(C=C1)[Sn](CCCC)(CCCC)CCCC,"InChI=1S/C6H4.6C4H9.2Sn/c1-2-4-6-5-3-1;6*1-3-4-2;;/h1-2,5-6H;6*1,3-4H2,2H3;;",RZCMLHJDBZGVSJ-UHFFFAOYSA-N
Kwyizcavxflwsz-uhfffaoysa-,Industrial,10946274,C18H28O3,292.4,7.3,2,3,57.5,CCCCCCCCCCCC1=C(C(=CC=C1)O)C(=O)O,PubChem,,,,Structure_PubChem,292.419,5.1637,2,2,57.53,21,1,11,,,,,292.419,,C18H28O3,,,,,,,,,,,Trouvé,,,,CID_10946274,Kwyizcavxflwsz-uhfffaoysa-,2-hydroxy-6-undecylbenzoic acid,CCCCCCCCCCCC1=C(C(=CC=C1)O)C(=O)O,"InChI=1S/C18H28O3/c1-2-3-4-5-6-7-8-9-10-12-15-13-11-14-16(19)17(15)18(20)21/h11,13-14,19H,2-10,12H2,1H3,(H,20,21)",KWYIZCAVXFLWSZ-UHFFFAOYSA-N
(eta6-Benzene)tricarbonylchromium,Industrial,10954891,C9H6CrO3,214.14,,0,3,3.0,[C-]#[O+].[C-]#[O+].[C-]#[O+].C1=CC=CC=C1.[Cr],PubChem,,,,Structure_PubChem,214.14,1.5716,0,0,59.7,13,1,0,,,,,214.14,,C9H6CrO3,,,,,,,,,,,Trouvé,,,,CID_10954891,(eta6-Benzene)tricarbonylchromium,benzene;carbon monoxide;chromium,[C-]#[O+].[C-]#[O+].[C-]#[O+].C1=CC=CC=C1.[Cr],InChI=1S/C6H6.3CO.Cr/c1-2-4-6-5-3-1;3*1-2;/h1-6H;;;;,WVSBQYMJNMJHIM-UHFFFAOYSA-N
Benzeneruthenium(II) Chloride Dimer,Industrial,10962144,C12H12Cl4Ru2,500.2,,0,0,0.0,C1=CC=CC=C1.C1=CC=CC=C1.Cl[Ru]Cl.Cl[Ru]Cl,PubChem,,,,Structure_PubChem,500.18,6.1262,0,0,0.0,18,2,0,,,,,500.18,,C12H12Cl4Ru2,,,,,,,,,,,Trouvé,,,,CID_10962144,Benzeneruthenium(II) Chloride Dimer,benzene;bis(dichlororuthenium),C1=CC=CC=C1.C1=CC=CC=C1.Cl[Ru]Cl.Cl[Ru]Cl,InChI=1S/2C6H6.4ClH.2Ru/c2*1-2-4-6-5-3-1;;;;;;/h2*1-6H;4*1H;;/q;;;;;;2*+2/p-4,YGXMUPKIEHNBNQ-UHFFFAOYSA-J
Lithium thiophenolate,Industrial,10975459,C6H5LiS,116.1,,0,1,1.0,[Li+].C1=CC=C(C=C1)[S-],PubChem,,,,Structure_PubChem,116.114,-1.4036,0,1,0.0,8,1,0,,,,,116.114,,C6H5LiS,,,,,,,,,,,Trouvé,,,,CID_10975459,Lithium thiophenolate,lithium benzenethiolate,[Li+].C1=CC=C(C=C1)[S-],"InChI=1S/C6H6S.Li/c7-6-4-2-1-3-5-6;/h1-5,7H;/q;+1/p-1",HPFQTCRYSOTMDJ-UHFFFAOYSA-M
2-Cyclohex-2-en-1-ylphenol,Industrial,10986776,C12H14O,174.24,3.6,1,1,20.2,C1CC=CC(C1)C2=CC=CC=C2O,PubChem,,,,Structure_PubChem,174.243,3.2159,1,1,20.23,13,2,1,,,,,174.243,,C12H14O,,,,,,,,,,,Trouvé,,,,CID_10986776,2-Cyclohex-2-en-1-ylphenol,2-cyclohex-2-en-1-ylphenol,C1CC=CC(C1)C2=CC=CC=C2O,"InChI=1S/C12H14O/c13-12-9-5-4-8-11(12)10-6-2-1-3-7-10/h2,4-6,8-10,13H,1,3,7H2",NIZZSXXQUHXUDC-UHFFFAOYSA-N
Copper methoxide chloride,Industrial,10997068,CH4ClCuO,131.04,,1,1,20.2,CO.Cl[Cu],PubChem,,,,Structure_PubChem,131.041,0.2955,1,1,20.23,4,0,0,,,,,131.041,,CH4ClCuO,,,,,,,,,,,Trouvé,,,,CID_10997068,Copper methoxide chloride,chlorocopper;methanol,CO.Cl[Cu],"InChI=1S/CH4O.ClH.Cu/c1-2;;/h2H,1H3;1H;/q;;+1/p-1",RACLKPASOJJCEE-UHFFFAOYSA-M
Acetone-2-13C,Industrial,11007810,C3H6O,59.07,-0.1,0,1,17.1,C[13C](=O)C,PubChem,,,,Structure_PubChem,59.0724,0.5953,0,1,17.07,4,0,0,,,,,59.0724,,C3H6O,,,,,,,,,,,Trouvé,,,,CID_11007810,Acetone-2-13C,(213C)propan-2-one,C[13C](=O)C,InChI=1S/C3H6O/c1-3(2)4/h1-2H3/i3+1,CSCPPACGZOOCGX-LBPDFUHNSA-N
Benzenesulfenyl chloride,Industrial,11008040,C6H5ClS,144.62,2.8,0,1,25.3,C1=CC=C(C=C1)SCl,PubChem,,,,Structure_PubChem,144.626,2.9325,0,1,0.0,8,1,1,,,,,144.626,,C6H5ClS,,,,,,,,,,,Trouvé,,,,CID_11008040,Benzenesulfenyl chloride,phenyl thiohypochlorite,C1=CC=C(C=C1)SCl,InChI=1S/C6H5ClS/c7-8-6-4-2-1-3-5-6/h1-5H,JWUKZUIGOJBEPC-UHFFFAOYSA-N
"1-Phenyl-2,4-pentadiyne",Industrial,11018996,C11H12,144.21,3.9,0,0,0.0,C=C/C=C/CC1=CC=CC=C1,PubChem,,,,Structure_PubChem,144.217,2.9713,0,0,0.0,11,1,3,,,,,144.217,,C11H12,,,,,,,,,,,Trouvé,,,,CID_11018996,"1-Phenyl-2,4-pentadiyne","[(2E)-penta-2,4-dienyl]benzene",C=C/C=C/CC1=CC=CC=C1,"InChI=1S/C11H12/c1-2-3-5-8-11-9-6-4-7-10-11/h2-7,9-10H,1,8H2/b5-3+",XIKDQDXWYVAHNF-HWKANZROSA-N
Phenylsulfamate,Industrial,11030308,C6H7NO3S,173.19,0.6,1,4,77.8,C1=CC=C(C=C1)OS(=O)(=O)N,PubChem,,,,Structure_PubChem,173.193,0.2689,1,3,69.39,11,1,2,,,,,173.193,,C6H7NO3S,,,,,,,,,,,Trouvé,,,,CID_11030308,Phenylsulfamate,phenyl sulfamate,C1=CC=C(C=C1)OS(=O)(=O)N,"InChI=1S/C6H7NO3S/c7-11(8,9)10-6-4-2-1-3-5-6/h1-5H,(H2,7,8,9)",XOIYZMDJFLKIEI-UHFFFAOYSA-N
Potassium diphenylphosphide,Industrial,11042360,C12H10KP,224.28,,0,1,0.0,C1=CC=C(C=C1)[P-]C2=CC=CC=C2.[K+],PubChem,,,,Structure_PubChem,224.284,-0.4124,0,0,0.0,14,2,2,,,,,224.284,,C12H10KP,,,,,,,,,,,Trouvé,,,,CID_11042360,Potassium diphenylphosphide,potassium diphenylphosphanide,C1=CC=C(C=C1)[P-]C2=CC=CC=C2.[K+],InChI=1S/C12H10P.K/c1-3-7-11(8-4-1)13-12-9-5-2-6-10-12;/h1-10H;/q-1;+1,FCLYZQXPJKJTDR-UHFFFAOYSA-N
Tritritiomethanol,Industrial,11073333,CH4O,38.066,-0.5,1,1,20.2,[3H]C([3H])([3H])O,PubChem,,,,Structure_PubChem,38.0661,-0.3915,1,1,20.23,2,0,0,,,,,38.0661,,CH4O,,,,,,,,,,,Trouvé,,,,CID_11073333,Tritritiomethanol,tritritiomethanol,[3H]C([3H])([3H])O,"InChI=1S/CH4O/c1-2/h2H,1H3/i1T3",OKKJLVBELUTLKV-RLXJOQACSA-N
2-Iodo-5-methylphenol,Industrial,11085696,C7H7IO,234.03,2.6,1,1,20.2,CC1=CC(=C(C=C1)I)O,PubChem,,,,Structure_PubChem,234.036,2.3052,1,1,20.23,9,1,0,,,,,234.036,,C7H7IO,,,,,,,,,,,Trouvé,,,,CID_11085696,2-Iodo-5-methylphenol,2-iodo-5-methylphenol,CC1=CC(=C(C=C1)I)O,"InChI=1S/C7H7IO/c1-5-2-3-6(8)7(9)4-5/h2-4,9H,1H3",SYJGEJGXAKCKSI-UHFFFAOYSA-N
Tritiomethanol,Industrial,11094532,CH4O,34.05,-0.5,1,1,20.2,[3H]CO,PubChem,,,,Structure_PubChem,34.05,-0.3915,1,1,20.23,2,0,0,,,,,34.05,,CH4O,,,,,,,,,,,Trouvé,,,,CID_11094532,Tritiomethanol,tritiomethanol,[3H]CO,"InChI=1S/CH4O/c1-2/h2H,1H3/i1T",OKKJLVBELUTLKV-CNRUNOGKSA-N
Acetone-2-14C,Industrial,11126172,C3H6O,60.07,-0.1,0,1,17.1,C[14C](=O)C,PubChem,,,,Structure_PubChem,60.0722,0.5953,0,1,17.07,4,0,0,,,,,60.0722,,C3H6O,,,,,,,,,,,Trouvé,,,,CID_11126172,Acetone-2-14C,(214C)propan-2-one,C[14C](=O)C,InChI=1S/C3H6O/c1-3(2)4/h1-2H3/i3+2,CSCPPACGZOOCGX-YZRHJBSPSA-N
Dimethyldiphenyltin,Industrial,11130460,C14H16Sn,302.99,,0,0,0.0,C[Sn](C)(C1=CC=CC=C1)C2=CC=CC=C2,PubChem,,,,Structure_PubChem,302.993,2.5092,0,0,0.0,15,2,2,,,,,302.993,,C14H16Sn,,,,,,,,,,,Trouvé,,,,CID_11130460,Dimethyldiphenyltin,dimethyl(diphenyl)stannane,C[Sn](C)(C1=CC=CC=C1)C2=CC=CC=C2,InChI=1S/2C6H5.2CH3.Sn/c2*1-2-4-6-5-3-1;;;/h2*1-5H;2*1H3;,INCQQSKGFIBXAY-UHFFFAOYSA-N
Methanol-13C,Industrial,11205710,CH4O,33.035,-0.5,1,1,20.2,[13CH3]O,PubChem,,,,Structure_PubChem,33.0344,-0.3915,1,1,20.23,2,0,0,,,,,33.0344,,CH4O,,,,,,,,,,,Trouvé,,,,CID_11205710,Methanol-13C,(113C)methanol,[13CH3]O,"InChI=1S/CH4O/c1-2/h2H,1H3/i1+1",OKKJLVBELUTLKV-OUBTZVSYSA-N
2-[(E)-2-(2-hydroxyphenyl)ethenyl]phenol,Industrial,11206621,C14H12O2,212.24,3.5,2,2,40.5,C1=CC=C(C(=C1)/C=C/C2=CC=CC=C2O)O,PubChem,,,,Structure_PubChem,212.248,3.2682,2,2,40.46,16,2,2,,,,,212.248,,C14H12O2,,,,,,,,,,,Trouvé,,,,CID_11206621,2-[(E)-2-(2-hydroxyphenyl)ethenyl]phenol,2-[(E)-2-(2-hydroxyphenyl)ethenyl]phenol,C1=CC=C(C(=C1)/C=C/C2=CC=CC=C2O)O,"InChI=1S/C14H12O2/c15-13-7-3-1-5-11(13)9-10-12-6-2-4-8-14(12)16/h1-10,15-16H/b10-9+",YINYVRLKOAKPLN-MDZDMXLPSA-N
4-Fluorobenzeneselenol,Industrial,11213424,C6H4FSe,174.06,,0,1,0.0,C1=CC(=CC=C1F)[Se],PubChem,,,,Structure_PubChem,174.056,0.6195,0,0,0.0,8,1,0,,,,,174.056,,C6H4FSe,,,,,,,,,,,Trouvé,,,,CID_11213424,4-Fluorobenzeneselenol,,C1=CC(=CC=C1F)[Se],InChI=1S/C6H4FSe/c7-5-1-3-6(8)4-2-5/h1-4H,SPQDWOVMPVBJOS-UHFFFAOYSA-N
Cardanol,Industrial,11266523,C21H30O,298.5,7.6,1,1,20.2,C=CC/C=C\C/C=C\CCCCCCCC1=CC(=CC=C1)O,PubChem,,,,Structure_PubChem,298.47,6.3539,1,1,20.23,22,1,12,,,,,298.47,,C21H30O,,,,,,,,,,,Trouvé,,,,CID_11266523,Cardanol,"3-[(8Z,11Z)-pentadeca-8,11,14-trienyl]phenol",C=CC/C=C\C/C=C\CCCCCCCC1=CC(=CC=C1)O,"InChI=1S/C21H30O/c1-2-3-4-5-6-7-8-9-10-11-12-13-14-16-20-17-15-18-21(22)19-20/h2,4-5,7-8,15,17-19,22H,1,3,6,9-14,16H2/b5-4-,8-7-",JOLVYUIAMRUBRK-UTOQUPLUSA-N
Benzene-13C6,Industrial,11309472,C6H6,84.068,2.1,0,0,0.0,[13CH]1=[13CH][13CH]=[13CH][13CH]=[13CH]1,PubChem,,,,Structure_PubChem,84.0681,1.6866,0,0,0.0,6,1,0,,,,,84.0681,,C6H6,,,,,,,,,,,Trouvé,,,,CID_11309472,Benzene-13C6,"(1,2,3,4,5,6-13C6)cyclohexatriene",[13CH]1=[13CH][13CH]=[13CH][13CH]=[13CH]1,"InChI=1S/C6H6/c1-2-4-6-5-3-1/h1-6H/i1+1,2+1,3+1,4+1,5+1,6+1",UHOVQNZJYSORNB-IDEBNGHGSA-N
Benzene-d5,Industrial,11332416,C6H6,83.14,2.1,0,0,0.0,[2H]C1=CC(=C(C(=C1[2H])[2H])[2H])[2H],PubChem,,,,Structure_PubChem,83.1445,1.6866,0,0,0.0,6,1,0,,,,,83.1445,,C6H6,,,,,,,,,,,Trouvé,,,,CID_11332416,Benzene-d5,"1,2,3,4,5-pentadeuteriobenzene",[2H]C1=CC(=C(C(=C1[2H])[2H])[2H])[2H],"InChI=1S/C6H6/c1-2-4-6-5-3-1/h1-6H/i1D,2D,3D,4D,5D",UHOVQNZJYSORNB-RALIUCGRSA-N
Licoflavone B,Industrial,11349817,C25H26O4,390.5,6.3,2,4,66.8,CC(=CCC1=CC2=C(C=C1O)OC(=CC2=O)C3=CC(=C(C=C3)O)CC=C(C)C)C,PubChem,,,,Structure_PubChem,390.479,5.8886,2,4,70.67,29,3,5,,,,,390.479,,C25H26O4,,,,,,,,,,,Trouvé,,,,CID_11349817,Licoflavone B,7-hydroxy-2-[4-hydroxy-3-(3-methylbut-2-enyl)phenyl]-6-(3-methylbut-2-enyl)chromen-4-one,CC(=CCC1=CC2=C(C=C1O)OC(=CC2=O)C3=CC(=C(C=C3)O)CC=C(C)C)C,"InChI=1S/C25H26O4/c1-15(2)5-7-17-11-19(9-10-21(17)26)24-14-23(28)20-12-18(8-6-16(3)4)22(27)13-25(20)29-24/h5-6,9-14,26-27H,7-8H2,1-4H3",GLDVIKFETPAZNV-UHFFFAOYSA-N
4-Hydroxybenzene-1-sulfonyl chloride,Industrial,11424093,C6H5ClO3S,192.62,1.5,1,3,62.8,C1=CC(=CC=C1O)S(=O)(=O)Cl,PubChem,,,,Structure_PubChem,192.623,1.3197,1,3,54.37,11,1,1,,,,,192.623,,C6H5ClO3S,,,,,,,,,,,Trouvé,,,,CID_11424093,4-Hydroxybenzene-1-sulfonyl chloride,4-hydroxybenzenesulfonyl chloride,C1=CC(=CC=C1O)S(=O)(=O)Cl,"InChI=1S/C6H5ClO3S/c7-11(9,10)6-3-1-5(8)2-4-6/h1-4,8H",XKQZGGLHJYTXJA-UHFFFAOYSA-N
2-Iodobenzyl Bromide,Industrial,11426472,C7H6BrI,296.93,3.4,0,0,0.0,C1=CC=C(C(=C1)CBr)I,PubChem,,,,Structure_PubChem,296.933,3.1861,0,0,0.0,9,1,1,,,,,296.933,,C7H6BrI,,,,,,,,,,,Trouvé,,,,CID_11426472,2-Iodobenzyl Bromide,1-(bromomethyl)-2-iodobenzene,C1=CC=C(C(=C1)CBr)I,"InChI=1S/C7H6BrI/c8-5-6-3-1-2-4-7(6)9/h1-4H,5H2",GQFITODJWOIYPF-UHFFFAOYSA-N
Acetone-13C3,Industrial,11434908,C3H6O,61.057,-0.1,0,1,17.1,[13CH3][13C](=O)[13CH3],PubChem,,,,Structure_PubChem,61.0571,0.5953,0,1,17.07,4,0,0,,,,,61.0571,,C3H6O,,,,,,,,,,,Trouvé,,,,CID_11434908,Acetone-13C3,"(1,2,3-13C3)propan-2-one",[13CH3][13C](=O)[13CH3],"InChI=1S/C3H6O/c1-3(2)4/h1-2H3/i1+1,2+1,3+1",CSCPPACGZOOCGX-VMIGTVKRSA-N
2-Iodo-4-(trifluoromethyl)phenol,Industrial,11572816,C7H4F3IO,288.01,3.1,1,4,20.2,C1=CC(=C(C=C1C(F)(F)F)I)O,PubChem,,,,Structure_PubChem,288.006,3.0156,1,1,20.23,12,1,0,,,,,288.006,,C7H4F3IO,,,,,,,,,,,Trouvé,,,,CID_11572816,2-Iodo-4-(trifluoromethyl)phenol,2-iodo-4-(trifluoromethyl)phenol,C1=CC(=C(C=C1C(F)(F)F)I)O,"InChI=1S/C7H4F3IO/c8-7(9,10)4-1-2-6(12)5(11)3-4/h1-3,12H",MRDCXUYQUSFQKF-UHFFFAOYSA-N
"1,6-Bis(4''-hydroxyphenyl)-hexa-1,3,5-triene",Industrial,11587026,C18H16O2,264.3,4.8,2,2,40.5,C1=CC(=CC=C1/C=C/C=C/C=C/C2=CC=C(C=C2)O)O,PubChem,,,,Structure_PubChem,264.324,4.3806,2,2,40.46,20,2,4,,,,,264.324,,C18H16O2,,,,,,,,,,,Trouvé,,,,CID_11587026,"1,6-Bis(4''-hydroxyphenyl)-hexa-1,3,5-triene","4-[(1E,3E,5E)-6-(4-hydroxyphenyl)hexa-1,3,5-trienyl]phenol",C1=CC(=CC=C1/C=C/C=C/C=C/C2=CC=C(C=C2)O)O,"InChI=1S/C18H16O2/c19-17-11-7-15(8-12-17)5-3-1-2-4-6-16-9-13-18(20)14-10-16/h1-14,19-20H/b2-1+,5-3+,6-4+",FXGYAFMJWIVHGO-CRQXNEITSA-N
Acetone-18O,Industrial,11636788,C3H6O,60.08,-0.1,0,1,17.1,CC(=[18O])C,PubChem,,,,Structure_PubChem,60.0802,0.5953,0,1,17.07,4,0,0,,,,,60.0802,,C3H6O,,,,,,,,,,,Trouvé,,,,CID_11636788,Acetone-18O,propan-2-(18O)one,CC(=[18O])C,InChI=1S/C3H6O/c1-3(2)4/h1-2H3/i4+2,CSCPPACGZOOCGX-DOMIDYPGSA-N
Protoapigenone,Industrial,11644907,C15H10O6,286.24,0.0,3,6,104.0,C1=CC(C=CC1=O)(C2=CC(=O)C3=C(C=C(C=C3O2)O)O)O,PubChem,,,,Structure_PubChem,286.239,1.0869,3,6,107.97,21,3,1,,,,,286.239,11644907.0,C15H10O6,286.24,0.0,3.0,6.0,104.0,21.0,,1.0,C1=CC(C=CC1=O)(C2=CC(=O)C3=C(C=C(C=C3O2)O)O)O,"5,7-dihydroxy-2-(1-hydroxy-4-oxocyclohexa-2,5-dien-1-yl)chromen-4-one",Trouvé,21.0,3.0,1.0,CID_11644907,Protoapigenone,"5,7-dihydroxy-2-(1-hydroxy-4-oxocyclohexa-2,5-dien-1-yl)chromen-4-one",C1=CC(C=CC1=O)(C2=CC(=O)C3=C(C=C(C=C3O2)O)O)O,"InChI=1S/C15H10O6/c16-8-1-3-15(20,4-2-8)13-7-11(19)14-10(18)5-9(17)6-12(14)21-13/h1-7,17-18,20H",DLMOVPAUHQQYHA-UHFFFAOYSA-N
2-(Prop-2-yn-1-yl)phenol,Industrial,11658299,C9H8O,132.16,2.2,1,1,20.2,C#CCC1=CC=CC=C1O,PubChem,,,,Structure_PubChem,132.162,1.5679,1,1,20.23,10,1,1,,,,,132.162,,C9H8O,,,,,,,,,,,Trouvé,,,,CID_11658299,2-(Prop-2-yn-1-yl)phenol,2-prop-2-ynylphenol,C#CCC1=CC=CC=C1O,"InChI=1S/C9H8O/c1-2-5-8-6-3-4-7-9(8)10/h1,3-4,6-7,10H,5H2",ZHDGEEPULWOWON-UHFFFAOYSA-N
Mammea A/BB,Industrial,11750116,C25H26O5,406.5,5.9,2,5,83.8,CCC(C)C(=O)C1=C(C(=C(C2=C1OC(=O)C=C2C3=CC=CC=C3)O)CC=C(C)C)O,PubChem,,,,Structure_PubChem,406.478,5.6087,2,5,87.74,30,3,6,,,,,406.478,,C25H26O5,,,,,,,,,,,Trouvé,,,,CID_11750116,Mammea A/BB,"5,7-dihydroxy-8-(2-methylbutanoyl)-6-(3-methylbut-2-enyl)-4-phenylchromen-2-one",CCC(C)C(=O)C1=C(C(=C(C2=C1OC(=O)C=C2C3=CC=CC=C3)O)CC=C(C)C)O,"InChI=1S/C25H26O5/c1-5-15(4)22(27)21-24(29)17(12-11-14(2)3)23(28)20-18(13-19(26)30-25(20)21)16-9-7-6-8-10-16/h6-11,13,15,28-29H,5,12H2,1-4H3",ZZRRSYITGMMRPP-UHFFFAOYSA-N
"2,3-Difluoro-1,4-diiodobenzene",Industrial,11760302,C6H2F2I2,365.89,3.4,0,2,0.0,C1=CC(=C(C(=C1I)F)F)I,PubChem,,,,Structure_PubChem,365.886,3.174,0,0,0.0,10,1,0,,,,,365.886,,C6H2F2I2,,,,,,,,,,,Trouvé,,,,CID_11760302,"2,3-Difluoro-1,4-diiodobenzene","2,3-difluoro-1,4-diiodobenzene",C1=CC(=C(C(=C1I)F)F)I,InChI=1S/C6H2F2I2/c7-5-3(9)1-2-4(10)6(5)8/h1-2H,DXJHUCBRDBXOOA-UHFFFAOYSA-N
Trideuterio(deuteriooxy)(113C)methane,Industrial,11788253,CH4O,37.059,-0.5,1,1,20.2,[2H][13C]([2H])([2H])O[2H],PubChem,,,,Structure_PubChem,37.0588,-0.3915,1,1,20.23,2,0,0,,,,,37.0588,,CH4O,,,,,,,,,,,Trouvé,,,,CID_11788253,Trideuterio(deuteriooxy)(113C)methane,trideuterio(deuteriooxy)(113C)methane,[2H][13C]([2H])([2H])O[2H],"InChI=1S/CH4O/c1-2/h2H,1H3/i1+1D3,2D",OKKJLVBELUTLKV-YFICBCNASA-N
"benzenethiol, potassium salt",Industrial,11789364,C6H5KS,148.27,,0,1,1.0,C1=CC=C(C=C1)[S-].[K+],PubChem,,,,Structure_PubChem,148.271,-1.4036,0,1,0.0,8,1,0,,,,,148.271,,C6H5KS,,,,,,,,,,,Trouvé,,,,CID_11789364,"benzenethiol, potassium salt",potassium benzenethiolate,C1=CC=C(C=C1)[S-].[K+],"InChI=1S/C6H6S.K/c7-6-4-2-1-3-5-6;/h1-5,7H;/q;+1/p-1",OALPPYUMFWGHEK-UHFFFAOYSA-M
Lithium phenoxide,Industrial,11815295,C6H5LiO,100.1,,0,1,23.1,[Li+].C1=CC=C(C=C1)[O-],PubChem,,,,Structure_PubChem,100.046,-2.2358,0,1,23.06,8,1,0,,,,,100.046,,C6H5LiO,,,,,,,,,,,Trouvé,,,,CID_11815295,Lithium phenoxide,lithium phenoxide,[Li+].C1=CC=C(C=C1)[O-],"InChI=1S/C6H6O.Li/c7-6-4-2-1-3-5-6;/h1-5,7H;/q;+1/p-1",XAVQZBGEXVFCJI-UHFFFAOYSA-M
Methylbenzene-d5,Industrial,11815823,C7H8,97.17,2.7,0,0,0.0,[2H]C1=C(C(=C(C(=C1[2H])[2H])C)[2H])[2H],PubChem,,,,Structure_PubChem,97.1715,1.995,0,0,0.0,7,1,0,,,,,97.1715,,C7H8,,,,,,,,,,,Trouvé,,,,CID_11815823,Methylbenzene-d5,"1,2,3,4,5-pentadeuterio-6-methylbenzene",[2H]C1=C(C(=C(C(=C1[2H])[2H])C)[2H])[2H],"InChI=1S/C7H8/c1-7-5-3-2-4-6-7/h2-6H,1H3/i2D,3D,4D,5D,6D",YXFVVABEGXRONW-VIQYUKPQSA-N
Gibbilimbol C,Industrial,11820250,C14H20O,204.31,5.0,1,1,20.2,CCC/C=C/CCCC1=CC=C(C=C1)O,PubChem,,,,Structure_PubChem,204.313,4.0712,1,1,20.23,15,1,6,,,,,204.313,,C14H20O,,,,,,,,,,,Trouvé,,,,CID_11820250,Gibbilimbol C,4-[(E)-oct-4-enyl]phenol,CCC/C=C/CCCC1=CC=C(C=C1)O,"InChI=1S/C14H20O/c1-2-3-4-5-6-7-8-13-9-11-14(15)12-10-13/h4-5,9-12,15H,2-3,6-8H2,1H3/b5-4+",WHTYMTFJEIRTRO-SNAWJCMRSA-N
"2,3-Butanedione-D6",Industrial,12197630,C4H6O2,92.13,-1.3,0,2,34.1,[2H]C([2H])([2H])C(=O)C(=O)C([2H])([2H])[2H],PubChem,,,,Structure_PubChem,92.1266,0.1644,0,2,34.14,6,0,1,,,,,92.1266,,C4H6O2,,,,,,,,,,,Trouvé,,,,CID_12197630,"2,3-Butanedione-D6","1,1,1,4,4,4-hexadeuteriobutane-2,3-dione",[2H]C([2H])([2H])C(=O)C(=O)C([2H])([2H])[2H],"InChI=1S/C4H6O2/c1-3(5)4(2)6/h1-2H3/i1D3,2D3",QSJXEFYPDANLFS-WFGJKAKNSA-N
3-Deuteriobutan-2-one,Industrial,12200356,C4H8O,73.11,0.3,0,1,17.1,[2H]C(C)C(=O)C,PubChem,,,,Structure_PubChem,73.1131,0.9854,0,1,17.07,5,0,1,,,,,73.1131,,C4H8O,,,,,,,,,,,Trouvé,,,,CID_12200356,3-Deuteriobutan-2-one,3-deuteriobutan-2-one,[2H]C(C)C(=O)C,"InChI=1S/C4H8O/c1-3-4(2)5/h3H2,1-2H3/i3D",ZWEHNKRNPOVVGH-WFVSFCRTSA-N
"2-Butanone-4,4,4-d3",Industrial,12200359,C4H8O,75.12,0.3,0,1,17.1,[2H]C([2H])([2H])CC(=O)C,PubChem,,,,Structure_PubChem,75.1253,0.9854,0,1,17.07,5,0,1,,,,,75.1253,,C4H8O,,,,,,,,,,,Trouvé,,,,CID_12200359,"2-Butanone-4,4,4-d3","4,4,4-trideuteriobutan-2-one",[2H]C([2H])([2H])CC(=O)C,"InChI=1S/C4H8O/c1-3-4(2)5/h3H2,1-2H3/i1D3",ZWEHNKRNPOVVGH-FIBGUPNXSA-N
1-Deuteriobutan-2-one,Industrial,12200360,C4H8O,73.11,0.3,0,1,17.1,[2H]CC(=O)CC,PubChem,,,,Structure_PubChem,73.1131,0.9854,0,1,17.07,5,0,1,,,,,73.1131,,C4H8O,,,,,,,,,,,Trouvé,,,,CID_12200360,1-Deuteriobutan-2-one,1-deuteriobutan-2-one,[2H]CC(=O)CC,"InChI=1S/C4H8O/c1-3-4(2)5/h3H2,1-2H3/i2D",ZWEHNKRNPOVVGH-VMNATFBRSA-N
"(2,2-~2~H_2_)Propan-1-ol",Industrial,12201030,C3H8O,62.11,0.3,1,1,20.2,[2H]C([2H])(C)CO,PubChem,,,,Structure_PubChem,62.1082,0.3887,1,1,20.23,4,0,1,,,,,62.1082,,C3H8O,,,,,,,,,,,Trouvé,,,,CID_12201030,"(2,2-~2~H_2_)Propan-1-ol","2,2-dideuteriopropan-1-ol",[2H]C([2H])(C)CO,"InChI=1S/C3H8O/c1-2-3-4/h4H,2-3H2,1H3/i2D2",BDERNNFJNOPAEC-CBTSVUPCSA-N
propyl-1-14C alcohol,Industrial,12201031,C3H8O,62.09,0.3,1,1,20.2,CC[14CH2]O,PubChem,,,,Structure_PubChem,62.0882,0.3887,1,1,20.23,4,0,1,,,,,62.0882,,C3H8O,,,,,,,,,,,Trouvé,,,,CID_12201031,propyl-1-14C alcohol,(114C)propan-1-ol,CC[14CH2]O,"InChI=1S/C3H8O/c1-2-3-4/h4H,2-3H2,1H3/i3+2",BDERNNFJNOPAEC-YZRHJBSPSA-N
Propyl-d7 alcohol,Industrial,12201032,C3H8O,67.14,0.3,1,1,20.2,[2H]C([2H])([2H])C([2H])([2H])C([2H])([2H])O,PubChem,,,,Structure_PubChem,67.1387,0.3887,1,1,20.23,4,0,1,,,,,67.1387,,C3H8O,,,,,,,,,,,Trouvé,,,,CID_12201032,Propyl-d7 alcohol,"1,1,2,2,3,3,3-heptadeuteriopropan-1-ol",[2H]C([2H])([2H])C([2H])([2H])C([2H])([2H])O,"InChI=1S/C3H8O/c1-2-3-4/h4H,2-3H2,1H3/i1D3,2D2,3D2",BDERNNFJNOPAEC-NCKGIQLSSA-N
"1,2-Dideuteriopropan-1-ol",Industrial,12201035,C3H8O,62.11,0.3,1,1,20.2,[2H]C(C)C([2H])O,PubChem,,,,Structure_PubChem,62.1082,0.3887,1,1,20.23,4,0,1,,,,,62.1082,,C3H8O,,,,,,,,,,,Trouvé,,,,CID_12201035,"1,2-Dideuteriopropan-1-ol","1,2-dideuteriopropan-1-ol",[2H]C(C)C([2H])O,"InChI=1S/C3H8O/c1-2-3-4/h4H,2-3H2,1H3/i2D,3D",BDERNNFJNOPAEC-PBNXXWCMSA-N
1-Deuteriopropanol,Industrial,12201037,C3H8O,61.1,0.3,1,1,20.2,[2H]C(CC)O,PubChem,,,,Structure_PubChem,61.1021,0.3887,1,1,20.23,4,0,1,,,,,61.1021,,C3H8O,,,,,,,,,,,Trouvé,,,,CID_12201037,1-Deuteriopropanol,1-deuteriopropan-1-ol,[2H]C(CC)O,"InChI=1S/C3H8O/c1-2-3-4/h4H,2-3H2,1H3/i3D",BDERNNFJNOPAEC-WFVSFCRTSA-N
"1-Propanol-1,1-d2",Industrial,12201038,C3H8O,62.11,0.3,1,1,20.2,[2H]C([2H])(CC)O,PubChem,,,,Structure_PubChem,62.1082,0.3887,1,1,20.23,4,0,1,,,,,62.1082,,C3H8O,,,,,,,,,,,Trouvé,,,,CID_12201038,"1-Propanol-1,1-d2","1,1-dideuteriopropan-1-ol",[2H]C([2H])(CC)O,"InChI=1S/C3H8O/c1-2-3-4/h4H,2-3H2,1H3/i3D2",BDERNNFJNOPAEC-SMZGMGDZSA-N
1-Propanol-1-13C,Industrial,12201039,C3H8O,61.09,0.3,1,1,20.2,CC[13CH2]O,PubChem,,,,Structure_PubChem,61.0884,0.3887,1,1,20.23,4,0,1,,,,,61.0884,,C3H8O,,,,,,,,,,,Trouvé,,,,CID_12201039,1-Propanol-1-13C,(113C)propan-1-ol,CC[13CH2]O,"InChI=1S/C3H8O/c1-2-3-4/h4H,2-3H2,1H3/i3+1",BDERNNFJNOPAEC-LBPDFUHNSA-N
"1-Propanol-3,3,3-d3",Industrial,12201040,C3H8O,63.11,0.3,1,1,20.2,[2H]C([2H])([2H])CCO,PubChem,,,,Structure_PubChem,63.1143,0.3887,1,1,20.23,4,0,1,,,,,63.1143,,C3H8O,,,,,,,,,,,Trouvé,,,,CID_12201040,"1-Propanol-3,3,3-d3","3,3,3-trideuteriopropan-1-ol",[2H]C([2H])([2H])CCO,"InChI=1S/C3H8O/c1-2-3-4/h4H,2-3H2,1H3/i1D3",BDERNNFJNOPAEC-FIBGUPNXSA-N
Monodeuteropropyl alcohol,Industrial,12201043,C3H8O,61.1,0.3,1,1,20.2,[2H]OCCC,PubChem,,,,Structure_PubChem,61.1021,0.3887,1,1,20.23,4,0,2,,,,,61.1021,,C3H8O,,,,,,,,,,,Trouvé,,,,CID_12201043,Monodeuteropropyl alcohol,1-deuteriooxypropane,[2H]OCCC,"InChI=1S/C3H8O/c1-2-3-4/h4H,2-3H2,1H3/i4D",BDERNNFJNOPAEC-QYKNYGDISA-N
Methyl alcohol-d,Industrial,12201670,CH4O,33.048,-0.5,1,1,20.2,[2H]CO,PubChem,,,,Structure_PubChem,33.0481,-0.3915,1,1,20.23,2,0,0,,,,,33.0481,,CH4O,,,,,,,,,,,Trouvé,,,,CID_12201670,Methyl alcohol-d,deuteriomethanol,[2H]CO,"InChI=1S/CH4O/c1-2/h2H,1H3/i1D",OKKJLVBELUTLKV-MICDWDOJSA-N
Tritiooxymethane,Industrial,12201671,CH4O,34.05,-0.5,1,1,20.2,[3H]OC,PubChem,,,,Structure_PubChem,34.05,-0.3915,1,1,20.23,2,0,0,,,,,34.05,,CH4O,,,,,,,,,,,Trouvé,,,,CID_12201671,Tritiooxymethane,tritiooxymethane,[3H]OC,"InChI=1S/CH4O/c1-2/h2H,1H3/i2T",OKKJLVBELUTLKV-FUPOQFPWSA-N
Methanol-18O,Industrial,12201672,CH4O,34.042,-0.5,1,1,20.2,C[18OH],PubChem,,,,Structure_PubChem,34.0422,-0.3915,1,1,20.23,2,0,0,,,,,34.0422,,CH4O,,,,,,,,,,,Trouvé,,,,CID_12201672,Methanol-18O,methan(18O)ol,C[18OH],"InChI=1S/CH4O/c1-2/h2H,1H3/i2+2",OKKJLVBELUTLKV-HQMMCQRPSA-N
1-Deuterio-1-deuteriooxyethane,Industrial,12201679,C2H6O,48.08,-0.1,1,1,20.2,[2H]C(C)O[2H],PubChem,,,,Structure_PubChem,48.0812,-0.0014,1,1,20.23,3,0,1,,,,,48.0812,,C2H6O,,,,,,,,,,,Trouvé,,,,CID_12201679,1-Deuterio-1-deuteriooxyethane,1-deuterio-1-deuteriooxyethane,[2H]C(C)O[2H],"InChI=1S/C2H6O/c1-2-3/h3H,2H2,1H3/i2D,3D",LFQSCWFLJHTTHZ-PBNXXWCMSA-N
1-Tritioethanol,Industrial,12201681,C2H6O,48.08,-0.1,1,1,20.2,[3H]C(C)O,PubChem,,,,Structure_PubChem,48.077,-0.0014,1,1,20.23,3,0,0,,,,,48.077,,C2H6O,,,,,,,,,,,Trouvé,,,,CID_12201681,1-Tritioethanol,1-tritioethanol,[3H]C(C)O,"InChI=1S/C2H6O/c1-2-3/h3H,2H2,1H3/i2T",LFQSCWFLJHTTHZ-FUPOQFPWSA-N
Ethanol-1-13C,Industrial,12201684,C2H6O,47.061,-0.1,1,1,20.2,C[13CH2]O,PubChem,,,,Structure_PubChem,47.0614,-0.0014,1,1,20.23,3,0,0,,,,,47.0614,,C2H6O,,,,,,,,,,,Trouvé,,,,CID_12201684,Ethanol-1-13C,(113C)ethanol,C[13CH2]O,"InChI=1S/C2H6O/c1-2-3/h3H,2H2,1H3/i2+1",LFQSCWFLJHTTHZ-VQEHIDDOSA-N
Tritiooxyethane,Industrial,12201685,C2H6O,48.08,-0.1,1,1,20.2,[3H]OCC,PubChem,,,,Structure_PubChem,48.077,-0.0014,1,1,20.23,3,0,1,,,,,48.077,,C2H6O,,,,,,,,,,,Trouvé,,,,CID_12201685,Tritiooxyethane,tritiooxyethane,[3H]OCC,"InChI=1S/C2H6O/c1-2-3/h3H,2H2,1H3/i3T",LFQSCWFLJHTTHZ-WJULDGBESA-N
"1,2-Dideuterioethanol",Industrial,12201686,C2H6O,48.08,-0.1,1,1,20.2,[2H]CC([2H])O,PubChem,,,,Structure_PubChem,48.0812,-0.0014,1,1,20.23,3,0,0,,,,,48.0812,,C2H6O,,,,,,,,,,,Trouvé,,,,CID_12201686,"1,2-Dideuterioethanol","1,2-dideuterioethanol",[2H]CC([2H])O,"InChI=1S/C2H6O/c1-2-3/h3H,2H2,1H3/i1D,2D",LFQSCWFLJHTTHZ-QDNHWIQGSA-N
Ethyl-1-D1 alcohol,Industrial,12201687,C2H6O,47.07,-0.1,1,1,20.2,[2H]C(C)O,PubChem,,,,Structure_PubChem,47.0751,-0.0014,1,1,20.23,3,0,0,,,,,47.0751,,C2H6O,,,,,,,,,,,Trouvé,,,,CID_12201687,Ethyl-1-D1 alcohol,1-deuterioethanol,[2H]C(C)O,"InChI=1S/C2H6O/c1-2-3/h3H,2H2,1H3/i2D",LFQSCWFLJHTTHZ-VMNATFBRSA-N
"2,2-Dideuteroethanol",Industrial,12201690,C2H6O,48.08,-0.1,1,1,20.2,[2H]C([2H])CO,PubChem,,,,Structure_PubChem,48.0812,-0.0014,1,1,20.23,3,0,0,,,,,48.0812,,C2H6O,,,,,,,,,,,Trouvé,,,,CID_12201690,"2,2-Dideuteroethanol","2,2-dideuterioethanol",[2H]C([2H])CO,"InChI=1S/C2H6O/c1-2-3/h3H,2H2,1H3/i1D2",LFQSCWFLJHTTHZ-DICFDUPASA-N
Ethanol-d5,Industrial,12201693,C2H6O,51.1,-0.1,1,1,20.2,[2H]C([2H])([2H])C([2H])([2H])O,PubChem,,,,Structure_PubChem,51.0995,-0.0014,1,1,20.23,3,0,0,,,,,51.0995,,C2H6O,,,,,,,,,,,Trouvé,,,,CID_12201693,Ethanol-d5,"1,1,2,2,2-pentadeuterioethanol",[2H]C([2H])([2H])C([2H])([2H])O,"InChI=1S/C2H6O/c1-2-3/h3H,2H2,1H3/i1D3,2D2",LFQSCWFLJHTTHZ-ZBJDZAJPSA-N
Ethanol-13C2,Industrial,12201694,C2H6O,48.054,-0.1,1,1,20.2,[13CH3][13CH2]O,PubChem,,,,Structure_PubChem,48.0537,-0.0014,1,1,20.23,3,0,0,,,,,48.0537,,C2H6O,,,,,,,,,,,Trouvé,,,,CID_12201694,Ethanol-13C2,"(1,2-13C2)ethanol",[13CH3][13CH2]O,"InChI=1S/C2H6O/c1-2-3/h3H,2H2,1H3/i1+1,2+1",LFQSCWFLJHTTHZ-ZDOIIHCHSA-N
Ethanol-2-13C,Industrial,12201695,C2H6O,47.061,-0.1,1,1,20.2,[13CH3]CO,PubChem,,,,Structure_PubChem,47.0614,-0.0014,1,1,20.23,3,0,0,,,,,47.0614,,C2H6O,,,,,,,,,,,Trouvé,,,,CID_12201695,Ethanol-2-13C,(213C)ethanol,[13CH3]CO,"InChI=1S/C2H6O/c1-2-3/h3H,2H2,1H3/i1+1",LFQSCWFLJHTTHZ-OUBTZVSYSA-N
"1,1,1-Trideuterio-2-deuteriooxyethane",Industrial,12201698,C2H6O,50.09,-0.1,1,1,20.2,[2H]C([2H])([2H])CO[2H],PubChem,,,,Structure_PubChem,50.0934,-0.0014,1,1,20.23,3,0,1,,,,,50.0934,,C2H6O,,,,,,,,,,,Trouvé,,,,CID_12201698,"1,1,1-Trideuterio-2-deuteriooxyethane","1,1,1-trideuterio-2-deuteriooxyethane",[2H]C([2H])([2H])CO[2H],"InChI=1S/C2H6O/c1-2-3/h3H,2H2,1H3/i1D3,3D",LFQSCWFLJHTTHZ-VYMTUXDUSA-N
"Benzene-d, 4-bromo-",Industrial,12204136,C6H5Br,158.01,3.0,0,0,0.0,[2H]C1=CC=C(C=C1)Br,PubChem,,,,Structure_PubChem,158.0161,2.4491,0,0,0.0,7,1,0,,,,,158.0161,,C6H5Br,,,,,,,,,,,Trouvé,,,,CID_12204136,"Benzene-d, 4-bromo-",1-bromo-4-deuteriobenzene,[2H]C1=CC=C(C=C1)Br,InChI=1S/C6H5Br/c7-6-4-2-1-3-5-6/h1-5H/i1D,QARVLSVVCXYDNA-MICDWDOJSA-N
Phenol-OD,Industrial,12205409,C6H6O,95.12,1.5,1,1,20.2,[2H]OC1=CC=CC=C1,PubChem,,,,Structure_PubChem,95.1191,1.3922,1,1,20.23,7,1,1,,,,,95.1191,,C6H6O,,,,,,,,,,,Trouvé,,,,CID_12205409,Phenol-OD,deuteriooxybenzene,[2H]OC1=CC=CC=C1,"InChI=1S/C6H6O/c7-6-4-2-1-3-5-6/h1-5,7H/i/hD",ISWSIDIOOBJBQZ-DYCDLGHISA-N
Phenol-1-13C,Industrial,12205416,C6H6O,95.1,1.5,1,1,20.2,C1=CC=[13C](C=C1)O,PubChem,,,,Structure_PubChem,95.1054,1.3922,1,1,20.23,7,1,0,,,,,95.1054,,C6H6O,,,,,,,,,,,Trouvé,,,,CID_12205416,Phenol-1-13C,(113C)cyclohexatrienol,C1=CC=[13C](C=C1)O,"InChI=1S/C6H6O/c7-6-4-2-1-3-5-6/h1-5,7H/i6+1",ISWSIDIOOBJBQZ-PTQBSOBMSA-N
Phen-d5-ol,Industrial,12205419,C6H6O,99.14,1.5,1,1,20.2,[2H]C1=C(C(=C(C(=C1[2H])[2H])O)[2H])[2H],PubChem,,,,Structure_PubChem,99.1435,1.3922,1,1,20.23,7,1,0,,,,,99.1435,,C6H6O,,,,,,,,,,,Trouvé,,,,CID_12205419,Phen-d5-ol,"2,3,4,5,6-pentadeuteriophenol",[2H]C1=C(C(=C(C(=C1[2H])[2H])O)[2H])[2H],"InChI=1S/C6H6O/c7-6-4-2-1-3-5-6/h1-5,7H/i1D,2D,3D,4D,5D",ISWSIDIOOBJBQZ-RALIUCGRSA-N
(E)-2-(3-Hydroxyprop-1-en-1-yl)phenol,Industrial,12292573,C9H10O2,150.17,1.3,2,2,40.5,C1=CC=C(C(=C1)/C=C/CO)O,PubChem,,,,Structure_PubChem,150.177,1.3977,2,2,40.46,11,1,2,,,,,150.177,,C9H10O2,,,,,,,,,,,Trouvé,,,,CID_12292573,(E)-2-(3-Hydroxyprop-1-en-1-yl)phenol,2-[(E)-3-hydroxyprop-1-enyl]phenol,C1=CC=C(C(=C1)/C=C/CO)O,"InChI=1S/C9H10O2/c10-7-3-5-8-4-1-2-6-9(8)11/h1-6,10-11H,7H2/b5-3+",FDIWLEOZUNUOCT-HWKANZROSA-N
"Phenol, 4-(heptafluoropropyl)-",Industrial,12294034,C9H5F7O,262.12,3.8,1,8,20.2,C1=CC(=CC=C1C(C(C(F)(F)F)(F)F)(F)F)O,PubChem,,,,Structure_PubChem,262.124,3.6816,1,1,20.23,17,1,2,,,,,262.124,,C9H5F7O,,,,,,,,,,,Trouvé,,,,CID_12294034,"Phenol, 4-(heptafluoropropyl)-","4-(1,1,2,2,3,3,3-heptafluoropropyl)phenol",C1=CC(=CC=C1C(C(C(F)(F)F)(F)F)(F)F)O,"InChI=1S/C9H5F7O/c10-7(11,8(12,13)9(14,15)16)5-1-3-6(17)4-2-5/h1-4,17H",OTFLZXXBEWPSKG-UHFFFAOYSA-N
Anziaic acid,Industrial,12306720,C24H30O7,430.5,7.7,4,7,124.0,CCCCCC1=C(C(=CC(=C1)O)O)C(=O)OC2=CC(=C(C(=C2)O)C(=O)O)CCCCC,PubChem,,,,Structure_PubChem,430.497,5.1862,4,6,124.29,31,2,11,,,,,430.497,,C24H30O7,,,,,,,,,,,Trouvé,,,,CID_12306720,Anziaic acid,"4-(2,4-dihydroxy-6-pentylbenzoyl)oxy-2-hydroxy-6-pentylbenzoic acid",CCCCCC1=C(C(=CC(=C1)O)O)C(=O)OC2=CC(=C(C(=C2)O)C(=O)O)CCCCC,"InChI=1S/C24H30O7/c1-3-5-7-9-15-11-17(25)13-19(26)22(15)24(30)31-18-12-16(10-8-6-4-2)21(23(28)29)20(27)14-18/h11-14,25-27H,3-10H2,1-2H3,(H,28,29)",BEFYPHLCGVCBFF-UHFFFAOYSA-N
5-Octylphenol,Industrial,12321377,C14H22O,206.32,5.6,1,1,20.2,CCCCCCCCC1=CC(=CC=C1)O,PubChem,,,,Structure_PubChem,206.329,4.2952,1,1,20.23,15,1,7,,,,,206.329,,C14H22O,,,,,,,,,,,Trouvé,,,,CID_12321377,5-Octylphenol,3-octylphenol,CCCCCCCCC1=CC(=CC=C1)O,"InChI=1S/C14H22O/c1-2-3-4-5-6-7-9-13-10-8-11-14(15)12-13/h8,10-12,15H,2-7,9H2,1H3",QEVPNCHYTKOQMP-UHFFFAOYSA-N
Diphenylsilane-d2,Industrial,12399551,C12H12Si,186.32,,0,0,0.0,[2H][Si]([2H])(C1=CC=CC=C1)C2=CC=CC=C2,PubChem,,,,Structure_PubChem,186.3262,0.8062,0,0,0.0,13,2,2,,,,,186.3262,,C12H12Si,,,,,,,,,,,Trouvé,,,,CID_12399551,Diphenylsilane-d2,dideuterio(diphenyl)silane,[2H][Si]([2H])(C1=CC=CC=C1)C2=CC=CC=C2,"InChI=1S/C12H12Si/c1-3-7-11(8-4-1)13-12-9-5-2-6-10-12/h1-10H,13H2/i13D2",VDCSGNNYCFPWFK-KLTYLHELSA-N
3-(2-Methylpropyl)phenol,Industrial,12410949,C10H14O,150.22,3.2,1,1,20.2,CC(C)CC1=CC(=CC=C1)O,PubChem,,,,Structure_PubChem,150.221,2.5907,1,1,20.23,11,1,2,,,,,150.221,,C10H14O,,,,,,,,,,,Trouvé,,,,CID_12410949,3-(2-Methylpropyl)phenol,3-(2-methylpropyl)phenol,CC(C)CC1=CC(=CC=C1)O,"InChI=1S/C10H14O/c1-8(2)6-9-4-3-5-10(11)7-9/h3-5,7-8,11H,6H2,1-2H3",ZKSISJGIJFEBMS-UHFFFAOYSA-N
Propan-1-one,Industrial,12441264,C3H5O-,57.07,0.6,0,2,17.1,CC[C-]=O,PubChem,,,,Structure_PubChem,57.072,0.5061,0,1,17.07,4,0,1,,,,,57.072,,C3H5O-,,,,,,,,,,,Trouvé,,,,CID_12441264,Propan-1-one,propan-1-one,CC[C-]=O,"InChI=1S/C3H5O/c1-2-3-4/h2H2,1H3/q-1",YVBDEMAELTUEQK-UHFFFAOYSA-N
CID 12461034,Industrial,12461034,C3H7O,59.09,0.3,1,1,20.2,CC([CH2])O,PubChem,,,,Structure_PubChem,59.088,0.2013,1,1,20.23,4,0,0,,,,,59.088,,C3H7O,,,,,,,,,,,Trouvé,,,,CID_12461034,CID 12461034,,CC([CH2])O,"InChI=1S/C3H7O/c1-3(2)4/h3-4H,1H2,2H3",INKFUXNIEHXFJX-UHFFFAOYSA-N
o-Phosphinophenol,Industrial,12482992,C6H7OP,126.09,1.1,1,1,20.2,C1=CC=C(C(=C1)O)P,PubChem,,,,Structure_PubChem,126.095,0.8926,1,1,20.23,8,1,0,,,,,126.095,,C6H7OP,,,,,,,,,,,Trouvé,,,,CID_12482992,o-Phosphinophenol,2-phosphanylphenol,C1=CC=C(C(=C1)O)P,"InChI=1S/C6H7OP/c7-5-3-1-2-4-6(5)8/h1-4,7H,8H2",ZUYRZVQAOUOSQI-UHFFFAOYSA-N
"1,1-Dideuterio-2-fluoroethanol",Industrial,12518138,C2H5FO,66.07,-0.8,1,2,20.2,[2H]C([2H])(CF)O,PubChem,,,,Structure_PubChem,66.0712,-0.0518,1,1,20.23,4,0,1,,,,,66.0712,,C2H5FO,,,,,,,,,,,Trouvé,,,,CID_12518138,"1,1-Dideuterio-2-fluoroethanol","1,1-dideuterio-2-fluoroethanol",[2H]C([2H])(CF)O,"InChI=1S/C2H5FO/c3-1-2-4/h4H,1-2H2/i2D2",GGDYAKVUZMZKRV-CBTSVUPCSA-N
1-Hydroxypropyl,Industrial,12543517,C3H7O,59.09,0.3,1,1,20.2,CC[CH]O,PubChem,,,,Structure_PubChem,59.088,0.9307,1,1,20.23,4,0,1,,,,,59.088,,C3H7O,,,,,,,,,,,Trouvé,,,,CID_12543517,1-Hydroxypropyl,,CC[CH]O,"InChI=1S/C3H7O/c1-2-3-4/h3-4H,2H2,1H3",YKQGVEDBSRSFHE-UHFFFAOYSA-N
Propan-2-ylideneoxidanium,Industrial,12543519,C3H7O+,59.09,-0.1,1,0,1.0,CC(=[OH+])C,PubChem,,,,Structure_PubChem,59.088,0.5711,0,0,21.4,4,0,0,,,,,59.088,,C3H7O+,,,,,,,,,,,Trouvé,,,,CID_12543519,Propan-2-ylideneoxidanium,propan-2-ylideneoxidanium,CC(=[OH+])C,InChI=1S/C3H6O/c1-3(2)4/h1-2H3/p+1,CSCPPACGZOOCGX-UHFFFAOYSA-O
Estrogen receptor-IN-1,Industrial,12582127,C14H16OSi,228.36,,1,1,20.2,C[Si](C)(C1=CC=CC=C1)C2=CC=C(C=C2)O,PubChem,,,,Structure_PubChem,228.367,2.2148,1,1,20.23,16,2,2,,,,,228.367,,C14H16OSi,,,,,,,,,,,Trouvé,,,,CID_12582127,Estrogen receptor-IN-1,4-[dimethyl(phenyl)silyl]phenol,C[Si](C)(C1=CC=CC=C1)C2=CC=C(C=C2)O,"InChI=1S/C14H16OSi/c1-16(2,13-6-4-3-5-7-13)14-10-8-12(15)9-11-14/h3-11,15H,1-2H3",QXIQBDCQUFEYPC-UHFFFAOYSA-N
CID 12589036,Industrial,12589036,C4H7O,71.1,0.3,0,1,17.1,CC(=O)C[CH2],PubChem,,,,Structure_PubChem,71.099,0.7996,0,1,17.07,5,0,1,,,,,71.099,,C4H7O,,,,,,,,,,,Trouvé,,,,CID_12589036,CID 12589036,,CC(=O)C[CH2],"InChI=1S/C4H7O/c1-3-4(2)5/h1,3H2,2H3",KAXGSZOLRBNQKF-UHFFFAOYSA-N
Phenyl phosphorodifluoridate,Industrial,12640471,C6H5F2O2P,178.07,2.3,0,4,26.3,C1=CC=C(C=C1)OP(=O)(F)F,PubChem,,,,Structure_PubChem,178.074,3.1125,0,2,26.3,11,1,2,,,,,178.074,,C6H5F2O2P,,,,,,,,,,,Trouvé,,,,CID_12640471,Phenyl phosphorodifluoridate,difluorophosphoryloxybenzene,C1=CC=C(C=C1)OP(=O)(F)F,"InChI=1S/C6H5F2O2P/c7-11(8,9)10-6-4-2-1-3-5-6/h1-5H",YRLQYTUFYPUCAE-UHFFFAOYSA-N
5-Fluororesorcinol,Industrial,12658778,C6H5FO2,128.1,0.6,2,3,40.5,C1=C(C=C(C=C1O)F)O,PubChem,,,,Structure_PubChem,128.102,1.2369,2,2,40.46,9,1,0,,,,,128.102,,C6H5FO2,,,,,,,,,,,Trouvé,,,,CID_12658778,5-Fluororesorcinol,"5-fluorobenzene-1,3-diol",C1=C(C=C(C=C1O)F)O,"InChI=1S/C6H5FO2/c7-4-1-5(8)3-6(9)2-4/h1-3,8-9H",LYFBZGKZAZBANN-UHFFFAOYSA-N
Methyloxidanium,Industrial,12660727,CH5O+,33.05,-0.5,1,0,1.0,C[OH2+],PubChem,,,,Structure_PubChem,33.05,-0.6592,0,0,22.9,2,0,0,,,,,33.05,,CH5O+,,,,,,,,,,,Trouvé,,,,CID_12660727,Methyloxidanium,methyloxidanium,C[OH2+],"InChI=1S/CH4O/c1-2/h2H,1H3/p+1",OKKJLVBELUTLKV-UHFFFAOYSA-O
Chloro(diphenyl)bismuthane,Industrial,12666459,C12H10BiCl,398.64,,0,0,0.0,C1=CC=C(C=C1)[Bi](C2=CC=CC=C2)Cl,PubChem,,,,Structure_PubChem,398.645,2.0311,0,0,0.0,14,2,2,,,,,398.645,,C12H10BiCl,,,,,,,,,,,Trouvé,,,,CID_12666459,Chloro(diphenyl)bismuthane,chloro(diphenyl)bismuthane,C1=CC=C(C=C1)[Bi](C2=CC=CC=C2)Cl,InChI=1S/2C6H5.Bi.ClH/c2*1-2-4-6-5-3-1;;/h2*1-5H;;1H/q;;+1;/p-1,SSSNMSMAYWNPOF-UHFFFAOYSA-M
Dideuterio-hydroxy-methane,Industrial,12812205,CH4O,34.054,-0.5,1,1,20.2,[2H]C([2H])O,PubChem,,,,Structure_PubChem,34.0542,-0.3915,1,1,20.23,2,0,0,,,,,34.0542,,CH4O,,,,,,,,,,,Trouvé,,,,CID_12812205,Dideuterio-hydroxy-methane,dideuteriomethanol,[2H]C([2H])O,"InChI=1S/CH4O/c1-2/h2H,1H3/i1D2",OKKJLVBELUTLKV-DICFDUPASA-N
Di(n-phenylphosphine) selenide,Industrial,12871006,C12H10PSe+,264.15,,0,0,0.0,C1=CC=C(C=C1)[P+](=[Se])C2=CC=CC=C2,PubChem,,,,Structure_PubChem,264.146,2.2028,0,0,0.0,14,2,2,,,,,264.146,,C12H10PSe+,,,,,,,,,,,Trouvé,,,,CID_12871006,Di(n-phenylphosphine) selenide,diphenyl(selanylidene)phosphanium,C1=CC=C(C=C1)[P+](=[Se])C2=CC=CC=C2,InChI=1S/C12H10PSe/c14-13(11-7-3-1-4-8-11)12-9-5-2-6-10-12/h1-10H/q+1,LPZSDUWKJMIQJM-UHFFFAOYSA-N
4-Methylumbelliferone 8-carbaldehyde,Industrial,12934390,C11H8O4,204.18,1.5,1,4,63.6,CC1=CC(=O)OC2=C1C=CC(=C2C=O)O,PubChem,,,,Structure_PubChem,204.181,1.6195,1,4,67.51,15,2,1,,,,,204.181,,C11H8O4,,,,,,,,,,,Trouvé,,,,CID_12934390,4-Methylumbelliferone 8-carbaldehyde,7-hydroxy-4-methyl-2-oxochromene-8-carbaldehyde,CC1=CC(=O)OC2=C1C=CC(=C2C=O)O,"InChI=1S/C11H8O4/c1-6-4-10(14)15-11-7(6)2-3-9(13)8(11)5-12/h2-5,13H,1H3",RTHHSXOVIJWFQP-UHFFFAOYSA-N
"1,1,2-Trideuteriopropan-1-ol",Industrial,12969351,C3H8O,63.11,0.3,1,1,20.2,[2H]C(C)C([2H])([2H])O,PubChem,,,,Structure_PubChem,63.1143,0.3887,1,1,20.23,4,0,1,,,,,63.1143,,C3H8O,,,,,,,,,,,Trouvé,,,,CID_12969351,"1,1,2-Trideuteriopropan-1-ol","1,1,2-trideuteriopropan-1-ol",[2H]C(C)C([2H])([2H])O,"InChI=1S/C3H8O/c1-2-3-4/h4H,2-3H2,1H3/i2D,3D2",BDERNNFJNOPAEC-ZGNTZOCWSA-N
"(2,2-~2~H_2_)Ethenylbenzene",Industrial,12998934,C8H8,106.16,2.9,0,0,0.0,[2H]C(=CC1=CC=CC=C1)[2H],PubChem,,,,Structure_PubChem,106.1642,2.3296,0,0,0.0,8,1,1,,,,,106.1642,,C8H8,,,,,,,,,,,Trouvé,,,,CID_12998934,"(2,2-~2~H_2_)Ethenylbenzene","2,2-dideuterioethenylbenzene",[2H]C(=CC1=CC=CC=C1)[2H],"InChI=1S/C8H8/c1-2-8-6-4-3-5-7-8/h2-7H,1H2/i1D2",PPBRXRYQALVLMV-DICFDUPASA-N
Styrene-a-d1,Industrial,12998939,C8H8,105.15,2.9,0,0,0.0,[2H]C(=C)C1=CC=CC=C1,PubChem,,,,Structure_PubChem,105.1581,2.3296,0,0,0.0,8,1,1,,,,,105.1581,,C8H8,,,,,,,,,,,Trouvé,,,,CID_12998939,Styrene-a-d1,1-deuterioethenylbenzene,[2H]C(=C)C1=CC=CC=C1,"InChI=1S/C8H8/c1-2-8-6-4-3-5-7-8/h2-7H,1H2/i2D",PPBRXRYQALVLMV-VMNATFBRSA-N
"Styrene-2,3,4,5,6-d5",Industrial,12998940,C8H8,109.18,2.9,0,0,0.0,[2H]C1=C(C(=C(C(=C1[2H])[2H])C=C)[2H])[2H],PubChem,,,,Structure_PubChem,109.1825,2.3296,0,0,0.0,8,1,1,,,,,109.1825,,C8H8,,,,,,,,,,,Trouvé,,,,CID_12998940,"Styrene-2,3,4,5,6-d5","1,2,3,4,5-pentadeuterio-6-ethenylbenzene",[2H]C1=C(C(=C(C(=C1[2H])[2H])C=C)[2H])[2H],"InChI=1S/C8H8/c1-2-8-6-4-3-5-7-8/h2-7H,1H2/i3D,4D,5D,6D,7D",PPBRXRYQALVLMV-DKFMXDSJSA-N
Trideuteroacetone,Industrial,13001278,C3H6O,61.1,-0.1,0,1,17.1,[2H]C([2H])([2H])C(=O)C,PubChem,,,,Structure_PubChem,61.0983,0.5953,0,1,17.07,4,0,0,,,,,61.0983,,C3H6O,,,,,,,,,,,Trouvé,,,,CID_13001278,Trideuteroacetone,"1,1,1-trideuteriopropan-2-one",[2H]C([2H])([2H])C(=O)C,InChI=1S/C3H6O/c1-3(2)4/h1-2H3/i1D3,CSCPPACGZOOCGX-FIBGUPNXSA-N
"Acetone-1,3-13C2",Industrial,13001281,C3H6O,60.065,-0.1,0,1,17.1,[13CH3]C(=O)[13CH3],PubChem,,,,Structure_PubChem,60.0647,0.5953,0,1,17.07,4,0,0,,,,,60.0647,,C3H6O,,,,,,,,,,,Trouvé,,,,CID_13001281,"Acetone-1,3-13C2","(1,3-13C2)propan-2-one",[13CH3]C(=O)[13CH3],"InChI=1S/C3H6O/c1-3(2)4/h1-2H3/i1+1,2+1",CSCPPACGZOOCGX-ZDOIIHCHSA-N
Trimethylstannylacetone,Industrial,13005248,C6H14OSn,220.88,,0,1,17.1,CC(=O)C[Sn](C)(C)C,PubChem,,,,Structure_PubChem,220.888,1.9136,0,1,17.07,8,0,2,,,,,220.888,,C6H14OSn,,,,,,,,,,,Trouvé,,,,CID_13005248,Trimethylstannylacetone,1-trimethylstannylpropan-2-one,CC(=O)C[Sn](C)(C)C,"InChI=1S/C3H5O.3CH3.Sn/c1-3(2)4;;;;/h1H2,2H3;3*1H3;",XXCUFANPSABDLO-UHFFFAOYSA-N
Ethyl 2-hydroxy-4-methylbenzoate,Industrial,13013009,C10H12O3,180.2,3.7,1,3,46.5,CCOC(=O)C1=C(C=C(C=C1)C)O,PubChem,,,,Structure_PubChem,180.203,1.8773,1,3,46.53,13,1,2,,,,,180.203,,C10H12O3,,,,,,,,,,,Trouvé,,,,CID_13013009,Ethyl 2-hydroxy-4-methylbenzoate,ethyl 2-hydroxy-4-methylbenzoate,CCOC(=O)C1=C(C=C(C=C1)C)O,"InChI=1S/C10H12O3/c1-3-13-10(12)8-5-4-7(2)6-9(8)11/h4-6,11H,3H2,1-2H3",QABFSRANYBCWPK-UHFFFAOYSA-N
2-(Methylarsanyl)ethan-1-ol,Industrial,13124174,C3H8AsO,135.02,,1,1,20.2,C[As]CCO,PubChem,,,,Structure_PubChem,135.018,0.1493,1,1,20.23,5,0,2,,,,,135.018,,C3H8AsO,,,,,,,,,,,Trouvé,,,,CID_13124174,2-(Methylarsanyl)ethan-1-ol,,C[As]CCO,"InChI=1S/C3H8AsO/c1-4-2-3-5/h5H,2-3H2,1H3",OACZUGXXKANKDO-UHFFFAOYSA-N
7-Hydroxy-3-methylcoumarin,Industrial,13235410,C10H8O3,176.17,2.0,1,3,46.5,CC1=CC2=C(C=C(C=C2)O)OC1=O,PubChem,,,,Structure_PubChem,176.171,1.807,1,3,50.44,13,2,0,,,,,176.171,,C10H8O3,,,,,,,,,,,Trouvé,,,,CID_13235410,7-Hydroxy-3-methylcoumarin,7-hydroxy-3-methylchromen-2-one,CC1=CC2=C(C=C(C=C2)O)OC1=O,"InChI=1S/C10H8O3/c1-6-4-7-2-3-8(11)5-9(7)13-10(6)12/h2-5,11H,1H3",ZLQJVGSVJRBUNL-UHFFFAOYSA-N
CID 13580884,Industrial,13580884,C4H7GeO,143.73,,0,1,17.1,CC(=O)CC[Ge],PubChem,,,,Structure_PubChem,143.709,0.5523,0,1,17.07,6,0,2,,,,,143.709,,C4H7GeO,,,,,,,,,,,Trouvé,,,,CID_13580884,CID 13580884,,CC(=O)CC[Ge],"InChI=1S/C4H7GeO/c1-4(6)2-3-5/h2-3H2,1H3",AOQKDGOIXGINGM-UHFFFAOYSA-N
3-Iodobenzene-1-thiol,Industrial,13721360,C6H5IS,236.08,3.4,1,1,1.0,C1=CC(=CC(=C1)I)S,PubChem,,,,Structure_PubChem,236.077,2.5799,1,1,0.0,8,1,0,,,,,236.077,,C6H5IS,,,,,,,,,,,Trouvé,,,,CID_13721360,3-Iodobenzene-1-thiol,3-iodobenzenethiol,C1=CC(=CC(=C1)I)S,"InChI=1S/C6H5IS/c7-5-2-1-3-6(8)4-5/h1-4,8H",WVAWSDHHTJXNNA-UHFFFAOYSA-N
3-(Bromomethyl)phenol,Industrial,13740150,C7H7BrO,187.03,1.9,1,1,20.2,C1=CC(=CC(=C1)O)CBr,PubChem,,,,Structure_PubChem,187.036,2.2871,1,1,20.23,9,1,1,,,,,187.036,,C7H7BrO,,,,,,,,,,,Trouvé,,,,CID_13740150,3-(Bromomethyl)phenol,3-(bromomethyl)phenol,C1=CC(=CC(=C1)O)CBr,"InChI=1S/C7H7BrO/c8-5-6-2-1-3-7(9)4-6/h1-4,9H,5H2",JHQONOCFAYZOEQ-UHFFFAOYSA-N
2-Oxopropaneselenal,Industrial,13976585,C3H4OSe,135.03,,0,1,17.1,CC(=O)C=[Se],PubChem,,,,Structure_PubChem,135.024,-0.4539,0,1,17.07,5,0,1,,,,,135.024,,C3H4OSe,,,,,,,,,,,Trouvé,,,,CID_13976585,2-Oxopropaneselenal,2-oxopropaneselenal,CC(=O)C=[Se],"InChI=1S/C3H4OSe/c1-3(4)2-5/h2H,1H3",ZHSLAPXDWQFKQG-UHFFFAOYSA-N
Dimethyloxidanium,Industrial,14004325,C2H7O+,47.08,0.1,1,0,1.0,C[OH+]C,PubChem,,,,Structure_PubChem,47.077,-0.226,0,0,12.8,3,0,0,,,,,47.077,,C2H7O+,,,,,,,,,,,Trouvé,,,,CID_14004325,Dimethyloxidanium,dimethyloxidanium,C[OH+]C,InChI=1S/C2H6O/c1-3-2/h1-2H3/p+1,LCGLNKUTAGEVQW-UHFFFAOYSA-O
Cerasidin,Industrial,14034812,C19H20O6,344.4,3.8,1,6,74.2,COC1=CC(=C(C=C1)/C=C/C(=O)C2=C(C=C(C=C2OC)OC)O)OC,PubChem,,,,Structure_PubChem,344.363,3.3227,1,6,74.22,25,2,7,,,,,344.363,,C19H20O6,,,,,,,,,,,Trouvé,,,,CID_14034812,Cerasidin,"(E)-3-(2,4-dimethoxyphenyl)-1-(2-hydroxy-4,6-dimethoxyphenyl)prop-2-en-1-one",COC1=CC(=C(C=C1)/C=C/C(=O)C2=C(C=C(C=C2OC)OC)O)OC,"InChI=1S/C19H20O6/c1-22-13-7-5-12(17(10-13)24-3)6-8-15(20)19-16(21)9-14(23-2)11-18(19)25-4/h5-11,21H,1-4H3/b8-6+",IAUDUEQNUVKNBT-SOFGYWHQSA-N
CID 14292285,Industrial,14292285,C4H7O,71.1,0.3,0,1,17.1,C[CH]C(=O)C,PubChem,,,,Structure_PubChem,71.099,0.7996,0,1,17.07,5,0,1,,,,,71.099,,C4H7O,,,,,,,,,,,Trouvé,,,,CID_14292285,CID 14292285,,C[CH]C(=O)C,"InChI=1S/C4H7O/c1-3-4(2)5/h3H,1-2H3",GSPLSHVIIGMBIH-UHFFFAOYSA-N
[(2-Chloroethyl)selanyl]benzene,Industrial,14699146,C8H9ClSe,219.58,,0,0,0.0,C1=CC=C(C=C1)[Se]CCCl,PubChem,,,,Structure_PubChem,219.573,1.6732,0,0,0.0,10,1,3,,,,,219.573,,C8H9ClSe,,,,,,,,,,,Trouvé,,,,CID_14699146,[(2-Chloroethyl)selanyl]benzene,2-chloroethylselanylbenzene,C1=CC=C(C=C1)[Se]CCCl,"InChI=1S/C8H9ClSe/c9-6-7-10-8-4-2-1-3-5-8/h1-5H,6-7H2",QVXFQSFFBFJVPT-UHFFFAOYSA-N
CID 15064466,Industrial,15064466,C2H6OSe,125.04,,1,1,20.2,C(C[SeH])O,PubChem,,,,Structure_PubChem,125.029,-0.7022,1,1,20.23,4,0,1,,,,,125.029,,C2H6OSe,,,,,,,,,,,Trouvé,,,,CID_15064466,CID 15064466,2-selanylethanol,C(C[SeH])O,"InChI=1S/C2H6OSe/c3-1-2-4/h3-4H,1-2H2",OYMYHYJAYQACBR-UHFFFAOYSA-N
2-(Methylselanyl)ethan-1-ol,Industrial,15089720,C3H8OSe,139.07,,1,1,20.2,C[Se]CCO,PubChem,,,,Structure_PubChem,139.056,0.1493,1,1,20.23,5,0,2,,,,,139.056,,C3H8OSe,,,,,,,,,,,Trouvé,,,,CID_15089720,2-(Methylselanyl)ethan-1-ol,2-methylselanylethanol,C[Se]CCO,"InChI=1S/C3H8OSe/c1-5-3-2-4/h4H,2-3H2,1H3",YZLLCAVZWMYERA-UHFFFAOYSA-N
"3,5-Diiodophenol",Industrial,15505783,C6H4I2O,345.9,2.9,1,1,20.2,C1=C(C=C(C=C1I)I)O,PubChem,,,,Structure_PubChem,345.905,2.6014,1,1,20.23,9,1,0,,,,,345.905,,C6H4I2O,,,,,,,,,,,Trouvé,,,,CID_15505783,"3,5-Diiodophenol","3,5-diiodophenol",C1=C(C=C(C=C1I)I)O,"InChI=1S/C6H4I2O/c7-4-1-5(8)3-6(9)2-4/h1-3,9H",KYRNAIDRKAWDLJ-UHFFFAOYSA-N
Benzeneselenenic acid,Industrial,15579745,C6H6OSe,173.08,,1,1,20.2,C1=CC=C(C=C1)[Se]O,PubChem,,,,Structure_PubChem,173.073,-0.0766,1,1,20.23,8,1,1,,,,,173.073,,C6H6OSe,,,,,,,,,,,Trouvé,,,,CID_15579745,Benzeneselenenic acid,hydroxyselanylbenzene,C1=CC=C(C=C1)[Se]O,"InChI=1S/C6H6OSe/c7-8-6-4-2-1-3-5-6/h1-5,7H",KUVIBICSCQYQOE-UHFFFAOYSA-N
CID 15655139,Industrial,15655139,C3H7O-,59.09,0.3,1,2,20.2,CC[CH-]O,PubChem,,,,Structure_PubChem,59.088,0.9307,1,1,20.23,4,0,1,,,,,59.088,,C3H7O-,,,,,,,,,,,Trouvé,,,,CID_15655139,CID 15655139,propan-1-ol,CC[CH-]O,"InChI=1S/C3H7O/c1-2-3-4/h3-4H,2H2,1H3/q-1",ZTAPZNDHLACJDW-UHFFFAOYSA-N
Methanol;silver,Industrial,15691179,CH4AgO,139.91,,1,1,20.2,CO.[Ag],PubChem,,,,Structure_PubChem,139.91,-0.394,1,1,20.23,3,0,0,,,,,139.91,,CH4AgO,,,,,,,,,,,Trouvé,,,,CID_15691179,Methanol;silver,methanol;silver,CO.[Ag],"InChI=1S/CH4O.Ag/c1-2;/h2H,1H3;",BULBQWXNSNPCEX-UHFFFAOYSA-N
Tetradeuterioethanol,Industrial,15714852,C2H6O,50.09,-0.1,1,1,20.2,[2H]C([2H])C([2H])([2H])O,PubChem,,,,Structure_PubChem,50.0934,-0.0014,1,1,20.23,3,0,0,,,,,50.0934,,C2H6O,,,,,,,,,,,Trouvé,,,,CID_15714852,Tetradeuterioethanol,"1,1,2,2-tetradeuterioethanol",[2H]C([2H])C([2H])([2H])O,"InChI=1S/C2H6O/c1-2-3/h3H,2H2,1H3/i1D2,2D2",LFQSCWFLJHTTHZ-LNLMKGTHSA-N
"Phosphonic acid, P-phenyl-, zinc salt (1:1)",Industrial,15878909,C6H5O3PZn,221.5,,0,3,63.2,C1=CC=C(C=C1)P(=O)([O-])[O-].[Zn+2],PubChem,,,,Structure_PubChem,221.467,-0.7769,0,3,63.19,11,1,1,,,,,221.467,,C6H5O3PZn,,,,,,,,,,,Trouvé,,,,CID_15878909,"Phosphonic acid, P-phenyl-, zinc salt (1:1)",zinc dioxido-oxo-phenyl-lambda5-phosphane,C1=CC=C(C=C1)P(=O)([O-])[O-].[Zn+2],"InChI=1S/C6H7O3P.Zn/c7-10(8,9)6-4-2-1-3-5-6;/h1-5H,(H2,7,8,9);/q;+2/p-2",VYXPIEPOZNGSJX-UHFFFAOYSA-L
Warfarin Sodium,Industrial,16204922,C19H15NaO4,330.3,,0,4,66.4,CC(=O)CC(C1=CC=CC=C1)C2=C(C3=CC=CC=C3OC2=O)[O-].[Na+],PubChem,,,,Structure_PubChem,330.315,-0.0184,0,4,70.34,24,3,4,,,,,330.315,,C19H15NaO4,,,,,,,,,,,Trouvé,,,,CID_16204922,Warfarin Sodium,sodium 2-oxo-3-(3-oxo-1-phenylbutyl)chromen-4-olate,CC(=O)CC(C1=CC=CC=C1)C2=C(C3=CC=CC=C3OC2=O)[O-].[Na+],"InChI=1S/C19H16O4.Na/c1-12(20)11-15(13-7-3-2-4-8-13)17-18(21)14-9-5-6-10-16(14)23-19(17)22;/h2-10,15,21H,11H2,1H3;/q;+1/p-1",KYITYFHKDODNCQ-UHFFFAOYSA-M
"Ethanol, thallium(1+) salt (1:1)",Industrial,16211297,C2H6OTl,250.45,,1,1,20.2,CCO.[Tl],PubChem,,,,Structure_PubChem,250.452,-0.3822,1,1,20.23,4,0,0,,,,,250.452,,C2H6OTl,,,,,,,,,,,Trouvé,,,,CID_16211297,"Ethanol, thallium(1+) salt (1:1)",,CCO.[Tl],"InChI=1S/C2H6O.Tl/c1-2-3;/h3H,2H2,1H3;",ZWYFUZVIDNRFQU-UHFFFAOYSA-N
CID 16211537,Industrial,16211537,C2H6OSb,167.83,,1,1,20.2,CCO.[Sb],PubChem,,,,Structure_PubChem,167.829,-0.3822,1,1,20.23,4,0,0,,,,,167.829,,C2H6OSb,,,,,,,,,,,Trouvé,,,,CID_16211537,CID 16211537,,CCO.[Sb],"InChI=1S/C2H6O.Sb/c1-2-3;/h3H,2H2,1H3;",PEQMCTODPDZUDG-UHFFFAOYSA-N
Copper;methanol,Industrial,16212095,CH4CuO,95.59,,1,1,20.2,CO.[Cu],PubChem,,,,Structure_PubChem,95.588,-0.394,1,1,20.23,3,0,0,,,,,95.588,,CH4CuO,,,,,,,,,,,Trouvé,,,,CID_16212095,Copper;methanol,copper;methanol,CO.[Cu],"InChI=1S/CH4O.Cu/c1-2;/h2H,1H3;",YOPUATYREUZXIO-UHFFFAOYSA-N
CID 16212165,Industrial,16212165,C2H6OZr,137.29,,1,1,20.2,CCO.[Zr],PubChem,,,,Structure_PubChem,137.293,-0.0039,1,1,20.23,4,0,0,,,,,137.293,,C2H6OZr,,,,,,,,,,,Trouvé,,,,CID_16212165,CID 16212165,ethanol;zirconium,CCO.[Zr],"InChI=1S/C2H6O.Zr/c1-2-3;/h3H,2H2,1H3;",MRUQKCHUWQAJRP-UHFFFAOYSA-N
Niobium ethoxide,Industrial,16212167,C2H6NbO,138.97,,1,1,20.2,CCO.[Nb],PubChem,,,,Structure_PubChem,138.975,-0.0039,1,1,20.23,4,0,0,,,,,138.975,,C2H6NbO,,,,,,,,,,,Trouvé,,,,CID_16212167,Niobium ethoxide,ethanol;niobium,CCO.[Nb],"InChI=1S/C2H6O.Nb/c1-2-3;/h3H,2H2,1H3;",ZNULOBXNTNSWBE-UHFFFAOYSA-N
"(1,3,5-~2~H_3_)Benzene",Industrial,16212250,C6H6,81.13,2.1,0,0,0.0,[2H]C1=CC(=CC(=C1)[2H])[2H],PubChem,,,,Structure_PubChem,81.1323,1.6866,0,0,0.0,6,1,0,,,,,81.1323,,C6H6,,,,,,,,,,,Trouvé,,,,CID_16212250,"(1,3,5-~2~H_3_)Benzene","1,3,5-trideuteriobenzene",[2H]C1=CC(=CC(=C1)[2H])[2H],"InChI=1S/C6H6/c1-2-4-6-5-3-1/h1-6H/i1D,4D,5D",UHOVQNZJYSORNB-NHPOFCFZSA-N
Methanol;tantalum,Industrial,16212443,CH4OTa,212.99,,1,1,20.2,CO.[Ta],PubChem,,,,Structure_PubChem,212.99,-0.394,1,1,20.23,3,0,0,,,,,212.99,,CH4OTa,,,,,,,,,,,Trouvé,,,,CID_16212443,Methanol;tantalum,methanol;tantalum,CO.[Ta],"InChI=1S/CH4O.Ta/c1-2;/h2H,1H3;",OXWOCAKCADBNHB-UHFFFAOYSA-N
3-(~2~H_3_)Methyl(O-~2~H_5_)phenol,Industrial,16212923,C7H8O,116.19,2.0,1,1,20.2,[2H]C1=C(C(=C(C(=C1[2H])O[2H])[2H])C([2H])([2H])[2H])[2H],PubChem,,,,Structure_PubChem,116.1888,1.7006,1,1,20.23,8,1,1,,,,,116.1888,,C7H8O,,,,,,,,,,,Trouvé,,,,CID_16212923,3-(~2~H_3_)Methyl(O-~2~H_5_)phenol,"1,2,3,5-tetradeuterio-4-deuteriooxy-6-(trideuteriomethyl)benzene",[2H]C1=C(C(=C(C(=C1[2H])O[2H])[2H])C([2H])([2H])[2H])[2H],"InChI=1S/C7H8O/c1-6-3-2-4-7(8)5-6/h2-5,8H,1H3/i1D3,2D,3D,4D,5D/hD",RLSSMJSEOOYNOY-IWRLGKISSA-N
"Phen-2,3,5,6-d4-ol-d, 4-(methyl-d3)-",Industrial,16212924,C7H8O,116.19,1.9,1,1,20.2,[2H]C1=C(C(=C(C(=C1C([2H])([2H])[2H])[2H])[2H])O[2H])[2H],PubChem,,,,Structure_PubChem,116.1888,1.7006,1,1,20.23,8,1,1,,,,,116.1888,,C7H8O,,,,,,,,,,,Trouvé,,,,CID_16212924,"Phen-2,3,5,6-d4-ol-d, 4-(methyl-d3)-","1,2,4,5-tetradeuterio-3-deuteriooxy-6-(trideuteriomethyl)benzene",[2H]C1=C(C(=C(C(=C1C([2H])([2H])[2H])[2H])[2H])O[2H])[2H],"InChI=1S/C7H8O/c1-6-2-4-7(8)5-3-6/h2-5,8H,1H3/i1D3,2D,3D,4D,5D/hD",IWDCLRJOBJJRNH-IWRLGKISSA-N
"Phen-2,3,4,5-d4-ol, 6-chloro-",Industrial,16212938,C6H5ClO,132.58,2.1,1,1,20.2,[2H]C1=C(C(=C(C(=C1[2H])O)Cl)[2H])[2H],PubChem,,,,Structure_PubChem,132.5824,2.0456,1,1,20.23,8,1,0,,,,,132.5824,,C6H5ClO,,,,,,,,,,,Trouvé,,,,CID_16212938,"Phen-2,3,4,5-d4-ol, 6-chloro-","2-chloro-3,4,5,6-tetradeuteriophenol",[2H]C1=C(C(=C(C(=C1[2H])O)Cl)[2H])[2H],"InChI=1S/C6H5ClO/c7-5-3-1-2-4-6(5)8/h1-4,8H/i1D,2D,3D,4D",ISPYQTSUDJAMAB-RHQRLBAQSA-N
"2-Butanone-1,1,1,3,3-d5",Industrial,16213377,C4H8O,77.14,0.3,0,1,17.1,[2H]C([2H])([2H])C(=O)C([2H])([2H])C,PubChem,,,,Structure_PubChem,77.1375,0.9854,0,1,17.07,5,0,1,,,,,77.1375,,C4H8O,,,,,,,,,,,Trouvé,,,,CID_16213377,"2-Butanone-1,1,1,3,3-d5","1,1,1,3,3-pentadeuteriobutan-2-one",[2H]C([2H])([2H])C(=O)C([2H])([2H])C,"InChI=1S/C4H8O/c1-3-4(2)5/h3H2,1-2H3/i2D3,3D2",ZWEHNKRNPOVVGH-PDWRLMEDSA-N
1-Propanol-d8,Industrial,16213475,C3H8O,68.14,0.3,1,1,20.2,[2H]C([2H])([2H])C([2H])([2H])C([2H])([2H])O[2H],PubChem,,,,Structure_PubChem,68.1448,0.3887,1,1,20.23,4,0,2,,,,,68.1448,,C3H8O,,,,,,,,,,,Trouvé,,,,CID_16213475,1-Propanol-d8,"1,1,1,2,2,3,3-heptadeuterio-3-deuteriooxypropane",[2H]C([2H])([2H])C([2H])([2H])C([2H])([2H])O[2H],"InChI=1S/C3H8O/c1-2-3-4/h4H,2-3H2,1H3/i1D3,2D2,3D2,4D",BDERNNFJNOPAEC-RIZALVEQSA-N
o-Phenylene antimonate(III),Industrial,16682742,C6H6O3Sb,247.87,,1,3,19.5,C1=CC=C2C(=C1)O[Sb]O2.O,PubChem,,,,Structure_PubChem,247.871,0.1673,0,2,49.96,10,2,0,,,,,247.871,,C6H6O3Sb,,,,,,,,,,,Trouvé,,,,CID_16682742,o-Phenylene antimonate(III),,C1=CC=C2C(=C1)O[Sb]O2.O,"InChI=1S/C6H6O2.H2O.Sb/c7-5-3-1-2-4-6(5)8;;/h1-4,7-8H;1H2;/q;;+2/p-2",KIXFVJBQTYHBHX-UHFFFAOYSA-L
Triethylphenoxystannane,Industrial,16682829,C12H20OSn,299.0,,0,1,9.2,CC[Sn](CC)(CC)OC1=CC=CC=C1,PubChem,,,,Structure_PubChem,299.002,4.0706,0,1,9.23,14,1,5,,,,,299.002,,C12H20OSn,,,,,,,,,,,Trouvé,,,,CID_16682829,Triethylphenoxystannane,triethyl(phenoxy)stannane,CC[Sn](CC)(CC)OC1=CC=CC=C1,"InChI=1S/C6H6O.3C2H5.Sn/c7-6-4-2-1-3-5-6;3*1-2;/h1-5,7H;3*1H2,2H3;/q;;;;+1/p-1",JNLJTPIVUFSZCN-UHFFFAOYSA-M
Phenylmercuric Nitrate,Industrial,16682924,C6H5HgNO3,339.7,,0,3,55.1,C1=CC=C(C=C1)[Hg]O[N+](=O)[O-],PubChem,,,,Structure_PubChem,339.7,0.5177,0,3,52.37,11,1,3,,,,,339.7,,C6H5HgNO3,,,,,,,,,,,Trouvé,,,,CID_16682924,Phenylmercuric Nitrate,nitrooxy(phenyl)mercury,C1=CC=C(C=C1)[Hg]O[N+](=O)[O-],InChI=1S/C6H5.Hg.NO3/c1-2-4-6-5-3-1;;2-1(3)4/h1-5H;;/q;+1;-1,PDTFCHSETJBPTR-UHFFFAOYSA-N
Tributyltin salicylate,Industrial,16683071,C19H32O3Sn,427.2,,1,3,46.5,CCCC[Sn](CCCC)(CCCC)OC(=O)C1=CC=CC=C1O,PubChem,,,,Structure_PubChem,427.173,5.8948,1,3,46.53,23,1,11,,,,,427.173,,C19H32O3Sn,,,,,,,,,,,Trouvé,,,,CID_16683071,Tributyltin salicylate,tributylstannyl 2-hydroxybenzoate,CCCC[Sn](CCCC)(CCCC)OC(=O)C1=CC=CC=C1O,"InChI=1S/C7H6O3.3C4H9.Sn/c8-6-4-2-1-3-5(6)7(9)10;3*1-3-4-2;/h1-4,8H,(H,9,10);3*1,3-4H2,2H3;/q;;;;+1/p-1",ZSMRBQSZBQBLKB-UHFFFAOYSA-M
Phenylmercury borate,Industrial,16683761,C6H7BHgO3,338.52,,2,3,49.7,B(O)(O)O[Hg]C1=CC=CC=C1,PubChem,,,,Structure_PubChem,338.521,-0.7045,2,3,49.69,11,1,3,,,,,338.521,,C6H7BHgO3,,,,,,,,,,,Trouvé,,,,CID_16683761,Phenylmercury borate,boronooxy(phenyl)mercury,B(O)(O)O[Hg]C1=CC=CC=C1,InChI=1S/C6H5.BH2O3.Hg/c1-2-4-6-5-3-1;2-1(3)4;/h1-5H;2-3H;/q;-1;+1,VUXSPDNLYQTOSY-UHFFFAOYSA-N
cis-Styrene-(beta)-d,Industrial,16689236,C8H8,105.15,2.9,0,0,0.0,[2H]C=CC1=CC=CC=C1,PubChem,,,,Structure_PubChem,105.1581,2.3296,0,0,0.0,8,1,1,,,,,105.1581,,C8H8,,,,,,,,,,,Trouvé,,,,CID_16689236,cis-Styrene-(beta)-d,2-deuterioethenylbenzene,[2H]C=CC1=CC=CC=C1,"InChI=1S/C8H8/c1-2-8-6-4-3-5-7-8/h2-7H,1H2/i1D",PPBRXRYQALVLMV-MICDWDOJSA-N
Sodium Salicylate,Industrial,16760658,C7H5NaO3,160.1,,1,3,60.4,C1=CC=C(C(=C1)C(=O)[O-])O.[Na+],PubChem,,,,Structure_PubChem,160.104,-3.2403,1,3,60.36,11,1,1,,,,,160.104,,C7H5NaO3,,,,,,,,,,,Trouvé,,,,CID_16760658,Sodium Salicylate,sodium 2-hydroxybenzoate,C1=CC=C(C(=C1)C(=O)[O-])O.[Na+],"InChI=1S/C7H6O3.Na/c8-6-4-2-1-3-5(6)7(9)10;/h1-4,8H,(H,9,10);/q;+1/p-1",ABBQHOQBGMUPJH-UHFFFAOYSA-M
Cobalt(2+);propan-2-one;dichloride,Industrial,17815360,C3H6Cl2CoO,187.92,,0,3,17.1,CC(=O)C.[Cl-].[Cl-].[Co+2],PubChem,,,,Structure_PubChem,187.919,-5.3992,0,1,17.07,7,0,0,,,,,187.919,,C3H6Cl2CoO,,,,,,,,,,,Trouvé,,,,CID_17815360,Cobalt(2+);propan-2-one;dichloride,cobalt(2+);propan-2-one;dichloride,CC(=O)C.[Cl-].[Cl-].[Co+2],InChI=1S/C3H6O.2ClH.Co/c1-3(2)4;;;/h1-2H3;2*1H;/q;;;+2/p-2,WDWHWIMSIXANPQ-UHFFFAOYSA-L
Propan-2-one;sulfane,Industrial,17841408,C3H8OS,92.16,,1,2,18.1,CC(=O)C.S,PubChem,,,,Structure_PubChem,92.163,0.7081,0,1,17.07,5,0,0,,,,,92.163,,C3H8OS,,,,,,,,,,,Trouvé,,,,CID_17841408,Propan-2-one;sulfane,propan-2-one;sulfane,CC(=O)C.S,InChI=1S/C3H6O.H2S/c1-3(2)4;/h1-2H3;1H2,NOZLSXZNDWXMTA-UHFFFAOYSA-N
1-Iodoethanol,Industrial,17859945,C2H5IO,171.96,0.7,1,1,20.2,CC(O)I,PubChem,,,,Structure_PubChem,171.965,0.7597,1,1,20.23,4,0,0,,,,,171.965,,C2H5IO,,,,,,,,,,,Trouvé,,,,CID_17859945,1-Iodoethanol,1-iodoethanol,CC(O)I,"InChI=1S/C2H5IO/c1-2(3)4/h2,4H,1H3",HZHWUOHAMYTSLL-UHFFFAOYSA-N
Oxozirconium;propan-2-one,Industrial,17930804,C3H6O2Zr,165.3,,0,2,34.1,CC(=O)C.O=[Zr],PubChem,,,,Structure_PubChem,165.303,0.474,0,2,34.14,6,0,0,,,,,165.303,,C3H6O2Zr,,,,,,,,,,,Trouvé,,,,CID_17930804,Oxozirconium;propan-2-one,oxozirconium;propan-2-one,CC(=O)C.O=[Zr],InChI=1S/C3H6O.O.Zr/c1-3(2)4;;/h1-2H3;;,JXYNCSVGMKJTJZ-UHFFFAOYSA-N
Carbanide;ethanol;zirconium(3+),Industrial,17997429,C5H15OZr,182.39,,1,4,20.2,[CH3-].[CH3-].[CH3-].CCO.[Zr+3],PubChem,,,,Structure_PubChem,182.398,1.347,1,1,20.23,7,0,0,,,,,182.398,,C5H15OZr,,,,,,,,,,,Trouvé,,,,CID_17997429,Carbanide;ethanol;zirconium(3+),carbanide;ethanol;zirconium(3+),[CH3-].[CH3-].[CH3-].CCO.[Zr+3],"InChI=1S/C2H6O.3CH3.Zr/c1-2-3;;;;/h3H,2H2,1H3;3*1H3;/q;3*-1;+3",OFOYUJVFRWUPSD-UHFFFAOYSA-N
Carbanide;ethanol;titanium(3+),Industrial,17997442,C5H15OTi,139.04,,1,4,20.2,[CH3-].[CH3-].[CH3-].CCO.[Ti+3],PubChem,,,,Structure_PubChem,139.041,1.347,1,1,20.23,7,0,0,,,,,139.041,,C5H15OTi,,,,,,,,,,,Trouvé,,,,CID_17997442,Carbanide;ethanol;titanium(3+),carbanide;ethanol;titanium(3+),[CH3-].[CH3-].[CH3-].CCO.[Ti+3],"InChI=1S/C2H6O.3CH3.Ti/c1-2-3;;;;/h3H,2H2,1H3;3*1H3;/q;3*-1;+3",DSCYOKYZYSTNCR-UHFFFAOYSA-N
Butyloctyl Salicylate,Industrial,18319150,C19H30O3,306.4,7.9,1,3,46.5,CCCCCCC(CCCC)COC(=O)C1=CC=CC=C1O,PubChem,,,,Structure_PubChem,306.446,5.3258,1,3,46.53,22,1,11,,,,,306.446,,C19H30O3,,,,,,,,,,,Trouvé,,,,CID_18319150,Butyloctyl Salicylate,2-butyloctyl 2-hydroxybenzoate,CCCCCCC(CCCC)COC(=O)C1=CC=CC=C1O,"InChI=1S/C19H30O3/c1-3-5-7-8-12-16(11-6-4-2)15-22-19(21)17-13-9-10-14-18(17)20/h9-10,13-14,16,20H,3-8,11-12,15H2,1-2H3",CZVOIAOPRGNENY-UHFFFAOYSA-N
Methanol;sulfane,Industrial,18324365,CH6OS,66.13,,2,2,21.2,CO.S,PubChem,,,,Structure_PubChem,66.125,-0.2787,1,1,20.23,3,0,0,,,,,66.125,,CH6OS,,,,,,,,,,,Trouvé,,,,CID_18324365,Methanol;sulfane,methanol;sulfane,CO.S,"InChI=1S/CH4O.H2S/c1-2;/h2H,1H3;1H2",ZNZNXSDPNKCWNO-UHFFFAOYSA-N
Methanol;tungsten,Industrial,18336951,CH4OW,215.88,,1,1,20.2,CO.[W],PubChem,,,,Structure_PubChem,215.882,-0.394,1,1,20.23,3,0,0,,,,,215.882,,CH4OW,,,,,,,,,,,Trouvé,,,,CID_18336951,Methanol;tungsten,methanol;tungsten,CO.[W],"InChI=1S/CH4O.W/c1-2;/h2H,1H3;",BLGJOEGUMNZGEX-UHFFFAOYSA-N
Ethanol;titanium;chloride,Industrial,18352105,C2H6ClOTi-,129.39,,1,2,20.2,CCO.[Cl-].[Ti],PubChem,,,,Structure_PubChem,129.389,-2.9999,1,1,20.23,5,0,0,,,,,129.389,,C2H6ClOTi-,,,,,,,,,,,Trouvé,,,,CID_18352105,Ethanol;titanium;chloride,ethanol;titanium;chloride,CCO.[Cl-].[Ti],"InChI=1S/C2H6O.ClH.Ti/c1-2-3;;/h3H,2H2,1H3;1H;/p-1",AJRASNHNJAFAKA-UHFFFAOYSA-M
Propane acetone,Industrial,18356450,C6H14O,102.17,,0,1,17.1,CCC.CC(=O)C,PubChem,,,,Structure_PubChem,102.177,2.0116,0,1,17.07,7,0,0,,,,,102.177,,C6H14O,,,,,,,,,,,Trouvé,,,,CID_18356450,Propane acetone,propane;propan-2-one,CCC.CC(=O)C,"InChI=1S/C3H6O.C3H8/c1-3(2)4;1-3-2/h1-2H3;3H2,1-2H3",NENJCPXKFYBJOW-UHFFFAOYSA-N
Propan-2-one--water (1/1),Industrial,18366337,C3H8O2,76.09,,1,2,18.1,CC(=O)C.O,PubChem,,,,Structure_PubChem,76.095,-0.2294,0,1,48.57,5,0,0,,,,,76.095,,C3H8O2,,,,,,,,,,,Trouvé,,,,CID_18366337,Propan-2-one--water (1/1),propan-2-one;hydrate,CC(=O)C.O,InChI=1S/C3H6O.H2O/c1-3(2)4;/h1-2H3;1H2,OVARTBFNCCXQKS-UHFFFAOYSA-N
3-Bromo-2-fluorophenol,Industrial,18401257,C6H4BrFO,191.0,2.4,1,2,20.2,C1=CC(=C(C(=C1)Br)F)O,PubChem,,,,Structure_PubChem,190.999,2.2938,1,1,20.23,9,1,0,,,,,190.999,,C6H4BrFO,,,,,,,,,,,Trouvé,,,,CID_18401257,3-Bromo-2-fluorophenol,3-bromo-2-fluorophenol,C1=CC(=C(C(=C1)Br)F)O,"InChI=1S/C6H4BrFO/c7-4-2-1-3-5(9)6(4)8/h1-3,9H",MEZFCUMYQXLFOV-UHFFFAOYSA-N
"Benzene-1,3,5-triyltriboronic acid",Industrial,18533253,C6H9B3O6,209.6,,6,6,121.0,B(C1=CC(=CC(=C1)B(O)O)B(O)O)(O)O,PubChem,,,,Structure_PubChem,209.568,-5.274,6,6,121.38,15,1,3,,,,,209.568,,C6H9B3O6,,,,,,,,,,,Trouvé,,,,CID_18533253,"Benzene-1,3,5-triyltriboronic acid","(3,5-diboronophenyl)boronic acid",B(C1=CC(=CC(=C1)B(O)O)B(O)O)(O)O,"InChI=1S/C6H9B3O6/c10-7(11)4-1-5(8(12)13)3-6(2-4)9(14)15/h1-3,10-15H",NAIUYXOLMQYLIG-UHFFFAOYSA-N
"3-Iodobenzene-1,2-diol",Industrial,18615965,C6H5IO2,236.01,1.9,2,2,40.5,C1=CC(=C(C(=C1)I)O)O,PubChem,,,,Structure_PubChem,236.008,1.7024,2,2,40.46,9,1,0,,,,,236.008,,C6H5IO2,,,,,,,,,,,Trouvé,,,,CID_18615965,"3-Iodobenzene-1,2-diol","3-iodobenzene-1,2-diol",C1=CC(=C(C(=C1)I)O)O,"InChI=1S/C6H5IO2/c7-4-2-1-3-5(8)6(4)9/h1-3,8-9H",HUMAHCJCCNMIGP-UHFFFAOYSA-N
"1,1,1,2,2-Pentatritio-2-tritiooxyethane",Industrial,18655806,C2H6O,58.12,-0.1,1,1,20.2,[3H]C([3H])([3H])C([3H])([3H])O[3H],PubChem,,,,Structure_PubChem,58.1173,-0.0014,1,1,20.23,3,0,1,,,,,58.1173,,C2H6O,,,,,,,,,,,Trouvé,,,,CID_18655806,"1,1,1,2,2-Pentatritio-2-tritiooxyethane","1,1,1,2,2-pentatritio-2-tritiooxyethane",[3H]C([3H])([3H])C([3H])([3H])O[3H],"InChI=1S/C2H6O/c1-2-3/h3H,2H2,1H3/i1T3,2T2,3T",LFQSCWFLJHTTHZ-DRJNCETJSA-N
MeOH H2,Industrial,18674518,CH6O,34.058,,1,1,20.2,[HH].CO,PubChem,,,,Structure_PubChem,34.058,-0.1455,1,1,20.23,2,0,0,,,,,34.058,,CH6O,,,,,,,,,,,Trouvé,,,,CID_18674518,MeOH H2,methanol;molecular hydrogen,[HH].CO,"InChI=1S/CH4O.H2/c1-2;/h2H,1H3;1H",JMJAJPUJJMITDV-UHFFFAOYSA-N
Silane-acetone,Industrial,18680436,C3H6OSi,86.16,,0,1,17.1,CC(=O)C.[Si],PubChem,,,,Structure_PubChem,86.166,0.2145,0,1,17.07,5,0,0,,,,,86.166,,C3H6OSi,,,,,,,,,,,Trouvé,,,,CID_18680436,Silane-acetone,,CC(=O)C.[Si],InChI=1S/C3H6O.Si/c1-3(2)4;/h1-2H3;,BHCIEQZOSOEXOJ-UHFFFAOYSA-N
Aluminum propan-2-one,Industrial,18680643,C3H6AlO+3,85.06,,0,1,17.1,CC(=O)C.[Al+3],PubChem,,,,Structure_PubChem,85.062,0.2145,0,1,17.07,5,0,0,,,,,85.062,,C3H6AlO+3,,,,,,,,,,,Trouvé,,,,CID_18680643,Aluminum propan-2-one,aluminum propan-2-one,CC(=O)C.[Al+3],InChI=1S/C3H6O.Al/c1-3(2)4;/h1-2H3;/q;+3,NCCZQUZIONKLDL-UHFFFAOYSA-N
Copper(1+);methanol,Industrial,18680645,CH4CuO+,95.59,,1,1,20.2,CO.[Cu+],PubChem,,,,Structure_PubChem,95.588,-0.394,1,1,20.23,3,0,0,,,,,95.588,,CH4CuO+,,,,,,,,,,,Trouvé,,,,CID_18680645,Copper(1+);methanol,copper(1+);methanol,CO.[Cu+],"InChI=1S/CH4O.Cu/c1-2;/h2H,1H3;/q;+1",GVCDXAWQGJHUKK-UHFFFAOYSA-N
"Ethanol, mixt. with methanol",Industrial,18681192,C3H10O2,78.11,,2,2,40.5,CCO.CO,PubChem,,,,Structure_PubChem,78.111,-0.3929,2,2,40.46,5,0,0,,,,,78.111,,C3H10O2,,,,,,,,,,,Trouvé,,,,CID_18681192,"Ethanol, mixt. with methanol",ethanol;methanol,CCO.CO,"InChI=1S/C2H6O.CH4O/c1-2-3;1-2/h3H,2H2,1H3;2H,1H3",ZYBWTEQKHIADDQ-UHFFFAOYSA-N
Actinium;methanol,Industrial,18683341,CH4Ac2O,486.097,,1,1,20.2,CO.[Ac].[Ac],PubChem,,,,Structure_PubChem,486.042,-0.3915,1,1,20.23,4,0,0,,,,,486.042,,CH4Ac2O,,,,,,,,,,,Trouvé,,,,CID_18683341,Actinium;methanol,actinium;methanol,CO.[Ac].[Ac],"InChI=1S/CH4O.2Ac/c1-2;;/h2H,1H3;;",RQFOXFBQKTZRQH-UHFFFAOYSA-N
Ethanol;trichlorozirconium,Industrial,18688269,C2H6Cl3OZr,243.64,,1,1,20.2,CCO.Cl[Zr](Cl)Cl,PubChem,,,,Structure_PubChem,243.652,2.0646,1,1,20.23,7,0,0,,,,,243.652,,C2H6Cl3OZr,,,,,,,,,,,Trouvé,,,,CID_18688269,Ethanol;trichlorozirconium,ethanol;trichlorozirconium,CCO.Cl[Zr](Cl)Cl,"InChI=1S/C2H6O.3ClH.Zr/c1-2-3;;;;/h3H,2H2,1H3;3*1H;/q;;;;+3/p-3",OJILGTJJJMNMMW-UHFFFAOYSA-K
Ethanol;tribromozirconium,Industrial,18688292,C2H6Br3OZr,377.0,,1,1,20.2,CCO.Br[Zr](Br)Br,PubChem,,,,Structure_PubChem,377.005,2.5329,1,1,20.23,7,0,0,,,,,377.005,,C2H6Br3OZr,,,,,,,,,,,Trouvé,,,,CID_18688292,Ethanol;tribromozirconium,ethanol;tribromozirconium,CCO.Br[Zr](Br)Br,"InChI=1S/C2H6O.3BrH.Zr/c1-2-3;;;;/h3H,2H2,1H3;3*1H;/q;;;;+3/p-3",MDLZOVPUFKJEPO-UHFFFAOYSA-K
Ethanol;triiodozirconium,Industrial,18688487,C2H6I3OZr,518.0,,1,1,20.2,CCO.[Zr](I)(I)I,PubChem,,,,Structure_PubChem,518.005,2.6532,1,1,20.23,7,0,0,,,,,518.005,,C2H6I3OZr,,,,,,,,,,,Trouvé,,,,CID_18688487,Ethanol;triiodozirconium,ethanol;triiodozirconium,CCO.[Zr](I)(I)I,"InChI=1S/C2H6O.3HI.Zr/c1-2-3;;;;/h3H,2H2,1H3;3*1H;/q;;;;+3/p-3",CULXQBZFURINKZ-UHFFFAOYSA-K
Actinium;ethanol,Industrial,18709481,C2H6AcO,273.1,,1,1,20.2,CCO.[Ac],PubChem,,,,Structure_PubChem,273.069,-0.0014,1,1,20.23,4,0,0,,,,,273.069,,C2H6AcO,,,,,,,,,,,Trouvé,,,,CID_18709481,Actinium;ethanol,actinium;ethanol,CCO.[Ac],"InChI=1S/C2H6O.Ac/c1-2-3;/h3H,2H2,1H3;",QUISZVLZWILMOH-UHFFFAOYSA-N
Methanol;tungsten,Industrial,18724721,CH4OW2,399.7,,1,1,20.2,CO.[W].[W],PubChem,,,,Structure_PubChem,399.722,-0.3965,1,1,20.23,4,0,0,,,,,399.722,,CH4OW2,,,,,,,,,,,Trouvé,,,,CID_18724721,Methanol;tungsten,methanol;tungsten,CO.[W].[W],"InChI=1S/CH4O.2W/c1-2;;/h2H,1H3;;",FAIKQWBPFJLCIR-UHFFFAOYSA-N
4-(3-Ethylpentyl)phenol,Industrial,18730076,C13H20O,192.3,5.1,1,1,20.2,CCC(CC)CCC1=CC=C(C=C1)O,PubChem,,,,Structure_PubChem,192.302,3.761,1,1,20.23,14,1,5,,,,,192.302,,C13H20O,,,,,,,,,,,Trouvé,,,,CID_18730076,4-(3-Ethylpentyl)phenol,4-(3-ethylpentyl)phenol,CCC(CC)CCC1=CC=C(C=C1)O,"InChI=1S/C13H20O/c1-3-11(4-2)5-6-12-7-9-13(14)10-8-12/h7-11,14H,3-6H2,1-2H3",AJSOQFSSIPJHMP-UHFFFAOYSA-N
Ethanol;methane,Industrial,18755757,C3H10O,62.11,,1,1,20.2,C.CCO,PubChem,,,,Structure_PubChem,62.112,0.6347,1,1,20.23,4,0,0,,,,,62.112,,C3H10O,,,,,,,,,,,Trouvé,,,,CID_18755757,Ethanol;methane,ethanol;methane,C.CCO,"InChI=1S/C2H6O.CH4/c1-2-3;/h3H,2H2,1H3;1H4",RMBYHXZZYKLTJJ-UHFFFAOYSA-N
Silane methanol,Industrial,18795346,CH4OSi,60.127,,1,1,20.2,CO.[Si],PubChem,,,,Structure_PubChem,60.128,-0.7723,1,1,20.23,3,0,0,,,,,60.128,,CH4OSi,,,,,,,,,,,Trouvé,,,,CID_18795346,Silane methanol,,CO.[Si],"InChI=1S/CH4O.Si/c1-2;/h2H,1H3;",HGUBFVKLMFGDJZ-UHFFFAOYSA-N
Phenyl sulfate,Industrial,18795569,C6H5O4S-,173.17,0.7,0,4,74.8,C1=CC=C(C=C1)OS(=O)(=O)[O-],PubChem,,,,Structure_PubChem,173.169,0.5256,0,4,66.43,11,1,2,,,,,173.169,,C6H5O4S-,,,,,,,,,,,Trouvé,,,,CID_18795569,Phenyl sulfate,phenyl sulfate,C1=CC=C(C=C1)OS(=O)(=O)[O-],"InChI=1S/C6H6O4S/c7-11(8,9)10-6-4-2-1-3-5-6/h1-5H,(H,7,8,9)/p-1",CTYRPMDGLDAWRQ-UHFFFAOYSA-M
Magnesium propan-2-one,Industrial,18955232,C3H6MgO+2,82.38,,0,1,17.1,CC(=O)C.[Mg+2],PubChem,,,,Structure_PubChem,82.385,0.2145,0,1,17.07,5,0,0,,,,,82.385,,C3H6MgO+2,,,,,,,,,,,Trouvé,,,,CID_18955232,Magnesium propan-2-one,magnesium propan-2-one,CC(=O)C.[Mg+2],InChI=1S/C3H6O.Mg/c1-3(2)4;/h1-2H3;/q;+2,YBKDSEQKRZHSBX-UHFFFAOYSA-N
Copper methanol,Industrial,19004818,CH4CuO+2,95.59,,1,1,20.2,CO.[Cu+2],PubChem,,,,Structure_PubChem,95.588,-0.394,1,1,20.23,3,0,0,,,,,95.588,,CH4CuO+2,,,,,,,,,,,Trouvé,,,,CID_19004818,Copper methanol,copper methanol,CO.[Cu+2],"InChI=1S/CH4O.Cu/c1-2;/h2H,1H3;/q;+2",XNSKKUNEEJOCLU-UHFFFAOYSA-N
CID 19019200,Industrial,19019200,CH4CoO+2,90.975,,1,1,20.2,CO.[Co+2],PubChem,,,,Structure_PubChem,90.975,-0.394,1,1,20.23,3,0,0,,,,,90.975,,CH4CoO+2,,,,,,,,,,,Trouvé,,,,CID_19019200,CID 19019200,cobalt(2+);methanol,CO.[Co+2],"InChI=1S/CH4O.Co/c1-2;/h2H,1H3;/q;+2",GJLLTFLIGZPJNX-UHFFFAOYSA-N
CID 19035278,Industrial,19035278,CH4OTi,79.909,,1,1,20.2,CO.[Ti],PubChem,,,,Structure_PubChem,79.909,-0.394,1,1,20.23,3,0,0,,,,,79.909,,CH4OTi,,,,,,,,,,,Trouvé,,,,CID_19035278,CID 19035278,methanol;titanium,CO.[Ti],"InChI=1S/CH4O.Ti/c1-2;/h2H,1H3;",YQXQWFASZYSARF-UHFFFAOYSA-N
Acetone hydrogen chloride,Industrial,19044839,C3H7ClO,94.54,,1,1,17.1,CC(=O)C.Cl,PubChem,,,,Structure_PubChem,94.541,1.0171,0,1,17.07,5,0,0,,,,,94.541,,C3H7ClO,,,,,,,,,,,Trouvé,,,,CID_19044839,Acetone hydrogen chloride,propan-2-one;hydrochloride,CC(=O)C.Cl,InChI=1S/C3H6O.ClH/c1-3(2)4;/h1-2H3;1H,HPOKESDSMZRZLC-UHFFFAOYSA-N
Water ethanol,Industrial,19096565,C2H8O2,64.08,,2,2,21.2,CCO.O,PubChem,,,,Structure_PubChem,64.084,-0.8261,1,1,51.73,4,0,0,,,,,64.084,,C2H8O2,,,,,,,,,,,Trouvé,,,,CID_19096565,Water ethanol,ethanol;hydrate,CCO.O,"InChI=1S/C2H6O.H2O/c1-2-3;/h3H,2H2,1H3;1H2",IDGUHHHQCWSQLU-UHFFFAOYSA-N
Iron(2+);propan-2-one,Industrial,19096914,C3H6FeO+2,113.92,,0,1,17.1,CC(=O)C.[Fe+2],PubChem,,,,Structure_PubChem,113.925,0.5928,0,1,17.07,5,0,0,,,,,113.925,,C3H6FeO+2,,,,,,,,,,,Trouvé,,,,CID_19096914,Iron(2+);propan-2-one,iron(2+);propan-2-one,CC(=O)C.[Fe+2],InChI=1S/C3H6O.Fe/c1-3(2)4;/h1-2H3;/q;+2,CPURLAWDWZBEHF-UHFFFAOYSA-N
1-Fluoroethan-1-ol,Industrial,19359348,C2H5FO,64.06,0.4,1,2,20.2,CC(O)F,PubChem,,,,Structure_PubChem,64.059,0.2942,1,1,20.23,4,0,0,,,,,64.059,,C2H5FO,,,,,,,,,,,Trouvé,,,,CID_19359348,1-Fluoroethan-1-ol,1-fluoroethanol,CC(O)F,"InChI=1S/C2H5FO/c1-2(3)4/h2,4H,1H3",OGBOTYGRYZDLMG-UHFFFAOYSA-N
Ammonium ethanol,Industrial,19365559,C2H10NO+,64.11,,2,1,21.2,CCO.[NH4+],PubChem,,,,Structure_PubChem,64.108,0.3748,2,1,56.73,4,0,0,,,,,64.108,,C2H10NO+,,,,,,,,,,,Trouvé,,,,CID_19365559,Ammonium ethanol,azanium ethanol,CCO.[NH4+],"InChI=1S/C2H6O.H3N/c1-2-3;/h3H,2H2,1H3;1H3/p+1",ZXVOCOLRQJZVBW-UHFFFAOYSA-O
Ethanol;zirconium;chloride,Industrial,19367424,C2H6ClOZr-,172.74,,1,2,20.2,CCO.[Cl-].[Zr],PubChem,,,,Structure_PubChem,172.746,-2.9999,1,1,20.23,5,0,0,,,,,172.746,,C2H6ClOZr-,,,,,,,,,,,Trouvé,,,,CID_19367424,Ethanol;zirconium;chloride,ethanol;zirconium;chloride,CCO.[Cl-].[Zr],"InChI=1S/C2H6O.ClH.Zr/c1-2-3;;/h3H,2H2,1H3;1H;/p-1",YOTXQHYRNDAGBZ-UHFFFAOYSA-M
Methanol;tantalum,Industrial,19371238,CH4OTa,212.99,,1,1,20.2,CO.[Ta],PubChem,,,,Structure_PubChem,212.99,-0.394,1,1,20.23,3,0,0,,,,,212.99,,CH4OTa,,,,,,,,,,,Trouvé,,,,CID_19371238,Methanol;tantalum,methanol;tantalum,CO.[Ta],"InChI=1S/CH4O.Ta/c1-2;/h2H,1H3;",OXWOCAKCADBNHB-UHFFFAOYSA-N
Ethanol;hydroxy(dioxo)tungsten,Industrial,19383028,C2H7O4W,278.91,,2,4,74.6,CCO.O[W](=O)=O,PubChem,,,,Structure_PubChem,278.914,-0.7985,2,3,74.6,7,0,0,,,,,278.914,,C2H7O4W,,,,,,,,,,,Trouvé,,,,CID_19383028,Ethanol;hydroxy(dioxo)tungsten,ethanol;hydroxy(dioxo)tungsten,CCO.O[W](=O)=O,"InChI=1S/C2H6O.H2O.2O.W/c1-2-3;;;;/h3H,2H2,1H3;1H2;;;/q;;;;+1/p-1",QZXRRHCXQRTOCV-UHFFFAOYSA-M
Methane;methanol,Industrial,19437367,C2H8O,48.08,,1,1,20.2,C.CO,PubChem,,,,Structure_PubChem,48.085,0.2446,1,1,20.23,3,0,0,,,,,48.085,,C2H8O,,,,,,,,,,,Trouvé,,,,CID_19437367,Methane;methanol,methane;methanol,C.CO,"InChI=1S/CH4O.CH4/c1-2;/h2H,1H3;1H4",AGDRDFJCYMPNFZ-UHFFFAOYSA-N
Ethane;ethanol,Industrial,19438254,C4H12O,76.14,,1,1,20.2,CC.CCO,PubChem,,,,Structure_PubChem,76.139,1.0248,1,1,20.23,5,0,0,,,,,76.139,,C4H12O,,,,,,,,,,,Trouvé,,,,CID_19438254,Ethane;ethanol,ethane;ethanol,CC.CCO,"InChI=1S/C2H6O.C2H6/c1-2-3;1-2/h3H,2H2,1H3;1-2H3",VKWVWGPDUORDOL-UHFFFAOYSA-N
Methanol hydroxide,Industrial,19595568,CH5O2-,49.049,,2,2,21.2,CO.[OH-],PubChem,,,,Structure_PubChem,49.049,-0.5683,1,2,50.23,3,0,0,,,,,49.049,,CH5O2-,,,,,,,,,,,Trouvé,,,,CID_19595568,Methanol hydroxide,methanol hydroxide,CO.[OH-],"InChI=1S/CH4O.H2O/c1-2;/h2H,1H3;1H2/p-1",GBMDVOWEEQVZKZ-UHFFFAOYSA-M
Argon;propan-2-one,Industrial,19604749,C3H6ArO,98.0,,0,1,17.1,CC(=O)C.[Ar],PubChem,,,,Structure_PubChem,98.028,0.5953,0,1,17.07,5,0,0,,,,,98.028,,C3H6ArO,,,,,,,,,,,Trouvé,,,,CID_19604749,Argon;propan-2-one,argon;propan-2-one,CC(=O)C.[Ar],InChI=1S/C3H6O.Ar/c1-3(2)4;/h1-2H3;,WOMUXWWKRWRGIP-UHFFFAOYSA-N
Ethanol;hydron,Industrial,19604753,C2H7O+,47.08,,2,1,20.2,[H+].CCO,PubChem,,,,Structure_PubChem,47.077,0.1111,1,1,20.23,3,0,0,,,,,47.077,,C2H7O+,,,,,,,,,,,Trouvé,,,,CID_19604753,Ethanol;hydron,ethanol;hydron,[H+].CCO,"InChI=1S/C2H6O/c1-2-3/h3H,2H2,1H3/p+1",LFQSCWFLJHTTHZ-UHFFFAOYSA-O
Methane;propan-2-one,Industrial,19604756,C4H10O,74.12,,0,1,17.1,C.CC(=O)C,PubChem,,,,Structure_PubChem,74.123,1.2314,0,1,17.07,5,0,0,,,,,74.123,,C4H10O,,,,,,,,,,,Trouvé,,,,CID_19604756,Methane;propan-2-one,methane;propan-2-one,C.CC(=O)C,InChI=1S/C3H6O.CH4/c1-3(2)4;/h1-2H3;1H4,CKJRQPWAXMFUCK-UHFFFAOYSA-N
Argon;methanol,Industrial,19604759,CH4ArO,71.9,,1,1,20.2,CO.[Ar],PubChem,,,,Structure_PubChem,71.99,-0.3915,1,1,20.23,3,0,0,,,,,71.99,,CH4ArO,,,,,,,,,,,Trouvé,,,,CID_19604759,Argon;methanol,argon;methanol,CO.[Ar],"InChI=1S/CH4O.Ar/c1-2;/h2H,1H3;",DMHZGJLWEIEBRK-UHFFFAOYSA-N
CID 19697277,Industrial,19697277,CH4OPb,239.0,,1,1,20.2,CO.[Pb],PubChem,,,,Structure_PubChem,239.242,-0.7723,1,1,20.23,3,0,0,,,,,239.242,,CH4OPb,,,,,,,,,,,Trouvé,,,,CID_19697277,CID 19697277,,CO.[Pb],"InChI=1S/CH4O.Pb/c1-2;/h2H,1H3;",TUYGWZAPCSJESY-UHFFFAOYSA-N
Ethanol;platinum(2+),Industrial,19782899,C2H6OPt+2,241.15,,1,1,20.2,CCO.[Pt+2],PubChem,,,,Structure_PubChem,241.147,-0.0039,1,1,20.23,4,0,0,,,,,241.147,,C2H6OPt+2,,,,,,,,,,,Trouvé,,,,CID_19782899,Ethanol;platinum(2+),ethanol;platinum(2+),CCO.[Pt+2],"InChI=1S/C2H6O.Pt/c1-2-3;/h3H,2H2,1H3;/q;+2",QDRCDVHFUQAHSF-UHFFFAOYSA-N
ZINC;propan-2-one;diiodide,Industrial,19891118,C3H6I2OZn,377.3,,0,3,17.1,CC(=O)C.[Zn+2].[I-].[I-],PubChem,,,,Structure_PubChem,377.278,-5.3992,0,1,17.07,7,0,0,,,,,377.278,,C3H6I2OZn,,,,,,,,,,,Trouvé,,,,CID_19891118,ZINC;propan-2-one;diiodide,zinc;propan-2-one;diiodide,CC(=O)C.[Zn+2].[I-].[I-],InChI=1S/C3H6O.2HI.Zn/c1-3(2)4;;;/h1-2H3;2*1H;/q;;;+2/p-2,CXMYSGJEMXUCIZ-UHFFFAOYSA-L
Ethanol;vanadium;tribromide,Industrial,19892735,C2H6Br3OV-3,336.72,,1,4,20.2,CCO.[V].[Br-].[Br-].[Br-],PubChem,,,,Structure_PubChem,336.725,-8.9919,1,1,20.23,7,0,0,,,,,336.725,,C2H6Br3OV-3,,,,,,,,,,,Trouvé,,,,CID_19892735,Ethanol;vanadium;tribromide,ethanol;vanadium;tribromide,CCO.[V].[Br-].[Br-].[Br-],"InChI=1S/C2H6O.3BrH.V/c1-2-3;;;;/h3H,2H2,1H3;3*1H;/p-3",DENLIVKJCRMTLX-UHFFFAOYSA-K
Ethanol;iron(2+),Industrial,19893184,C2H6FeO+2,101.91,,1,1,20.2,CCO.[Fe+2],PubChem,,,,Structure_PubChem,101.914,-0.0039,1,1,20.23,4,0,0,,,,,101.914,,C2H6FeO+2,,,,,,,,,,,Trouvé,,,,CID_19893184,Ethanol;iron(2+),ethanol;iron(2+),CCO.[Fe+2],"InChI=1S/C2H6O.Fe/c1-2-3;/h3H,2H2,1H3;/q;+2",UYEGDSWHJDKCRB-UHFFFAOYSA-N
4-(5-Methylhexyl)phenol,Industrial,19911080,C13H20O,192.3,4.5,1,1,20.2,CC(C)CCCCC1=CC=C(C=C1)O,PubChem,,,,Structure_PubChem,192.302,3.761,1,1,20.23,14,1,5,,,,,192.302,,C13H20O,,,,,,,,,,,Trouvé,,,,CID_19911080,4-(5-Methylhexyl)phenol,4-(5-methylhexyl)phenol,CC(C)CCCCC1=CC=C(C=C1)O,"InChI=1S/C13H20O/c1-11(2)5-3-4-6-12-7-9-13(14)10-8-12/h7-11,14H,3-6H2,1-2H3",DZIFYSBFHMEXBI-UHFFFAOYSA-N
Ethanol;hafnium,Industrial,19956501,C2H6HfO,224.55,,1,1,20.2,CCO.[Hf],PubChem,,,,Structure_PubChem,224.559,-0.0039,1,1,20.23,4,0,0,,,,,224.559,,C2H6HfO,,,,,,,,,,,Trouvé,,,,CID_19956501,Ethanol;hafnium,ethanol;hafnium,CCO.[Hf],"InChI=1S/C2H6O.Hf/c1-2-3;/h3H,2H2,1H3;",WOEQEDQNDRKHPV-UHFFFAOYSA-N
Ethanol;vanadium,Industrial,19956502,C2H6OV,97.01,,1,1,20.2,CCO.[V],PubChem,,,,Structure_PubChem,97.013,-0.0039,1,1,20.23,4,0,0,,,,,97.013,,C2H6OV,,,,,,,,,,,Trouvé,,,,CID_19956502,Ethanol;vanadium,ethanol;vanadium,CCO.[V],"InChI=1S/C2H6O.V/c1-2-3;/h3H,2H2,1H3;",XCGKCPWIWFSADF-UHFFFAOYSA-N
Dioxovanadium;ethanol,Industrial,19978503,C2H6O3V,129.01,,1,3,54.4,CCO.O=[V]=O,PubChem,,,,Structure_PubChem,129.011,-0.2415,1,3,54.37,6,0,0,,,,,129.011,,C2H6O3V,,,,,,,,,,,Trouvé,,,,CID_19978503,Dioxovanadium;ethanol,dioxovanadium;ethanol,CCO.O=[V]=O,"InChI=1S/C2H6O.2O.V/c1-2-3;;;/h3H,2H2,1H3;;;",VOUYRRQGLHYTCG-UHFFFAOYSA-N
Ethanol;yttrium,Industrial,20030487,C2H6OY,134.97,,1,1,20.2,CCO.[Y],PubChem,,,,Structure_PubChem,134.975,-0.0039,1,1,20.23,4,0,0,,,,,134.975,,C2H6OY,,,,,,,,,,,Trouvé,,,,CID_20030487,Ethanol;yttrium,ethanol;yttrium,CCO.[Y],"InChI=1S/C2H6O.Y/c1-2-3;/h3H,2H2,1H3;",PKFPAWJVJYVYQG-UHFFFAOYSA-N
Ethanol;vanadium;trichloride,Industrial,20042752,C2H6Cl3OV-3,203.36,,1,4,20.2,CCO.[Cl-].[Cl-].[Cl-].[V],PubChem,,,,Structure_PubChem,203.372,-8.9919,1,1,20.23,7,0,0,,,,,203.372,,C2H6Cl3OV-3,,,,,,,,,,,Trouvé,,,,CID_20042752,Ethanol;vanadium;trichloride,ethanol;vanadium;trichloride,CCO.[Cl-].[Cl-].[Cl-].[V],"InChI=1S/C2H6O.3ClH.V/c1-2-3;;;;/h3H,2H2,1H3;3*1H;/p-3",BENZNGVUNPBXOJ-UHFFFAOYSA-K
Menthyl Salicylate,Industrial,20055232,C17H24O3,276.4,5.4,1,3,46.5,C[C@@H]1CC[C@H]([C@@H](C1)OC(=O)C2=CC=CC=C2O)C(C)C,PubChem,,,,Structure_PubChem,276.376,4.0098,1,3,46.53,20,2,3,,,,,276.376,,C17H24O3,,,,,,,,,,,Trouvé,,,,CID_20055232,Menthyl Salicylate,"[(1R,2S,5R)-5-methyl-2-propan-2-ylcyclohexyl] 2-hydroxybenzoate",C[C@@H]1CC[C@H]([C@@H](C1)OC(=O)C2=CC=CC=C2O)C(C)C,"InChI=1S/C17H24O3/c1-11(2)13-9-8-12(3)10-16(13)20-17(19)14-6-4-5-7-15(14)18/h4-7,11-13,16,18H,8-10H2,1-3H3/t12-,13+,16-/m1/s1",SJOXEWUZWQYCGL-DVOMOZLQSA-N
Propan-2-one;dihydrochloride,Industrial,20065204,C3H8Cl2O,131.0,,2,1,17.1,CC(=O)C.Cl.Cl,PubChem,,,,Structure_PubChem,131.002,1.4389,0,1,17.07,6,0,0,,,,,131.002,,C3H8Cl2O,,,,,,,,,,,Trouvé,,,,CID_20065204,Propan-2-one;dihydrochloride,propan-2-one;dihydrochloride,CC(=O)C.Cl.Cl,InChI=1S/C3H6O.2ClH/c1-3(2)4;;/h1-2H3;2*1H,AURNFBUHBDLHKR-UHFFFAOYSA-N
ZINC methanol,Industrial,20079746,CH4OZn+2,97.4,,1,1,20.2,CO.[Zn+2],PubChem,,,,Structure_PubChem,97.432,-0.394,1,1,20.23,3,0,0,,,,,97.432,,CH4OZn+2,,,,,,,,,,,Trouvé,,,,CID_20079746,ZINC methanol,zinc methanol,CO.[Zn+2],"InChI=1S/CH4O.Zn/c1-2;/h2H,1H3;/q;+2",VJQPSPJXMYKJAH-UHFFFAOYSA-N
Hydron;methanol;chloride,Industrial,20199498,CH5ClO,68.5,,2,2,20.2,[H+].CO.[Cl-],PubChem,,,,Structure_PubChem,68.503,-3.275,1,1,20.23,3,0,0,,,,,68.503,,CH5ClO,,,,,,,,,,,Trouvé,,,,CID_20199498,Hydron;methanol;chloride,hydron;methanol;chloride,[H+].CO.[Cl-],"InChI=1S/CH4O.ClH/c1-2;/h2H,1H3;1H",FUKUFMFMCZIRNT-UHFFFAOYSA-N
Isopropylbiphenyl,Industrial,20259910,C15H18,198.3,,0,0,0.0,CCC.C1=CC=C(C=C1)C2=CC=CC=C2,PubChem,,,,Structure_PubChem,198.309,4.7699,0,0,0.0,15,2,1,,,,,198.309,,C15H18,,,,,,,,,,,Trouvé,,,,CID_20259910,Isopropylbiphenyl,"1,1'-biphenyl;propane",CCC.C1=CC=C(C=C1)C2=CC=CC=C2,"InChI=1S/C12H10.C3H8/c1-3-7-11(8-4-1)12-9-5-2-6-10-12;1-3-2/h1-10H;3H2,1-2H3",QTKIQLNGOKOPOE-UHFFFAOYSA-N
Phosphine ethanol,Industrial,20265630,C2H9OP,80.07,,1,1,20.2,CCO.P,PubChem,,,,Structure_PubChem,80.067,0.0567,1,1,20.23,4,0,0,,,,,80.067,,C2H9OP,,,,,,,,,,,Trouvé,,,,CID_20265630,Phosphine ethanol,ethanol;phosphane,CCO.P,"InChI=1S/C2H6O.H3P/c1-2-3;/h3H,2H2,1H3;1H3",MDYZNAADJDEDIF-UHFFFAOYSA-N
Sodium bromide methanol,Industrial,20267117,CH4BrNaO,134.94,,1,2,20.2,CO.[Na+].[Br-],PubChem,,,,Structure_PubChem,134.936,-6.3835,1,1,20.23,4,0,0,,,,,134.936,,CH4BrNaO,,,,,,,,,,,Trouvé,,,,CID_20267117,Sodium bromide methanol,sodium;methanol;bromide,CO.[Na+].[Br-],"InChI=1S/CH4O.BrH.Na/c1-2;;/h2H,1H3;1H;/q;;+1/p-1",VVASULGCDCYIAS-UHFFFAOYSA-M
Oxotitanium;propan-2-one,Industrial,20277083,C3H6O2Ti,121.95,,0,2,34.1,CC(=O)C.O=[Ti],PubChem,,,,Structure_PubChem,121.946,0.474,0,2,34.14,6,0,0,,,,,121.946,,C3H6O2Ti,,,,,,,,,,,Trouvé,,,,CID_20277083,Oxotitanium;propan-2-one,oxotitanium;propan-2-one,CC(=O)C.O=[Ti],InChI=1S/C3H6O.O.Ti/c1-3(2)4;;/h1-2H3;;,PBMQWEHPWNZIIL-UHFFFAOYSA-N
Dihydrochloride hydrochloride ethanol,Industrial,20280139,C2H9Cl3O,155.45,,4,1,20.2,CCO.Cl.Cl.Cl,PubChem,,,,Structure_PubChem,155.452,1.264,1,1,20.23,6,0,0,,,,,155.452,,C2H9Cl3O,,,,,,,,,,,Trouvé,,,,CID_20280139,Dihydrochloride hydrochloride ethanol,ethanol;trihydrochloride,CCO.Cl.Cl.Cl,"InChI=1S/C2H6O.3ClH/c1-2-3;;;/h3H,2H2,1H3;3*1H",XRZVNIXEBCWMJE-UHFFFAOYSA-N
Ethanol;ZINC,Industrial,20315675,C2H6OZn,111.4,,1,1,20.2,CCO.[Zn],PubChem,,,,Structure_PubChem,111.459,-0.0039,1,1,20.23,4,0,0,,,,,111.459,,C2H6OZn,,,,,,,,,,,Trouvé,,,,CID_20315675,Ethanol;ZINC,ethanol;zinc,CCO.[Zn],"InChI=1S/C2H6O.Zn/c1-2-3;/h3H,2H2,1H3;",LMDAGMAWWYVRJZ-UHFFFAOYSA-N
Hydron;propan-2-one;chloride,Industrial,20401441,C3H7ClO,94.54,,1,2,17.1,[H+].CC(=O)C.[Cl-],PubChem,,,,Structure_PubChem,94.541,-2.2882,0,1,17.07,5,0,0,,,,,94.541,,C3H7ClO,,,,,,,,,,,Trouvé,,,,CID_20401441,Hydron;propan-2-one;chloride,hydron;propan-2-one;chloride,[H+].CC(=O)C.[Cl-],InChI=1S/C3H6O.ClH/c1-3(2)4;/h1-2H3;1H,HPOKESDSMZRZLC-UHFFFAOYSA-N
Dioxovanadium;methanol,Industrial,20452018,CH4O3V,114.982,,1,3,54.4,CO.O=[V]=O,PubChem,,,,Structure_PubChem,114.984,-0.6316,1,3,54.37,5,0,0,,,,,114.984,,CH4O3V,,,,,,,,,,,Trouvé,,,,CID_20452018,Dioxovanadium;methanol,dioxovanadium;methanol,CO.O=[V]=O,"InChI=1S/CH4O.2O.V/c1-2;;;/h2H,1H3;;;",BXXTXSQXQGHNQV-UHFFFAOYSA-N
Hydron phenoxide,Industrial,20488062,C6H6O,94.11,,1,1,23.1,[H+].C1=CC=C(C=C1)[O-],PubChem,,,,Structure_PubChem,94.113,0.8727,0,1,23.06,7,1,0,,,,,94.113,,C6H6O,,,,,,,,,,,Trouvé,,,,CID_20488062,Hydron phenoxide,hydron phenoxide,[H+].C1=CC=C(C=C1)[O-],"InChI=1S/C6H6O/c7-6-4-2-1-3-5-6/h1-5,7H",ISWSIDIOOBJBQZ-UHFFFAOYSA-N
Methanol;uranium,Industrial,20514519,CH4OU,270.071,,1,1,20.2,CO.[U],PubChem,,,,Structure_PubChem,270.071,-0.3915,1,1,20.23,3,0,0,,,,,270.071,,CH4OU,,,,,,,,,,,Trouvé,,,,CID_20514519,Methanol;uranium,methanol;uranium,CO.[U],"InChI=1S/CH4O.U/c1-2;/h2H,1H3;",CYEUSPJRJKLFRA-UHFFFAOYSA-N
Silver;methanol,Industrial,20529831,CH4AgO+,139.91,,1,1,20.2,CO.[Ag+],PubChem,,,,Structure_PubChem,139.91,-0.394,1,1,20.23,3,0,0,,,,,139.91,,CH4AgO+,,,,,,,,,,,Trouvé,,,,CID_20529831,Silver;methanol,silver methanol,CO.[Ag+],"InChI=1S/CH4O.Ag/c1-2;/h2H,1H3;/q;+1",YAKBBMYCJZRGNZ-UHFFFAOYSA-N
Tris-hcl methanol,Industrial,20533548,CH7Cl3O,141.42,,4,1,20.2,CO.Cl.Cl.Cl,PubChem,,,,Structure_PubChem,141.425,0.8739,1,1,20.23,5,0,0,,,,,141.425,,CH7Cl3O,,,,,,,,,,,Trouvé,,,,CID_20533548,Tris-hcl methanol,methanol;trihydrochloride,CO.Cl.Cl.Cl,"InChI=1S/CH4O.3ClH/c1-2;;;/h2H,1H3;3*1H",CSSQVVSIMKUCGN-UHFFFAOYSA-N
Ethanol;trichlorovanadium,Industrial,20536027,C2H6Cl3OV,203.36,,1,1,20.2,CCO.Cl[V](Cl)Cl,PubChem,,,,Structure_PubChem,203.372,2.0646,1,1,20.23,7,0,0,,,,,203.372,,C2H6Cl3OV,,,,,,,,,,,Trouvé,,,,CID_20536027,Ethanol;trichlorovanadium,ethanol;trichlorovanadium,CCO.Cl[V](Cl)Cl,"InChI=1S/C2H6O.3ClH.V/c1-2-3;;;;/h3H,2H2,1H3;3*1H;/q;;;;+3/p-3",OUGDLRPFUBANGI-UHFFFAOYSA-K
Propan Ethanol,Industrial,20563158,C5H14O,90.16,,1,1,20.2,CCC.CCO,PubChem,,,,Structure_PubChem,90.166,1.4149,1,1,20.23,6,0,0,,,,,90.166,,C5H14O,,,,,,,,,,,Trouvé,,,,CID_20563158,Propan Ethanol,ethanol;propane,CCC.CCO,"InChI=1S/C3H8.C2H6O/c1-3-2;1-2-3/h3H2,1-2H3;3H,2H2,1H3",VDKCGYDKRKFWOD-UHFFFAOYSA-N
Resorcinol sulfate,Industrial,20573881,C6H6O5S,190.18,0.7,2,5,92.2,C1=CC(=CC(=C1)OS(=O)(=O)O)O,PubChem,,,,Structure_PubChem,190.176,0.5738,2,4,83.83,12,1,2,,,,,190.176,,C6H6O5S,,,,,,,,,,,Trouvé,,,,CID_20573881,Resorcinol sulfate,(3-hydroxyphenyl) hydrogen sulfate,C1=CC(=CC(=C1)OS(=O)(=O)O)O,"InChI=1S/C6H6O5S/c7-5-2-1-3-6(4-5)11-12(8,9)10/h1-4,7H,(H,8,9,10)",QQOGTJREOAHYMT-UHFFFAOYSA-N
CID 20597151,Industrial,20597151,C3H5O+,57.07,-0.1,0,1,17.1,CC(=O)[CH2+],PubChem,,,,Structure_PubChem,57.072,0.4095,0,1,17.07,4,0,0,,,,,57.072,,C3H5O+,,,,,,,,,,,Trouvé,,,,CID_20597151,CID 20597151,propan-2-one,CC(=O)[CH2+],"InChI=1S/C3H5O/c1-3(2)4/h1H2,2H3/q+1",QXDNDLSNAINLHI-UHFFFAOYSA-N
Sodium hydride methanol,Industrial,20640354,CH5NaO,56.04,,1,2,20.2,[H-].CO.[Na+],PubChem,,,,Structure_PubChem,56.04,-3.275,1,1,20.23,3,0,0,,,,,56.04,,CH5NaO,,,,,,,,,,,Trouvé,,,,CID_20640354,Sodium hydride methanol,sodium;hydride;methanol,[H-].CO.[Na+],"InChI=1S/CH4O.Na.H/c1-2;;/h2H,1H3;;/q;+1;-1",NUPMGGPECROQKF-UHFFFAOYSA-N
Carbanide;ethanol;tungsten(2+),Industrial,20642215,C3H8OW,243.94,,1,3,20.2,[CH3-].[CH2-]CO.[W+2],PubChem,,,,Structure_PubChem,243.936,0.2606,1,1,20.23,5,0,0,,,,,243.936,,C3H8OW,,,,,,,,,,,Trouvé,,,,CID_20642215,Carbanide;ethanol;tungsten(2+),carbanide;ethanol;tungsten(2+),[CH3-].[CH2-]CO.[W+2],"InChI=1S/C2H5O.CH3.W/c1-2-3;;/h3H,1-2H2;1H3;/q2*-1;+2",ZVFCVGPIEFPFOH-UHFFFAOYSA-N
Carbanide;propan-2-one;tungsten,Industrial,20672732,C4H9OW-,256.95,,0,2,17.1,[CH3-].CC(=O)C.[W],PubChem,,,,Structure_PubChem,256.955,1.0431,0,1,17.07,6,0,0,,,,,256.955,,C4H9OW-,,,,,,,,,,,Trouvé,,,,CID_20672732,Carbanide;propan-2-one;tungsten,carbanide;propan-2-one;tungsten,[CH3-].CC(=O)C.[W],InChI=1S/C3H6O.CH3.W/c1-3(2)4;;/h1-2H3;1H3;/q;-1;,SYNRSIZHJAIAKR-UHFFFAOYSA-N
CID 20701241,Industrial,20701241,C3H8BO,70.91,,1,1,20.2,[B](C)C(C)O,PubChem,,,,Structure_PubChem,70.908,0.077,1,1,20.23,5,0,1,,,,,70.908,,C3H8BO,,,,,,,,,,,Trouvé,,,,CID_20701241,CID 20701241,,[B](C)C(C)O,"InChI=1S/C3H8BO/c1-3(5)4-2/h3,5H,1-2H3",CDIRZZLMCVXGRG-UHFFFAOYSA-N
Curium;methanol,Industrial,20728915,CH4CmO,279.112,,1,1,20.2,CO.[Cm],PubChem,,,,Structure_PubChem,279.042,-0.3915,1,1,20.23,3,0,0,,,,,279.042,,CH4CmO,,,,,,,,,,,Trouvé,,,,CID_20728915,Curium;methanol,curium;methanol,CO.[Cm],"InChI=1S/CH4O.Cm/c1-2;/h2H,1H3;",APETWRVMBMHFHT-UHFFFAOYSA-N
Actinium;propan-1-ol,Industrial,20748889,C3H7AcO-,286.11,,1,2,20.2,[CH2-]CCO.[Ac],PubChem,,,,Structure_PubChem,286.088,0.2029,1,1,20.23,5,0,1,,,,,286.088,,C3H7AcO-,,,,,,,,,,,Trouvé,,,,CID_20748889,Actinium;propan-1-ol,actinium;propan-1-ol,[CH2-]CCO.[Ac],"InChI=1S/C3H7O.Ac/c1-2-3-4;/h4H,1-3H2;/q-1;",BSYKARAOARAWSW-UHFFFAOYSA-N
Potassium butan-2-one,Industrial,20758769,C4H7KO,110.2,,0,2,17.1,CC(=O)C[CH2-].[K+],PubChem,,,,Structure_PubChem,110.197,-2.1964,0,1,17.07,6,0,1,,,,,110.197,,C4H7KO,,,,,,,,,,,Trouvé,,,,CID_20758769,Potassium butan-2-one,potassium butan-2-one,CC(=O)C[CH2-].[K+],"InChI=1S/C4H7O.K/c1-3-4(2)5;/h1,3H2,2H3;/q-1;+1",DLSZCUUBJNVAJB-UHFFFAOYSA-N
Methanol;vanadium,Industrial,20760012,CH4OV,82.983,,1,1,20.2,CO.[V],PubChem,,,,Structure_PubChem,82.986,-0.394,1,1,20.23,3,0,0,,,,,82.986,,CH4OV,,,,,,,,,,,Trouvé,,,,CID_20760012,Methanol;vanadium,methanol;vanadium,CO.[V],"InChI=1S/CH4O.V/c1-2;/h2H,1H3;",KTXUFELVMHIUKA-UHFFFAOYSA-N
Methanol;praseodymium,Industrial,20763063,CH4OPr,172.95,,1,1,20.2,CO.[Pr],PubChem,,,,Structure_PubChem,172.95,-0.3915,1,1,20.23,3,0,0,,,,,172.95,,CH4OPr,,,,,,,,,,,Trouvé,,,,CID_20763063,Methanol;praseodymium,methanol;praseodymium,CO.[Pr],"InChI=1S/CH4O.Pr/c1-2;/h2H,1H3;",BCTWVQGHYAWXAC-UHFFFAOYSA-N
CID 20775677,Industrial,20775677,C2H5BO,55.87,,1,1,20.2,[B]C(C)O,PubChem,,,,Structure_PubChem,55.873,-0.5068,1,1,20.23,4,0,0,,,,,55.873,,C2H5BO,,,,,,,,,,,Trouvé,,,,CID_20775677,CID 20775677,,[B]C(C)O,"InChI=1S/C2H5BO/c1-2(3)4/h2,4H,1H3",VMXJIYAIIHFZRZ-UHFFFAOYSA-N
Antimony(3+);ethanol,Industrial,20835718,C2H6OSb+3,167.83,,1,1,20.2,CCO.[Sb+3],PubChem,,,,Structure_PubChem,167.829,-0.3822,1,1,20.23,4,0,0,,,,,167.829,,C2H6OSb+3,,,,,,,,,,,Trouvé,,,,CID_20835718,Antimony(3+);ethanol,antimony(3+);ethanol,CCO.[Sb+3],"InChI=1S/C2H6O.Sb/c1-2-3;/h3H,2H2,1H3;/q;+3",CXELANVINQBKDU-UHFFFAOYSA-N
Phenyl butyl borinic acid,Industrial,20836008,C10H15BO,162.04,,1,1,20.2,B(CCCC)(C1=CC=CC=C1)O,PubChem,,,,Structure_PubChem,162.041,1.6775,1,1,20.23,12,1,4,,,,,162.041,,C10H15BO,,,,,,,,,,,Trouvé,,,,CID_20836008,Phenyl butyl borinic acid,butyl(phenyl)borinic acid,B(CCCC)(C1=CC=CC=C1)O,"InChI=1S/C10H15BO/c1-2-3-9-11(12)10-7-5-4-6-8-10/h4-8,12H,2-3,9H2,1H3",QZBRLXORJDJXAL-UHFFFAOYSA-N
CID 20836019,Industrial,20836019,C2H6GeO,118.7,,1,1,20.2,CCO.[Ge],PubChem,,,,Structure_PubChem,118.679,-0.3822,1,1,20.23,4,0,0,,,,,118.679,,C2H6GeO,,,,,,,,,,,Trouvé,,,,CID_20836019,CID 20836019,,CCO.[Ge],"InChI=1S/C2H6O.Ge/c1-2-3;/h3H,2H2,1H3;",KGCUHDFXFXQDNT-UHFFFAOYSA-N
Acetone oxide,Industrial,21014882,C3H6O2,74.08,-0.6,0,1,24.1,CC(=[O+][O-])C,PubChem,,,,Structure_PubChem,74.079,-0.5937,0,1,34.36,5,0,0,,,,,74.079,,C3H6O2,,,,,,,,,,,Trouvé,,,,CID_21014882,Acetone oxide,oxido(propan-2-ylidene)oxidanium,CC(=[O+][O-])C,InChI=1S/C3H6O2/c1-3(2)5-4/h1-2H3,MPMKPLYBEFNYPT-UHFFFAOYSA-N
Ethanol;titanium(4+),Industrial,21115439,C2H6OTi+4,93.94,,1,1,20.2,CCO.[Ti+4],PubChem,,,,Structure_PubChem,93.936,-0.0039,1,1,20.23,4,0,0,,,,,93.936,,C2H6OTi+4,,,,,,,,,,,Trouvé,,,,CID_21115439,Ethanol;titanium(4+),ethanol;titanium(4+),CCO.[Ti+4],"InChI=1S/C2H6O.Ti/c1-2-3;/h3H,2H2,1H3;/q;+4",WFILLYPYFWBKKZ-UHFFFAOYSA-N
Ethanol;niobium(5+),Industrial,21123871,C2H6NbO+5,138.97,,1,1,20.2,CCO.[Nb+5],PubChem,,,,Structure_PubChem,138.975,-0.0039,1,1,20.23,4,0,0,,,,,138.975,,C2H6NbO+5,,,,,,,,,,,Trouvé,,,,CID_21123871,Ethanol;niobium(5+),ethanol;niobium(5+),CCO.[Nb+5],"InChI=1S/C2H6O.Nb/c1-2-3;/h3H,2H2,1H3;/q;+5",CWLKHIHGOBVTMS-UHFFFAOYSA-N
Ethanol;tantalum(5+),Industrial,21123887,C2H6OTa+5,227.02,,1,1,20.2,CCO.[Ta+5],PubChem,,,,Structure_PubChem,227.017,-0.0039,1,1,20.23,4,0,0,,,,,227.017,,C2H6OTa+5,,,,,,,,,,,Trouvé,,,,CID_21123887,Ethanol;tantalum(5+),ethanol;tantalum(5+),CCO.[Ta+5],"InChI=1S/C2H6O.Ta/c1-2-3;/h3H,2H2,1H3;/q;+5",GJAORVQUNCMFTG-UHFFFAOYSA-N
Lithium;methanol,Industrial,21124342,CH4LiO+,39.0,,1,1,20.2,[Li+].CO,PubChem,,,,Structure_PubChem,38.983,-3.3875,1,1,20.23,3,0,0,,,,,38.983,,CH4LiO+,,,,,,,,,,,Trouvé,,,,CID_21124342,Lithium;methanol,lithium methanol,[Li+].CO,"InChI=1S/CH4O.Li/c1-2;/h2H,1H3;/q;+1",QFABNBMFSMQTPE-UHFFFAOYSA-N
Methanol;titanium(4+),Industrial,21124345,CH4OTi+4,79.909,,1,1,20.2,CO.[Ti+4],PubChem,,,,Structure_PubChem,79.909,-0.394,1,1,20.23,3,0,0,,,,,79.909,,CH4OTi+4,,,,,,,,,,,Trouvé,,,,CID_21124345,Methanol;titanium(4+),methanol;titanium(4+),CO.[Ti+4],"InChI=1S/CH4O.Ti/c1-2;/h2H,1H3;/q;+4",USVNPVYYMBPNRM-UHFFFAOYSA-N
Sodium;methanol,Industrial,21253762,CH4NaO+,55.032,,1,1,20.2,CO.[Na+],PubChem,,,,Structure_PubChem,55.032,-3.3875,1,1,20.23,3,0,0,,,,,55.032,,CH4NaO+,,,,,,,,,,,Trouvé,,,,CID_21253762,Sodium;methanol,sodium methanol,CO.[Na+],"InChI=1S/CH4O.Na/c1-2;/h2H,1H3;/q;+1",AKWGTXRLKNHCPP-UHFFFAOYSA-N
Chloric acid ethanol,Industrial,21282719,C2H7ClO4,130.53,,2,4,74.6,CCO.OCl(=O)=O,PubChem,,,,Structure_PubChem,130.527,-2.9364,2,4,86.58,7,0,0,,,,,130.527,,C2H7ClO4,,,,,,,,,,,Trouvé,,,,CID_21282719,Chloric acid ethanol,chloric acid;ethanol,CCO.OCl(=O)=O,"InChI=1S/C2H6O.ClHO3/c1-2-3;2-1(3)4/h3H,2H2,1H3;(H,2,3,4)",BMTLETAJHZZUPD-UHFFFAOYSA-N
CID 21283464,Industrial,21283464,C3H6OPb,265.0,,0,1,17.1,CC(=O)C.[Pb],PubChem,,,,Structure_PubChem,265.28,0.2145,0,1,17.07,5,0,0,,,,,265.28,,C3H6OPb,,,,,,,,,,,Trouvé,,,,CID_21283464,CID 21283464,,CC(=O)C.[Pb],InChI=1S/C3H6O.Pb/c1-3(2)4;/h1-2H3;,YPRFGPKFFMJKRB-UHFFFAOYSA-N
Carbanide;methanol;samarium,Industrial,21307476,C2H6OSm-2,196.4,,1,3,20.2,[CH3-].[CH2-]O.[Sm],PubChem,,,,Structure_PubChem,196.429,0.6008,1,1,20.23,4,0,0,,,,,196.429,,C2H6OSm-2,,,,,,,,,,,Trouvé,,,,CID_21307476,Carbanide;methanol;samarium,carbanide;methanol;samarium,[CH3-].[CH2-]O.[Sm],"InChI=1S/CH3O.CH3.Sm/c1-2;;/h2H,1H2;1H3;/q2*-1;",DPELRPIYOZTFMZ-UHFFFAOYSA-N
Ethanol;hydron;chloride,Industrial,21311900,C2H7ClO,82.53,,2,2,20.2,[H+].CCO.[Cl-],PubChem,,,,Structure_PubChem,82.53,-2.8849,1,1,20.23,4,0,0,,,,,82.53,,C2H7ClO,,,,,,,,,,,Trouvé,,,,CID_21311900,Ethanol;hydron;chloride,ethanol;hydron;chloride,[H+].CCO.[Cl-],"InChI=1S/C2H6O.ClH/c1-2-3;/h3H,2H2,1H3;1H",DZGCGKFAPXFTNM-UHFFFAOYSA-N
Actinium;methanol,Industrial,21349889,CH4AcO,259.07,,1,1,20.2,CO.[Ac],PubChem,,,,Structure_PubChem,259.042,-0.3915,1,1,20.23,3,0,0,,,,,259.042,,CH4AcO,,,,,,,,,,,Trouvé,,,,CID_21349889,Actinium;methanol,actinium;methanol,CO.[Ac],"InChI=1S/CH4O.Ac/c1-2;/h2H,1H3;",QEGKTXYZZUNBOW-UHFFFAOYSA-N
Propan-2-one;sulfur monoxide,Industrial,21387950,C3H6O2S,106.15,,0,3,66.2,CC(=O)C.O=S,PubChem,,,,Structure_PubChem,106.146,0.259,0,3,34.14,6,0,0,,,,,106.146,,C3H6O2S,,,,,,,,,,,Trouvé,,,,CID_21387950,Propan-2-one;sulfur monoxide,propan-2-one;sulfur monoxide,CC(=O)C.O=S,InChI=1S/C3H6O.OS/c1-3(2)4;1-2/h1-2H3;,ZMZKRNFFYXCULH-UHFFFAOYSA-N
4-HO-Dphp,Industrial,21410667,C12H11O5P,266.19,1.0,2,5,76.0,C1=CC=C(C=C1)OP(=O)(O)OC2=CC=C(C=C2)O,PubChem,,,,Structure_PubChem,266.189,2.9504,2,4,75.99,18,2,4,,,,,266.189,,C12H11O5P,,,,,,,,,,,Trouvé,,,,CID_21410667,4-HO-Dphp,(4-hydroxyphenyl) phenyl hydrogen phosphate,C1=CC=C(C=C1)OP(=O)(O)OC2=CC=C(C=C2)O,"InChI=1S/C12H11O5P/c13-10-6-8-12(9-7-10)17-18(14,15)16-11-4-2-1-3-5-11/h1-9,13H,(H,14,15)",TUBVQVOADJADLU-UHFFFAOYSA-N
Hydron;propan-2-one;fluoride,Industrial,21465816,C3H7FO,78.09,,1,2,17.1,[H+].CC(=O)C.[F-],PubChem,,,,Structure_PubChem,78.086,-2.2882,0,1,17.07,5,0,0,,,,,78.086,,C3H7FO,,,,,,,,,,,Trouvé,,,,CID_21465816,Hydron;propan-2-one;fluoride,hydron;propan-2-one;fluoride,[H+].CC(=O)C.[F-],InChI=1S/C3H6O.FH/c1-3(2)4;/h1-2H3;1H,OTUKPXUUYJTFFJ-UHFFFAOYSA-N
Sodium ethanol,Industrial,21480214,C2H6NaO+,69.06,,1,1,20.2,CCO.[Na+],PubChem,,,,Structure_PubChem,69.059,-2.9974,1,1,20.23,4,0,0,,,,,69.059,,C2H6NaO+,,,,,,,,,,,Trouvé,,,,CID_21480214,Sodium ethanol,sodium ethanol,CCO.[Na+],"InChI=1S/C2H6O.Na/c1-2-3;/h3H,2H2,1H3;/q;+1",CDPFDOHSBWKTDU-UHFFFAOYSA-N
Potassium;propan-2-one;hydroxide,Industrial,21553713,C3H7KO2,114.18,,1,2,18.1,CC(=O)C.[OH-].[K+],PubChem,,,,Structure_PubChem,114.185,-2.5775,0,2,47.07,6,0,0,,,,,114.185,,C3H7KO2,,,,,,,,,,,Trouvé,,,,CID_21553713,Potassium;propan-2-one;hydroxide,potassium;propan-2-one;hydroxide,CC(=O)C.[OH-].[K+],InChI=1S/C3H6O.K.H2O/c1-3(2)4;;/h1-2H3;;1H2/q;+1;/p-1,OUTLDGKNVWHDMO-UHFFFAOYSA-M
Hydrobromide methanol,Industrial,21555752,CH5BrO,112.95,,2,1,20.2,CO.Br,PubChem,,,,Structure_PubChem,112.954,0.1864,1,1,20.23,3,0,0,,,,,112.954,,CH5BrO,,,,,,,,,,,Trouvé,,,,CID_21555752,Hydrobromide methanol,methanol;hydrobromide,CO.Br,"InChI=1S/CH4O.BrH/c1-2;/h2H,1H3;1H",ZEZKMMFYTLTLJS-UHFFFAOYSA-N
Lithium propan-1-ol,Industrial,21584890,C3H7LiO,66.1,,1,2,20.2,[Li+].CC[CH-]O,PubChem,,,,Structure_PubChem,66.029,-2.0653,1,1,20.23,5,0,1,,,,,66.029,,C3H7LiO,,,,,,,,,,,Trouvé,,,,CID_21584890,Lithium propan-1-ol,lithium propan-1-ol,[Li+].CC[CH-]O,"InChI=1S/C3H7O.Li/c1-2-3-4;/h3-4H,2H2,1H3;/q-1;+1",GTSOPEZSLNULLP-UHFFFAOYSA-N
"1,2,2,3,3,3-Hexadeuteriopropan-1-ol",Industrial,21609659,C3H8O,66.13,0.3,1,1,20.2,[2H]C(C([2H])([2H])C([2H])([2H])[2H])O,PubChem,,,,Structure_PubChem,66.1326,0.3887,1,1,20.23,4,0,1,,,,,66.1326,,C3H8O,,,,,,,,,,,Trouvé,,,,CID_21609659,"1,2,2,3,3,3-Hexadeuteriopropan-1-ol","1,2,2,3,3,3-hexadeuteriopropan-1-ol",[2H]C(C([2H])([2H])C([2H])([2H])[2H])O,"InChI=1S/C3H8O/c1-2-3-4/h4H,2-3H2,1H3/i1D3,2D2,3D",BDERNNFJNOPAEC-LIDOUZCJSA-N
Chromium;ethanol,Industrial,21621281,C2H6CrO,98.06,,1,1,20.2,CCO.[Cr],PubChem,,,,Structure_PubChem,98.065,-0.0039,1,1,20.23,4,0,0,,,,,98.065,,C2H6CrO,,,,,,,,,,,Trouvé,,,,CID_21621281,Chromium;ethanol,chromium;ethanol,CCO.[Cr],"InChI=1S/C2H6O.Cr/c1-2-3;/h3H,2H2,1H3;",KJQNMLUFVUYFBC-UHFFFAOYSA-N
CID 21640522,Industrial,21640522,C2H6O2V,113.01,,1,2,37.3,CCO.O=[V],PubChem,,,,Structure_PubChem,113.012,-0.1227,1,2,37.3,5,0,0,,,,,113.012,,C2H6O2V,,,,,,,,,,,Trouvé,,,,CID_21640522,CID 21640522,ethanol;oxovanadium,CCO.O=[V],"InChI=1S/C2H6O.O.V/c1-2-3;;/h3H,2H2,1H3;;",ODKFKFSLQOEIFB-UHFFFAOYSA-N
Cerasin,Industrial,21680430,C18H18O6,330.3,3.4,2,6,85.2,COC1=CC(=C(C=C1)/C=C/C(=O)C2=C(C=C(C=C2OC)O)O)OC,PubChem,,,,Structure_PubChem,330.336,3.0197,2,6,85.22,24,2,6,,,,,330.336,,C18H18O6,,,,,,,,,,,Trouvé,,,,CID_21680430,Cerasin,"(E)-1-(2,4-dihydroxy-6-methoxyphenyl)-3-(2,4-dimethoxyphenyl)prop-2-en-1-one",COC1=CC(=C(C=C1)/C=C/C(=O)C2=C(C=C(C=C2OC)O)O)OC,"InChI=1S/C18H18O6/c1-22-13-6-4-11(16(10-13)23-2)5-7-14(20)18-15(21)8-12(19)9-17(18)24-3/h4-10,19,21H,1-3H3/b7-5+",CWMMCBXYWVPWJL-FNORWQNLSA-N
Ammonia methanol,Industrial,21705897,CH7NO,49.073,,2,2,21.2,CO.N,PubChem,,,,Structure_PubChem,49.073,-0.2295,2,2,55.23,3,0,0,,,,,49.073,,CH7NO,,,,,,,,,,,Trouvé,,,,CID_21705897,Ammonia methanol,azane;methanol,CO.N,"InChI=1S/CH4O.H3N/c1-2;/h2H,1H3;1H3",CBHOOMGKXCMKIR-UHFFFAOYSA-N
"3,5-Difluoro-1,2-benzenediol",Industrial,21707933,C6H4F2O2,146.09,1.4,2,4,40.5,C1=C(C=C(C(=C1O)O)F)F,PubChem,,,,Structure_PubChem,146.092,1.376,2,2,40.46,10,1,0,,,,,146.092,,C6H4F2O2,,,,,,,,,,,Trouvé,,,,CID_21707933,"3,5-Difluoro-1,2-benzenediol","3,5-difluorobenzene-1,2-diol",C1=C(C=C(C(=C1O)O)F)F,"InChI=1S/C6H4F2O2/c7-3-1-4(8)6(10)5(9)2-3/h1-2,9-10H",WDTUVOYCNUIEFT-UHFFFAOYSA-N
Ethanol hydrochloride,Industrial,21887872,C2H7ClO,82.53,,2,1,20.2,CCO.Cl,PubChem,,,,Structure_PubChem,82.53,0.4204,1,1,20.23,4,0,0,,,,,82.53,,C2H7ClO,,,,,,,,,,,Trouvé,,,,CID_21887872,Ethanol hydrochloride,ethanol;hydrochloride,CCO.Cl,"InChI=1S/C2H6O.ClH/c1-2-3;/h3H,2H2,1H3;1H",DZGCGKFAPXFTNM-UHFFFAOYSA-N
Hydrochloride methanol,Industrial,21893726,CH5ClO,68.5,,2,1,20.2,CO.Cl,PubChem,,,,Structure_PubChem,68.503,0.0303,1,1,20.23,3,0,0,,,,,68.503,,CH5ClO,,,,,,,,,,,Trouvé,,,,CID_21893726,Hydrochloride methanol,methanol;hydrochloride,CO.Cl,"InChI=1S/CH4O.ClH/c1-2;/h2H,1H3;1H",FUKUFMFMCZIRNT-UHFFFAOYSA-N
3-Bromo-5-fluorophenol,Industrial,21904636,C6H4BrFO,191.0,2.4,1,2,20.2,C1=C(C=C(C=C1F)Br)O,PubChem,,,,Structure_PubChem,190.999,2.2938,1,1,20.23,9,1,0,,,,,190.999,,C6H4BrFO,,,,,,,,,,,Trouvé,,,,CID_21904636,3-Bromo-5-fluorophenol,3-bromo-5-fluorophenol,C1=C(C=C(C=C1F)Br)O,"InChI=1S/C6H4BrFO/c7-4-1-5(8)3-6(9)2-4/h1-3,9H",JCPJGUPQZDEZQH-UHFFFAOYSA-N
Sodium ethanol,Industrial,21946064,C2H5NaO,68.05,,1,2,20.2,[CH2-]CO.[Na+],PubChem,,,,Structure_PubChem,68.051,-3.1832,1,1,20.23,4,0,0,,,,,68.051,,C2H5NaO,,,,,,,,,,,Trouvé,,,,CID_21946064,Sodium ethanol,sodium ethanol,[CH2-]CO.[Na+],"InChI=1S/C2H5O.Na/c1-2-3;/h3H,1-2H2;/q-1;+1",CSRYDOASIIBVIX-UHFFFAOYSA-N
Potassium hydroxide ethanol,Industrial,21946426,C2H7KO2,102.17,,2,2,21.2,CCO.[OH-].[K+],PubChem,,,,Structure_PubChem,102.174,-3.1742,1,2,50.23,5,0,0,,,,,102.174,,C2H7KO2,,,,,,,,,,,Trouvé,,,,CID_21946426,Potassium hydroxide ethanol,potassium;ethanol;hydroxide,CCO.[OH-].[K+],"InChI=1S/C2H6O.K.H2O/c1-2-3;;/h3H,2H2,1H3;;1H2/q;+1;/p-1",YLLIGHVCTUPGEH-UHFFFAOYSA-M
Sodium chloride methanol,Industrial,21958396,CH4ClNaO,90.48,,1,2,20.2,CO.[Na+].[Cl-],PubChem,,,,Structure_PubChem,90.485,-6.3835,1,1,20.23,4,0,0,,,,,90.485,,CH4ClNaO,,,,,,,,,,,Trouvé,,,,CID_21958396,Sodium chloride methanol,sodium;methanol;chloride,CO.[Na+].[Cl-],"InChI=1S/CH4O.ClH.Na/c1-2;;/h2H,1H3;1H;/q;;+1/p-1",JNYIQRMXGCWKOU-UHFFFAOYSA-M
Hydrogen peroxide methanol,Industrial,21960562,CH6O3,66.057,,3,3,60.7,CO.OO,PubChem,,,,Structure_PubChem,66.056,-0.3741,3,3,60.69,4,0,0,,,,,66.056,,CH6O3,,,,,,,,,,,Trouvé,,,,CID_21960562,Hydrogen peroxide methanol,hydrogen peroxide;methanol,CO.OO,"InChI=1S/CH4O.H2O2/c2*1-2/h2H,1H3;1-2H",GTDOPRQDTRLYAL-UHFFFAOYSA-N
"Deuterated water;1,1,1,3,3,3-hexadeuteriopropan-2-one",Industrial,21971815,C3H8O2,84.14,,1,2,18.1,[2H]C([2H])([2H])C(=O)C([2H])([2H])[2H].[2H]O[2H],PubChem,,,,Structure_PubChem,84.1438,-0.2294,0,1,48.57,5,0,0,,,,,84.1438,,C3H8O2,,,,,,,,,,,Trouvé,,,,CID_21971815,"Deuterated water;1,1,1,3,3,3-hexadeuteriopropan-2-one","deuterated water;1,1,1,3,3,3-hexadeuteriopropan-2-one",[2H]C([2H])([2H])C(=O)C([2H])([2H])[2H].[2H]O[2H],"InChI=1S/C3H6O.H2O/c1-3(2)4;/h1-2H3;1H2/i1D3,2D3;/hD2",OVARTBFNCCXQKS-JJWAXNBFSA-N
Ethanol;dihydrochloride,Industrial,21982811,C2H8Cl2O,118.99,,3,1,20.2,CCO.Cl.Cl,PubChem,,,,Structure_PubChem,118.991,0.8422,1,1,20.23,5,0,0,,,,,118.991,,C2H8Cl2O,,,,,,,,,,,Trouvé,,,,CID_21982811,Ethanol;dihydrochloride,ethanol;dihydrochloride,CCO.Cl.Cl,"InChI=1S/C2H6O.2ClH/c1-2-3;;/h3H,2H2,1H3;2*1H",AWISGSJZNFRYNE-UHFFFAOYSA-N
2-Hydroxyethaneselenal,Industrial,21987814,C2H4OSe,123.02,,1,1,20.2,C(C=[Se])O,PubChem,,,,Structure_PubChem,123.013,-1.0506,1,1,20.23,4,0,1,,,,,123.013,,C2H4OSe,,,,,,,,,,,Trouvé,,,,CID_21987814,2-Hydroxyethaneselenal,2-hydroxyethaneselenal,C(C=[Se])O,"InChI=1S/C2H4OSe/c3-1-2-4/h2-3H,1H2",DYZQEBYMADPGEL-UHFFFAOYSA-N
2-Propanone aceton,Industrial,21997081,C6H12O2,116.16,,0,2,34.1,CC(=O)C.CC(=O)C,PubChem,,,,Structure_PubChem,116.16,1.1906,0,2,34.14,8,0,0,,,,,116.16,,C6H12O2,,,,,,,,,,,Trouvé,,,,CID_21997081,2-Propanone aceton,propan-2-one,CC(=O)C.CC(=O)C,InChI=1S/2C3H6O/c2*1-3(2)4/h2*1-2H3,YGSFNCRAZOCNDJ-UHFFFAOYSA-N
Magnesium chloride ethanol,Industrial,22015205,C2H6Cl2MgO,141.28,,1,3,20.2,CCO.[Mg+2].[Cl-].[Cl-],PubChem,,,,Structure_PubChem,141.28,-6.3742,1,1,20.23,6,0,0,,,,,141.28,,C2H6Cl2MgO,,,,,,,,,,,Trouvé,,,,CID_22015205,Magnesium chloride ethanol,magnesium;ethanol;dichloride,CCO.[Mg+2].[Cl-].[Cl-],"InChI=1S/C2H6O.2ClH.Mg/c1-2-3;;;/h3H,2H2,1H3;2*1H;/q;;;+2/p-2",OLSMQDUPRYIMTC-UHFFFAOYSA-L
Acetone ammonia,Industrial,22020247,C3H9NO,75.11,,1,2,18.1,CC(=O)C.N,PubChem,,,,Structure_PubChem,75.111,0.7573,1,2,52.07,5,0,0,,,,,75.111,,C3H9NO,,,,,,,,,,,Trouvé,,,,CID_22020247,Acetone ammonia,azane;propan-2-one,CC(=O)C.N,InChI=1S/C3H6O.H3N/c1-3(2)4;/h1-2H3;1H3,OSOHBQZPFDDOMK-UHFFFAOYSA-N
"Ethanol, reaction products with ammonia, distn. residues",Industrial,22020343,C2H9NO,63.1,,2,2,21.2,CCO.N,PubChem,,,,Structure_PubChem,63.1,0.1606,2,2,55.23,4,0,0,,,,,63.1,,C2H9NO,,,,,,,,,,,Trouvé,,,,CID_22020343,"Ethanol, reaction products with ammonia, distn. residues",azane;ethanol,CCO.N,"InChI=1S/C2H6O.H3N/c1-2-3;/h3H,2H2,1H3;1H3",ZXVOCOLRQJZVBW-UHFFFAOYSA-N
Lithium;methanol;chloride,Industrial,22051955,CH4ClLiO,74.5,,1,2,20.2,[Li+].CO.[Cl-],PubChem,,,,Structure_PubChem,74.436,-6.3835,1,1,20.23,4,0,0,,,,,74.436,,CH4ClLiO,,,,,,,,,,,Trouvé,,,,CID_22051955,Lithium;methanol;chloride,lithium;methanol;chloride,[Li+].CO.[Cl-],"InChI=1S/CH4O.ClH.Li/c1-2;;/h2H,1H3;1H;/q;;+1/p-1",MYKHTOBDZZVWKK-UHFFFAOYSA-M
Xylylene dichloride,Industrial,22061591,C8H10Cl2,177.07,,0,0,0.0,CCl.C1=CC=C(C=C1)CCl,PubChem,,,,Structure_PubChem,177.074,3.2804,0,0,0.0,10,1,1,,,,,177.074,,C8H10Cl2,,,,,,,,,,,Trouvé,,,,CID_22061591,Xylylene dichloride,chloromethane;chloromethylbenzene,CCl.C1=CC=C(C=C1)CCl,"InChI=1S/C7H7Cl.CH3Cl/c8-6-7-4-2-1-3-5-7;1-2/h1-5H,6H2;1H3",MMIVZWZHLDUCKH-UHFFFAOYSA-N
Methanol--iron (1/1),Industrial,22081986,CH4FeO,87.89,,1,1,20.2,CO.[Fe],PubChem,,,,Structure_PubChem,87.887,-0.394,1,1,20.23,3,0,0,,,,,87.887,,CH4FeO,,,,,,,,,,,Trouvé,,,,CID_22081986,Methanol--iron (1/1),iron;methanol,CO.[Fe],"InChI=1S/CH4O.Fe/c1-2;/h2H,1H3;",JUDGILXVLDXGHJ-UHFFFAOYSA-N
Ethyl(methyl)oxidanium,Industrial,22082883,C3H9O+,61.1,0.4,1,0,1.0,CC[OH+]C,PubChem,,,,Structure_PubChem,61.104,0.1641,0,0,12.8,4,0,1,,,,,61.104,,C3H9O+,,,,,,,,,,,Trouvé,,,,CID_22082883,Ethyl(methyl)oxidanium,ethyl(methyl)oxidanium,CC[OH+]C,"InChI=1S/C3H8O/c1-3-4-2/h3H2,1-2H3/p+1",XOBKSJJDNFUZPF-UHFFFAOYSA-O
Methanol;yttrium,Industrial,22085552,CH4OY,120.948,,1,1,20.2,CO.[Y],PubChem,,,,Structure_PubChem,120.948,-0.394,1,1,20.23,3,0,0,,,,,120.948,,CH4OY,,,,,,,,,,,Trouvé,,,,CID_22085552,Methanol;yttrium,methanol;yttrium,CO.[Y],"InChI=1S/CH4O.Y/c1-2;/h2H,1H3;",GAQUZPVFVRSJAJ-UHFFFAOYSA-N
2-Bromo-4-iodophenol,Industrial,22160860,C6H4BrIO,298.9,2.9,1,1,20.2,C1=CC(=C(C=C1I)Br)O,PubChem,,,,Structure_PubChem,298.905,2.7593,1,1,20.23,9,1,0,,,,,298.905,,C6H4BrIO,,,,,,,,,,,Trouvé,,,,CID_22160860,2-Bromo-4-iodophenol,2-bromo-4-iodophenol,C1=CC(=C(C=C1I)Br)O,"InChI=1S/C6H4BrIO/c7-5-3-4(8)1-2-6(5)9/h1-3,9H",PEAOEILWTHNQKK-UHFFFAOYSA-N
Lithium;ethanol;chloride,Industrial,22223333,C2H6ClLiO,88.5,,1,2,20.2,[Li+].CCO.[Cl-],PubChem,,,,Structure_PubChem,88.463,-5.9934,1,1,20.23,5,0,0,,,,,88.463,,C2H6ClLiO,,,,,,,,,,,Trouvé,,,,CID_22223333,Lithium;ethanol;chloride,lithium;ethanol;chloride,[Li+].CCO.[Cl-],"InChI=1S/C2H6O.ClH.Li/c1-2-3;;/h3H,2H2,1H3;1H;/q;;+1/p-1",KCBAIEZSAJCIEW-UHFFFAOYSA-M
Methanol--water (1/1),Industrial,22242641,CH6O2,50.057,,2,2,21.2,CO.O,PubChem,,,,Structure_PubChem,50.057,-1.2162,1,1,51.73,3,0,0,,,,,50.057,,CH6O2,,,,,,,,,,,Trouvé,,,,CID_22242641,Methanol--water (1/1),methanol;hydrate,CO.O,"InChI=1S/CH4O.H2O/c1-2;/h2H,1H3;1H2",GBMDVOWEEQVZKZ-UHFFFAOYSA-N
Ethanol;trifluorotitanium,Industrial,22251708,C2H6F3OTi,150.93,,1,4,20.2,CCO.F[Ti](F)F,PubChem,,,,Structure_PubChem,150.93,1.2567,1,1,20.23,7,0,0,,,,,150.93,,C2H6F3OTi,,,,,,,,,,,Trouvé,,,,CID_22251708,Ethanol;trifluorotitanium,ethanol;trifluorotitanium,CCO.F[Ti](F)F,"InChI=1S/C2H6O.3FH.Ti/c1-2-3;;;;/h3H,2H2,1H3;3*1H;/q;;;;+3/p-3",UYEWMWFCKPPQAU-UHFFFAOYSA-K
Dichlorovanadium;ethanol,Industrial,22421315,C2H6Cl2OV,167.91,,1,1,20.2,CCO.Cl[V]Cl,PubChem,,,,Structure_PubChem,167.919,1.3751,1,1,20.23,6,0,0,,,,,167.919,,C2H6Cl2OV,,,,,,,,,,,Trouvé,,,,CID_22421315,Dichlorovanadium;ethanol,dichlorovanadium;ethanol,CCO.Cl[V]Cl,"InChI=1S/C2H6O.2ClH.V/c1-2-3;;;/h3H,2H2,1H3;2*1H;/q;;;+2/p-2",ZSQHOUDXZOUPME-UHFFFAOYSA-L
Hydrochloric acid (hcl)-methanol,Industrial,22470360,CH6Cl2O,104.96,,3,1,20.2,CO.Cl.Cl,PubChem,,,,Structure_PubChem,104.964,0.4521,1,1,20.23,4,0,0,,,,,104.964,,CH6Cl2O,,,,,,,,,,,Trouvé,,,,CID_22470360,Hydrochloric acid (hcl)-methanol,methanol;dihydrochloride,CO.Cl.Cl,"InChI=1S/CH4O.2ClH/c1-2;;/h2H,1H3;2*1H",WKWAVURMIFLVLL-UHFFFAOYSA-N
Hydron;propan-2-one,Industrial,22476647,C3H7O+,59.09,,1,1,17.1,[H+].CC(=O)C,PubChem,,,,Structure_PubChem,59.088,0.7078,0,1,17.07,4,0,0,,,,,59.088,,C3H7O+,,,,,,,,,,,Trouvé,,,,CID_22476647,Hydron;propan-2-one,hydron;propan-2-one,[H+].CC(=O)C,InChI=1S/C3H6O/c1-3(2)4/h1-2H3/p+1,CSCPPACGZOOCGX-UHFFFAOYSA-O
Manganese;methanol,Industrial,22476939,CH4MnO,86.98,,1,1,20.2,CO.[Mn],PubChem,,,,Structure_PubChem,86.98,-0.394,1,1,20.23,3,0,0,,,,,86.98,,CH4MnO,,,,,,,,,,,Trouvé,,,,CID_22476939,Manganese;methanol,manganese;methanol,CO.[Mn],"InChI=1S/CH4O.Mn/c1-2;/h2H,1H3;",GHNRLPUEWCZDRA-UHFFFAOYSA-N
Ethanol;iron,Industrial,22476948,C2H6FeO,101.91,,1,1,20.2,CCO.[Fe],PubChem,,,,Structure_PubChem,101.914,-0.0039,1,1,20.23,4,0,0,,,,,101.914,,C2H6FeO,,,,,,,,,,,Trouvé,,,,CID_22476948,Ethanol;iron,ethanol;iron,CCO.[Fe],"InChI=1S/C2H6O.Fe/c1-2-3;/h3H,2H2,1H3;",CWPOINBYXIYTHX-UHFFFAOYSA-N
Ethanol;tribromotitanium,Industrial,22476971,C2H6Br3OTi,333.65,,1,1,20.2,CCO.[Ti](Br)(Br)Br,PubChem,,,,Structure_PubChem,333.648,2.5329,1,1,20.23,7,0,0,,,,,333.648,,C2H6Br3OTi,,,,,,,,,,,Trouvé,,,,CID_22476971,Ethanol;tribromotitanium,ethanol;tribromotitanium,CCO.[Ti](Br)(Br)Br,"InChI=1S/C2H6O.3BrH.Ti/c1-2-3;;;;/h3H,2H2,1H3;3*1H;/q;;;;+3/p-3",SMWJJZPOGPITOE-UHFFFAOYSA-K
Manganese;methanol;chloride,Industrial,22476973,CH4ClMnO-,122.43,,1,2,20.2,CO.[Cl-].[Mn],PubChem,,,,Structure_PubChem,122.433,-3.39,1,1,20.23,4,0,0,,,,,122.433,,CH4ClMnO-,,,,,,,,,,,Trouvé,,,,CID_22476973,Manganese;methanol;chloride,manganese;methanol;chloride,CO.[Cl-].[Mn],"InChI=1S/CH4O.ClH.Mn/c1-2;;/h2H,1H3;1H;/p-1",RKLXIHQHWXUFAF-UHFFFAOYSA-M
Ethanol;iron(2+),Industrial,22476993,C2H6FeO+2,101.91,,1,1,20.2,CCO.[Fe+2],PubChem,,,,Structure_PubChem,101.914,-0.0039,1,1,20.23,4,0,0,,,,,101.914,,C2H6FeO+2,,,,,,,,,,,Trouvé,,,,CID_22476993,Ethanol;iron(2+),ethanol;iron(2+),CCO.[Fe+2],"InChI=1S/C2H6O.Fe/c1-2-3;/h3H,2H2,1H3;/q;+2",UYEGDSWHJDKCRB-UHFFFAOYSA-N
Nickel monomethoxide,Industrial,22477019,CH4NiO,90.735,,1,1,20.2,CO.[Ni],PubChem,,,,Structure_PubChem,90.735,-0.394,1,1,20.23,3,0,0,,,,,90.735,,CH4NiO,,,,,,,,,,,Trouvé,,,,CID_22477019,Nickel monomethoxide,methanol;nickel,CO.[Ni],"InChI=1S/CH4O.Ni/c1-2;/h2H,1H3;",ZMBGEOHZPOUFHR-UHFFFAOYSA-N
Cobalt;ethanol;chloride,Industrial,22477046,C2H6ClCoO-,140.45,,1,2,20.2,CCO.[Cl-].[Co],PubChem,,,,Structure_PubChem,140.455,-2.9999,1,1,20.23,5,0,0,,,,,140.455,,C2H6ClCoO-,,,,,,,,,,,Trouvé,,,,CID_22477046,Cobalt;ethanol;chloride,cobalt;ethanol;chloride,CCO.[Cl-].[Co],"InChI=1S/C2H6O.ClH.Co/c1-2-3;;/h3H,2H2,1H3;1H;/p-1",BCCKLJLWXTYGCI-UHFFFAOYSA-M
Cobalt;methanol,Industrial,22477078,CH4CoO,90.975,,1,1,20.2,CO.[Co],PubChem,,,,Structure_PubChem,90.975,-0.394,1,1,20.23,3,0,0,,,,,90.975,,CH4CoO,,,,,,,,,,,Trouvé,,,,CID_22477078,Cobalt;methanol,cobalt;methanol,CO.[Co],"InChI=1S/CH4O.Co/c1-2;/h2H,1H3;",QQZGYZFGNGKDOE-UHFFFAOYSA-N
Cobalt;methanol;chloride,Industrial,22477081,CH4ClCoO-,126.43,,1,2,20.2,CO.[Cl-].[Co],PubChem,,,,Structure_PubChem,126.428,-3.39,1,1,20.23,4,0,0,,,,,126.428,,CH4ClCoO-,,,,,,,,,,,Trouvé,,,,CID_22477081,Cobalt;methanol;chloride,cobalt;methanol;chloride,CO.[Cl-].[Co],"InChI=1S/CH4O.ClH.Co/c1-2;;/h2H,1H3;1H;/p-1",IUFHJOLXKWNPOR-UHFFFAOYSA-M
Ethanol;manganese,Industrial,22477089,C2H6MnO,101.01,,1,1,20.2,CCO.[Mn],PubChem,,,,Structure_PubChem,101.007,-0.0039,1,1,20.23,4,0,0,,,,,101.007,,C2H6MnO,,,,,,,,,,,Trouvé,,,,CID_22477089,Ethanol;manganese,ethanol;manganese,CCO.[Mn],"InChI=1S/C2H6O.Mn/c1-2-3;/h3H,2H2,1H3;",AQNXACCXVLZMFJ-UHFFFAOYSA-N
Cobalt amino ethanolate,Industrial,22477107,C2H6CoO,105.0,,1,1,20.2,CCO.[Co],PubChem,,,,Structure_PubChem,105.002,-0.0039,1,1,20.23,4,0,0,,,,,105.002,,C2H6CoO,,,,,,,,,,,Trouvé,,,,CID_22477107,Cobalt amino ethanolate,cobalt;ethanol,CCO.[Co],"InChI=1S/C2H6O.Co/c1-2-3;/h3H,2H2,1H3;",KFKJUYCIGRHJCF-UHFFFAOYSA-N
Iron(2+);methanol,Industrial,22477125,CH4FeO+2,87.89,,1,1,20.2,CO.[Fe+2],PubChem,,,,Structure_PubChem,87.887,-0.394,1,1,20.23,3,0,0,,,,,87.887,,CH4FeO+2,,,,,,,,,,,Trouvé,,,,CID_22477125,Iron(2+);methanol,iron(2+);methanol,CO.[Fe+2],"InChI=1S/CH4O.Fe/c1-2;/h2H,1H3;/q;+2",CKHBJGCTKJKJLV-UHFFFAOYSA-N
Ethanol;manganese;chloride,Industrial,22477130,C2H6ClMnO-,136.46,,1,2,20.2,CCO.[Cl-].[Mn],PubChem,,,,Structure_PubChem,136.46,-2.9999,1,1,20.23,5,0,0,,,,,136.46,,C2H6ClMnO-,,,,,,,,,,,Trouvé,,,,CID_22477130,Ethanol;manganese;chloride,ethanol;manganese;chloride,CCO.[Cl-].[Mn],"InChI=1S/C2H6O.ClH.Mn/c1-2-3;;/h3H,2H2,1H3;1H;/p-1",ODLYFPRTAGWUGG-UHFFFAOYSA-M
Methanol;nickel;chloride,Industrial,22477147,CH4ClNiO-,126.19,,1,2,20.2,CO.[Cl-].[Ni],PubChem,,,,Structure_PubChem,126.188,-3.39,1,1,20.23,4,0,0,,,,,126.188,,CH4ClNiO-,,,,,,,,,,,Trouvé,,,,CID_22477147,Methanol;nickel;chloride,methanol;nickel;chloride,CO.[Cl-].[Ni],"InChI=1S/CH4O.ClH.Ni/c1-2;;/h2H,1H3;1H;/p-1",JDGVOCVWKNRNKB-UHFFFAOYSA-M
Ethane;methanol,Industrial,22485300,C3H10O,62.11,,1,1,20.2,CC.CO,PubChem,,,,Structure_PubChem,62.112,0.6347,1,1,20.23,4,0,0,,,,,62.112,,C3H10O,,,,,,,,,,,Trouvé,,,,CID_22485300,Ethane;methanol,ethane;methanol,CC.CO,"InChI=1S/C2H6.CH4O/c2*1-2/h1-2H3;2H,1H3",SHSXFBDPEUTEAO-UHFFFAOYSA-N
"4-(2,2,2-Trifluoroethyl)phenol",Industrial,22485360,C8H7F3O,176.14,3.2,1,4,20.2,C1=CC(=CC=C1CC(F)(F)F)O,PubChem,,,,Structure_PubChem,176.137,2.497,1,1,20.23,12,1,1,,,,,176.137,,C8H7F3O,,,,,,,,,,,Trouvé,,,,CID_22485360,"4-(2,2,2-Trifluoroethyl)phenol","4-(2,2,2-trifluoroethyl)phenol",C1=CC(=CC=C1CC(F)(F)F)O,"InChI=1S/C8H7F3O/c9-8(10,11)5-6-1-3-7(12)4-2-6/h1-4,12H,5H2",HMEGMFBZSGWLGS-UHFFFAOYSA-N
CID 22508308,Industrial,22508308,C2H6OPb,253.0,,1,1,20.2,CCO.[Pb],PubChem,,,,Structure_PubChem,253.269,-0.3822,1,1,20.23,4,0,0,,,,,253.269,,C2H6OPb,,,,,,,,,,,Trouvé,,,,CID_22508308,CID 22508308,,CCO.[Pb],"InChI=1S/C2H6O.Pb/c1-2-3;/h3H,2H2,1H3;",JXXQAFXHAWCZQY-UHFFFAOYSA-N
H2 EtOH,Industrial,22561295,C2H8O,48.08,,1,1,20.2,[HH].CCO,PubChem,,,,Structure_PubChem,48.085,0.2446,1,1,20.23,3,0,0,,,,,48.085,,C2H8O,,,,,,,,,,,Trouvé,,,,CID_22561295,H2 EtOH,ethanol;molecular hydrogen,[HH].CCO,"InChI=1S/C2H6O.H2/c1-2-3;/h3H,2H2,1H3;1H",NVFDCDFNJJGZMY-UHFFFAOYSA-N
Ethane;propan-2-one,Industrial,22617438,C5H12O,88.15,,0,1,17.1,CC.CC(=O)C,PubChem,,,,Structure_PubChem,88.15,1.6215,0,1,17.07,6,0,0,,,,,88.15,,C5H12O,,,,,,,,,,,Trouvé,,,,CID_22617438,Ethane;propan-2-one,ethane;propan-2-one,CC.CC(=O)C,InChI=1S/C3H6O.C2H6/c1-3(2)4;1-2/h1-2H3;1-2H3,AQICKMRWNDOAEM-UHFFFAOYSA-N
Butane;propan-2-one,Industrial,22639179,C7H16O,116.2,,0,1,17.1,CCCC.CC(=O)C,PubChem,,,,Structure_PubChem,116.204,2.4017,0,1,17.07,8,0,1,,,,,116.204,,C7H16O,,,,,,,,,,,Trouvé,,,,CID_22639179,Butane;propan-2-one,butane;propan-2-one,CCCC.CC(=O)C,"InChI=1S/C4H10.C3H6O/c1-3-4-2;1-3(2)4/h3-4H2,1-2H3;1-2H3",QWOXTGYXWFBKBF-UHFFFAOYSA-N
Hydron;methanol,Industrial,22670857,CH5O+,33.05,,2,1,20.2,[H+].CO,PubChem,,,,Structure_PubChem,33.05,-0.279,1,1,20.23,2,0,0,,,,,33.05,,CH5O+,,,,,,,,,,,Trouvé,,,,CID_22670857,Hydron;methanol,hydron;methanol,[H+].CO,"InChI=1S/CH4O/c1-2/h2H,1H3/p+1",OKKJLVBELUTLKV-UHFFFAOYSA-O
Methanol hydrogen fluoride,Industrial,22708472,CH5FO,52.048,,2,2,20.2,CO.F,PubChem,,,,Structure_PubChem,52.048,-0.239,1,1,20.23,3,0,0,,,,,52.048,,CH5FO,,,,,,,,,,,Trouvé,,,,CID_22708472,Methanol hydrogen fluoride,methanol;hydrofluoride,CO.F,"InChI=1S/CH4O.FH/c1-2;/h2H,1H3;1H",OVBWSLYEJSVSAD-UHFFFAOYSA-N
CID 22743359,Industrial,22743359,C2H6OTi,93.94,,1,1,20.2,CCO.[Ti],PubChem,,,,Structure_PubChem,93.936,-0.0039,1,1,20.23,4,0,0,,,,,93.936,,C2H6OTi,,,,,,,,,,,Trouvé,,,,CID_22743359,CID 22743359,ethanol;titanium,CCO.[Ti],"InChI=1S/C2H6O.Ti/c1-2-3;/h3H,2H2,1H3;",WLPSNBGDESCKIL-UHFFFAOYSA-N
CID 22895164,Industrial,22895164,C3H4O+2,56.06,-0.1,0,1,17.1,[CH2+]C(=O)[CH2+],PubChem,,,,Structure_PubChem,56.064,0.2237,0,1,17.07,4,0,0,,,,,56.064,,C3H4O+2,,,,,,,,,,,Trouvé,,,,CID_22895164,CID 22895164,propan-2-one,[CH2+]C(=O)[CH2+],InChI=1S/C3H4O/c1-3(2)4/h1-2H2/q+2,GOSMSCCIGNRQLY-UHFFFAOYSA-N
2-Selanylethan-1-ol,Industrial,22899116,C2H5OSe,124.03,,1,1,20.2,C(C[Se])O,PubChem,,,,Structure_PubChem,124.021,-0.4345,1,1,20.23,4,0,1,,,,,124.021,,C2H5OSe,,,,,,,,,,,Trouvé,,,,CID_22899116,2-Selanylethan-1-ol,,C(C[Se])O,"InChI=1S/C2H5OSe/c3-1-2-4/h3H,1-2H2",WVMAYCUBUJCUCN-UHFFFAOYSA-N
4-Chloro-3-iodophenol,Industrial,22928729,C6H4ClIO,254.45,3.4,1,1,20.2,C1=CC(=C(C=C1O)I)Cl,PubChem,,,,Structure_PubChem,254.454,2.6502,1,1,20.23,9,1,0,,,,,254.454,,C6H4ClIO,,,,,,,,,,,Trouvé,,,,CID_22928729,4-Chloro-3-iodophenol,4-chloro-3-iodophenol,C1=CC(=C(C=C1O)I)Cl,"InChI=1S/C6H4ClIO/c7-5-2-1-4(9)3-6(5)8/h1-3,9H",UPIATGHEVZKVRT-UHFFFAOYSA-N
Carbanide;methanol;tungsten(2+),Industrial,22951805,C2H6OW,229.91,,1,3,20.2,[CH3-].[CH2-]O.[W+2],PubChem,,,,Structure_PubChem,229.909,0.5983,1,1,20.23,4,0,0,,,,,229.909,,C2H6OW,,,,,,,,,,,Trouvé,,,,CID_22951805,Carbanide;methanol;tungsten(2+),carbanide;methanol;tungsten(2+),[CH3-].[CH2-]O.[W+2],"InChI=1S/CH3O.CH3.W/c1-2;;/h2H,1H2;1H3;/q2*-1;+2",JVCVRAQOJGMZGB-UHFFFAOYSA-N
Carbanide;methanol;tungsten,Industrial,22951807,C2H7OW-,230.92,,1,2,20.2,[CH3-].CO.[W],PubChem,,,,Structure_PubChem,230.917,0.0563,1,1,20.23,4,0,0,,,,,230.917,,C2H7OW-,,,,,,,,,,,Trouvé,,,,CID_22951807,Carbanide;methanol;tungsten,carbanide;methanol;tungsten,[CH3-].CO.[W],"InChI=1S/CH4O.CH3.W/c1-2;;/h2H,1H3;1H3;/q;-1;",ACQAGBUTWXHATG-UHFFFAOYSA-N
Actinium;ethane;ethanol;hydrate,Industrial,22954420,C4H13AcO2-,320.17,,2,3,21.2,C[CH2-].CCO.O.[Ac],PubChem,,,,Structure_PubChem,320.146,0.0143,1,1,51.73,7,0,0,,,,,320.146,,C4H13AcO2-,,,,,,,,,,,Trouvé,,,,CID_22954420,Actinium;ethane;ethanol;hydrate,actinium;ethane;ethanol;hydrate,C[CH2-].CCO.O.[Ac],"InChI=1S/C2H6O.C2H5.Ac.H2O/c1-2-3;1-2;;/h3H,2H2,1H3;1H2,2H3;;1H2/q;-1;;",YNPOQRHHUVDMQZ-UHFFFAOYSA-N
Ethane;propan-2-one;tungsten(2+),Industrial,22963271,C5H10OW,269.97,,0,3,17.1,C[CH2-].CC(=O)[CH2-].[W+2],PubChem,,,,Structure_PubChem,269.974,1.2474,0,1,17.07,7,0,0,,,,,269.974,,C5H10OW,,,,,,,,,,,Trouvé,,,,CID_22963271,Ethane;propan-2-one;tungsten(2+),ethane;propan-2-one;tungsten(2+),C[CH2-].CC(=O)[CH2-].[W+2],"InChI=1S/C3H5O.C2H5.W/c1-3(2)4;1-2;/h1H2,2H3;1H2,2H3;/q2*-1;+2",KPWMCUOVOILGFF-UHFFFAOYSA-N
Propan-2-one;tungsten;hydrate,Industrial,22963275,C3H7O2W-,258.93,,1,3,18.1,CC(=O)[CH2-].O.[W],PubChem,,,,Structure_PubChem,258.927,-0.4177,0,1,48.57,6,0,0,,,,,258.927,,C3H7O2W-,,,,,,,,,,,Trouvé,,,,CID_22963275,Propan-2-one;tungsten;hydrate,propan-2-one;tungsten;hydrate,CC(=O)[CH2-].O.[W],"InChI=1S/C3H5O.H2O.W/c1-3(2)4;;/h1H2,2H3;1H2;/q-1;;",MTIILWGTWXSEKU-UHFFFAOYSA-N
Carbanide;propan-2-one;tungsten(2+),Industrial,22963276,C4H8OW,255.95,,0,3,17.1,[CH3-].CC(=O)[CH2-].[W+2],PubChem,,,,Structure_PubChem,255.947,0.8573,0,1,17.07,6,0,0,,,,,255.947,,C4H8OW,,,,,,,,,,,Trouvé,,,,CID_22963276,Carbanide;propan-2-one;tungsten(2+),carbanide;propan-2-one;tungsten(2+),[CH3-].CC(=O)[CH2-].[W+2],"InChI=1S/C3H5O.CH3.W/c1-3(2)4;;/h1H2,2H3;1H3;/q2*-1;+2",HIMRWLSRNRJCPP-UHFFFAOYSA-N
Methanol;ytterbium,Industrial,22975963,CH4OYb,205.09,,1,1,20.2,CO.[Yb],PubChem,,,,Structure_PubChem,205.082,-0.3915,1,1,20.23,3,0,0,,,,,205.082,,CH4OYb,,,,,,,,,,,Trouvé,,,,CID_22975963,Methanol;ytterbium,methanol;ytterbium,CO.[Yb],"InChI=1S/CH4O.Yb/c1-2;/h2H,1H3;",XFBNSAHOHWEQHH-UHFFFAOYSA-N
Carbanide;methanol;yttrium,Industrial,22986368,C2H7OY-,135.98,,1,2,20.2,[CH3-].CO.[Y],PubChem,,,,Structure_PubChem,135.983,0.0563,1,1,20.23,4,0,0,,,,,135.983,,C2H7OY-,,,,,,,,,,,Trouvé,,,,CID_22986368,Carbanide;methanol;yttrium,carbanide;methanol;yttrium,[CH3-].CO.[Y],"InChI=1S/CH4O.CH3.Y/c1-2;;/h2H,1H3;1H3;/q;-1;",IGLSBZDUEOBTDF-UHFFFAOYSA-N
Hydrobromic acid ethanol,Industrial,23002992,C2H7BrO,126.98,,2,1,20.2,CCO.Br,PubChem,,,,Structure_PubChem,126.981,0.5765,1,1,20.23,4,0,0,,,,,126.981,,C2H7BrO,,,,,,,,,,,Trouvé,,,,CID_23002992,Hydrobromic acid ethanol,ethanol;hydrobromide,CCO.Br,"InChI=1S/C2H6O.BrH/c1-2-3;/h3H,2H2,1H3;1H",OEZNULIHEQCKJR-UHFFFAOYSA-N
CID 23218663,Industrial,23218663,C2H5BO,55.87,,1,1,20.2,[B]CCO,PubChem,,,,Structure_PubChem,55.873,-0.4345,1,1,20.23,4,0,1,,,,,55.873,,C2H5BO,,,,,,,,,,,Trouvé,,,,CID_23218663,CID 23218663,,[B]CCO,"InChI=1S/C2H5BO/c3-1-2-4/h4H,1-2H2",HNROZKXUDKRIMY-UHFFFAOYSA-N
Ethyl-2-d1 Alcohol,Industrial,23262207,C2H6O,47.07,-0.1,1,1,20.2,[2H]CCO,PubChem,,,,Structure_PubChem,47.0751,-0.0014,1,1,20.23,3,0,0,,,,,47.0751,,C2H6O,,,,,,,,,,,Trouvé,,,,CID_23262207,Ethyl-2-d1 Alcohol,2-deuterioethanol,[2H]CCO,"InChI=1S/C2H6O/c1-2-3/h3H,2H2,1H3/i1D",LFQSCWFLJHTTHZ-MICDWDOJSA-N
Ethanol-d3,Industrial,23262232,C2H6O,49.09,-0.1,1,1,20.2,[2H]CC([2H])([2H])O,PubChem,,,,Structure_PubChem,49.0873,-0.0014,1,1,20.23,3,0,0,,,,,49.0873,,C2H6O,,,,,,,,,,,Trouvé,,,,CID_23262232,Ethanol-d3,"1,1,2-trideuterioethanol",[2H]CC([2H])([2H])O,"InChI=1S/C2H6O/c1-2-3/h3H,2H2,1H3/i1D,2D2",LFQSCWFLJHTTHZ-APAIHEESSA-N
"Ethyl-1,2,2,2-d4 Alcohol",Industrial,23262246,C2H6O,50.09,-0.1,1,1,20.2,[2H]C(C([2H])([2H])[2H])O,PubChem,,,,Structure_PubChem,50.0934,-0.0014,1,1,20.23,3,0,0,,,,,50.0934,,C2H6O,,,,,,,,,,,Trouvé,,,,CID_23262246,"Ethyl-1,2,2,2-d4 Alcohol","1,2,2,2-tetradeuterioethanol",[2H]C(C([2H])([2H])[2H])O,"InChI=1S/C2H6O/c1-2-3/h3H,2H2,1H3/i1D3,2D",LFQSCWFLJHTTHZ-MZCSYVLQSA-N
Lithium ethanol,Industrial,23286247,C2H6LiO+,53.0,,1,1,20.2,[Li+].CCO,PubChem,,,,Structure_PubChem,53.01,-2.9974,1,1,20.23,4,0,0,,,,,53.01,,C2H6LiO+,,,,,,,,,,,Trouvé,,,,CID_23286247,Lithium ethanol,lithium ethanol,[Li+].CCO,"InChI=1S/C2H6O.Li/c1-2-3;/h3H,2H2,1H3;/q;+1",DBBSHGMTYJCIFF-UHFFFAOYSA-N
Methanol;zirconium,Industrial,23296991,CH4OZr,123.26,,1,1,20.2,CO.[Zr],PubChem,,,,Structure_PubChem,123.266,-0.394,1,1,20.23,3,0,0,,,,,123.266,,CH4OZr,,,,,,,,,,,Trouvé,,,,CID_23296991,Methanol;zirconium,methanol;zirconium,CO.[Zr],"InChI=1S/CH4O.Zr/c1-2;/h2H,1H3;",DKQGBNMFENIFEI-UHFFFAOYSA-N
Ethanol;titanium;triiodide,Industrial,23347748,C2H6I3OTi-,474.65,,1,2,20.2,CCO.[Ti].I[I-]I,PubChem,,,,Structure_PubChem,474.648,-1.2285,1,1,20.23,7,0,0,,,,,474.648,,C2H6I3OTi-,,,,,,,,,,,Trouvé,,,,CID_23347748,Ethanol;titanium;triiodide,ethanol;titanium;triiodide,CCO.[Ti].I[I-]I,"InChI=1S/C2H6O.I3.Ti/c1-2-3;1-3-2;/h3H,2H2,1H3;;/q;-1;",RANUBFQGPYQAFV-UHFFFAOYSA-N
4-[Diethyl-(4-hydroxyphenyl)silyl]phenol,Industrial,23349396,C16H20O2Si,272.41,,2,2,40.5,CC[Si](CC)(C1=CC=C(C=C1)O)C2=CC=C(C=C2)O,PubChem,,,,Structure_PubChem,272.42,2.7006,2,2,40.46,19,2,4,,,,,272.42,,C16H20O2Si,,,,,,,,,,,Trouvé,,,,CID_23349396,4-[Diethyl-(4-hydroxyphenyl)silyl]phenol,4-[diethyl-(4-hydroxyphenyl)silyl]phenol,CC[Si](CC)(C1=CC=C(C=C1)O)C2=CC=C(C=C2)O,"InChI=1S/C16H20O2Si/c1-3-19(4-2,15-9-5-13(17)6-10-15)16-11-7-14(18)8-12-16/h5-12,17-18H,3-4H2,1-2H3",JNUABJRDTVGXLW-UHFFFAOYSA-N
Actinium;propan-1-ol,Industrial,23383586,C3H8AcO,287.12,,1,1,20.2,CCCO.[Ac],PubChem,,,,Structure_PubChem,287.096,0.3887,1,1,20.23,5,0,1,,,,,287.096,,C3H8AcO,,,,,,,,,,,Trouvé,,,,CID_23383586,Actinium;propan-1-ol,actinium;propan-1-ol,CCCO.[Ac],"InChI=1S/C3H8O.Ac/c1-2-3-4;/h4H,2-3H2,1H3;",HLOOJHPYDUSCAG-UHFFFAOYSA-N
1-Boranylpropan-2-one,Industrial,23390360,C3H5BO,67.88,,0,1,17.1,[B]CC(=O)C,PubChem,,,,Structure_PubChem,67.884,0.1622,0,1,17.07,5,0,1,,,,,67.884,,C3H5BO,,,,,,,,,,,Trouvé,,,,CID_23390360,1-Boranylpropan-2-one,,[B]CC(=O)C,"InChI=1S/C3H5BO/c1-3(5)2-4/h2H2,1H3",FNNNTOFLPULYKW-UHFFFAOYSA-N
Ethanol;tungsten,Industrial,23448372,C2H6OW,229.91,,1,1,20.2,CCO.[W],PubChem,,,,Structure_PubChem,229.909,-0.0039,1,1,20.23,4,0,0,,,,,229.909,,C2H6OW,,,,,,,,,,,Trouvé,,,,CID_23448372,Ethanol;tungsten,ethanol;tungsten,CCO.[W],"InChI=1S/C2H6O.W/c1-2-3;/h3H,2H2,1H3;",LQZQHERYTMMCGH-UHFFFAOYSA-N
Tantalum monoethoxide,Industrial,23448611,C2H6OTa,227.02,,1,1,20.2,CCO.[Ta],PubChem,,,,Structure_PubChem,227.017,-0.0039,1,1,20.23,4,0,0,,,,,227.017,,C2H6OTa,,,,,,,,,,,Trouvé,,,,CID_23448611,Tantalum monoethoxide,ethanol;tantalum,CCO.[Ta],"InChI=1S/C2H6O.Ta/c1-2-3;/h3H,2H2,1H3;",JVOQKOIQWNPOMI-UHFFFAOYSA-N
Methylzinc methoxide,Industrial,23502500,C2H7OZn-,112.5,,1,2,20.2,[CH3-].CO.[Zn],PubChem,,,,Structure_PubChem,112.467,0.0563,1,1,20.23,4,0,0,,,,,112.467,,C2H7OZn-,,,,,,,,,,,Trouvé,,,,CID_23502500,Methylzinc methoxide,carbanide;methanol;zinc,[CH3-].CO.[Zn],"InChI=1S/CH4O.CH3.Zn/c1-2;;/h2H,1H3;1H3;/q;-1;",GHPQDJKKMQBSJF-UHFFFAOYSA-N
Helium;methanol,Industrial,23504327,CH4HeO,36.045,,1,1,20.2,[He].CO,PubChem,,,,Structure_PubChem,36.045,-0.3915,1,1,20.23,3,0,0,,,,,36.045,,CH4HeO,,,,,,,,,,,Trouvé,,,,CID_23504327,Helium;methanol,helium;methanol,[He].CO,"InChI=1S/CH4O.He/c1-2;/h2H,1H3;",GIPPPRZZTGFWCC-UHFFFAOYSA-N
CID 23506463,Industrial,23506463,C2H6OZr,137.29,,1,1,20.2,CCO.[Zr],PubChem,,,,Structure_PubChem,137.293,-0.0039,1,1,20.23,4,0,0,,,,,137.293,,C2H6OZr,,,,,,,,,,,Trouvé,,,,CID_23506463,CID 23506463,ethanol;zirconium,CCO.[Zr],"InChI=1S/C2H6O.Zr/c1-2-3;/h3H,2H2,1H3;",MRUQKCHUWQAJRP-UHFFFAOYSA-N
Lanthanum;methanol,Industrial,23545590,CH4La2O,309.853,,1,1,20.2,CO.[La].[La],PubChem,,,,Structure_PubChem,309.854,-0.3915,1,1,20.23,4,0,0,,,,,309.854,,CH4La2O,,,,,,,,,,,Trouvé,,,,CID_23545590,Lanthanum;methanol,lanthanum;methanol,CO.[La].[La],"InChI=1S/CH4O.2La/c1-2;;/h2H,1H3;;",CBTWGCBCSSLZQY-UHFFFAOYSA-N
Bromozinc(1+);propan-2-one,Industrial,23546008,C3H5BrOZn,202.4,,0,2,17.1,CC(=O)[CH2-].[Zn+]Br,PubChem,,,,Structure_PubChem,202.366,1.2526,0,1,17.07,6,0,0,,,,,202.366,,C3H5BrOZn,,,,,,,,,,,Trouvé,,,,CID_23546008,Bromozinc(1+);propan-2-one,bromozinc(1+);propan-2-one,CC(=O)[CH2-].[Zn+]Br,"InChI=1S/C3H5O.BrH.Zn/c1-3(2)4;;/h1H2,2H3;1H;/q-1;;+2/p-1",VNCIUTQQIWSFHP-UHFFFAOYSA-M
CID 23549540,Industrial,23549540,C3H7O+,59.09,0.3,1,1,20.2,CC([CH2+])O,PubChem,,,,Structure_PubChem,59.088,0.2013,1,1,20.23,4,0,0,,,,,59.088,,C3H7O+,,,,,,,,,,,Trouvé,,,,CID_23549540,CID 23549540,propan-2-ol,CC([CH2+])O,"InChI=1S/C3H7O/c1-3(2)4/h3-4H,1H2,2H3/q+1",JWACAFYWEWRJDJ-UHFFFAOYSA-N
Methanidyloxidanium,Industrial,23559741,CH4O,32.042,-0.5,1,1,1.0,[CH2-][OH2+],PubChem,,,,Structure_PubChem,32.042,-0.4974,0,0,22.9,2,0,0,,,,,32.042,,CH4O,,,,,,,,,,,Trouvé,,,,CID_23559741,Methanidyloxidanium,methanidyloxidanium,[CH2-][OH2+],InChI=1S/CH4O/c1-2/h1-2H2,FUCWRXAIDHBKKS-UHFFFAOYSA-N
CID 23586611,Industrial,23586611,C2H5BO-,55.87,,1,2,20.2,[B-]CCO,PubChem,,,,Structure_PubChem,55.873,-0.4345,1,1,20.23,4,0,1,,,,,55.873,,C2H5BO-,,,,,,,,,,,Trouvé,,,,CID_23586611,CID 23586611,,[B-]CCO,"InChI=1S/C2H5BO/c3-1-2-4/h4H,1-2H2/q-1",GXZUPFBBDYSVCK-UHFFFAOYSA-N
Propan-2-one;tungsten;ZINC,Industrial,23591700,C3H5OWZn-,306.3,,0,2,17.1,CC(=O)[CH2-].[Zn].[W],PubChem,,,,Structure_PubChem,306.302,0.4045,0,1,17.07,6,0,0,,,,,306.302,,C3H5OWZn-,,,,,,,,,,,Trouvé,,,,CID_23591700,Propan-2-one;tungsten;ZINC,propan-2-one;tungsten;zinc,CC(=O)[CH2-].[Zn].[W],"InChI=1S/C3H5O.W.Zn/c1-3(2)4;;/h1H2,2H3;;/q-1;;",CROCRZCOCBBWHG-UHFFFAOYSA-N
Carbanide;ethanol;yttrium,Industrial,23596543,C3H9OY-,150.01,,1,2,20.2,[CH3-].CCO.[Y],PubChem,,,,Structure_PubChem,150.01,0.4464,1,1,20.23,5,0,0,,,,,150.01,,C3H9OY-,,,,,,,,,,,Trouvé,,,,CID_23596543,Carbanide;ethanol;yttrium,carbanide;ethanol;yttrium,[CH3-].CCO.[Y],"InChI=1S/C2H6O.CH3.Y/c1-2-3;;/h3H,2H2,1H3;1H3;/q;-1;",RKQSKGVMYMFCDP-UHFFFAOYSA-N
Ethanol;gold(1+);chloride,Industrial,23615177,C2H6AuClO,278.49,,1,2,20.2,CCO.[Cl-].[Au+],PubChem,,,,Structure_PubChem,278.489,-2.9999,1,1,20.23,5,0,0,,,,,278.489,,C2H6AuClO,,,,,,,,,,,Trouvé,,,,CID_23615177,Ethanol;gold(1+);chloride,ethanol;gold(1+);chloride,CCO.[Cl-].[Au+],"InChI=1S/C2H6O.Au.ClH/c1-2-3;;/h3H,2H2,1H3;;1H/q;+1;/p-1",DGJIFCXJVJFMCM-UHFFFAOYSA-M
Potassium;methanol;iodide,Industrial,23662303,CH4IKO,198.045,,1,2,20.2,CO.[K+].[I-],PubChem,,,,Structure_PubChem,198.044,-6.3835,1,1,20.23,4,0,0,,,,,198.044,,CH4IKO,,,,,,,,,,,Trouvé,,,,CID_23662303,Potassium;methanol;iodide,potassium;methanol;iodide,CO.[K+].[I-],"InChI=1S/CH4O.HI.K/c1-2;;/h2H,1H3;1H;/q;;+1/p-1",DEBPSHDHSJWLHY-UHFFFAOYSA-M
Potassium Salicylate,Industrial,23664627,C7H5KO3,176.21,,1,3,60.4,C1=CC=C(C(=C1)C(=O)[O-])O.[K+],PubChem,,,,Structure_PubChem,176.212,-3.2403,1,3,60.36,11,1,1,,,,,176.212,,C7H5KO3,,,,,,,,,,,Trouvé,,,,CID_23664627,Potassium Salicylate,potassium 2-hydroxybenzoate,C1=CC=C(C(=C1)C(=O)[O-])O.[K+],"InChI=1S/C7H6O3.K/c8-6-4-2-1-3-5(6)7(9)10;/h1-4,8H,(H,9,10);/q;+1/p-1",FRMWBRPWYBNAFB-UHFFFAOYSA-M
Potassium phenoxide,Industrial,23670670,C6H5KO,132.2,,0,1,23.1,C1=CC=C(C=C1)[O-].[K+],PubChem,,,,Structure_PubChem,132.203,-2.2358,0,1,23.06,8,1,0,,,,,132.203,,C6H5KO,,,,,,,,,,,Trouvé,,,,CID_23670670,Potassium phenoxide,potassium phenoxide,C1=CC=C(C=C1)[O-].[K+],"InChI=1S/C6H6O.K/c7-6-4-2-1-3-5-6;/h1-5,7H;/q;+1/p-1",ZGJADVGJIVEEGF-UHFFFAOYSA-M
Potassium phenyltrifluoroborate,Industrial,23675248,C6H5BF3K,184.01,,0,4,0.0,[B-](C1=CC=CC=C1)(F)(F)F.[K+],PubChem,,,,Structure_PubChem,184.01,-1.255,0,0,0.0,11,1,1,,,,,184.01,,C6H5BF3K,,,,,,,,,,,Trouvé,,,,CID_23675248,Potassium phenyltrifluoroborate,potassium trifluoro(phenyl)boranuide,[B-](C1=CC=CC=C1)(F)(F)F.[K+],"InChI=1S/C6H5BF3.K/c8-7(9,10)6-4-2-1-3-5-6;/h1-5H;/q-1;+1",DVAFPKUGAUFBTJ-UHFFFAOYSA-N
Potassium p-hydroxybenzenesulphonate,Industrial,23676698,C6H5KO4S,212.27,,1,4,85.8,C1=CC(=CC=C1O)S(=O)(=O)[O-].[K+],PubChem,,,,Structure_PubChem,212.267,-2.6997,1,4,77.43,12,1,1,,,,,212.267,,C6H5KO4S,,,,,,,,,,,Trouvé,,,,CID_23676698,Potassium p-hydroxybenzenesulphonate,potassium 4-hydroxybenzenesulfonate,C1=CC(=CC=C1O)S(=O)(=O)[O-].[K+],"InChI=1S/C6H6O4S.K/c7-5-1-3-6(4-2-5)11(8,9)10;/h1-4,7H,(H,8,9,10);/q;+1/p-1",VMNZSPZHEZLXCQ-UHFFFAOYSA-M
Potassium (4-Fluorophenyl)trifluoroborate,Industrial,23677644,C6H4BF4K,202.0,,0,5,0.0,[B-](C1=CC=C(C=C1)F)(F)(F)F.[K+],PubChem,,,,Structure_PubChem,202.0,-1.1159,0,0,0.0,12,1,1,,,,,202.0,,C6H4BF4K,,,,,,,,,,,Trouvé,,,,CID_23677644,Potassium (4-Fluorophenyl)trifluoroborate,potassium trifluoro-(4-fluorophenyl)boranuide,[B-](C1=CC=C(C=C1)F)(F)(F)F.[K+],"InChI=1S/C6H4BF4.K/c8-6-3-1-5(2-4-6)7(9,10)11;/h1-4H;/q-1;+1",PXKNUQDMYBUYSZ-UHFFFAOYSA-N
"Phosphinic acid, P-phenyl-, potassium salt (1:1)",Industrial,23677731,C6H5KO2P+,179.17,,0,2,40.1,C1=CC=C(C=C1)[P+](=O)[O-].[K+],PubChem,,,,Structure_PubChem,179.176,-2.5814,0,2,40.13,10,1,1,,,,,179.176,,C6H5KO2P+,,,,,,,,,,,Trouvé,,,,CID_23677731,"Phosphinic acid, P-phenyl-, potassium salt (1:1)",potassium oxido-oxo-phenylphosphanium,C1=CC=C(C=C1)[P+](=O)[O-].[K+],InChI=1S/C6H5O2P.K/c7-9(8)6-4-2-1-3-5-6;/h1-5H;/q;+1,QBJPPXCADWBJST-UHFFFAOYSA-N
"Potassium (2,6-difluorophenyl)trifluoroboranuide",Industrial,23677741,C6H3BF5K,219.99,,0,6,0.0,[B-](C1=C(C=CC=C1F)F)(F)(F)F.[K+],PubChem,,,,Structure_PubChem,219.99,-0.9768,0,0,0.0,13,1,1,,,,,219.99,,C6H3BF5K,,,,,,,,,,,Trouvé,,,,CID_23677741,"Potassium (2,6-difluorophenyl)trifluoroboranuide","potassium (2,6-difluorophenyl)-trifluoroboranuide",[B-](C1=C(C=CC=C1F)F)(F)(F)F.[K+],"InChI=1S/C6H3BF5.K/c8-4-2-1-3-5(9)6(4)7(10,11)12;/h1-3H;/q-1;+1",XUCOCDVVPJFGSH-UHFFFAOYSA-N
Potassium phenyl sulfate,Industrial,23678854,C6H5KO4S,212.27,,0,4,74.8,C1=CC=C(C=C1)OS(=O)(=O)[O-].[K+],PubChem,,,,Structure_PubChem,212.267,-2.4704,0,4,66.43,12,1,2,,,,,212.267,,C6H5KO4S,,,,,,,,,,,Trouvé,,,,CID_23678854,Potassium phenyl sulfate,potassium phenyl sulfate,C1=CC=C(C=C1)OS(=O)(=O)[O-].[K+],"InChI=1S/C6H6O4S.K/c7-11(8,9)10-6-4-2-1-3-5-6;/h1-5H,(H,7,8,9);/q;+1/p-1",NOUFXYHWAWIDNT-UHFFFAOYSA-M
Sodium propan-2-one,Industrial,23680029,C3H5NaO,80.06,,0,2,17.1,CC(=O)[CH2-].[Na+],PubChem,,,,Structure_PubChem,80.062,-2.5865,0,1,17.07,5,0,0,,,,,80.062,,C3H5NaO,,,,,,,,,,,Trouvé,,,,CID_23680029,Sodium propan-2-one,sodium propan-2-one,CC(=O)[CH2-].[Na+],"InChI=1S/C3H5O.Na/c1-3(2)4;/h1H2,2H3;/q-1;+1",COLHDRKSXYKSTG-UHFFFAOYSA-N
Sodium Phenoxide Trihydrate,Industrial,23681143,C6H11NaO4,170.14,,3,4,26.1,C1=CC=C(C=C1)[O-].O.O.O.[Na+],PubChem,,,,Structure_PubChem,170.14,-4.7099,0,1,117.56,11,1,0,,,,,170.14,,C6H11NaO4,,,,,,,,,,,Trouvé,,,,CID_23681143,Sodium Phenoxide Trihydrate,sodium;phenoxide;trihydrate,C1=CC=C(C=C1)[O-].O.O.O.[Na+],"InChI=1S/C6H6O.Na.3H2O/c7-6-4-2-1-3-5-6;;;;/h1-5,7H;;3*1H2/q;+1;;;/p-1",QAJGUMORHHJFNJ-UHFFFAOYSA-M
Aceton-Wasser-Natriumhydroxyd,Industrial,23681821,C3H7NaO2,98.08,,1,2,18.1,CC(=O)C.[OH-].[Na+],PubChem,,,,Structure_PubChem,98.077,-2.5775,0,2,47.07,6,0,0,,,,,98.077,,C3H7NaO2,,,,,,,,,,,Trouvé,,,,CID_23681821,Aceton-Wasser-Natriumhydroxyd,sodium;propan-2-one;hydroxide,CC(=O)C.[OH-].[Na+],InChI=1S/C3H6O.Na.H2O/c1-3(2)4;;/h1-2H3;;1H2/q;+1;/p-1,PZMLBZGDTJDWMJ-UHFFFAOYSA-M
Lithium;methanol;bromide,Industrial,23683247,CH4BrLiO,118.9,,1,2,20.2,[Li+].CO.[Br-],PubChem,,,,Structure_PubChem,118.887,-6.3835,1,1,20.23,4,0,0,,,,,118.887,,CH4BrLiO,,,,,,,,,,,Trouvé,,,,CID_23683247,Lithium;methanol;bromide,lithium;methanol;bromide,[Li+].CO.[Br-],"InChI=1S/CH4O.BrH.Li/c1-2;;/h2H,1H3;1H;/q;;+1/p-1",IADULSDNXCPSMU-UHFFFAOYSA-M
Lithium;ethanol;hydroxide,Industrial,23686460,C2H7LiO2,70.0,,2,2,21.2,[Li+].CCO.[OH-],PubChem,,,,Structure_PubChem,70.017,-3.1742,1,2,50.23,5,0,0,,,,,70.017,,C2H7LiO2,,,,,,,,,,,Trouvé,,,,CID_23686460,Lithium;ethanol;hydroxide,lithium;ethanol;hydroxide,[Li+].CCO.[OH-],"InChI=1S/C2H6O.Li.H2O/c1-2-3;;/h3H,2H2,1H3;;1H2/q;+1;/p-1",NHNKWEHVEHQUDE-UHFFFAOYSA-M
Potassium 4-iodophenyltrifluoroborate,Industrial,23688160,C6H4BF3IK,309.91,,0,4,0.0,[B-](C1=CC=C(C=C1)I)(F)(F)F.[K+],PubChem,,,,Structure_PubChem,309.906,-0.6504,0,0,0.0,12,1,1,,,,,309.906,,C6H4BF3IK,,,,,,,,,,,Trouvé,,,,CID_23688160,Potassium 4-iodophenyltrifluoroborate,potassium trifluoro-(4-iodophenyl)boranuide,[B-](C1=CC=C(C=C1)I)(F)(F)F.[K+],"InChI=1S/C6H4BF3I.K/c8-7(9,10)5-1-3-6(11)4-2-5;/h1-4H;/q-1;+1",WTXNSBOVCAXUGV-UHFFFAOYSA-N
"1,2,3-Benzenetriol, potassium salt (1:?)",Industrial,23688909,C6H5KO3,164.2,,2,3,63.5,C1=CC(=C(C(=C1)[O-])O)O.[K+],PubChem,,,,Structure_PubChem,164.201,-2.8246,2,3,63.52,10,1,0,,,,,164.201,,C6H5KO3,,,,,,,,,,,Trouvé,,,,CID_23688909,"1,2,3-Benzenetriol, potassium salt (1:?)","potassium 2,3-dihydroxyphenolate",C1=CC(=C(C(=C1)[O-])O)O.[K+],"InChI=1S/C6H6O3.K/c7-4-2-1-3-5(8)6(4)9;/h1-3,7-9H;/q;+1/p-1",DZHJVFXTMQJEKR-UHFFFAOYSA-M
Potassium hydroxide methanol,Industrial,23689386,CH5KO2,88.148,,2,2,21.2,CO.[OH-].[K+],PubChem,,,,Structure_PubChem,88.147,-3.5643,1,2,50.23,4,0,0,,,,,88.147,,CH5KO2,,,,,,,,,,,Trouvé,,,,CID_23689386,Potassium hydroxide methanol,potassium;methanol;hydroxide,CO.[OH-].[K+],"InChI=1S/CH4O.K.H2O/c1-2;;/h2H,1H3;;1H2/q;+1;/p-1",CASUWPDYGGAUQV-UHFFFAOYSA-M
Sodium hydroxide ethanol,Industrial,23692425,C2H7NaO2,86.07,,2,2,21.2,CCO.[OH-].[Na+],PubChem,,,,Structure_PubChem,86.066,-3.1742,1,2,50.23,5,0,0,,,,,86.066,,C2H7NaO2,,,,,,,,,,,Trouvé,,,,CID_23692425,Sodium hydroxide ethanol,sodium;ethanol;hydroxide,CCO.[OH-].[Na+],"InChI=1S/C2H6O.Na.H2O/c1-2-3;;/h3H,2H2,1H3;;1H2/q;+1;/p-1",OVYTZAASVAZITK-UHFFFAOYSA-M
Potassium 3-fluorophenyltrifluoroborate,Industrial,23697350,C6H4BF4K,202.0,,0,5,0.0,[B-](C1=CC(=CC=C1)F)(F)(F)F.[K+],PubChem,,,,Structure_PubChem,202.0,-1.1159,0,0,0.0,12,1,1,,,,,202.0,,C6H4BF4K,,,,,,,,,,,Trouvé,,,,CID_23697350,Potassium 3-fluorophenyltrifluoroborate,potassium trifluoro-(3-fluorophenyl)boranuide,[B-](C1=CC(=CC=C1)F)(F)(F)F.[K+],"InChI=1S/C6H4BF4.K/c8-6-3-1-2-5(4-6)7(9,10)11;/h1-4H;/q-1;+1",LOPFKHUYBDOHRD-UHFFFAOYSA-N
Lithium propan-2-one,Industrial,23703546,C3H5LiO,64.0,,0,2,17.1,[Li+].CC(=O)[CH2-],PubChem,,,,Structure_PubChem,64.013,-2.5865,0,1,17.07,5,0,0,,,,,64.013,,C3H5LiO,,,,,,,,,,,Trouvé,,,,CID_23703546,Lithium propan-2-one,lithium propan-2-one,[Li+].CC(=O)[CH2-],"InChI=1S/C3H5O.Li/c1-3(2)4;/h1H2,2H3;/q-1;+1",LDEWETPLZBSUBV-UHFFFAOYSA-N
Sodium;ethanol;chloride,Industrial,23706063,C2H6ClNaO,104.51,,1,2,20.2,CCO.[Na+].[Cl-],PubChem,,,,Structure_PubChem,104.512,-5.9934,1,1,20.23,5,0,0,,,,,104.512,,C2H6ClNaO,,,,,,,,,,,Trouvé,,,,CID_23706063,Sodium;ethanol;chloride,sodium;ethanol;chloride,CCO.[Na+].[Cl-],"InChI=1S/C2H6O.ClH.Na/c1-2-3;;/h3H,2H2,1H3;1H;/q;;+1/p-1",LOHGGLZYTJNUAL-UHFFFAOYSA-M
Warfarin Potassium,Industrial,23706212,C19H15KO4,346.4,,0,4,66.4,CC(=O)CC(C1=CC=CC=C1)C2=C(C3=CC=CC=C3OC2=O)[O-].[K+],PubChem,,,,Structure_PubChem,346.423,-0.0184,0,4,70.34,24,3,4,,,,,346.423,,C19H15KO4,,,,,,,,,,,Trouvé,,,,CID_23706212,Warfarin Potassium,potassium 2-oxo-3-(3-oxo-1-phenylbutyl)chromen-4-olate,CC(=O)CC(C1=CC=CC=C1)C2=C(C3=CC=CC=C3OC2=O)[O-].[K+],"InChI=1S/C19H16O4.K/c1-12(20)11-15(13-7-3-2-4-8-13)17-18(21)14-9-5-6-10-16(14)23-19(17)22;/h2-10,15,21H,11H2,1H3;/q;+1/p-1",WSHYKIAQCMIPTB-UHFFFAOYSA-M
Acetone sodium chloride,Industrial,23708710,C3H6ClNaO,116.52,,0,2,17.1,CC(=O)C.[Na+].[Cl-],PubChem,,,,Structure_PubChem,116.523,-5.3967,0,1,17.07,6,0,0,,,,,116.523,,C3H6ClNaO,,,,,,,,,,,Trouvé,,,,CID_23708710,Acetone sodium chloride,sodium;propan-2-one;chloride,CC(=O)C.[Na+].[Cl-],InChI=1S/C3H6O.ClH.Na/c1-3(2)4;;/h1-2H3;1H;/q;;+1/p-1,GLVMEDFRYAYDNX-UHFFFAOYSA-M
Lithium;ethanol;bromide,Industrial,23710472,C2H6BrLiO,132.9,,1,2,20.2,[Li+].CCO.[Br-],PubChem,,,,Structure_PubChem,132.914,-5.9934,1,1,20.23,5,0,0,,,,,132.914,,C2H6BrLiO,,,,,,,,,,,Trouvé,,,,CID_23710472,Lithium;ethanol;bromide,lithium;ethanol;bromide,[Li+].CCO.[Br-],"InChI=1S/C2H6O.BrH.Li/c1-2-3;;/h3H,2H2,1H3;1H;/q;;+1/p-1",WKRAAYBBGZJLGO-UHFFFAOYSA-M
Potassium hydroxide ethanol water,Industrial,23714421,C2H9KO3,120.19,,3,3,22.2,CCO.O.[OH-].[K+],PubChem,,,,Structure_PubChem,120.189,-3.9989,1,2,81.73,6,0,0,,,,,120.189,,C2H9KO3,,,,,,,,,,,Trouvé,,,,CID_23714421,Potassium hydroxide ethanol water,potassium;ethanol;hydroxide;hydrate,CCO.O.[OH-].[K+],"InChI=1S/C2H6O.K.2H2O/c1-2-3;;;/h3H,2H2,1H3;;2*1H2/q;+1;;/p-1",ROOVLFNJAKJSEI-UHFFFAOYSA-M
Lithium hydroxide methanol,Industrial,23717829,CH5LiO2,56.0,,2,2,21.2,[Li+].CO.[OH-],PubChem,,,,Structure_PubChem,55.99,-3.5643,1,2,50.23,4,0,0,,,,,55.99,,CH5LiO2,,,,,,,,,,,Trouvé,,,,CID_23717829,Lithium hydroxide methanol,lithium;methanol;hydroxide,[Li+].CO.[OH-],"InChI=1S/CH4O.Li.H2O/c1-2;;/h2H,1H3;;1H2/q;+1;/p-1",ZEABYRLMGDTEAI-UHFFFAOYSA-M
Sodium hydroxide methanol,Industrial,23721981,CH5NaO2,72.039,,2,2,21.2,CO.[OH-].[Na+],PubChem,,,,Structure_PubChem,72.039,-3.5643,1,2,50.23,4,0,0,,,,,72.039,,CH5NaO2,,,,,,,,,,,Trouvé,,,,CID_23721981,Sodium hydroxide methanol,sodium;methanol;hydroxide,CO.[OH-].[Na+],"InChI=1S/CH4O.Na.H2O/c1-2;;/h2H,1H3;;1H2/q;+1;/p-1",GRONZTPUWOOUFQ-UHFFFAOYSA-M
Cobalt;methanol,Industrial,24942626,CH4CoO,90.975,,1,1,20.2,CO.[Co],PubChem,,,,Structure_PubChem,90.975,-0.394,1,1,20.23,3,0,0,,,,,90.975,,CH4CoO,,,,,,,,,,,Trouvé,,,,CID_24942626,Cobalt;methanol,cobalt;methanol,CO.[Co],"InChI=1S/CH4O.Co/c1-2;/h2H,1H3;",QQZGYZFGNGKDOE-UHFFFAOYSA-N
Obliquol A,Industrial,25113691,C20H32O,288.5,7.9,1,1,20.2,CCCCCCCCC/C=C/CCCC1=CC=C(C=C1)O,PubChem,,,,Structure_PubChem,288.475,6.4118,1,1,20.23,21,1,12,,,,,288.475,,C20H32O,,,,,,,,,,,Trouvé,,,,CID_25113691,Obliquol A,4-[(E)-tetradec-4-enyl]phenol,CCCCCCCCC/C=C/CCCC1=CC=C(C=C1)O,"InChI=1S/C20H32O/c1-2-3-4-5-6-7-8-9-10-11-12-13-14-19-15-17-20(21)18-16-19/h10-11,15-18,21H,2-9,12-14H2,1H3/b11-10+",UHBRTPHHYOTILN-ZHACJKMWSA-N
Methanol--manganese (1/1),Industrial,25200202,CH4MnO,86.98,,1,1,20.2,CO.[Mn],PubChem,,,,Structure_PubChem,86.98,-0.394,1,1,20.23,3,0,0,,,,,86.98,,CH4MnO,,,,,,,,,,,Trouvé,,,,CID_25200202,Methanol--manganese (1/1),manganese;methanol,CO.[Mn],"InChI=1S/CH4O.Mn/c1-2;/h2H,1H3;",GHNRLPUEWCZDRA-UHFFFAOYSA-N
CID 25200210,Industrial,25200210,C2H6OTi,93.94,,1,1,20.2,CCO.[Ti],PubChem,,,,Structure_PubChem,93.936,-0.0039,1,1,20.23,4,0,0,,,,,93.936,,C2H6OTi,,,,,,,,,,,Trouvé,,,,CID_25200210,CID 25200210,ethanol;titanium,CCO.[Ti],"InChI=1S/C2H6O.Ti/c1-2-3;/h3H,2H2,1H3;",WLPSNBGDESCKIL-UHFFFAOYSA-N
"formaldehyde, polymer with phenol, calcium salt",Industrial,44151932,C13H12CaO3,256.31,,0,3,63.2,C=O.C1=CC=C(C=C1)[O-].C1=CC=C(C=C1)[O-].[Ca+2],PubChem,,,,Structure_PubChem,256.314,0.9547,0,3,63.19,17,2,0,,,,,256.314,,C13H12CaO3,,,,,,,,,,,Trouvé,,,,CID_44151932,"formaldehyde, polymer with phenol, calcium salt",calcium;formaldehyde;diphenoxide,C=O.C1=CC=C(C=C1)[O-].C1=CC=C(C=C1)[O-].[Ca+2],"InChI=1S/2C6H6O.CH2O.Ca/c2*7-6-4-2-1-3-5-6;1-2;/h2*1-5,7H;1H2;/q;;;+2/p-2",VTQGJLAZBFNWEY-UHFFFAOYSA-L
4-((Z)-1-Fluoro-2-phenyl-vinyl)-phenol,Industrial,44269748,C14H11FO,214.23,3.7,1,2,20.2,C1=CC=C(C=C1)/C=C(/C2=CC=C(C=C2)O)\F,PubChem,,,,Structure_PubChem,214.239,3.8598,1,1,20.23,16,2,2,,,,,214.239,,C14H11FO,,,,,,,,,,,Trouvé,,,,CID_44269748,4-((Z)-1-Fluoro-2-phenyl-vinyl)-phenol,4-[(Z)-1-fluoro-2-phenylethenyl]phenol,C1=CC=C(C=C1)/C=C(/C2=CC=C(C=C2)O)\F,"InChI=1S/C14H11FO/c15-14(10-11-4-2-1-3-5-11)12-6-8-13(16)9-7-12/h1-10,16H/b14-10-",QVLSDAQNDDYLDE-UVTDQMKNSA-N
4-((Z)-2-Phenyl-propenyl)-phenol,Industrial,44269760,C15H14O,210.27,4.5,1,1,20.2,C/C(=C/C1=CC=C(C=C1)O)/C2=CC=CC=C2,PubChem,,,,Structure_PubChem,210.276,3.9527,1,1,20.23,16,2,2,,,,,210.276,,C15H14O,,,,,,,,,,,Trouvé,,,,CID_44269760,4-((Z)-2-Phenyl-propenyl)-phenol,4-[(Z)-2-phenylprop-1-enyl]phenol,C/C(=C/C1=CC=C(C=C1)O)/C2=CC=CC=C2,"InChI=1S/C15H14O/c1-12(14-5-3-2-4-6-14)11-13-7-9-15(16)10-8-13/h2-11,16H,1H3/b12-11-",ZHWPZQPCZKOLIW-QXMHVHEDSA-N
Phenoxyarsonous acid,Industrial,44395086,C6H7AsO3,202.04,,2,3,49.7,C1=CC=C(C=C1)O[As](O)O,PubChem,,,,Structure_PubChem,202.041,0.0349,2,3,49.69,10,1,2,,,,,202.041,,C6H7AsO3,,,,,,,,,,,Trouvé,,,,CID_44395086,Phenoxyarsonous acid,phenoxyarsonous acid,C1=CC=C(C=C1)O[As](O)O,"InChI=1S/C6H7AsO3/c8-7(9)10-6-4-2-1-3-5-6/h1-5,8-9H",NOJGJOHOYAWLBB-UHFFFAOYSA-N
4-Fluorophenyl Sulfamate,Industrial,44459223,C6H6FNO3S,191.18,0.9,1,5,77.8,C1=CC(=CC=C1OS(=O)(=O)N)F,PubChem,,,,Structure_PubChem,191.183,0.408,1,3,69.39,12,1,2,,,,,191.183,,C6H6FNO3S,,,,,,,,,,,Trouvé,,,,CID_44459223,4-Fluorophenyl Sulfamate,(4-fluorophenyl) sulfamate,C1=CC(=CC=C1OS(=O)(=O)N)F,"InChI=1S/C6H6FNO3S/c7-5-1-3-6(4-2-5)11-12(8,9)10/h1-4H,(H2,8,9,10)",YDPOZFIBKFKFMB-UHFFFAOYSA-N
Sulfamic acid 4-iodophenyl ester,Industrial,44459431,C6H6INO3S,299.09,1.4,1,4,77.8,C1=CC(=CC=C1OS(=O)(=O)N)I,PubChem,,,,Structure_PubChem,299.089,0.8735,1,3,69.39,12,1,2,,,,,299.089,,C6H6INO3S,,,,,,,,,,,Trouvé,,,,CID_44459431,Sulfamic acid 4-iodophenyl ester,(4-iodophenyl) sulfamate,C1=CC(=CC=C1OS(=O)(=O)N)I,"InChI=1S/C6H6INO3S/c7-5-1-3-6(4-2-5)11-12(8,9)10/h1-4H,(H2,8,9,10)",OBIWZXNLWSUNOP-UHFFFAOYSA-N
"1,7-Diphenyl-1,3,5-heptratriene",Industrial,44560845,C19H18,246.3,5.8,0,0,0.0,C1=CC=C(C=C1)C/C=C/C=C/C=C/C2=CC=CC=C2,PubChem,,,,Structure_PubChem,246.353,5.0549,0,0,0.0,19,2,5,,,,,246.353,,C19H18,,,,,,,,,,,Trouvé,,,,CID_44560845,"1,7-Diphenyl-1,3,5-heptratriene","[(1E,3E,5E)-7-phenylhepta-1,3,5-trienyl]benzene",C1=CC=C(C=C1)C/C=C/C=C/C=C/C2=CC=CC=C2,"InChI=1S/C19H18/c1(2-6-12-18-14-8-4-9-15-18)3-7-13-19-16-10-5-11-17-19/h1-12,14-17H,13H2/b2-1+,7-3+,12-6+",ALZIGHRHGDHKPD-BCPZQFGSSA-N
Sodium phenylarsonate,Industrial,44593649,C6H5AsNa2O3,246.0,,0,3,63.2,C1=CC=C(C=C1)[As](=O)([O-])[O-].[Na+].[Na+],PubChem,,,,Structure_PubChem,246.005,-8.0084,0,3,63.19,12,1,1,,,,,246.005,,C6H5AsNa2O3,,,,,,,,,,,Trouvé,,,,CID_44593649,Sodium phenylarsonate,disodium;dioxido-oxo-phenyl-lambda5-arsane,C1=CC=C(C=C1)[As](=O)([O-])[O-].[Na+].[Na+],"InChI=1S/C6H7AsO3.2Na/c8-7(9,10)6-4-2-1-3-5-6;;/h1-5H,(H2,8,9,10);;/q;2*+1/p-2",IDQWLYXYOJVSLB-UHFFFAOYSA-L
Sodium (Trihydroxy)phenylborate,Industrial,44629933,C6H8BNaO3,161.93,,3,4,60.7,[B-](C1=CC=CC=C1)(O)(O)O.[Na+],PubChem,,,,Structure_PubChem,161.929,-4.1866,3,3,60.69,11,1,1,,,,,161.929,,C6H8BNaO3,,,,,,,,,,,Trouvé,,,,CID_44629933,Sodium (Trihydroxy)phenylborate,sodium trihydroxy(phenyl)boranuide,[B-](C1=CC=CC=C1)(O)(O)O.[Na+],"InChI=1S/C6H8BO3.Na/c8-7(9,10)6-4-2-1-3-5-6;/h1-5,8-10H;/q-1;+1",ZNXSFEXRXNJDNK-UHFFFAOYSA-N
CID 45051570,Industrial,45051570,C2H6AlO,73.05,,1,1,20.2,CCO.[Al],PubChem,,,,Structure_PubChem,73.051,-0.3822,1,1,20.23,4,0,0,,,,,73.051,,C2H6AlO,,,,,,,,,,,Trouvé,,,,CID_45051570,CID 45051570,,CCO.[Al],"InChI=1S/C2H6O.Al/c1-2-3;/h3H,2H2,1H3;",LIYILTXDOBZLIO-UHFFFAOYSA-N
CID 45051805,Industrial,45051805,C2H6MgO,70.37,,1,1,20.2,CCO.[Mg],PubChem,,,,Structure_PubChem,70.374,-0.3822,1,1,20.23,4,0,0,,,,,70.374,,C2H6MgO,,,,,,,,,,,Trouvé,,,,CID_45051805,CID 45051805,,CCO.[Mg],"InChI=1S/C2H6O.Mg/c1-2-3;/h3H,2H2,1H3;",RLWYTFZKQOKDFG-UHFFFAOYSA-N
"Potassium methoxide, 95%",Industrial,45051806,CH4KO,71.14,,1,1,20.2,CO.[K],PubChem,,,,Structure_PubChem,71.14,-0.7723,1,1,20.23,3,0,0,,,,,71.14,,CH4KO,,,,,,,,,,,Trouvé,,,,CID_45051806,"Potassium methoxide, 95%",,CO.[K],"InChI=1S/CH4O.K/c1-2;/h2H,1H3;",VXJPCEOTZNHHOA-UHFFFAOYSA-N
"Potassium ethoxide, 95%",Industrial,45051891,C2H6KO,85.17,,1,1,20.2,CCO.[K],PubChem,,,,Structure_PubChem,85.167,-0.3822,1,1,20.23,4,0,0,,,,,85.167,,C2H6KO,,,,,,,,,,,Trouvé,,,,CID_45051891,"Potassium ethoxide, 95%",,CCO.[K],"InChI=1S/C2H6O.K/c1-2-3;/h3H,2H2,1H3;",GHVZOJONCUEWAV-UHFFFAOYSA-N
Methanol--magnesium (1/1),Industrial,45051896,CH4MgO,56.35,,1,1,20.2,CO.[Mg],PubChem,,,,Structure_PubChem,56.347,-0.7723,1,1,20.23,3,0,0,,,,,56.347,,CH4MgO,,,,,,,,,,,Trouvé,,,,CID_45051896,Methanol--magnesium (1/1),,CO.[Mg],"InChI=1S/CH4O.Mg/c1-2;/h2H,1H3;",TZNULHNPXDZANP-UHFFFAOYSA-N
Ethanol;tantalum,Industrial,45051902,C2H6OTa,227.02,,1,1,20.2,CCO.[Ta],PubChem,,,,Structure_PubChem,227.017,-0.0039,1,1,20.23,4,0,0,,,,,227.017,,C2H6OTa,,,,,,,,,,,Trouvé,,,,CID_45051902,Ethanol;tantalum,ethanol;tantalum,CCO.[Ta],"InChI=1S/C2H6O.Ta/c1-2-3;/h3H,2H2,1H3;",JVOQKOIQWNPOMI-UHFFFAOYSA-N
"Lithium methoxide, 98%",Industrial,45051909,CH4LiO,39.0,,1,1,20.2,[Li].CO,PubChem,,,,Structure_PubChem,38.983,-0.7723,1,1,20.23,3,0,0,,,,,38.983,,CH4LiO,,,,,,,,,,,Trouvé,,,,CID_45051909,"Lithium methoxide, 98%",,[Li].CO,"InChI=1S/CH4O.Li/c1-2;/h2H,1H3;",GLXCXYZWVRLFFY-UHFFFAOYSA-N
"Lithium ethoxide, 95%",Industrial,45051968,C2H6LiO,53.0,,1,1,20.2,[Li].CCO,PubChem,,,,Structure_PubChem,53.01,-0.3822,1,1,20.23,4,0,0,,,,,53.01,,C2H6LiO,,,,,,,,,,,Trouvé,,,,CID_45051968,"Lithium ethoxide, 95%",,[Li].CCO,"InChI=1S/C2H6O.Li/c1-2-3;/h3H,2H2,1H3;",OHOFDOSEOKVMGK-UHFFFAOYSA-N
4-Chlorophenol-d4,Industrial,45052200,C6H5ClO,132.58,2.4,1,1,20.2,[2H]C1=C(C(=C(C(=C1O)[2H])[2H])Cl)[2H],PubChem,,,,Structure_PubChem,132.5824,2.0456,1,1,20.23,8,1,0,,,,,132.5824,,C6H5ClO,,,,,,,,,,,Trouvé,,,,CID_45052200,4-Chlorophenol-d4,"4-chloro-2,3,5,6-tetradeuteriophenol",[2H]C1=C(C(=C(C(=C1O)[2H])[2H])Cl)[2H],"InChI=1S/C6H5ClO/c7-5-1-3-6(8)4-2-5/h1-4,8H/i1D,2D,3D,4D",WXNZTHHGJRFXKQ-RHQRLBAQSA-N
(4-Methylphenyl)mercury(1+) chloride,Industrial,45105304,C7H7ClHg,327.17,,0,1,0.0,CC1=CC=C(C=C1)[Hg+].[Cl-],PubChem,,,,Structure_PubChem,327.176,-1.8289,0,0,0.0,9,1,0,,,,,327.176,,C7H7ClHg,,,,,,,,,,,Trouvé,,,,CID_45105304,(4-Methylphenyl)mercury(1+) chloride,(4-methylphenyl)mercury(1+) chloride,CC1=CC=C(C=C1)[Hg+].[Cl-],"InChI=1S/C7H7.ClH.Hg/c1-7-5-3-2-4-6-7;;/h3-6H,1H3;1H;/q;;+1/p-1",PWIXOHDPHIQCLY-UHFFFAOYSA-M
"4-[(1E)-3-Ethenyl-7-methylocta-1,6-dien-1-yl]phenol",Industrial,45358110,C17H22O,242.36,5.6,1,1,20.2,CC(=CCCC(C=C)/C=C/C1=CC=C(C=C1)O)C,PubChem,,,,Structure_PubChem,242.362,4.954,1,1,20.23,18,1,6,,,,,242.362,,C17H22O,,,,,,,,,,,Trouvé,,,,CID_45358110,"4-[(1E)-3-Ethenyl-7-methylocta-1,6-dien-1-yl]phenol","4-[(1E)-3-ethenyl-7-methylocta-1,6-dienyl]phenol",CC(=CCCC(C=C)/C=C/C1=CC=C(C=C1)O)C,"InChI=1S/C17H22O/c1-4-15(7-5-6-14(2)3)8-9-16-10-12-17(18)13-11-16/h4,6,8-13,15,18H,1,5,7H2,2-3H3/b9-8+",HFGJBFLUJAGDTP-CMDGGOBGSA-N
CID 49818473,Industrial,49818473,C18H15BOP,289.1,,1,1,20.2,[B].C1=CC=C(C=C1)P(C2=CC=CC=C2)C3=CC=C(C=C3)O,PubChem,,,,Structure_PubChem,289.103,2.7696,1,1,20.23,21,3,3,,,,,289.103,,C18H15BOP,,,,,,,,,,,Trouvé,,,,CID_49818473,CID 49818473,,[B].C1=CC=C(C=C1)P(C2=CC=CC=C2)C3=CC=C(C=C3)O,"InChI=1S/C18H15OP.B/c19-15-11-13-18(14-12-15)20(16-7-3-1-4-8-16)17-9-5-2-6-10-17;/h1-14,19H;",XBNCUZDFZVKECE-UHFFFAOYSA-N
CID 49822606,Industrial,49822606,C2H6Cl3OTi,200.29,,1,1,20.2,CCO.Cl[Ti](Cl)Cl,PubChem,,,,Structure_PubChem,200.295,2.0646,1,1,20.23,7,0,0,,,,,200.295,,C2H6Cl3OTi,,,,,,,,,,,Trouvé,,,,CID_49822606,CID 49822606,ethanol;trichlorotitanium,CCO.Cl[Ti](Cl)Cl,"InChI=1S/C2H6O.3ClH.Ti/c1-2-3;;;;/h3H,2H2,1H3;3*1H;/q;;;;+3/p-3",MNLMLEWXCMFNFO-UHFFFAOYSA-K
Dichlorotitanium; ethanol,Industrial,49822618,C2H6Cl2OTi,164.84,,1,1,20.2,CCO.Cl[Ti]Cl,PubChem,,,,Structure_PubChem,164.842,1.3751,1,1,20.23,6,0,0,,,,,164.842,,C2H6Cl2OTi,,,,,,,,,,,Trouvé,,,,CID_49822618,Dichlorotitanium; ethanol,dichlorotitanium;ethanol,CCO.Cl[Ti]Cl,"InChI=1S/C2H6O.2ClH.Ti/c1-2-3;;;/h3H,2H2,1H3;2*1H;/q;;;+2/p-2",SZHZJPYNAORVRP-UHFFFAOYSA-L
"1,3,5-Benzenetriol, hydrate (1:2)",Industrial,53233771,C6H8O4,144.12,,4,4,61.7,C1=C(C=C(C=C1O)O)O.O,PubChem,,,,Structure_PubChem,144.126,-0.0213,3,3,92.19,10,1,0,,,,,144.126,,C6H8O4,,,,,,,,,,,Trouvé,,,,CID_53233771,"1,3,5-Benzenetriol, hydrate (1:2)","benzene-1,3,5-triol;hydrate",C1=C(C=C(C=C1O)O)O.O,"InChI=1S/C6H6O3.H2O/c7-4-1-5(8)3-6(9)2-4;/h1-3,7-9H;1H2",JPLWLTSPJLPUQK-UHFFFAOYSA-N
Ethyloxidanium iodide,Industrial,53446933,C2H7IO,173.98,,1,1,1.0,CC[OH2+].[I-],PubChem,,,,Structure_PubChem,173.981,-3.2651,0,0,22.9,4,0,0,,,,,173.981,,C2H7IO,,,,,,,,,,,Trouvé,,,,CID_53446933,Ethyloxidanium iodide,ethyloxidanium iodide,CC[OH2+].[I-],"InChI=1S/C2H6O.HI/c1-2-3;/h3H,2H2,1H3;1H",SLFLFNSLWZNOOG-UHFFFAOYSA-N
Phenyllithium,Industrial,53629015,C6H5Li,84.1,,0,0,0.0,[Li].C1=CC=[C]C=C1,PubChem,,,,Structure_PubChem,84.047,1.106,0,0,0.0,7,1,0,,,,,84.047,,C6H5Li,,,,,,,,,,,Trouvé,,,,CID_53629015,Phenyllithium,,[Li].C1=CC=[C]C=C1,InChI=1S/C6H5.Li/c1-2-4-6-5-3-1;/h1-5H;,NHKJPPKXDNZFBJ-UHFFFAOYSA-N
Bismuth Subsalicylate,Industrial,53629521,C7H5BiO4,362.09,,1,4,64.2,C1=CC=C(C(=C1)C(=O)[O-])[O-].[OH-].[Bi+3],PubChem,,,,Structure_PubChem,362.093,-1.4339,0,4,93.19,12,1,1,,,,,362.093,,C7H5BiO4,,,,,,,,,,,Trouvé,,,,CID_53629521,Bismuth Subsalicylate,bismuth;2-oxidobenzoate;hydroxide,C1=CC=C(C(=C1)C(=O)[O-])[O-].[OH-].[Bi+3],"InChI=1S/C7H6O3.Bi.H2O/c8-6-4-2-1-3-5(6)7(9)10;;/h1-4,8H,(H,9,10);;1H2/q;+3;/p-3",ZREIPSZUJIFJNP-UHFFFAOYSA-K
3-Tritiopropan-1-ol,Industrial,53675983,C3H8O,62.1,0.3,1,1,20.2,[3H]CCCO,PubChem,,,,Structure_PubChem,62.104,0.3887,1,1,20.23,4,0,1,,,,,62.104,,C3H8O,,,,,,,,,,,Trouvé,,,,CID_53675983,3-Tritiopropan-1-ol,3-tritiopropan-1-ol,[3H]CCCO,"InChI=1S/C3H8O/c1-2-3-4/h4H,2-3H2,1H3/i1T",BDERNNFJNOPAEC-CNRUNOGKSA-N
(1s)-Mono-deuteriopropanol,Industrial,53675984,C3H8O,61.1,0.3,1,1,20.2,[H][C@]([2H])(CC)O,PubChem,,,,Structure_PubChem,61.1021,0.3887,1,1,20.23,4,0,1,,,,,61.1021,,C3H8O,,,,,,,,,,,Trouvé,,,,CID_53675984,(1s)-Mono-deuteriopropanol,(1S)-1-deuteriopropan-1-ol,[H][C@]([2H])(CC)O,"InChI=1S/C3H8O/c1-2-3-4/h4H,2-3H2,1H3/i3D/t3-/m0/s1",BDERNNFJNOPAEC-JJVSXERASA-N
1-Propan-3-d-ol,Industrial,53675985,C3H8O,61.1,0.3,1,1,20.2,[2H]CCCO,PubChem,,,,Structure_PubChem,61.1021,0.3887,1,1,20.23,4,0,1,,,,,61.1021,,C3H8O,,,,,,,,,,,Trouvé,,,,CID_53675985,1-Propan-3-d-ol,3-deuteriopropan-1-ol,[2H]CCCO,"InChI=1S/C3H8O/c1-2-3-4/h4H,2-3H2,1H3/i1D",BDERNNFJNOPAEC-MICDWDOJSA-N
Acetone-d4,Industrial,53737323,C3H6O,62.1,-0.1,0,1,17.1,[2H]CC(=O)C([2H])([2H])[2H],PubChem,,,,Structure_PubChem,62.1044,0.5953,0,1,17.07,4,0,0,,,,,62.1044,,C3H6O,,,,,,,,,,,Trouvé,,,,CID_53737323,Acetone-d4,"1,1,1,3-tetradeuteriopropan-2-one",[2H]CC(=O)C([2H])([2H])[2H],"InChI=1S/C3H6O/c1-3(2)4/h1-2H3/i1D,2D3",CSCPPACGZOOCGX-BMQYTIHCSA-N
1-Tritiopropan-2-one,Industrial,53737324,C3H6O,60.09,-0.1,0,1,17.1,[3H]CC(=O)C,PubChem,,,,Structure_PubChem,60.088,0.5953,0,1,17.07,4,0,0,,,,,60.088,,C3H6O,,,,,,,,,,,Trouvé,,,,CID_53737324,1-Tritiopropan-2-one,1-tritiopropan-2-one,[3H]CC(=O)C,InChI=1S/C3H6O/c1-3(2)4/h1-2H3/i1T,CSCPPACGZOOCGX-CNRUNOGKSA-N
Deutero-deutero-acetone,Industrial,53737325,C3H6O,60.09,-0.1,0,1,17.1,[2H]C([2H])C(=O)C,PubChem,,,,Structure_PubChem,60.0922,0.5953,0,1,17.07,4,0,0,,,,,60.0922,,C3H6O,,,,,,,,,,,Trouvé,,,,CID_53737325,Deutero-deutero-acetone,"1,1-dideuteriopropan-2-one",[2H]C([2H])C(=O)C,InChI=1S/C3H6O/c1-3(2)4/h1-2H3/i1D2,CSCPPACGZOOCGX-DICFDUPASA-N
Acetone-d5,Industrial,53737326,C3H6O,63.11,-0.1,0,1,17.1,[2H]C([2H])C(=O)C([2H])([2H])[2H],PubChem,,,,Structure_PubChem,63.1105,0.5953,0,1,17.07,4,0,0,,,,,63.1105,,C3H6O,,,,,,,,,,,Trouvé,,,,CID_53737326,Acetone-d5,"1,1,1,3,3-pentadeuteriopropan-2-one",[2H]C([2H])C(=O)C([2H])([2H])[2H],"InChI=1S/C3H6O/c1-3(2)4/h1-2H3/i1D2,2D3",CSCPPACGZOOCGX-KPAILUHGSA-N
2-Tritioethanol,Industrial,54031105,C2H6O,48.08,-0.1,1,1,20.2,[3H]CCO,PubChem,,,,Structure_PubChem,48.077,-0.0014,1,1,20.23,3,0,0,,,,,48.077,,C2H6O,,,,,,,,,,,Trouvé,,,,CID_54031105,2-Tritioethanol,2-tritioethanol,[3H]CCO,"InChI=1S/C2H6O/c1-2-3/h3H,2H2,1H3/i1T",LFQSCWFLJHTTHZ-CNRUNOGKSA-N
Dideuterio(methyl)oxidanium,Industrial,54467428,CH5O+,35.062,-0.5,1,0,1.0,[2H][O+]([2H])C,PubChem,,,,Structure_PubChem,35.0622,-0.6592,0,0,22.9,2,0,0,,,,,35.0622,,CH5O+,,,,,,,,,,,Trouvé,,,,CID_54467428,Dideuterio(methyl)oxidanium,dideuterio(methyl)oxidanium,[2H][O+]([2H])C,"InChI=1S/CH4O/c1-2/h2H,1H3/p+1/i2D/hD",OKKJLVBELUTLKV-YQWZEFQTSA-O
Benzenethiol--lead (1/1),Industrial,54609879,C6H6PbS,317.0,,1,1,1.0,C1=CC=C(C=C1)S.[Pb],PubChem,,,,Structure_PubChem,317.381,1.5945,1,1,0.0,8,1,0,,,,,317.381,,C6H6PbS,,,,,,,,,,,Trouvé,,,,CID_54609879,Benzenethiol--lead (1/1),,C1=CC=C(C=C1)S.[Pb],"InChI=1S/C6H6S.Pb/c7-6-4-2-1-3-5-6;/h1-5,7H;",FESLRABRNRMQGJ-UHFFFAOYSA-N
"2,5-Dihydroxybenzoate",Industrial,54675839,C7H5O4-,153.11,2.3,2,4,80.6,C1=CC(=C(C=C1O)C(=O)O)[O-],PubChem,,,,Structure_PubChem,153.113,0.164,2,3,80.59,11,1,1,,,,,153.113,,C7H5O4-,,,,,,,,,,,Trouvé,,,,CID_54675839,"2,5-Dihydroxybenzoate",2-carboxy-4-hydroxyphenolate,C1=CC(=C(C=C1O)C(=O)O)[O-],"InChI=1S/C7H6O4/c8-4-1-2-6(9)5(3-4)7(10)11/h1-3,8-9H,(H,10,11)/p-1",WXTMDXOMEHJXQO-UHFFFAOYSA-M
Salicylate,Industrial,54675850,C7H5O3-,137.11,2.4,1,3,60.4,C1=CC=C(C(=C1)C(=O)O)[O-],PubChem,,,,Structure_PubChem,137.114,0.4584,1,2,60.36,10,1,1,,,,,137.114,,C7H5O3-,,,,,,,,,,,Trouvé,,,,CID_54675850,Salicylate,2-carboxyphenolate,C1=CC=C(C(=C1)C(=O)O)[O-],"InChI=1S/C7H6O3/c8-6-4-2-1-3-5(6)7(9)10/h1-4,8H,(H,9,10)/p-1",YGSDEFSMJLZEOE-UHFFFAOYSA-M
Dicoumarol,Industrial,54676038,C19H12O6,336.3,2.6,2,6,93.1,C1=CC=C2C(=C1)C(=C(C(=O)O2)CC3=C(C4=CC=CC=C4OC3=O)O)O,PubChem,,,,Structure_PubChem,336.299,2.9014,2,6,100.88,25,4,2,,,,,336.299,,C19H12O6,,,,,,,,,,,Trouvé,,,,CID_54676038,Dicoumarol,4-hydroxy-3-[(4-hydroxy-2-oxochromen-3-yl)methyl]chromen-2-one,C1=CC=C2C(=C1)C(=C(C(=O)O2)CC3=C(C4=CC=CC=C4OC3=O)O)O,"InChI=1S/C19H12O6/c20-16-10-5-1-3-7-14(10)24-18(22)12(16)9-13-17(21)11-6-2-4-8-15(11)25-19(13)23/h1-8,20-21H,9H2",DOBMPNYZJYQDGZ-UHFFFAOYSA-N
Warfarin,Industrial,54678486,C19H16O4,308.3,2.7,1,4,63.6,CC(=O)CC(C1=CC=CC=C1)C2=C(C3=CC=CC=C3OC2=O)O,PubChem,,,,Structure_PubChem,308.333,3.6096,1,4,67.51,23,3,4,,,,,308.333,,C19H16O4,,,,,,,,,,,Trouvé,,,,CID_54678486,Warfarin,4-hydroxy-3-(3-oxo-1-phenylbutyl)chromen-2-one,CC(=O)CC(C1=CC=CC=C1)C2=C(C3=CC=CC=C3OC2=O)O,"InChI=1S/C19H16O4/c1-12(20)11-15(13-7-3-2-4-8-13)17-18(21)14-9-5-6-10-16(14)23-19(17)22/h2-10,15,21H,11H2,1H3",PJVWKTKQMONHTI-UHFFFAOYSA-N
Ferulenol,Industrial,54679300,C24H30O3,366.5,6.9,1,3,46.5,CC(=CCC/C(=C/CC/C(=C/CC1=C(C2=CC=CC=C2OC1=O)O)/C)/C)C,PubChem,,,,Structure_PubChem,366.501,6.4603,1,3,50.44,27,2,8,,,,,366.501,,C24H30O3,,,,,,,,,,,Trouvé,,,,CID_54679300,Ferulenol,"4-hydroxy-3-[(2E,6E)-3,7,11-trimethyldodeca-2,6,10-trienyl]chromen-2-one",CC(=CCC/C(=C/CC/C(=C/CC1=C(C2=CC=CC=C2OC1=O)O)/C)/C)C,"InChI=1S/C24H30O3/c1-17(2)9-7-10-18(3)11-8-12-19(4)15-16-21-23(25)20-13-5-6-14-22(20)27-24(21)26/h5-6,9,11,13-15,25H,7-8,10,12,16H2,1-4H3/b18-11+,19-15+",NJJDBBUWWOAOLD-CFBAGHHKSA-N
"4,7-Dihydroxycoumarin",Industrial,54679630,C9H6O4,178.14,0.9,2,4,66.8,C1=CC2=C(C=C1O)OC(=O)C=C2O,PubChem,,,,Structure_PubChem,178.143,1.2042,2,4,70.67,13,2,0,,,,,178.143,,C9H6O4,,,,,,,,,,,Trouvé,,,,CID_54679630,"4,7-Dihydroxycoumarin","4,7-dihydroxychromen-2-one",C1=CC2=C(C=C1O)OC(=O)C=C2O,"InChI=1S/C9H6O4/c10-5-1-2-6-7(11)4-9(12)13-8(6)3-5/h1-4,10-11H",CYSRKZFPSNZSCS-UHFFFAOYSA-N
Phenprocoumon,Industrial,54680692,C18H16O3,280.3,3.6,1,3,46.5,CCC(C1=CC=CC=C1)C2=C(C3=CC=CC=C3OC2=O)O,PubChem,,,,Structure_PubChem,280.323,4.0405,1,3,50.44,21,3,3,,,,,280.323,,C18H16O3,,,,,,,,,,,Trouvé,,,,CID_54680692,Phenprocoumon,4-hydroxy-3-(1-phenylpropyl)chromen-2-one,CCC(C1=CC=CC=C1)C2=C(C3=CC=CC=C3OC2=O)O,"InChI=1S/C18H16O3/c1-2-13(12-8-4-3-5-9-12)16-17(19)14-10-6-7-11-15(14)21-18(16)20/h3-11,13,19H,2H2,1H3",DQDAYGNAKTZFIW-UHFFFAOYSA-N
4-Hydroxycoumarin,Industrial,54682930,C9H6O3,162.14,1.3,1,3,46.5,C1=CC=C2C(=C1)C(=CC(=O)O2)O,PubChem,,,,Structure_PubChem,162.144,1.4986,1,3,50.44,12,2,0,,,,,162.144,,C9H6O3,,,,,,,,,,,Trouvé,,,,CID_54682930,4-Hydroxycoumarin,4-hydroxychromen-2-one,C1=CC=C2C(=C1)C(=CC(=O)O2)O,"InChI=1S/C9H6O3/c10-7-5-9(11)12-8-4-2-1-3-6(7)8/h1-5,10H",VXIXUWQIVKSKSA-UHFFFAOYSA-N
(T-4)-Bis(2-(hydroxy-kappaO)benzoato-kappaO)magnesium,Industrial,54684589,C14H10MgO6,298.53,,2,6,121.0,C1=CC=C(C(=C1)C(=O)O)[O-].C1=CC=C(C(=C1)C(=O)O)[O-].[Mg+2],PubChem,,,,Structure_PubChem,298.533,0.536,2,4,120.72,21,2,2,,,,,298.533,,C14H10MgO6,,,,,,,,,,,Trouvé,,,,CID_54684589,(T-4)-Bis(2-(hydroxy-kappaO)benzoato-kappaO)magnesium,magnesium bis(2-carboxyphenolate),C1=CC=C(C(=C1)C(=O)O)[O-].C1=CC=C(C(=C1)C(=O)O)[O-].[Mg+2],"InChI=1S/2C7H6O3.Mg/c2*8-6-4-2-1-3-5(6)7(9)10;/h2*1-4,8H,(H,9,10);/q;;+2/p-2",MQHWFIOJQSCFNM-UHFFFAOYSA-L
(R)-Warfarin,Industrial,54684598,C19H16O4,308.3,2.7,1,4,63.6,CC(=O)C[C@H](C1=CC=CC=C1)C2=C(C3=CC=CC=C3OC2=O)O,PubChem,,,,Structure_PubChem,308.333,3.6096,1,4,67.51,23,3,4,,,,,308.333,,C19H16O4,,,,,,,,,,,Trouvé,,,,CID_54684598,(R)-Warfarin,4-hydroxy-3-[(1R)-3-oxo-1-phenylbutyl]chromen-2-one,CC(=O)C[C@H](C1=CC=CC=C1)C2=C(C3=CC=CC=C3OC2=O)O,"InChI=1S/C19H16O4/c1-12(20)11-15(13-7-3-2-4-8-13)17-18(21)14-9-5-6-10-16(14)23-19(17)22/h2-10,15,21H,11H2,1H3/t15-/m1/s1",PJVWKTKQMONHTI-OAHLLOKOSA-N
Strontium salicylate,Industrial,54684619,C14H10O6Sr,361.8,,2,6,121.0,C1=CC=C(C(=C1)C(=O)O)[O-].C1=CC=C(C(=C1)C(=O)O)[O-].[Sr+2],PubChem,,,,Structure_PubChem,361.848,0.536,2,4,120.72,21,2,2,,,,,361.848,,C14H10O6Sr,,,,,,,,,,,Trouvé,,,,CID_54684619,Strontium salicylate,strontium bis(2-carboxyphenolate),C1=CC=C(C(=C1)C(=O)O)[O-].C1=CC=C(C(=C1)C(=O)O)[O-].[Sr+2],"InChI=1S/2C7H6O3.Sr/c2*8-6-4-2-1-3-5(6)7(9)10;/h2*1-4,8H,(H,9,10);/q;;+2/p-2",BJTJYQIAHXROJC-UHFFFAOYSA-L
4-Hydroxy-3-benzylcoumarin,Industrial,54686112,C16H12O3,252.26,2.7,1,3,46.5,C1=CC=C(C=C1)CC2=C(C3=CC=CC=C3OC2=O)O,PubChem,,,,Structure_PubChem,252.269,3.0894,1,3,50.44,19,3,2,,,,,252.269,,C16H12O3,,,,,,,,,,,Trouvé,,,,CID_54686112,4-Hydroxy-3-benzylcoumarin,3-benzyl-4-hydroxychromen-2-one,C1=CC=C(C=C1)CC2=C(C3=CC=CC=C3OC2=O)O,"InChI=1S/C16H12O3/c17-15-12-8-4-5-9-14(12)19-16(18)13(15)10-11-6-2-1-3-7-11/h1-9,17H,10H2",AEIVRFFWQSJCAR-UHFFFAOYSA-N
4-Hydroxy-6-methylcoumarin,Industrial,54686349,C10H8O3,176.17,1.6,1,3,46.5,CC1=CC2=C(C=C1)OC(=O)C=C2O,PubChem,,,,Structure_PubChem,176.171,1.807,1,3,50.44,13,2,0,,,,,176.171,,C10H8O3,,,,,,,,,,,Trouvé,,,,CID_54686349,4-Hydroxy-6-methylcoumarin,4-hydroxy-6-methylchromen-2-one,CC1=CC2=C(C=C1)OC(=O)C=C2O,"InChI=1S/C10H8O3/c1-6-2-3-9-7(4-6)8(11)5-10(12)13-9/h2-5,11H,1H3",WIRGBZBGYNIZIB-UHFFFAOYSA-N
(S)-Warfarin,Industrial,54688261,C19H16O4,308.3,2.7,1,4,63.6,CC(=O)C[C@@H](C1=CC=CC=C1)C2=C(C3=CC=CC=C3OC2=O)O,PubChem,,,,Structure_PubChem,308.333,3.6096,1,4,67.51,23,3,4,,,,,308.333,,C19H16O4,,,,,,,,,,,Trouvé,,,,CID_54688261,(S)-Warfarin,4-hydroxy-3-[(1S)-3-oxo-1-phenylbutyl]chromen-2-one,CC(=O)C[C@@H](C1=CC=CC=C1)C2=C(C3=CC=CC=C3OC2=O)O,"InChI=1S/C19H16O4/c1-12(20)11-15(13-7-3-2-4-8-13)17-18(21)14-9-5-6-10-16(14)23-19(17)22/h2-10,15,21H,11H2,1H3/t15-/m0/s1",PJVWKTKQMONHTI-HNNXBMFYSA-N
"Coumarin, 4-hydroxy-3-phenyl-",Industrial,54688870,C15H10O3,238.24,2.5,1,3,46.5,C1=CC=C(C=C1)C2=C(C3=CC=CC=C3OC2=O)O,PubChem,,,,Structure_PubChem,238.242,3.1656,1,3,50.44,18,3,1,,,,,238.242,,C15H10O3,,,,,,,,,,,Trouvé,,,,CID_54688870,"Coumarin, 4-hydroxy-3-phenyl-",4-hydroxy-3-phenylchromen-2-one,C1=CC=C(C=C1)C2=C(C3=CC=CC=C3OC2=O)O,"InChI=1S/C15H10O3/c16-14-11-8-4-5-9-12(11)18-15(17)13(14)10-6-2-1-3-7-10/h1-9,16H",CBHMYFPBBDCWSY-UHFFFAOYSA-N
Coumafuryl,Industrial,54689800,C17H14O5,298.29,1.8,1,5,76.7,CC(=O)CC(C1=CC=CO1)C2=C(C3=CC=CC=C3OC2=O)O,PubChem,,,,Structure_PubChem,298.294,3.2026,1,5,80.65,22,3,4,,,,,298.294,,C17H14O5,,,,,,,,,,,Trouvé,,,,CID_54689800,Coumafuryl,3-[1-(furan-2-yl)-3-oxobutyl]-4-hydroxychromen-2-one,CC(=O)CC(C1=CC=CO1)C2=C(C3=CC=CC=C3OC2=O)O,"InChI=1S/C17H14O5/c1-10(18)9-12(13-7-4-8-21-13)15-16(19)11-5-2-3-6-14(11)22-17(15)20/h2-8,12,19H,9H2,1H3",JFIXKFSJCQNGEK-UHFFFAOYSA-N
Zinc Salicylate,Industrial,54693468,C14H10O6Zn,339.6,,2,6,121.0,C1=CC=C(C(=C1)C(=O)O)[O-].C1=CC=C(C(=C1)C(=O)O)[O-].[Zn+2],PubChem,,,,Structure_PubChem,339.618,0.9143,2,4,120.72,21,2,2,,,,,339.618,,C14H10O6Zn,,,,,,,,,,,Trouvé,,,,CID_54693468,Zinc Salicylate,zinc bis(2-carboxyphenolate),C1=CC=C(C(=C1)C(=O)O)[O-].C1=CC=C(C(=C1)C(=O)O)[O-].[Zn+2],"InChI=1S/2C7H6O3.Zn/c2*8-6-4-2-1-3-5(6)7(9)10;/h2*1-4,8H,(H,9,10);/q;;+2/p-2",PZXFWBWBWODQCS-UHFFFAOYSA-L
Ammonium Salicylate,Industrial,54697583,C7H9NO3,155.15,,2,3,61.4,C1=CC=C(C(=C1)C(=O)O)[O-].[NH4+],PubChem,,,,Structure_PubChem,155.153,0.8346,2,2,96.86,11,1,1,,,,,155.153,,C7H9NO3,,,,,,,,,,,Trouvé,,,,CID_54697583,Ammonium Salicylate,azanium 2-carboxyphenolate,C1=CC=C(C(=C1)C(=O)O)[O-].[NH4+],"InChI=1S/C7H6O3.H3N/c8-6-4-2-1-3-5(6)7(9)10;/h1-4,8H,(H,9,10);1H3",BOFZOTMTKBQRAB-UHFFFAOYSA-N
Tecarfarin,Industrial,54718618,C21H14F6O5,460.3,5.5,1,11,72.8,CC(C(F)(F)F)(C(F)(F)F)OC(=O)C1=CC=C(C=C1)CC2=C(C3=CC=CC=C3OC2=O)O,PubChem,,,,Structure_PubChem,460.326,5.1295,1,5,76.74,32,3,4,,,,,460.326,,C21H14F6O5,,,,,,,,,,,Trouvé,,,,CID_54718618,Tecarfarin,"(1,1,1,3,3,3-hexafluoro-2-methylpropan-2-yl) 4-[(4-hydroxy-2-oxochromen-3-yl)methyl]benzoate",CC(C(F)(F)F)(C(F)(F)F)OC(=O)C1=CC=C(C=C1)CC2=C(C3=CC=CC=C3OC2=O)O,"InChI=1S/C21H14F6O5/c1-19(20(22,23)24,21(25,26)27)32-17(29)12-8-6-11(7-9-12)10-14-16(28)13-4-2-3-5-15(13)31-18(14)30/h2-9,28H,10H2,1H3",QFLNTQDOVCLQKW-UHFFFAOYSA-N
"S,R-Warfarin alcohol",Industrial,54723704,C19H18O4,310.3,2.6,2,4,66.8,C[C@H](C[C@@H](C1=CC=CC=C1)C2=C(C3=CC=CC=C3OC2=O)O)O,PubChem,,,,Structure_PubChem,310.349,3.4014,2,4,70.67,23,3,4,,,,,310.349,,C19H18O4,,,,,,,,,,,Trouvé,,,,CID_54723704,"S,R-Warfarin alcohol","4-hydroxy-3-[(1S,3R)-3-hydroxy-1-phenylbutyl]chromen-2-one",C[C@H](C[C@@H](C1=CC=CC=C1)C2=C(C3=CC=CC=C3OC2=O)O)O,"InChI=1S/C19H18O4/c1-12(20)11-15(13-7-3-2-4-8-13)17-18(21)14-9-5-6-10-16(14)23-19(17)22/h2-10,12,15,20-21H,11H2,1H3/t12-,15+/m1/s1",ZUJMMGHIYSAEOU-DOMZBBRYSA-N
"R,S-Warfarin alcohol",Industrial,54736486,C19H18O4,310.3,2.6,2,4,66.8,C[C@@H](C[C@H](C1=CC=CC=C1)C2=C(C3=CC=CC=C3OC2=O)O)O,PubChem,,,,Structure_PubChem,310.349,3.4014,2,4,70.67,23,3,4,,,,,310.349,,C19H18O4,,,,,,,,,,,Trouvé,,,,CID_54736486,"R,S-Warfarin alcohol","4-hydroxy-3-[(1R,3S)-3-hydroxy-1-phenylbutyl]chromen-2-one",C[C@@H](C[C@H](C1=CC=CC=C1)C2=C(C3=CC=CC=C3OC2=O)O)O,"InChI=1S/C19H18O4/c1-12(20)11-15(13-7-3-2-4-8-13)17-18(21)14-9-5-6-10-16(14)23-19(17)22/h2-10,12,15,20-21H,11H2,1H3/t12-,15+/m0/s1",ZUJMMGHIYSAEOU-SWLSCSKDSA-N
"n-Propyl-1,1,3,3,3-d5 Alcohol",Industrial,56845858,C3H8O,65.13,0.3,1,1,20.2,[2H]C([2H])([2H])CC([2H])([2H])O,PubChem,,,,Structure_PubChem,65.1265,0.3887,1,1,20.23,4,0,1,,,,,65.1265,,C3H8O,,,,,,,,,,,Trouvé,,,,CID_56845858,"n-Propyl-1,1,3,3,3-d5 Alcohol","1,1,3,3,3-pentadeuteriopropan-1-ol",[2H]C([2H])([2H])CC([2H])([2H])O,"InChI=1S/C3H8O/c1-2-3-4/h4H,2-3H2,1H3/i1D3,3D2",BDERNNFJNOPAEC-WNWXXORZSA-N
CID 57417196,Industrial,57417196,C3H7O,59.09,0.3,1,1,20.2,C[CH]CO,PubChem,,,,Structure_PubChem,59.088,0.2029,1,1,20.23,4,0,1,,,,,59.088,,C3H7O,,,,,,,,,,,Trouvé,,,,CID_57417196,CID 57417196,,C[CH]CO,"InChI=1S/C3H7O/c1-2-3-4/h2,4H,3H2,1H3",WNTIOWHNXOLOTD-UHFFFAOYSA-N
Propan-2-one;titanium,Industrial,57418895,C3H6OTi,105.95,,0,1,17.1,CC(=O)C.[Ti],PubChem,,,,Structure_PubChem,105.947,0.5928,0,1,17.07,5,0,0,,,,,105.947,,C3H6OTi,,,,,,,,,,,Trouvé,,,,CID_57418895,Propan-2-one;titanium,propan-2-one;titanium,CC(=O)C.[Ti],InChI=1S/C3H6O.Ti/c1-3(2)4;/h1-2H3;,NICYNNGYHJJJMJ-UHFFFAOYSA-N
EtOH Ethanol,Industrial,57419690,C4H12O2,92.14,,2,2,40.5,CCO.CCO,PubChem,,,,Structure_PubChem,92.138,-0.0028,2,2,40.46,6,0,0,,,,,92.138,,C4H12O2,,,,,,,,,,,Trouvé,,,,CID_57419690,EtOH Ethanol,ethanol,CCO.CCO,"InChI=1S/2C2H6O/c2*1-2-3/h2*3H,2H2,1H3",OCLXJTCGWSSVOE-UHFFFAOYSA-N
Americium;ethanol,Industrial,57420538,C2H5AmO-,288.12,,1,2,20.2,[CH2-]CO.[Am],PubChem,,,,Structure_PubChem,288.061,-0.1872,1,1,20.23,4,0,0,,,,,288.061,,C2H5AmO-,,,,,,,,,,,Trouvé,,,,CID_57420538,Americium;ethanol,americium;ethanol,[CH2-]CO.[Am],"InChI=1S/C2H5O.Am/c1-2-3;/h3H,1-2H2;/q-1;",TUCCUKXCVWMJHG-UHFFFAOYSA-N
Iron;propan-2-one,Industrial,57422096,C3H6FeO,113.92,,0,1,17.1,CC(=O)C.[Fe],PubChem,,,,Structure_PubChem,113.925,0.5928,0,1,17.07,5,0,0,,,,,113.925,,C3H6FeO,,,,,,,,,,,Trouvé,,,,CID_57422096,Iron;propan-2-one,iron;propan-2-one,CC(=O)C.[Fe],InChI=1S/C3H6O.Fe/c1-3(2)4;/h1-2H3;,RTQMYJXQIDQHMH-UHFFFAOYSA-N
CID 57440315,Industrial,57440315,C3H6LiO,65.0,,0,1,17.1,[Li].CC(=O)C,PubChem,,,,Structure_PubChem,65.021,0.2145,0,1,17.07,5,0,0,,,,,65.021,,C3H6LiO,,,,,,,,,,,Trouvé,,,,CID_57440315,CID 57440315,,[Li].CC(=O)C,InChI=1S/C3H6O.Li/c1-3(2)4;/h1-2H3;,QKBNDJRSDDTNDX-UHFFFAOYSA-N
Water water water water ethanol,Industrial,57443785,C2H14O5,118.13,,5,5,24.2,CCO.O.O.O.O,PubChem,,,,Structure_PubChem,118.129,-3.3002,1,1,146.23,7,0,0,,,,,118.129,,C2H14O5,,,,,,,,,,,Trouvé,,,,CID_57443785,Water water water water ethanol,ethanol;tetrahydrate,CCO.O.O.O.O,"InChI=1S/C2H6O.4H2O/c1-2-3;;;;/h3H,2H2,1H3;4*1H2",QPNLLKBRNVXMCG-UHFFFAOYSA-N
Iridium;methanol,Industrial,57448736,CH4IrO,224.26,,1,1,20.2,CO.[Ir],PubChem,,,,Structure_PubChem,224.259,-0.394,1,1,20.23,3,0,0,,,,,224.259,,CH4IrO,,,,,,,,,,,Trouvé,,,,CID_57448736,Iridium;methanol,iridium;methanol,CO.[Ir],"InChI=1S/CH4O.Ir/c1-2;/h2H,1H3;",JJNVAYCGZVUOFH-UHFFFAOYSA-N
Propan-2-one;yttrium,Industrial,57449354,C3H6OY,146.98,,0,1,17.1,CC(=O)C.[Y],PubChem,,,,Structure_PubChem,146.986,0.5928,0,1,17.07,5,0,0,,,,,146.986,,C3H6OY,,,,,,,,,,,Trouvé,,,,CID_57449354,Propan-2-one;yttrium,propan-2-one;yttrium,CC(=O)C.[Y],InChI=1S/C3H6O.Y/c1-3(2)4;/h1-2H3;,UEKBSBQGPKTRDR-UHFFFAOYSA-N
CID 57469866,Industrial,57469866,CH4OSn,150.75,,1,1,20.2,CO.[Sn],PubChem,,,,Structure_PubChem,150.753,-0.7723,1,1,20.23,3,0,0,,,,,150.753,,CH4OSn,,,,,,,,,,,Trouvé,,,,CID_57469866,CID 57469866,,CO.[Sn],"InChI=1S/CH4O.Sn/c1-2;/h2H,1H3;",BAYWBMHACGGBSO-UHFFFAOYSA-N
CID 57471554,Industrial,57471554,C3H6InO,172.9,,0,1,17.1,CC(=O)C.[In],PubChem,,,,Structure_PubChem,172.898,0.2145,0,1,17.07,5,0,0,,,,,172.898,,C3H6InO,,,,,,,,,,,Trouvé,,,,CID_57471554,CID 57471554,,CC(=O)C.[In],InChI=1S/C3H6O.In/c1-3(2)4;/h1-2H3;,YPWMFDFZVVRFEG-UHFFFAOYSA-N
Methanol;oxotin,Industrial,57474511,CH4O2Sn,166.75,,1,2,37.3,CO.O=[Sn],PubChem,,,,Structure_PubChem,166.752,-0.8911,1,2,37.3,4,0,0,,,,,166.752,,CH4O2Sn,,,,,,,,,,,Trouvé,,,,CID_57474511,Methanol;oxotin,methanol;oxotin,CO.O=[Sn],"InChI=1S/CH4O.O.Sn/c1-2;;/h2H,1H3;;",SCKKQLPQFJYORX-UHFFFAOYSA-N
CID 57481241,Industrial,57481241,C2H5O+,45.06,-0.1,1,1,20.2,[CH2+]CO,PubChem,,,,Structure_PubChem,45.061,-0.1872,1,1,20.23,3,0,0,,,,,45.061,,C2H5O+,,,,,,,,,,,Trouvé,,,,CID_57481241,CID 57481241,ethanol,[CH2+]CO,"InChI=1S/C2H5O/c1-2-3/h3H,1-2H2/q+1",KSGCEDNYQMNXPE-UHFFFAOYSA-N
Carbanide;methanol;uranium,Industrial,57486026,C2H7OU-,285.11,,1,2,20.2,[CH3-].CO.[U],PubChem,,,,Structure_PubChem,285.106,0.0588,1,1,20.23,4,0,0,,,,,285.106,,C2H7OU-,,,,,,,,,,,Trouvé,,,,CID_57486026,Carbanide;methanol;uranium,carbanide;methanol;uranium,[CH3-].CO.[U],"InChI=1S/CH4O.CH3.U/c1-2;;/h2H,1H3;1H3;/q;-1;",GTIONFJIQSLPNQ-UHFFFAOYSA-N
CID 57493457,Industrial,57493457,C3H6MgO,82.38,,0,1,17.1,CC(=O)C.[Mg],PubChem,,,,Structure_PubChem,82.385,0.2145,0,1,17.07,5,0,0,,,,,82.385,,C3H6MgO,,,,,,,,,,,Trouvé,,,,CID_57493457,CID 57493457,,CC(=O)C.[Mg],InChI=1S/C3H6O.Mg/c1-3(2)4;/h1-2H3;,QGNUQTQHXKTCCK-UHFFFAOYSA-N
Calcium;propan-2-one,Industrial,57493458,C3H6CaO+2,98.16,,0,1,17.1,CC(=O)C.[Ca+2],PubChem,,,,Structure_PubChem,98.158,0.2145,0,1,17.07,5,0,0,,,,,98.158,,C3H6CaO+2,,,,,,,,,,,Trouvé,,,,CID_57493458,Calcium;propan-2-one,calcium propan-2-one,CC(=O)C.[Ca+2],InChI=1S/C3H6O.Ca/c1-3(2)4;/h1-2H3;/q;+2,KZAGQXAIXITBQV-UHFFFAOYSA-N
CID 57493459,Industrial,57493459,C3H6BaO,195.41,,0,1,17.1,CC(=O)C.[Ba],PubChem,,,,Structure_PubChem,195.408,0.2145,0,1,17.07,5,0,0,,,,,195.408,,C3H6BaO,,,,,,,,,,,Trouvé,,,,CID_57493459,CID 57493459,,CC(=O)C.[Ba],InChI=1S/C3H6O.Ba/c1-3(2)4;/h1-2H3;,QZEFPFZYRDLGOL-UHFFFAOYSA-N
Methanol--water (1/2),Industrial,57498073,CH8O3,68.07,,3,3,22.2,CO.O.O,PubChem,,,,Structure_PubChem,68.072,-2.0409,1,1,83.23,4,0,0,,,,,68.072,,CH8O3,,,,,,,,,,,Trouvé,,,,CID_57498073,Methanol--water (1/2),methanol;dihydrate,CO.O.O,"InChI=1S/CH4O.2H2O/c1-2;;/h2H,1H3;2*1H2",TWETVNCREUJUBY-UHFFFAOYSA-N
Dihydrate ethanol,Industrial,57498539,C2H10O3,82.1,,3,3,22.2,CCO.O.O,PubChem,,,,Structure_PubChem,82.099,-1.6508,1,1,83.23,5,0,0,,,,,82.099,,C2H10O3,,,,,,,,,,,Trouvé,,,,CID_57498539,Dihydrate ethanol,ethanol;dihydrate,CCO.O.O,"InChI=1S/C2H6O.2H2O/c1-2-3;;/h3H,2H2,1H3;2*1H2",PHJMNLZSBSXKJE-UHFFFAOYSA-N
Propan-2-one;trichlorotitanium(1+),Industrial,57511387,C3H5Cl3OTi,211.29,,0,2,17.1,CC(=O)[CH2-].Cl[Ti+](Cl)Cl,PubChem,,,,Structure_PubChem,211.298,2.4755,0,1,17.07,8,0,0,,,,,211.298,,C3H5Cl3OTi,,,,,,,,,,,Trouvé,,,,CID_57511387,Propan-2-one;trichlorotitanium(1+),propan-2-one;trichlorotitanium(1+),CC(=O)[CH2-].Cl[Ti+](Cl)Cl,"InChI=1S/C3H5O.3ClH.Ti/c1-3(2)4;;;;/h1H2,2H3;3*1H;/q-1;;;;+4/p-3",ILXVGZTUKGIZDC-UHFFFAOYSA-K
CID 57515981,Industrial,57515981,C3H6O,58.08,0.3,1,1,20.2,[CH]CCO,PubChem,,,,Structure_PubChem,58.08,0.0799,1,1,20.23,4,0,1,,,,,58.08,,C3H6O,,,,,,,,,,,Trouvé,,,,CID_57515981,CID 57515981,,[CH]CCO,"InChI=1S/C3H6O/c1-2-3-4/h1,4H,2-3H2",QIJDUSWIQUJFBL-UHFFFAOYSA-N
Chlorotitanium(1+);propan-2-one,Industrial,57516097,C3H5ClOTi,140.39,,0,2,17.1,CC(=O)[CH2-].Cl[Ti+],PubChem,,,,Structure_PubChem,140.392,1.0965,0,1,17.07,6,0,0,,,,,140.392,,C3H5ClOTi,,,,,,,,,,,Trouvé,,,,CID_57516097,Chlorotitanium(1+);propan-2-one,chlorotitanium(1+);propan-2-one,CC(=O)[CH2-].Cl[Ti+],"InChI=1S/C3H5O.ClH.Ti/c1-3(2)4;;/h1H2,2H3;1H;/q-1;;+2/p-1",KESGWBWNRPLZFG-UHFFFAOYSA-M
(s)-1-Fluoroethanol,Industrial,57518764,C2H5FO,64.06,0.4,1,2,20.2,C[C@@H](O)F,PubChem,,,,Structure_PubChem,64.059,0.2942,1,1,20.23,4,0,0,,,,,64.059,,C2H5FO,,,,,,,,,,,Trouvé,,,,CID_57518764,(s)-1-Fluoroethanol,(1S)-1-fluoroethanol,C[C@@H](O)F,"InChI=1S/C2H5FO/c1-2(3)4/h2,4H,1H3/t2-/m1/s1",OGBOTYGRYZDLMG-UWTATZPHSA-N
Propan-1-ol;bis(rhodium),Industrial,57557885,C3H7ORh2-,264.9,,1,2,20.2,CC[CH-]O.[Rh].[Rh],PubChem,,,,Structure_PubChem,264.9,0.9257,1,1,20.23,6,0,1,,,,,264.9,,C3H7ORh2-,,,,,,,,,,,Trouvé,,,,CID_57557885,Propan-1-ol;bis(rhodium),propan-1-ol;bis(rhodium),CC[CH-]O.[Rh].[Rh],"InChI=1S/C3H7O.2Rh/c1-2-3-4;;/h3-4H,2H2,1H3;;/q-1;;",RHBHEBUAQCYSCU-UHFFFAOYSA-N
Propan-2-one;uranium;vanadium,Industrial,57592548,C3H5OUV-,346.04,,0,2,17.1,CC(=O)[CH2-].[V].[U],PubChem,,,,Structure_PubChem,346.045,0.407,0,1,17.07,6,0,0,,,,,346.045,,C3H5OUV-,,,,,,,,,,,Trouvé,,,,CID_57592548,Propan-2-one;uranium;vanadium,propan-2-one;uranium;vanadium,CC(=O)[CH2-].[V].[U],"InChI=1S/C3H5O.U.V/c1-3(2)4;;/h1H2,2H3;;/q-1;;",ZKKYQJIUOTYGFK-UHFFFAOYSA-N
Ditritiomethanol,Industrial,57675570,CH4O,36.058,-0.5,1,1,20.2,[3H]C([3H])O,PubChem,,,,Structure_PubChem,36.0581,-0.3915,1,1,20.23,2,0,0,,,,,36.0581,,CH4O,,,,,,,,,,,Trouvé,,,,CID_57675570,Ditritiomethanol,ditritiomethanol,[3H]C([3H])O,"InChI=1S/CH4O/c1-2/h2H,1H3/i1T2",OKKJLVBELUTLKV-LLCOILBOSA-N
Chlorozinc(1+);propan-2-one,Industrial,57685281,C3H5ClOZn,157.9,,0,2,17.1,CC(=O)[CH2-].Cl[Zn+],PubChem,,,,Structure_PubChem,157.915,1.0965,0,1,17.07,6,0,0,,,,,157.915,,C3H5ClOZn,,,,,,,,,,,Trouvé,,,,CID_57685281,Chlorozinc(1+);propan-2-one,chlorozinc(1+);propan-2-one,CC(=O)[CH2-].Cl[Zn+],"InChI=1S/C3H5O.ClH.Zn/c1-3(2)4;;/h1H2,2H3;1H;/q-1;;+2/p-1",WOGVVCCUEDJYCN-UHFFFAOYSA-M
Ethanol;yttrium;hydrate,Industrial,57712487,C2H8O2Y,152.99,,2,2,21.2,CCO.O.[Y],PubChem,,,,Structure_PubChem,152.99,-0.8286,1,1,51.73,5,0,0,,,,,152.99,,C2H8O2Y,,,,,,,,,,,Trouvé,,,,CID_57712487,Ethanol;yttrium;hydrate,ethanol;yttrium;hydrate,CCO.O.[Y],"InChI=1S/C2H6O.H2O.Y/c1-2-3;;/h3H,2H2,1H3;1H2;",JKSZFDZTCDHZJK-UHFFFAOYSA-N
CID 57777127,Industrial,57777127,C2H6BOY,145.79,,1,1,20.2,[B].CCO.[Y],PubChem,,,,Structure_PubChem,145.787,-0.3847,1,1,20.23,5,0,0,,,,,145.787,,C2H6BOY,,,,,,,,,,,Trouvé,,,,CID_57777127,CID 57777127,,[B].CCO.[Y],"InChI=1S/C2H6O.B.Y/c1-2-3;;/h3H,2H2,1H3;;",IFQCPJQUEXJXFE-UHFFFAOYSA-N
Butan-2-one;bis(vanadium),Industrial,57789495,C4H7OV2-,172.98,,0,2,17.1,CCC(=O)[CH2-].[V].[V],PubChem,,,,Structure_PubChem,172.987,0.7946,0,1,17.07,7,0,1,,,,,172.987,,C4H7OV2-,,,,,,,,,,,Trouvé,,,,CID_57789495,Butan-2-one;bis(vanadium),butan-2-one;bis(vanadium),CCC(=O)[CH2-].[V].[V],"InChI=1S/C4H7O.2V/c1-3-4(2)5;;/h2-3H2,1H3;;/q-1;;",RIWDWBJIWHCZMY-UHFFFAOYSA-N
Methanol;rhodium,Industrial,57792114,CH4ORh,134.947,,1,1,20.2,CO.[Rh],PubChem,,,,Structure_PubChem,134.948,-0.394,1,1,20.23,3,0,0,,,,,134.948,,CH4ORh,,,,,,,,,,,Trouvé,,,,CID_57792114,Methanol;rhodium,methanol;rhodium,CO.[Rh],"InChI=1S/CH4O.Rh/c1-2;/h2H,1H3;",AOCVBZSKGICTKL-UHFFFAOYSA-N
Propan-2-one;rhenium,Industrial,57840034,C3H5ORe-,243.28,,0,2,17.1,CC(=O)[CH2-].[Re],PubChem,,,,Structure_PubChem,243.279,0.407,0,1,17.07,5,0,0,,,,,243.279,,C3H5ORe-,,,,,,,,,,,Trouvé,,,,CID_57840034,Propan-2-one;rhenium,propan-2-one;rhenium,CC(=O)[CH2-].[Re],"InChI=1S/C3H5O.Re/c1-3(2)4;/h1H2,2H3;/q-1;",IEDFWEMJUOWMHW-UHFFFAOYSA-N
Propan-1-ol;rutherfordium,Industrial,57920847,C3H7ORf-,326.21,,1,2,20.2,[CH2-]CCO.[Rf],PubChem,,,,Structure_PubChem,326.088,0.2029,1,1,20.23,5,0,1,,,,,326.088,,C3H7ORf-,,,,,,,,,,,Trouvé,,,,CID_57920847,Propan-1-ol;rutherfordium,propan-1-ol;rutherfordium,[CH2-]CCO.[Rf],"InChI=1S/C3H7O.Rf/c1-2-3-4;/h4H,1-3H2;/q-1;",PKWYRFYBCPMLKV-UHFFFAOYSA-N
Propan-2-one;yttrium,Industrial,57925423,C3H5OY-,145.98,,0,2,17.1,CC(=O)[CH2-].[Y],PubChem,,,,Structure_PubChem,145.978,0.407,0,1,17.07,5,0,0,,,,,145.978,,C3H5OY-,,,,,,,,,,,Trouvé,,,,CID_57925423,Propan-2-one;yttrium,propan-2-one;yttrium,CC(=O)[CH2-].[Y],"InChI=1S/C3H5O.Y/c1-3(2)4;/h1H2,2H3;/q-1;",OYWNWPRPMAYXDP-UHFFFAOYSA-N
Methanol;sulfanide;ZINC,Industrial,57952979,CH5OSZn-,130.5,,2,2,21.2,CO.[SH-].[Zn],PubChem,,,,Structure_PubChem,130.507,-0.6641,1,2,20.23,4,0,0,,,,,130.507,,CH5OSZn-,,,,,,,,,,,Trouvé,,,,CID_57952979,Methanol;sulfanide;ZINC,methanol;sulfanide;zinc,CO.[SH-].[Zn],"InChI=1S/CH4O.H2S.Zn/c1-2;;/h2H,1H3;1H2;/p-1",ZYBKLWRROOSDDX-UHFFFAOYSA-M
Butan-2-one;iridium,Industrial,57967987,C4H7IrO-,263.31,,0,2,17.1,CCC(=O)[CH2-].[Ir],PubChem,,,,Structure_PubChem,263.316,0.7971,0,1,17.07,6,0,1,,,,,263.316,,C4H7IrO-,,,,,,,,,,,Trouvé,,,,CID_57967987,Butan-2-one;iridium,butan-2-one;iridium,CCC(=O)[CH2-].[Ir],"InChI=1S/C4H7O.Ir/c1-3-4(2)5;/h2-3H2,1H3;/q-1;",HPYGCQVKVHWEMH-UHFFFAOYSA-N
Ethanol;tungsten,Industrial,57993879,C2H5OW-,228.9,,1,2,20.2,[CH2-]CO.[W],PubChem,,,,Structure_PubChem,228.901,-0.1897,1,1,20.23,4,0,0,,,,,228.901,,C2H5OW-,,,,,,,,,,,Trouvé,,,,CID_57993879,Ethanol;tungsten,ethanol;tungsten,[CH2-]CO.[W],"InChI=1S/C2H5O.W/c1-2-3;/h3H,1-2H2;/q-1;",SIAOTNFKGONXET-UHFFFAOYSA-N
"Propane-1,2-dione;rutherfordium",Industrial,58012840,C3H3O2Rf-,338.18,,0,3,34.1,CC(=O)[C-]=O.[Rf],PubChem,,,,Structure_PubChem,338.055,-0.3149,0,2,34.14,6,0,1,,,,,338.055,,C3H3O2Rf-,,,,,,,,,,,Trouvé,,,,CID_58012840,"Propane-1,2-dione;rutherfordium","propane-1,2-dione;rutherfordium",CC(=O)[C-]=O.[Rf],InChI=1S/C3H3O2.Rf/c1-3(5)2-4;/h1H3;/q-1;,YSAIGRJCYZUOHB-UHFFFAOYSA-N
Carbanide;lanthanum;methanol,Industrial,58065568,C2H7LaO-,185.98,,1,2,20.2,[CH3-].CO.[La],PubChem,,,,Structure_PubChem,185.983,0.0588,1,1,20.23,4,0,0,,,,,185.983,,C2H7LaO-,,,,,,,,,,,Trouvé,,,,CID_58065568,Carbanide;lanthanum;methanol,carbanide;lanthanum;methanol,[CH3-].CO.[La],"InChI=1S/CH4O.CH3.La/c1-2;;/h2H,1H3;1H3;/q;-1;",DIMRGRZXDGSMEE-UHFFFAOYSA-N
"(1,2-13C2)propan-2-one",Industrial,58066890,C3H6O,60.065,-0.1,0,1,17.1,C[13C](=O)[13CH3],PubChem,,,,Structure_PubChem,60.0647,0.5953,0,1,17.07,4,0,0,,,,,60.0647,,C3H6O,,,,,,,,,,,Trouvé,,,,CID_58066890,"(1,2-13C2)propan-2-one","(1,2-13C2)propan-2-one",C[13C](=O)[13CH3],"InChI=1S/C3H6O/c1-3(2)4/h1-2H3/i1+1,3+1",CSCPPACGZOOCGX-ZKDXJZICSA-N
(113C)propan-2-one,Industrial,58066898,C3H6O,59.07,-0.1,0,1,17.1,CC(=O)[13CH3],PubChem,,,,Structure_PubChem,59.0724,0.5953,0,1,17.07,4,0,0,,,,,59.0724,,C3H6O,,,,,,,,,,,Trouvé,,,,CID_58066898,(113C)propan-2-one,(113C)propan-2-one,CC(=O)[13CH3],InChI=1S/C3H6O/c1-3(2)4/h1-2H3/i1+1,CSCPPACGZOOCGX-OUBTZVSYSA-N
"3,3-Dideuteriobutan-2-one",Industrial,58066902,C4H8O,74.12,0.3,0,1,17.1,[2H]C([2H])(C)C(=O)C,PubChem,,,,Structure_PubChem,74.1192,0.9854,0,1,17.07,5,0,1,,,,,74.1192,,C4H8O,,,,,,,,,,,Trouvé,,,,CID_58066902,"3,3-Dideuteriobutan-2-one","3,3-dideuteriobutan-2-one",[2H]C([2H])(C)C(=O)C,"InChI=1S/C4H8O/c1-3-4(2)5/h3H2,1-2H3/i3D2",ZWEHNKRNPOVVGH-SMZGMGDZSA-N
"n-Propyl-1,1,2,2-d4 Alcohol",Industrial,58066917,C3H8O,64.12,0.3,1,1,20.2,[2H]C([2H])(C)C([2H])([2H])O,PubChem,,,,Structure_PubChem,64.1204,0.3887,1,1,20.23,4,0,1,,,,,64.1204,,C3H8O,,,,,,,,,,,Trouvé,,,,CID_58066917,"n-Propyl-1,1,2,2-d4 Alcohol","1,1,2,2-tetradeuteriopropan-1-ol",[2H]C([2H])(C)C([2H])([2H])O,"InChI=1S/C3H8O/c1-2-3-4/h4H,2-3H2,1H3/i2D2,3D2",BDERNNFJNOPAEC-RRVWJQJTSA-N
1-Tritioethanol,Industrial,58067074,C2H5O+,47.07,-0.1,1,1,20.2,[3H][C+](C)O,PubChem,,,,Structure_PubChem,47.069,0.5406,1,1,20.23,3,0,0,,,,,47.069,,C2H5O+,,,,,,,,,,,Trouvé,,,,CID_58067074,1-Tritioethanol,1-tritioethanol,[3H][C+](C)O,"InChI=1S/C2H5O/c1-2-3/h2-3H,1H3/q+1/i2T",GVWBHEKHFYAXOH-FUPOQFPWSA-N
Ethane;ethanol;yttrium,Industrial,58101896,C4H10OY-2,163.03,,1,3,20.2,C[CH2-].[CH2-]CO.[Y],PubChem,,,,Structure_PubChem,163.029,0.6507,1,1,20.23,6,0,0,,,,,163.029,,C4H10OY-2,,,,,,,,,,,Trouvé,,,,CID_58101896,Ethane;ethanol;yttrium,ethane;ethanol;yttrium,C[CH2-].[CH2-]CO.[Y],"InChI=1S/C2H5O.C2H5.Y/c1-2-3;1-2;/h3H,1-2H2;1H2,2H3;/q2*-1;",GXZCCZMJSMWADA-UHFFFAOYSA-N
CID 58139843,Industrial,58139843,CH4KOV,122.082,,1,1,20.2,CO.[K].[V],PubChem,,,,Structure_PubChem,122.084,-0.7748,1,1,20.23,4,0,0,,,,,122.084,,CH4KOV,,,,,,,,,,,Trouvé,,,,CID_58139843,CID 58139843,,CO.[K].[V],"InChI=1S/CH4O.K.V/c1-2;;/h2H,1H3;;",DEFCLCAHPIHRHC-UHFFFAOYSA-N
CID 58148307,Industrial,58148307,C4H4O,68.07,0.3,0,1,17.1,[CH]CC(=O)[CH],PubChem,,,,Structure_PubChem,68.075,0.3678,0,1,17.07,5,0,1,,,,,68.075,,C4H4O,,,,,,,,,,,Trouvé,,,,CID_58148307,CID 58148307,,[CH]CC(=O)[CH],"InChI=1S/C4H4O/c1-3-4(2)5/h1-2H,3H2",DIQVUYCOZHIYQT-UHFFFAOYSA-N
"1,1-dideuterio-1-deuteriooxy(113C)propane",Industrial,58150844,C3H8O,64.11,0.3,1,1,20.2,[2H][13C]([2H])(CC)O[2H],PubChem,,,,Structure_PubChem,64.1067,0.3887,1,1,20.23,4,0,2,,,,,64.1067,,C3H8O,,,,,,,,,,,Trouvé,,,,CID_58150844,"1,1-dideuterio-1-deuteriooxy(113C)propane","1,1-dideuterio-1-deuteriooxy(113C)propane",[2H][13C]([2H])(CC)O[2H],"InChI=1S/C3H8O/c1-2-3-4/h4H,2-3H2,1H3/i3+1D2,4D",BDERNNFJNOPAEC-ZKSLYYMFSA-N
"1,1-dideuterio-1-deuteriooxy(113C)ethane",Industrial,58150845,C2H6O,50.08,-0.1,1,1,20.2,[2H][13C]([2H])(C)O[2H],PubChem,,,,Structure_PubChem,50.0797,-0.0014,1,1,20.23,3,0,1,,,,,50.0797,,C2H6O,,,,,,,,,,,Trouvé,,,,CID_58150845,"1,1-dideuterio-1-deuteriooxy(113C)ethane","1,1-dideuterio-1-deuteriooxy(113C)ethane",[2H][13C]([2H])(C)O[2H],"InChI=1S/C2H6O/c1-2-3/h3H,2H2,1H3/i2+1D2,3D",LFQSCWFLJHTTHZ-LLNDFAASSA-N
1-Deuterio-1-protioethanol,Industrial,58159131,C2H6O,47.07,-0.1,1,1,20.2,[1H]C([2H])(C)O,PubChem,,,,Structure_PubChem,47.0749,-0.0014,1,1,20.23,3,0,0,,,,,47.0749,,C2H6O,,,,,,,,,,,Trouvé,,,,CID_58159131,1-Deuterio-1-protioethanol,1-deuterio-1-protioethanol,[1H]C([2H])(C)O,"InChI=1S/C2H6O/c1-2-3/h3H,2H2,1H3/i2DH",LFQSCWFLJHTTHZ-GOHYHQFESA-N
CID 58175755,Industrial,58175755,C2H4ORf,311.17,,1,1,20.2,[CH]CO.[Rf],PubChem,,,,Structure_PubChem,311.053,-0.3102,1,1,20.23,4,0,0,,,,,311.053,,C2H4ORf,,,,,,,,,,,Trouvé,,,,CID_58175755,CID 58175755,,[CH]CO.[Rf],"InChI=1S/C2H4O.Rf/c1-2-3;/h1,3H,2H2;",PPOWIQXAUFAEKJ-UHFFFAOYSA-N
CID 58175756,Industrial,58175756,C2H4O,44.05,-0.1,1,1,20.2,[CH]CO,PubChem,,,,Structure_PubChem,44.053,-0.3102,1,1,20.23,3,0,0,,,,,44.053,,C2H4O,,,,,,,,,,,Trouvé,,,,CID_58175756,CID 58175756,,[CH]CO,"InChI=1S/C2H4O/c1-2-3/h1,3H,2H2",DCQVFLDXBPQJHX-UHFFFAOYSA-N
Carbanide;ethanol;uranium(2+),Industrial,58200879,C4H12OU,314.17,,1,3,20.2,[CH3-].[CH3-].CCO.[U+2],PubChem,,,,Structure_PubChem,314.168,0.8992,1,1,20.23,6,0,0,,,,,314.168,,C4H12OU,,,,,,,,,,,Trouvé,,,,CID_58200879,Carbanide;ethanol;uranium(2+),carbanide;ethanol;uranium(2+),[CH3-].[CH3-].CCO.[U+2],"InChI=1S/C2H6O.2CH3.U/c1-2-3;;;/h3H,2H2,1H3;2*1H3;/q;2*-1;+2",SJULMZAPFWGYJI-UHFFFAOYSA-N
CID 58218910,Industrial,58218910,C3H3OW5-,974.3,,0,2,17.1,CC(=O)[C-]=[W].[W]=[W].[W]=[W],PubChem,,,,Structure_PubChem,974.256,-0.2086,0,1,17.07,9,0,1,,,,,974.256,,C3H3OW5-,,,,,,,,,,,Trouvé,,,,CID_58218910,CID 58218910,,CC(=O)[C-]=[W].[W]=[W].[W]=[W],InChI=1S/C3H3O.5W/c1-3(2)4;;;;;/h1H3;;;;;/q-1;;;;;,WJOJAJDRCQDIJC-UHFFFAOYSA-N
Ethan(~17~O)ol,Industrial,58233034,C2H6O,47.07,-0.1,1,1,20.2,CC[17OH],PubChem,,,,Structure_PubChem,47.0691,-0.0014,1,1,20.23,3,0,0,,,,,47.0691,,C2H6O,,,,,,,,,,,Trouvé,,,,CID_58233034,Ethan(~17~O)ol,ethan(17O)ol,CC[17OH],"InChI=1S/C2H6O/c1-2-3/h3H,2H2,1H3/i3+1",LFQSCWFLJHTTHZ-LBPDFUHNSA-N
Deuterio(tritiooxy)methane,Industrial,58262263,CH4O,35.056,-0.5,1,1,20.2,[2H]CO[3H],PubChem,,,,Structure_PubChem,35.0562,-0.3915,1,1,20.23,2,0,0,,,,,35.0562,,CH4O,,,,,,,,,,,Trouvé,,,,CID_58262263,Deuterio(tritiooxy)methane,deuterio(tritiooxy)methane,[2H]CO[3H],"InChI=1S/CH4O/c1-2/h2H,1H3/i1D,2T",OKKJLVBELUTLKV-PKTJCQLPSA-N
Propan-2-one;bis(yttrium),Industrial,58309265,C3H4OY2-2,233.87,,0,3,17.1,[CH2-]C(=O)[CH2-].[Y].[Y],PubChem,,,,Structure_PubChem,233.876,0.2187,0,1,17.07,6,0,0,,,,,233.876,,C3H4OY2-2,,,,,,,,,,,Trouvé,,,,CID_58309265,Propan-2-one;bis(yttrium),propan-2-one;bis(yttrium),[CH2-]C(=O)[CH2-].[Y].[Y],InChI=1S/C3H4O.2Y/c1-3(2)4;;/h1-2H2;;/q-2;;,RLWAHZLQJNUIBI-UHFFFAOYSA-N
1-Tritiobutan-2-one,Industrial,58311935,C4H8O,74.11,0.3,0,1,17.1,[3H]CC(=O)CC,PubChem,,,,Structure_PubChem,74.115,0.9854,0,1,17.07,5,0,1,,,,,74.115,,C4H8O,,,,,,,,,,,Trouvé,,,,CID_58311935,1-Tritiobutan-2-one,1-tritiobutan-2-one,[3H]CC(=O)CC,"InChI=1S/C4H8O/c1-3-4(2)5/h3H2,1-2H3/i2T",ZWEHNKRNPOVVGH-FUPOQFPWSA-N
Methanol;zirconium;hydrate,Industrial,58389344,CH6O2Zr2,232.5,,2,2,21.2,CO.O.[Zr].[Zr],PubChem,,,,Structure_PubChem,232.505,-1.2212,1,1,51.73,5,0,0,,,,,232.505,,CH6O2Zr2,,,,,,,,,,,Trouvé,,,,CID_58389344,Methanol;zirconium;hydrate,methanol;zirconium;hydrate,CO.O.[Zr].[Zr],"InChI=1S/CH4O.H2O.2Zr/c1-2;;;/h2H,1H3;1H2;;",YARVGNACWBJIOG-UHFFFAOYSA-N
Carbanide;ethanol;bis(rutherfordium);tungsten,Industrial,58537853,C3H8ORf2W-2,778.18,,1,3,20.2,[CH3-].C[CH-]O.[W].[Rf].[Rf],PubChem,,,,Structure_PubChem,777.936,0.9884,1,1,20.23,7,0,0,,,,,777.936,,C3H8ORf2W-2,,,,,,,,,,,Trouvé,,,,CID_58537853,Carbanide;ethanol;bis(rutherfordium);tungsten,carbanide;ethanol;bis(rutherfordium);tungsten,[CH3-].C[CH-]O.[W].[Rf].[Rf],"InChI=1S/C2H5O.CH3.2Rf.W/c1-2-3;;;;/h2-3H,1H3;1H3;;;/q2*-1;;;",POBANHXKCLHPPH-UHFFFAOYSA-N
CID 58567575,Industrial,58567575,C3H6NOY-2,160.99,,1,3,18.1,CC(=O)[CH2-].[NH-].[Y],PubChem,,,,Structure_PubChem,160.993,0.9099,0,1,49.07,6,0,0,,,,,160.993,,C3H6NOY-2,,,,,,,,,,,Trouvé,,,,CID_58567575,CID 58567575,,CC(=O)[CH2-].[NH-].[Y],"InChI=1S/C3H5O.HN.Y/c1-3(2)4;;/h1H2,2H3;1H;/q2*-1;",USOWCKHIJWKFSA-UHFFFAOYSA-N
Carbanide;methanol;bis(yttrium),Industrial,58581270,C2H7OY2-,224.89,,1,2,20.2,[CH3-].CO.[Y].[Y],PubChem,,,,Structure_PubChem,224.889,0.0538,1,1,20.23,5,0,0,,,,,224.889,,C2H7OY2-,,,,,,,,,,,Trouvé,,,,CID_58581270,Carbanide;methanol;bis(yttrium),carbanide;methanol;bis(yttrium),[CH3-].CO.[Y].[Y],"InChI=1S/CH4O.CH3.2Y/c1-2;;;/h2H,1H3;1H3;;/q;-1;;",FMEJEECRFHUNHR-UHFFFAOYSA-N
Butan-2-one;rubidium(1+),Industrial,58582269,C4H7ORb,156.57,,0,2,17.1,C[CH-]C(=O)C.[Rb+],PubChem,,,,Structure_PubChem,156.567,-2.1964,0,1,17.07,6,0,1,,,,,156.567,,C4H7ORb,,,,,,,,,,,Trouvé,,,,CID_58582269,Butan-2-one;rubidium(1+),butan-2-one;rubidium(1+),C[CH-]C(=O)C.[Rb+],"InChI=1S/C4H7O.Rb/c1-3-4(2)5;/h3H,1-2H3;/q-1;+1",OSUNVRPOVWDUBW-UHFFFAOYSA-N
CID 58596556,Industrial,58596556,C3H7O-,59.09,0.3,1,2,20.2,CC([CH2-])O,PubChem,,,,Structure_PubChem,59.088,0.2013,1,1,20.23,4,0,0,,,,,59.088,,C3H7O-,,,,,,,,,,,Trouvé,,,,CID_58596556,CID 58596556,propan-2-ol,CC([CH2-])O,"InChI=1S/C3H7O/c1-3(2)4/h3-4H,1H2,2H3/q-1",CXGBHMBLCDCSEL-UHFFFAOYSA-N
Butan-2-one;vanadium,Industrial,58623009,C4H7OV-,122.04,,0,2,17.1,CC(=O)C[CH2-].[V],PubChem,,,,Structure_PubChem,122.043,0.7971,0,1,17.07,6,0,1,,,,,122.043,,C4H7OV-,,,,,,,,,,,Trouvé,,,,CID_58623009,Butan-2-one;vanadium,butan-2-one;vanadium,CC(=O)C[CH2-].[V],"InChI=1S/C4H7O.V/c1-3-4(2)5;/h1,3H2,2H3;/q-1;",AWMWLYZOYKNNKT-UHFFFAOYSA-N
Butan-2-one;yttrium,Industrial,58647020,C4H7OY-,160.0,,0,2,17.1,CC(=O)C[CH2-].[Y],PubChem,,,,Structure_PubChem,160.005,0.7971,0,1,17.07,6,0,1,,,,,160.005,,C4H7OY-,,,,,,,,,,,Trouvé,,,,CID_58647020,Butan-2-one;yttrium,butan-2-one;yttrium,CC(=O)C[CH2-].[Y],"InChI=1S/C4H7O.Y/c1-3-4(2)5;/h1,3H2,2H3;/q-1;",SLOYSEUXIIHLFY-UHFFFAOYSA-N
Ethanol;yttrium,Industrial,58666169,C2H5OY-,133.97,,1,2,20.2,C[CH-]O.[Y],PubChem,,,,Structure_PubChem,133.967,0.5381,1,1,20.23,4,0,0,,,,,133.967,,C2H5OY-,,,,,,,,,,,Trouvé,,,,CID_58666169,Ethanol;yttrium,ethanol;yttrium,C[CH-]O.[Y],"InChI=1S/C2H5O.Y/c1-2-3;/h2-3H,1H3;/q-1;",RNNUSLJEGRDFDI-UHFFFAOYSA-N
CID 58687527,Industrial,58687527,C3H7OZn,124.5,,1,1,20.2,C[CH]CO.[Zn],PubChem,,,,Structure_PubChem,124.478,0.2004,1,1,20.23,5,0,1,,,,,124.478,,C3H7OZn,,,,,,,,,,,Trouvé,,,,CID_58687527,CID 58687527,,C[CH]CO.[Zn],"InChI=1S/C3H7O.Zn/c1-2-3-4;/h2,4H,3H2,1H3;",NAKHRDDPTYJCQI-UHFFFAOYSA-N
Carbanide;ethenol;rutherfordium,Industrial,58698037,C3H7ORf-,326.21,,1,2,20.2,[CH3-].C=CO.[Rf],PubChem,,,,Structure_PubChem,326.088,1.1382,1,1,20.23,5,0,0,,,,,326.088,,C3H7ORf-,,,,,,,,,,,Trouvé,,,,CID_58698037,Carbanide;ethenol;rutherfordium,carbanide;ethenol;rutherfordium,[CH3-].C=CO.[Rf],"InChI=1S/C2H4O.CH3.Rf/c1-2-3;;/h2-3H,1H2;1H3;/q;-1;",YSCYXGYVKJJCCE-UHFFFAOYSA-N
CID 58707511,Industrial,58707511,C5H6OW4-2,817.5,,0,3,17.1,C[C-]=[W].CC(=O)[C-]=[W].[W]=[W],PubChem,,,,Structure_PubChem,817.462,0.0287,0,1,17.07,10,0,1,,,,,817.462,,C5H6OW4-2,,,,,,,,,,,Trouvé,,,,CID_58707511,CID 58707511,,C[C-]=[W].CC(=O)[C-]=[W].[W]=[W],InChI=1S/C3H3O.C2H3.4W/c1-3(2)4;1-2;;;;/h1H3;1H3;;;;/q2*-1;;;;,VMZJMUKFBFOCSI-UHFFFAOYSA-N
CID 58707518,Industrial,58707518,C4H6OW5-2,989.3,,0,3,17.1,[CH3-].CC(=O)[C-]=[W].[W]=[W].[W]=[W],PubChem,,,,Structure_PubChem,989.291,0.2417,0,1,17.07,10,0,1,,,,,989.291,,C4H6OW5-2,,,,,,,,,,,Trouvé,,,,CID_58707518,CID 58707518,,[CH3-].CC(=O)[C-]=[W].[W]=[W].[W]=[W],InChI=1S/C3H3O.CH3.5W/c1-3(2)4;;;;;;/h1H3;1H3;;;;;/q2*-1;;;;;,NBKPEFXSOHQWHX-UHFFFAOYSA-N
CID 58713858,Industrial,58713858,C3H7OY2-,236.9,,1,2,20.2,[CH3-].[CH]CO.[Y].[Y],PubChem,,,,Structure_PubChem,236.9,0.1351,1,1,20.23,6,0,0,,,,,236.9,,C3H7OY2-,,,,,,,,,,,Trouvé,,,,CID_58713858,CID 58713858,,[CH3-].[CH]CO.[Y].[Y],"InChI=1S/C2H4O.CH3.2Y/c1-2-3;;;/h1,3H,2H2;1H3;;/q;-1;;",KDAPAYJHCXRBSV-UHFFFAOYSA-N
Propan-2-one;yttrium;ZINC,Industrial,58746949,C3H5OYZn-,211.4,,0,2,17.1,CC(=O)[CH2-].[Zn].[Y],PubChem,,,,Structure_PubChem,211.368,0.4045,0,1,17.07,6,0,0,,,,,211.368,,C3H5OYZn-,,,,,,,,,,,Trouvé,,,,CID_58746949,Propan-2-one;yttrium;ZINC,propan-2-one;yttrium;zinc,CC(=O)[CH2-].[Zn].[Y],"InChI=1S/C3H5O.Y.Zn/c1-3(2)4;;/h1H2,2H3;;/q-1;;",LDYXVBSSGXKGBG-UHFFFAOYSA-N
"Methanol-17O, 20 atom % 17O",Industrial,58750502,CH4O,33.042,-0.5,1,1,20.2,C[17OH],PubChem,,,,Structure_PubChem,33.0421,-0.3915,1,1,20.23,2,0,0,,,,,33.0421,,CH4O,,,,,,,,,,,Trouvé,,,,CID_58750502,"Methanol-17O, 20 atom % 17O",methan(17O)ol,C[17OH],"InChI=1S/CH4O/c1-2/h2H,1H3/i2+1",OKKJLVBELUTLKV-VQEHIDDOSA-N
Methanol;yttrium;hydrate,Industrial,58766117,CH6O2Y,138.963,,2,2,21.2,CO.O.[Y],PubChem,,,,Structure_PubChem,138.963,-1.2187,1,1,51.73,4,0,0,,,,,138.963,,CH6O2Y,,,,,,,,,,,Trouvé,,,,CID_58766117,Methanol;yttrium;hydrate,methanol;yttrium;hydrate,CO.O.[Y],"InChI=1S/CH4O.H2O.Y/c1-2;;/h2H,1H3;1H2;",UVNXHFYIFARCHJ-UHFFFAOYSA-N
CID 58792692,Industrial,58792692,C3H5GaO,126.79,,0,1,17.1,CC(=O)C[Ga],PubChem,,,,Structure_PubChem,126.795,0.1622,0,1,17.07,5,0,1,,,,,126.795,,C3H5GaO,,,,,,,,,,,Trouvé,,,,CID_58792692,CID 58792692,,CC(=O)C[Ga],"InChI=1S/C3H5O.Ga/c1-3(2)4;/h1H2,2H3;",WDKRHFDVFJMJJK-UHFFFAOYSA-N
CID 58806985,Industrial,58806985,C4H7O+,71.1,0.3,0,1,17.1,CCC(=O)[CH2+],PubChem,,,,Structure_PubChem,71.099,0.7996,0,1,17.07,5,0,1,,,,,71.099,,C4H7O+,,,,,,,,,,,Trouvé,,,,CID_58806985,CID 58806985,butan-2-one,CCC(=O)[CH2+],"InChI=1S/C4H7O/c1-3-4(2)5/h2-3H2,1H3/q+1",AVLJCHAOWUMTGZ-UHFFFAOYSA-N
Ethanol;methanol;yttrium,Industrial,58823059,C3H10O2Y,167.02,,2,2,40.5,CCO.CO.[Y],PubChem,,,,Structure_PubChem,167.017,-0.3954,2,2,40.46,6,0,0,,,,,167.017,,C3H10O2Y,,,,,,,,,,,Trouvé,,,,CID_58823059,Ethanol;methanol;yttrium,ethanol;methanol;yttrium,CCO.CO.[Y],"InChI=1S/C2H6O.CH4O.Y/c1-2-3;1-2;/h3H,2H2,1H3;2H,1H3;",YWMTVAOKEREWLN-UHFFFAOYSA-N
Carbanide;methanol;titanium,Industrial,58831297,C2H7OTi-,94.94,,1,2,20.2,[CH3-].CO.[Ti],PubChem,,,,Structure_PubChem,94.944,0.0563,1,1,20.23,4,0,0,,,,,94.944,,C2H7OTi-,,,,,,,,,,,Trouvé,,,,CID_58831297,Carbanide;methanol;titanium,carbanide;methanol;titanium,[CH3-].CO.[Ti],"InChI=1S/CH4O.CH3.Ti/c1-2;;/h2H,1H3;1H3;/q;-1;",JQEGTHSWAWPTKF-UHFFFAOYSA-N
Butan-2-one;carbanide;lawrencium,Industrial,58870573,C5H10LrO-2,352.25,,0,3,17.1,[CH3-].C[CH-]C(=O)C.[Lr],PubChem,,,,Structure_PubChem,348.134,1.2499,0,1,17.07,7,0,1,,,,,348.134,,C5H10LrO-2,,,,,,,,,,,Trouvé,,,,CID_58870573,Butan-2-one;carbanide;lawrencium,butan-2-one;carbanide;lawrencium,[CH3-].C[CH-]C(=O)C.[Lr],"InChI=1S/C4H7O.CH3.Lr/c1-3-4(2)5;;/h3H,1-2H3;1H3;/q2*-1;",ATQTXRPLZIWIJI-UHFFFAOYSA-N
Magnesium;propan-2-one;bromide,Industrial,58904831,C3H5BrMgO,161.28,,0,3,17.1,CC(=O)[CH2-].[Mg+2].[Br-],PubChem,,,,Structure_PubChem,161.281,-2.9673,0,1,17.07,6,0,0,,,,,161.281,,C3H5BrMgO,,,,,,,,,,,Trouvé,,,,CID_58904831,Magnesium;propan-2-one;bromide,magnesium;propan-2-one;bromide,CC(=O)[CH2-].[Mg+2].[Br-],"InChI=1S/C3H5O.BrH.Mg/c1-3(2)4;;/h1H2,2H3;1H;/q-1;;+2/p-1",RIHJYYXESGZSDH-UHFFFAOYSA-M
Propan-1-ol;yttrium,Industrial,58929451,C3H7OY-,147.99,,1,2,20.2,C[CH-]CO.[Y],PubChem,,,,Structure_PubChem,147.994,0.2004,1,1,20.23,5,0,1,,,,,147.994,,C3H7OY-,,,,,,,,,,,Trouvé,,,,CID_58929451,Propan-1-ol;yttrium,propan-1-ol;yttrium,C[CH-]CO.[Y],"InChI=1S/C3H7O.Y/c1-2-3-4;/h2,4H,3H2,1H3;/q-1;",HEUOILRLFBAABY-UHFFFAOYSA-N
Propan-2-one;uranium,Industrial,58931493,C3H5OU-,295.1,,0,2,17.1,CC(=O)[CH2-].[U],PubChem,,,,Structure_PubChem,295.101,0.4095,0,1,17.07,5,0,0,,,,,295.101,,C3H5OU-,,,,,,,,,,,Trouvé,,,,CID_58931493,Propan-2-one;uranium,propan-2-one;uranium,CC(=O)[CH2-].[U],"InChI=1S/C3H5O.U/c1-3(2)4;/h1H2,2H3;/q-1;",CHAZFDIMMWUFTO-UHFFFAOYSA-N
"Carbanide;1,2-difluoroethanol;rutherfordium",Industrial,58942634,C3H7F2ORf-,364.21,,1,4,20.2,[CH3-].C(C(O)F)F.[Rf],PubChem,,,,Structure_PubChem,364.084,0.6941,1,1,20.23,7,0,1,,,,,364.084,,C3H7F2ORf-,,,,,,,,,,,Trouvé,,,,CID_58942634,"Carbanide;1,2-difluoroethanol;rutherfordium","carbanide;1,2-difluoroethanol;rutherfordium",[CH3-].C(C(O)F)F.[Rf],"InChI=1S/C2H4F2O.CH3.Rf/c3-1-2(4)5;;/h2,5H,1H2;1H3;/q;-1;",KUHFEASYSKVNKM-UHFFFAOYSA-N
CID 58942950,Industrial,58942950,C2H6LiNbO,145.9,,1,1,20.2,[Li].CCO.[Nb],PubChem,,,,Structure_PubChem,145.916,-0.3847,1,1,20.23,5,0,0,,,,,145.916,,C2H6LiNbO,,,,,,,,,,,Trouvé,,,,CID_58942950,CID 58942950,,[Li].CCO.[Nb],"InChI=1S/C2H6O.Li.Nb/c1-2-3;;/h3H,2H2,1H3;;",ZKZDFIWYUXIKTP-UHFFFAOYSA-N
CID 58942951,Industrial,58942951,CH4BaOTi,217.24,,1,1,20.2,CO.[Ti].[Ba],PubChem,,,,Structure_PubChem,217.237,-0.7748,1,1,20.23,4,0,0,,,,,217.237,,CH4BaOTi,,,,,,,,,,,Trouvé,,,,CID_58942951,CID 58942951,,CO.[Ti].[Ba],"InChI=1S/CH4O.Ba.Ti/c1-2;;/h2H,1H3;;",XDTNSXCTDIDGKL-UHFFFAOYSA-N
CID 58942962,Industrial,58942962,CH4LiOTa,220.0,,1,1,20.2,[Li].CO.[Ta],PubChem,,,,Structure_PubChem,219.931,-0.7748,1,1,20.23,4,0,0,,,,,219.931,,CH4LiOTa,,,,,,,,,,,Trouvé,,,,CID_58942962,CID 58942962,,[Li].CO.[Ta],"InChI=1S/CH4O.Li.Ta/c1-2;;/h2H,1H3;;",AFHNNZJQGZOEBN-UHFFFAOYSA-N
Ethanol;tantalum;titanium,Industrial,58942965,C2H6OTaTi,274.88,,1,1,20.2,CCO.[Ti].[Ta],PubChem,,,,Structure_PubChem,274.884,-0.0064,1,1,20.23,5,0,0,,,,,274.884,,C2H6OTaTi,,,,,,,,,,,Trouvé,,,,CID_58942965,Ethanol;tantalum;titanium,ethanol;tantalum;titanium,CCO.[Ti].[Ta],"InChI=1S/C2H6O.Ta.Ti/c1-2-3;;/h3H,2H2,1H3;;",WOTBYYHHEZPMKC-UHFFFAOYSA-N
CID 58942969,Industrial,58942969,C2H6BaOTi,231.26,,1,1,20.2,CCO.[Ti].[Ba],PubChem,,,,Structure_PubChem,231.264,-0.3847,1,1,20.23,5,0,0,,,,,231.264,,C2H6BaOTi,,,,,,,,,,,Trouvé,,,,CID_58942969,CID 58942969,,CCO.[Ti].[Ba],"InChI=1S/C2H6O.Ba.Ti/c1-2-3;;/h3H,2H2,1H3;;",PPLMHIOCKSKZHG-UHFFFAOYSA-N
Methanol;tantalum;titanium,Industrial,58942974,CH4OTaTi,260.857,,1,1,20.2,CO.[Ti].[Ta],PubChem,,,,Structure_PubChem,260.857,-0.3965,1,1,20.23,4,0,0,,,,,260.857,,CH4OTaTi,,,,,,,,,,,Trouvé,,,,CID_58942974,Methanol;tantalum;titanium,methanol;tantalum;titanium,CO.[Ti].[Ta],"InChI=1S/CH4O.Ta.Ti/c1-2;;/h2H,1H3;;",DRWQJHIFFGKHKB-UHFFFAOYSA-N
CID 58942984,Industrial,58942984,CH4LiNbO,131.9,,1,1,20.2,[Li].CO.[Nb],PubChem,,,,Structure_PubChem,131.889,-0.7748,1,1,20.23,4,0,0,,,,,131.889,,CH4LiNbO,,,,,,,,,,,Trouvé,,,,CID_58942984,CID 58942984,,[Li].CO.[Nb],"InChI=1S/CH4O.Li.Nb/c1-2;;/h2H,1H3;;",PIFVZNXQMMCOMZ-UHFFFAOYSA-N
CID 58943009,Industrial,58943009,C2H6LiOTa,234.0,,1,1,20.2,[Li].CCO.[Ta],PubChem,,,,Structure_PubChem,233.958,-0.3847,1,1,20.23,5,0,0,,,,,233.958,,C2H6LiOTa,,,,,,,,,,,Trouvé,,,,CID_58943009,CID 58943009,,[Li].CCO.[Ta],"InChI=1S/C2H6O.Li.Ta/c1-2-3;;/h3H,2H2,1H3;;",JMAUZCOHIVVVOQ-UHFFFAOYSA-N
CID 58943010,Industrial,58943010,C2H6NbO,138.97,,1,1,20.2,CCO.[Nb],PubChem,,,,Structure_PubChem,138.975,-0.0039,1,1,20.23,4,0,0,,,,,138.975,,C2H6NbO,,,,,,,,,,,Trouvé,,,,CID_58943010,CID 58943010,ethanol;niobium,CCO.[Nb],"InChI=1S/C2H6O.Nb/c1-2-3;/h3H,2H2,1H3;",ZNULOBXNTNSWBE-UHFFFAOYSA-N
1-Fluoroethanol;rutherfordium,Industrial,58987118,C2H5FORf,331.18,,1,2,20.2,CC(O)F.[Rf],PubChem,,,,Structure_PubChem,331.059,0.2942,1,1,20.23,5,0,0,,,,,331.059,,C2H5FORf,,,,,,,,,,,Trouvé,,,,CID_58987118,1-Fluoroethanol;rutherfordium,1-fluoroethanol;rutherfordium,CC(O)F.[Rf],"InChI=1S/C2H5FO.Rf/c1-2(3)4;/h2,4H,1H3;",NERNJTODAPBEJY-UHFFFAOYSA-N
Ethanol;tungsten,Industrial,59007804,C2H5OW-,228.9,,1,2,20.2,C[CH-]O.[W],PubChem,,,,Structure_PubChem,228.901,0.5381,1,1,20.23,4,0,0,,,,,228.901,,C2H5OW-,,,,,,,,,,,Trouvé,,,,CID_59007804,Ethanol;tungsten,ethanol;tungsten,C[CH-]O.[W],"InChI=1S/C2H5O.W/c1-2-3;/h2-3H,1H3;/q-1;",DWESUJJDBASUEF-UHFFFAOYSA-N
Carbanide;ethanol;yttrium,Industrial,59011702,C3H8OY-2,149.0,,1,3,20.2,[CH3-].[CH2-]CO.[Y],PubChem,,,,Structure_PubChem,149.002,0.2606,1,1,20.23,5,0,0,,,,,149.002,,C3H8OY-2,,,,,,,,,,,Trouvé,,,,CID_59011702,Carbanide;ethanol;yttrium,carbanide;ethanol;yttrium,[CH3-].[CH2-]CO.[Y],"InChI=1S/C2H5O.CH3.Y/c1-2-3;;/h3H,1-2H2;1H3;/q2*-1;",JWFASXHSLXKRFE-UHFFFAOYSA-N
Butan-2-one;tungsten,Industrial,59013976,C4H7OW-,254.94,,0,2,17.1,CCC(=O)[CH2-].[W],PubChem,,,,Structure_PubChem,254.939,0.7971,0,1,17.07,6,0,1,,,,,254.939,,C4H7OW-,,,,,,,,,,,Trouvé,,,,CID_59013976,Butan-2-one;tungsten,butan-2-one;tungsten,CCC(=O)[CH2-].[W],"InChI=1S/C4H7O.W/c1-3-4(2)5;/h2-3H2,1H3;/q-1;",DHVNHLXDUCFVOK-UHFFFAOYSA-N
CID 59061846,Industrial,59061846,C2H4AcO,271.08,,1,1,20.2,[CH]CO.[Ac],PubChem,,,,Structure_PubChem,271.053,-0.3102,1,1,20.23,4,0,0,,,,,271.053,,C2H4AcO,,,,,,,,,,,Trouvé,,,,CID_59061846,CID 59061846,,[CH]CO.[Ac],"InChI=1S/C2H4O.Ac/c1-2-3;/h1,3H,2H2;",QASVJARHKGOVQM-UHFFFAOYSA-N
"Actinium;1,1,2,2-tetradeuteriopropan-1-ol",Industrial,59069844,C3H8AcO,291.15,,1,1,20.2,[2H]C([2H])(C)C([2H])([2H])O.[Ac],PubChem,,,,Structure_PubChem,291.1204,0.3887,1,1,20.23,5,0,1,,,,,291.1204,,C3H8AcO,,,,,,,,,,,Trouvé,,,,CID_59069844,"Actinium;1,1,2,2-tetradeuteriopropan-1-ol","actinium;1,1,2,2-tetradeuteriopropan-1-ol",[2H]C([2H])(C)C([2H])([2H])O.[Ac],"InChI=1S/C3H8O.Ac/c1-2-3-4;/h4H,2-3H2,1H3;/i2D2,3D2;",HLOOJHPYDUSCAG-DAHDXRBSSA-N
"Actinium;1,2-dideuteriopropan-1-ol",Industrial,59069845,C3H8AcO,289.14,,1,1,20.2,[2H]C(C)C([2H])O.[Ac],PubChem,,,,Structure_PubChem,289.1082,0.3887,1,1,20.23,5,0,1,,,,,289.1082,,C3H8AcO,,,,,,,,,,,Trouvé,,,,CID_59069845,"Actinium;1,2-dideuteriopropan-1-ol","actinium;1,2-dideuteriopropan-1-ol",[2H]C(C)C([2H])O.[Ac],"InChI=1S/C3H8O.Ac/c1-2-3-4;/h4H,2-3H2,1H3;/i2D,3D;",HLOOJHPYDUSCAG-MGBCJYTNSA-N
CID 59069896,Industrial,59069896,C4H4O2,84.07,-1.3,0,2,34.1,CC(=O)C(=O)[CH],PubChem,,,,Structure_PubChem,84.074,-0.1444,0,2,34.14,6,0,1,,,,,84.074,,C4H4O2,,,,,,,,,,,Trouvé,,,,CID_59069896,CID 59069896,,CC(=O)C(=O)[CH],"InChI=1S/C4H4O2/c1-3(5)4(2)6/h1H,2H3",GUYOSSOTMJDFOO-UHFFFAOYSA-N
Butan-2-one;rhodium,Industrial,59074331,C4H7ORh-,174.0,,0,2,17.1,C[CH-]C(=O)C.[Rh],PubChem,,,,Structure_PubChem,174.005,0.7971,0,1,17.07,6,0,1,,,,,174.005,,C4H7ORh-,,,,,,,,,,,Trouvé,,,,CID_59074331,Butan-2-one;rhodium,butan-2-one;rhodium,C[CH-]C(=O)C.[Rh],"InChI=1S/C4H7O.Rh/c1-3-4(2)5;/h3H,1-2H3;/q-1;",XBVJILCCGIBKNJ-UHFFFAOYSA-N
Methanol 13CD3,Industrial,59088215,CH4O,36.053,-0.5,1,1,20.2,[2H][13C]([2H])([2H])O,PubChem,,,,Structure_PubChem,36.0527,-0.3915,1,1,20.23,2,0,0,,,,,36.0527,,CH4O,,,,,,,,,,,Trouvé,,,,CID_59088215,Methanol 13CD3,trideuterio(113C)methanol,[2H][13C]([2H])([2H])O,"InChI=1S/CH4O/c1-2/h2H,1H3/i1+1D3",OKKJLVBELUTLKV-KQORAOOSSA-N
CID 59089641,Industrial,59089641,C2H4OTi,91.92,,1,1,20.2,[CH]CO.[Ti],PubChem,,,,Structure_PubChem,91.92,-0.3127,1,1,20.23,4,0,0,,,,,91.92,,C2H4OTi,,,,,,,,,,,Trouvé,,,,CID_59089641,CID 59089641,,[CH]CO.[Ti],"InChI=1S/C2H4O.Ti/c1-2-3;/h1,3H,2H2;",LKDWZCUHJMTTPM-UHFFFAOYSA-N
Protiooxyethane,Industrial,59096442,C2H6O,46.07,-0.1,1,1,20.2,[1H]OCC,PubChem,,,,Structure_PubChem,46.0688,-0.0014,1,1,20.23,3,0,1,,,,,46.0688,,C2H6O,,,,,,,,,,,Trouvé,,,,CID_59096442,Protiooxyethane,protiooxyethane,[1H]OCC,"InChI=1S/C2H6O/c1-2-3/h3H,2H2,1H3/i3H",LFQSCWFLJHTTHZ-HNNAGVGSSA-N
1-Deuterio-1-deuteriooxy-2-tritioethane,Industrial,59097177,C2H6O,50.09,-0.1,1,1,20.2,[2H]C(C[3H])O[2H],PubChem,,,,Structure_PubChem,50.0893,-0.0014,1,1,20.23,3,0,1,,,,,50.0893,,C2H6O,,,,,,,,,,,Trouvé,,,,CID_59097177,1-Deuterio-1-deuteriooxy-2-tritioethane,1-deuterio-1-deuteriooxy-2-tritioethane,[2H]C(C[3H])O[2H],"InChI=1S/C2H6O/c1-2-3/h3H,2H2,1H3/i1T,2D,3D",LFQSCWFLJHTTHZ-STKIBECBSA-N
Propan-2-one;tris(yttrium),Industrial,59129593,C3H5OY3-,323.79,,0,2,17.1,CC(=O)[CH2-].[Y].[Y].[Y],PubChem,,,,Structure_PubChem,323.79,0.402,0,1,17.07,7,0,0,,,,,323.79,,C3H5OY3-,,,,,,,,,,,Trouvé,,,,CID_59129593,Propan-2-one;tris(yttrium),propan-2-one;tris(yttrium),CC(=O)[CH2-].[Y].[Y].[Y],"InChI=1S/C3H5O.3Y/c1-3(2)4;;;/h1H2,2H3;;;/q-1;;;",BWQHKVRTXDDOOA-UHFFFAOYSA-N
Propan-2-one;bis(yttrium),Industrial,59129601,C3H5OY2-,234.88,,0,2,17.1,CC(=O)[CH2-].[Y].[Y],PubChem,,,,Structure_PubChem,234.884,0.4045,0,1,17.07,6,0,0,,,,,234.884,,C3H5OY2-,,,,,,,,,,,Trouvé,,,,CID_59129601,Propan-2-one;bis(yttrium),propan-2-one;bis(yttrium),CC(=O)[CH2-].[Y].[Y],"InChI=1S/C3H5O.2Y/c1-3(2)4;;/h1H2,2H3;;/q-1;;",KKYGVIXWJGXFPA-UHFFFAOYSA-N
Azanide;ethanol;yttrium,Industrial,59171036,C2H7NOY-2,149.99,,2,3,21.2,C[CH-]O.[NH2-].[Y],PubChem,,,,Structure_PubChem,149.99,1.2552,1,1,53.73,5,0,0,,,,,149.99,,C2H7NOY-2,,,,,,,,,,,Trouvé,,,,CID_59171036,Azanide;ethanol;yttrium,azanide;ethanol;yttrium,C[CH-]O.[NH2-].[Y],"InChI=1S/C2H5O.H2N.Y/c1-2-3;;/h2-3H,1H3;1H2;/q2*-1;",RVNHUVCTKOGMOF-UHFFFAOYSA-N
Butan-2-one;tungsten,Industrial,59239977,C4H7OW-,254.94,,0,2,17.1,CC(=O)C[CH2-].[W],PubChem,,,,Structure_PubChem,254.939,0.7971,0,1,17.07,6,0,1,,,,,254.939,,C4H7OW-,,,,,,,,,,,Trouvé,,,,CID_59239977,Butan-2-one;tungsten,butan-2-one;tungsten,CC(=O)C[CH2-].[W],"InChI=1S/C4H7O.W/c1-3-4(2)5;/h1,3H2,2H3;/q-1;",WLCHUQYAYFUEFQ-UHFFFAOYSA-N
Ethanol;bis(rutherfordium),Industrial,59260540,C2H5ORf2-,579.3,,1,2,20.2,C[CH-]O.[Rf].[Rf],PubChem,,,,Structure_PubChem,579.061,0.5406,1,1,20.23,5,0,0,,,,,579.061,,C2H5ORf2-,,,,,,,,,,,Trouvé,,,,CID_59260540,Ethanol;bis(rutherfordium),ethanol;bis(rutherfordium),C[CH-]O.[Rf].[Rf],"InChI=1S/C2H5O.2Rf/c1-2-3;;/h2-3H,1H3;;/q-1;;",APCQTOXSTSPPDF-UHFFFAOYSA-N
Propan-1-ol;uranium,Industrial,59293901,C3H7OU-,297.12,,1,2,20.2,CC[CH-]O.[U],PubChem,,,,Structure_PubChem,297.117,0.9307,1,1,20.23,5,0,1,,,,,297.117,,C3H7OU-,,,,,,,,,,,Trouvé,,,,CID_59293901,Propan-1-ol;uranium,propan-1-ol;uranium,CC[CH-]O.[U],"InChI=1S/C3H7O.U/c1-2-3-4;/h3-4H,2H2,1H3;/q-1;",XHYXKEUWYBKOBS-UHFFFAOYSA-N
CID 59303760,Industrial,59303760,C4H6O,70.09,0.3,0,1,17.1,CCC(=O)[CH],PubChem,,,,Structure_PubChem,70.091,0.6766,0,1,17.07,5,0,1,,,,,70.091,,C4H6O,,,,,,,,,,,Trouvé,,,,CID_59303760,CID 59303760,,CCC(=O)[CH],"InChI=1S/C4H6O/c1-3-4(2)5/h2H,3H2,1H3",ZBNRASSUQOGODM-UHFFFAOYSA-N
CID 59347993,Industrial,59347993,C2H3OU-,281.07,,1,2,20.2,[CH][CH-]O.[U],PubChem,,,,Structure_PubChem,281.074,0.2318,1,1,20.23,4,0,0,,,,,281.074,,C2H3OU-,,,,,,,,,,,Trouvé,,,,CID_59347993,CID 59347993,,[CH][CH-]O.[U],InChI=1S/C2H3O.U/c1-2-3;/h1-3H;/q-1;,YEAIUCZCQCFNAQ-UHFFFAOYSA-N
CID 59359569,Industrial,59359569,C4H5O2+,85.08,-1.3,0,2,34.1,CC(=O)C(=O)[CH2+],PubChem,,,,Structure_PubChem,85.082,-0.0214,0,2,34.14,6,0,1,,,,,85.082,,C4H5O2+,,,,,,,,,,,Trouvé,,,,CID_59359569,CID 59359569,"butane-2,3-dione",CC(=O)C(=O)[CH2+],"InChI=1S/C4H5O2/c1-3(5)4(2)6/h1H2,2H3/q+1",OSQGDRBCMPCHIH-UHFFFAOYSA-N
Sodium ethanol,Industrial,59404817,C2H5NaO,68.05,,1,2,20.2,C[CH-]O.[Na+],PubChem,,,,Structure_PubChem,68.051,-2.4554,1,1,20.23,4,0,0,,,,,68.051,,C2H5NaO,,,,,,,,,,,Trouvé,,,,CID_59404817,Sodium ethanol,sodium ethanol,C[CH-]O.[Na+],"InChI=1S/C2H5O.Na/c1-2-3;/h2-3H,1H3;/q-1;+1",VCFATMSYRWWJBJ-UHFFFAOYSA-N
Propan-2-one;rubidium(1+),Industrial,59428690,C3H5ORb,142.54,,0,2,17.1,CC(=O)[CH2-].[Rb+],PubChem,,,,Structure_PubChem,142.54,-2.5865,0,1,17.07,5,0,0,,,,,142.54,,C3H5ORb,,,,,,,,,,,Trouvé,,,,CID_59428690,Propan-2-one;rubidium(1+),propan-2-one;rubidium(1+),CC(=O)[CH2-].[Rb+],"InChI=1S/C3H5O.Rb/c1-3(2)4;/h1H2,2H3;/q-1;+1",XGBVBFQQAOOMMZ-UHFFFAOYSA-N
Ethanol;uranium,Industrial,59437188,C2H5OU-,283.09,,1,2,20.2,C[CH-]O.[U],PubChem,,,,Structure_PubChem,283.09,0.5406,1,1,20.23,4,0,0,,,,,283.09,,C2H5OU-,,,,,,,,,,,Trouvé,,,,CID_59437188,Ethanol;uranium,ethanol;uranium,C[CH-]O.[U],"InChI=1S/C2H5O.U/c1-2-3;/h2-3H,1H3;/q-1;",DRELREJISYJDJJ-UHFFFAOYSA-N
CID 59448321,Industrial,59448321,C2H5OY-,133.97,,1,2,20.2,[CH-].CO.[Y],PubChem,,,,Structure_PubChem,133.967,-0.1897,1,1,20.23,4,0,0,,,,,133.967,,C2H5OY-,,,,,,,,,,,Trouvé,,,,CID_59448321,CID 59448321,,[CH-].CO.[Y],"InChI=1S/CH4O.CH.Y/c1-2;;/h2H,1H3;1H;/q;-1;",AZPPULXFWVKCTI-UHFFFAOYSA-N
Propan-1-ol;rubidium(1+),Industrial,59547475,C3H7ORb,144.55,,1,2,20.2,C[CH-]CO.[Rb+],PubChem,,,,Structure_PubChem,144.556,-2.7931,1,1,20.23,5,0,1,,,,,144.556,,C3H7ORb,,,,,,,,,,,Trouvé,,,,CID_59547475,Propan-1-ol;rubidium(1+),propan-1-ol;rubidium(1+),C[CH-]CO.[Rb+],"InChI=1S/C3H7O.Rb/c1-2-3-4;/h2,4H,3H2,1H3;/q-1;+1",ZZPYKTSJGKWRMJ-UHFFFAOYSA-N
Potassium propan-2-one,Industrial,59550703,C3H5KO,96.17,,0,2,17.1,CC(=O)[CH2-].[K+],PubChem,,,,Structure_PubChem,96.17,-2.5865,0,1,17.07,5,0,0,,,,,96.17,,C3H5KO,,,,,,,,,,,Trouvé,,,,CID_59550703,Potassium propan-2-one,potassium propan-2-one,CC(=O)[CH2-].[K+],"InChI=1S/C3H5O.K/c1-3(2)4;/h1H2,2H3;/q-1;+1",SBORPLUOOKURMF-UHFFFAOYSA-N
CID 59594988,Industrial,59594988,C4H7O+,71.1,0.3,0,1,17.1,CC(=O)C[CH2+],PubChem,,,,Structure_PubChem,71.099,0.7996,0,1,17.07,5,0,1,,,,,71.099,,C4H7O+,,,,,,,,,,,Trouvé,,,,CID_59594988,CID 59594988,butan-2-one,CC(=O)C[CH2+],"InChI=1S/C4H7O/c1-3-4(2)5/h1,3H2,2H3/q+1",CFFAKYZHAQKAME-UHFFFAOYSA-N
Propan-1-ol;hexakis(rutherfordium),Industrial,59600111,C3H7ORf6-,1661.82,,1,2,20.2,[CH2-]CCO.[Rf].[Rf].[Rf].[Rf].[Rf].[Rf],PubChem,,,,Structure_PubChem,1661.088,0.2029,1,1,20.23,10,0,1,,,,,1661.088,,C3H7ORf6-,,,,,,,,,,,Trouvé,,,,CID_59600111,Propan-1-ol;hexakis(rutherfordium),propan-1-ol;hexakis(rutherfordium),[CH2-]CCO.[Rf].[Rf].[Rf].[Rf].[Rf].[Rf],"InChI=1S/C3H7O.6Rf/c1-2-3-4;;;;;;/h4H,1-3H2;;;;;;/q-1;;;;;;",PBKDIDIOAMGJRZ-UHFFFAOYSA-N
1-Deuteriooxy-2-fluoroethane,Industrial,59620569,C2H5FO,65.07,-0.8,1,2,20.2,[2H]OCCF,PubChem,,,,Structure_PubChem,65.0651,-0.0518,1,1,20.23,4,0,2,,,,,65.0651,,C2H5FO,,,,,,,,,,,Trouvé,,,,CID_59620569,1-Deuteriooxy-2-fluoroethane,1-deuteriooxy-2-fluoroethane,[2H]OCCF,"InChI=1S/C2H5FO/c3-1-2-4/h4H,1-2H2/i4D",GGDYAKVUZMZKRV-QYKNYGDISA-N
Propan-1-ol;tris(rutherfordium),Industrial,59628149,C3H7ORf3-,860.45,,1,2,20.2,C[CH-]CO.[Rf].[Rf].[Rf],PubChem,,,,Structure_PubChem,860.088,0.2029,1,1,20.23,7,0,1,,,,,860.088,,C3H7ORf3-,,,,,,,,,,,Trouvé,,,,CID_59628149,Propan-1-ol;tris(rutherfordium),propan-1-ol;tris(rutherfordium),C[CH-]CO.[Rf].[Rf].[Rf],"InChI=1S/C3H7O.3Rf/c1-2-3-4;;;/h2,4H,3H2,1H3;;;/q-1;;;",FRFSJXLMWJMEAA-UHFFFAOYSA-N
Methoxycopper,Industrial,59655669,CH4CuO,95.59,,1,1,20.2,CO.[Cu],PubChem,,,,Structure_PubChem,95.588,-0.394,1,1,20.23,3,0,0,,,,,95.588,,CH4CuO,,,,,,,,,,,Trouvé,,,,CID_59655669,Methoxycopper,copper;methanol,CO.[Cu],"InChI=1S/CH4O.Cu/c1-2;/h2H,1H3;",YOPUATYREUZXIO-UHFFFAOYSA-N
Carbanide;methanol;uranium(2+),Industrial,59714796,C2H6OU,284.1,,1,3,20.2,[CH3-].[CH2-]O.[U+2],PubChem,,,,Structure_PubChem,284.098,0.6008,1,1,20.23,4,0,0,,,,,284.098,,C2H6OU,,,,,,,,,,,Trouvé,,,,CID_59714796,Carbanide;methanol;uranium(2+),carbanide;methanol;uranium(2+),[CH3-].[CH2-]O.[U+2],"InChI=1S/CH3O.CH3.U/c1-2;;/h2H,1H2;1H3;/q2*-1;+2",QYTJHAZUDJDRLF-UHFFFAOYSA-N
Butan-2-one;rutherfordium,Industrial,59725238,C4H7ORf-,338.22,,0,2,17.1,CC(=O)C[CH2-].[Rf],PubChem,,,,Structure_PubChem,338.099,0.7996,0,1,17.07,6,0,1,,,,,338.099,,C4H7ORf-,,,,,,,,,,,Trouvé,,,,CID_59725238,Butan-2-one;rutherfordium,butan-2-one;rutherfordium,CC(=O)C[CH2-].[Rf],"InChI=1S/C4H7O.Rf/c1-3-4(2)5;/h1,3H2,2H3;/q-1;",DCKKFFMEIGOEKN-UHFFFAOYSA-N
Acetone-ZINC bromide,Industrial,59736567,C3H5OZn-,122.5,,0,2,17.1,CC(=O)[CH2-].[Zn],PubChem,,,,Structure_PubChem,122.462,0.407,0,1,17.07,5,0,0,,,,,122.462,,C3H5OZn-,,,,,,,,,,,Trouvé,,,,CID_59736567,Acetone-ZINC bromide,propan-2-one;zinc,CC(=O)[CH2-].[Zn],"InChI=1S/C3H5O.Zn/c1-3(2)4;/h1H2,2H3;/q-1;",ZCFLPRODBZSNRX-UHFFFAOYSA-N
1-Tritiooxypropane,Industrial,59779197,C3H8O,62.1,0.3,1,1,20.2,[3H]OCCC,PubChem,,,,Structure_PubChem,62.104,0.3887,1,1,20.23,4,0,2,,,,,62.104,,C3H8O,,,,,,,,,,,Trouvé,,,,CID_59779197,1-Tritiooxypropane,1-tritiooxypropane,[3H]OCCC,"InChI=1S/C3H8O/c1-2-3-4/h4H,2-3H2,1H3/i4T",BDERNNFJNOPAEC-IBTRZKOZSA-N
Carbanide;propan-2-one;yttrium,Industrial,59780688,C4H8OY-2,161.01,,0,3,17.1,[CH3-].CC(=O)[CH2-].[Y],PubChem,,,,Structure_PubChem,161.013,0.8573,0,1,17.07,6,0,0,,,,,161.013,,C4H8OY-2,,,,,,,,,,,Trouvé,,,,CID_59780688,Carbanide;propan-2-one;yttrium,carbanide;propan-2-one;yttrium,[CH3-].CC(=O)[CH2-].[Y],"InChI=1S/C3H5O.CH3.Y/c1-3(2)4;;/h1H2,2H3;1H3;/q2*-1;",TYTAISYIBHBQIE-UHFFFAOYSA-N
Methanol;neptunium,Industrial,59804550,CH4Np2O,506.138,,1,1,20.2,CO.[Np].[Np],PubChem,,,,Structure_PubChem,506.042,-0.3915,1,1,20.23,4,0,0,,,,,506.042,,CH4Np2O,,,,,,,,,,,Trouvé,,,,CID_59804550,Methanol;neptunium,methanol;neptunium,CO.[Np].[Np],"InChI=1S/CH4O.2Np/c1-2;;/h2H,1H3;;",KGFJBKKXBPBKQI-UHFFFAOYSA-N
Methanol;neptunium,Industrial,59804551,CH4NpO,269.09,,1,1,20.2,CO.[Np],PubChem,,,,Structure_PubChem,269.042,-0.3915,1,1,20.23,3,0,0,,,,,269.042,,CH4NpO,,,,,,,,,,,Trouvé,,,,CID_59804551,Methanol;neptunium,methanol;neptunium,CO.[Np],"InChI=1S/CH4O.Np/c1-2;/h2H,1H3;",TWJWSLTYUBCUKG-UHFFFAOYSA-N
Carbanide;methanol;zirconium,Industrial,59847918,C2H7OZr-,138.3,,1,2,20.2,[CH3-].CO.[Zr],PubChem,,,,Structure_PubChem,138.301,0.0563,1,1,20.23,4,0,0,,,,,138.301,,C2H7OZr-,,,,,,,,,,,Trouvé,,,,CID_59847918,Carbanide;methanol;zirconium,carbanide;methanol;zirconium,[CH3-].CO.[Zr],"InChI=1S/CH4O.CH3.Zr/c1-2;;/h2H,1H3;1H3;/q;-1;",FDDYVSCHXBCKDR-UHFFFAOYSA-N
Carbanide;hafnium;methanol,Industrial,59847919,C2H7HfO-,225.56,,1,2,20.2,[CH3-].CO.[Hf],PubChem,,,,Structure_PubChem,225.567,0.0563,1,1,20.23,4,0,0,,,,,225.567,,C2H7HfO-,,,,,,,,,,,Trouvé,,,,CID_59847919,Carbanide;hafnium;methanol,carbanide;hafnium;methanol,[CH3-].CO.[Hf],"InChI=1S/CH4O.CH3.Hf/c1-2;;/h2H,1H3;1H3;/q;-1;",PZDPPGVODRLUHW-UHFFFAOYSA-N
Propan-1-ol;nonakis(yttrium),Industrial,59849382,C3H7OY9-,859.24,,1,2,20.2,C[CH-]CO.[Y].[Y].[Y].[Y].[Y].[Y].[Y].[Y].[Y],PubChem,,,,Structure_PubChem,859.242,0.1804,1,1,20.23,13,0,1,,,,,859.242,,C3H7OY9-,,,,,,,,,,,Trouvé,,,,CID_59849382,Propan-1-ol;nonakis(yttrium),propan-1-ol;nonakis(yttrium),C[CH-]CO.[Y].[Y].[Y].[Y].[Y].[Y].[Y].[Y].[Y],"InChI=1S/C3H7O.9Y/c1-2-3-4;;;;;;;;;/h2,4H,3H2,1H3;;;;;;;;;/q-1;;;;;;;;;",ZGXJOACBMAVTCM-UHFFFAOYSA-N
Manganese;tritiomethanol,Industrial,59856509,CH4MnO,88.988,,1,1,20.2,[3H]CO.[Mn],PubChem,,,,Structure_PubChem,88.988,-0.394,1,1,20.23,3,0,0,,,,,88.988,,CH4MnO,,,,,,,,,,,Trouvé,,,,CID_59856509,Manganese;tritiomethanol,manganese;tritiomethanol,[3H]CO.[Mn],"InChI=1S/CH4O.Mn/c1-2;/h2H,1H3;/i1T;",GHNRLPUEWCZDRA-PXDSPCEXSA-N
4-[Ethyl(dimethyl)silyl]phenol,Industrial,59866972,C10H16OSi,180.32,,1,1,20.2,CC[Si](C)(C)C1=CC=C(C=C1)O,PubChem,,,,Structure_PubChem,180.323,2.3275,1,1,20.23,12,1,2,,,,,180.323,,C10H16OSi,,,,,,,,,,,Trouvé,,,,CID_59866972,4-[Ethyl(dimethyl)silyl]phenol,4-[ethyl(dimethyl)silyl]phenol,CC[Si](C)(C)C1=CC=C(C=C1)O,"InChI=1S/C10H16OSi/c1-4-12(2,3)10-7-5-9(11)6-8-10/h5-8,11H,4H2,1-3H3",VLUMJHSFAZPENK-UHFFFAOYSA-N
Carbanide;ethanol;yttrium,Industrial,59869934,C3H8OY-2,149.0,,1,3,20.2,[CH3-].C[CH-]O.[Y],PubChem,,,,Structure_PubChem,149.002,0.9884,1,1,20.23,5,0,0,,,,,149.002,,C3H8OY-2,,,,,,,,,,,Trouvé,,,,CID_59869934,Carbanide;ethanol;yttrium,carbanide;ethanol;yttrium,[CH3-].C[CH-]O.[Y],"InChI=1S/C2H5O.CH3.Y/c1-2-3;;/h2-3H,1H3;1H3;/q2*-1;",DJWAYNPKALSPKC-UHFFFAOYSA-N
Ethanol;yttrium,Industrial,59870194,C2H5OY-,133.97,,1,2,20.2,[CH2-]CO.[Y],PubChem,,,,Structure_PubChem,133.967,-0.1897,1,1,20.23,4,0,0,,,,,133.967,,C2H5OY-,,,,,,,,,,,Trouvé,,,,CID_59870194,Ethanol;yttrium,ethanol;yttrium,[CH2-]CO.[Y],"InChI=1S/C2H5O.Y/c1-2-3;/h3H,1-2H2;/q-1;",JCYVRWDIRRTUIQ-UHFFFAOYSA-N
Butan-2-one;vanadium,Industrial,59870681,C4H7OV-,122.04,,0,2,17.1,C[CH-]C(=O)C.[V],PubChem,,,,Structure_PubChem,122.043,0.7971,0,1,17.07,6,0,1,,,,,122.043,,C4H7OV-,,,,,,,,,,,Trouvé,,,,CID_59870681,Butan-2-one;vanadium,butan-2-one;vanadium,C[CH-]C(=O)C.[V],"InChI=1S/C4H7O.V/c1-3-4(2)5;/h3H,1-2H3;/q-1;",PNWDTSXGFUFEEZ-UHFFFAOYSA-N
Carbanide;ethanol;tungsten,Industrial,59872038,C3H9OW-,244.94,,1,2,20.2,[CH3-].CCO.[W],PubChem,,,,Structure_PubChem,244.944,0.4464,1,1,20.23,5,0,0,,,,,244.944,,C3H9OW-,,,,,,,,,,,Trouvé,,,,CID_59872038,Carbanide;ethanol;tungsten,carbanide;ethanol;tungsten,[CH3-].CCO.[W],"InChI=1S/C2H6O.CH3.W/c1-2-3;;/h3H,2H2,1H3;1H3;/q;-1;",NXQYYVGWXGPUIQ-UHFFFAOYSA-N
3-Tritiobutan-2-one,Industrial,59880288,C4H8O,74.11,0.3,0,1,17.1,[3H]C(C)C(=O)C,PubChem,,,,Structure_PubChem,74.115,0.9854,0,1,17.07,5,0,1,,,,,74.115,,C4H8O,,,,,,,,,,,Trouvé,,,,CID_59880288,3-Tritiobutan-2-one,3-tritiobutan-2-one,[3H]C(C)C(=O)C,"InChI=1S/C4H8O/c1-3-4(2)5/h3H2,1-2H3/i3T",ZWEHNKRNPOVVGH-WJULDGBESA-N
Butan-2-one;tungsten,Industrial,59883542,C4H7OW-,254.94,,0,2,17.1,C[CH-]C(=O)C.[W],PubChem,,,,Structure_PubChem,254.939,0.7971,0,1,17.07,6,0,1,,,,,254.939,,C4H7OW-,,,,,,,,,,,Trouvé,,,,CID_59883542,Butan-2-one;tungsten,butan-2-one;tungsten,C[CH-]C(=O)C.[W],"InChI=1S/C4H7O.W/c1-3-4(2)5;/h3H,1-2H3;/q-1;",YMXWTYUSNQRGKE-UHFFFAOYSA-N
Propan-2-one;tungsten,Industrial,59890321,C3H4OW2-2,423.7,,0,3,17.1,[CH2-]C(=O)[CH2-].[W].[W],PubChem,,,,Structure_PubChem,423.744,0.2187,0,1,17.07,6,0,0,,,,,423.744,,C3H4OW2-2,,,,,,,,,,,Trouvé,,,,CID_59890321,Propan-2-one;tungsten,propan-2-one;tungsten,[CH2-]C(=O)[CH2-].[W].[W],InChI=1S/C3H4O.2W/c1-3(2)4;;/h1-2H2;;/q-2;;,JVVDRHXDKGZAAZ-UHFFFAOYSA-N
Ethanol;vanadium,Industrial,59895930,C2H5OV-,96.0,,1,2,20.2,[CH2-]CO.[V],PubChem,,,,Structure_PubChem,96.005,-0.1897,1,1,20.23,4,0,0,,,,,96.005,,C2H5OV-,,,,,,,,,,,Trouvé,,,,CID_59895930,Ethanol;vanadium,ethanol;vanadium,[CH2-]CO.[V],"InChI=1S/C2H5O.V/c1-2-3;/h3H,1-2H2;/q-1;",ZIKXNTUKTFETOB-UHFFFAOYSA-N
Deuteriomethanol;(vanadium),Industrial,59902735,CH4OV24,1255.64,,1,1,20.2,[2H]CO.[V].[V].[V].[V].[V].[V].[V].[V].[V].[V].[V].[V].[V].[V].[V].[V].[V].[V].[V].[V].[V].[V].[V].[V],PubChem,,,,Structure_PubChem,1255.7041,-0.4515,1,1,20.23,26,0,0,,,,,1255.7041,,CH4OV24,,,,,,,,,,,Trouvé,,,,CID_59902735,Deuteriomethanol;(vanadium),deuteriomethanol;(vanadium),[2H]CO.[V].[V].[V].[V].[V].[V].[V].[V].[V].[V].[V].[V].[V].[V].[V].[V].[V].[V].[V].[V].[V].[V].[V].[V],"InChI=1S/CH4O.24V/c1-2;;;;;;;;;;;;;;;;;;;;;;;;/h2H,1H3;;;;;;;;;;;;;;;;;;;;;;;;/i1D;;;;;;;;;;;;;;;;;;;;;;;;",UYCQCRQTAKYZMX-YRNBYIHPSA-N
Deuteriomethanol;hexadecakis(vanadium),Industrial,59902736,CH4OV16,848.11,,1,1,20.2,[2H]CO.[V].[V].[V].[V].[V].[V].[V].[V].[V].[V].[V].[V].[V].[V].[V].[V],PubChem,,,,Structure_PubChem,848.1521,-0.4315,1,1,20.23,18,0,0,,,,,848.1521,,CH4OV16,,,,,,,,,,,Trouvé,,,,CID_59902736,Deuteriomethanol;hexadecakis(vanadium),deuteriomethanol;hexadecakis(vanadium),[2H]CO.[V].[V].[V].[V].[V].[V].[V].[V].[V].[V].[V].[V].[V].[V].[V].[V],"InChI=1S/CH4O.16V/c1-2;;;;;;;;;;;;;;;;/h2H,1H3;;;;;;;;;;;;;;;;/i1D;;;;;;;;;;;;;;;;",BJGMAGBITIVTSR-RYGVIEBDSA-N
Butan-2-one;rutherfordium,Industrial,59904256,C4H7ORf-,338.22,,0,2,17.1,C[CH-]C(=O)C.[Rf],PubChem,,,,Structure_PubChem,338.099,0.7996,0,1,17.07,6,0,1,,,,,338.099,,C4H7ORf-,,,,,,,,,,,Trouvé,,,,CID_59904256,Butan-2-one;rutherfordium,butan-2-one;rutherfordium,C[CH-]C(=O)C.[Rf],"InChI=1S/C4H7O.Rf/c1-3-4(2)5;/h3H,1-2H3;/q-1;",QDIWQRDOVQVHAR-UHFFFAOYSA-N
Actinium;ethanol,Industrial,59906276,C2H5AcO-,272.09,,1,2,20.2,[CH2-]CO.[Ac],PubChem,,,,Structure_PubChem,272.061,-0.1872,1,1,20.23,4,0,0,,,,,272.061,,C2H5AcO-,,,,,,,,,,,Trouvé,,,,CID_59906276,Actinium;ethanol,actinium;ethanol,[CH2-]CO.[Ac],"InChI=1S/C2H5O.Ac/c1-2-3;/h3H,1-2H2;/q-1;",FRFSHRKJVUMDKA-UHFFFAOYSA-N
Butan-2-one;rhenium;rutherfordium,Industrial,59918826,C4H7OReRf-,524.43,,0,2,17.1,C[CH-]C(=O)C.[Re].[Rf],PubChem,,,,Structure_PubChem,524.306,0.7971,0,1,17.07,7,0,1,,,,,524.306,,C4H7OReRf-,,,,,,,,,,,Trouvé,,,,CID_59918826,Butan-2-one;rhenium;rutherfordium,butan-2-one;rhenium;rutherfordium,C[CH-]C(=O)C.[Re].[Rf],"InChI=1S/C4H7O.Re.Rf/c1-3-4(2)5;;/h3H,1-2H3;;/q-1;;",HYVMKHXTSCUCGN-UHFFFAOYSA-N
Potassium;carbanide;methanol,Industrial,59923831,C2H6KO-,85.17,,1,3,20.2,[CH3-].[CH2-]O.[K+],PubChem,,,,Structure_PubChem,85.167,-2.3952,1,1,20.23,4,0,0,,,,,85.167,,C2H6KO-,,,,,,,,,,,Trouvé,,,,CID_59923831,Potassium;carbanide;methanol,potassium;carbanide;methanol,[CH3-].[CH2-]O.[K+],"InChI=1S/CH3O.CH3.K/c1-2;;/h2H,1H2;1H3;/q2*-1;+1",JHUZMKHCIBNQGA-UHFFFAOYSA-N
Carbanide;methanol;yttrium,Industrial,59924564,C2H6OY-2,134.97,,1,3,20.2,[CH3-].[CH2-]O.[Y],PubChem,,,,Structure_PubChem,134.975,0.5983,1,1,20.23,4,0,0,,,,,134.975,,C2H6OY-2,,,,,,,,,,,Trouvé,,,,CID_59924564,Carbanide;methanol;yttrium,carbanide;methanol;yttrium,[CH3-].[CH2-]O.[Y],"InChI=1S/CH3O.CH3.Y/c1-2;;/h2H,1H2;1H3;/q2*-1;",VPVLNHHCHZSIEB-UHFFFAOYSA-N
Carbanide;methanol;yttrium,Industrial,59928326,C2H6OY-2,134.97,,1,3,20.2,[CH3-].[CH2-]O.[Y],PubChem,,,,Structure_PubChem,134.975,0.5983,1,1,20.23,4,0,0,,,,,134.975,,C2H6OY-2,,,,,,,,,,,Trouvé,,,,CID_59928326,Carbanide;methanol;yttrium,carbanide;methanol;yttrium,[CH3-].[CH2-]O.[Y],"InChI=1S/CH3O.CH3.Y/c1-2;;/h2H,1H2;1H3;/q2*-1;",VPVLNHHCHZSIEB-UHFFFAOYSA-N
Butan-2-one;yttrium,Industrial,59930162,C4H7OY-,160.0,,0,2,17.1,CCC(=O)[CH2-].[Y],PubChem,,,,Structure_PubChem,160.005,0.7971,0,1,17.07,6,0,1,,,,,160.005,,C4H7OY-,,,,,,,,,,,Trouvé,,,,CID_59930162,Butan-2-one;yttrium,butan-2-one;yttrium,CCC(=O)[CH2-].[Y],"InChI=1S/C4H7O.Y/c1-3-4(2)5;/h2-3H2,1H3;/q-1;",GEJQKNCTOQTCNC-UHFFFAOYSA-N
Butan-2-one;yttrium,Industrial,59931656,C4H7OY-,160.0,,0,2,17.1,C[CH-]C(=O)C.[Y],PubChem,,,,Structure_PubChem,160.005,0.7971,0,1,17.07,6,0,1,,,,,160.005,,C4H7OY-,,,,,,,,,,,Trouvé,,,,CID_59931656,Butan-2-one;yttrium,butan-2-one;yttrium,C[CH-]C(=O)C.[Y],"InChI=1S/C4H7O.Y/c1-3-4(2)5;/h3H,1-2H3;/q-1;",RARTZNHKGSBKNY-UHFFFAOYSA-N
Carbanide;methanol;tetrakis(yttrium),Industrial,59932040,C2H7OY4-,402.7,,1,2,20.2,[CH3-].CO.[Y].[Y].[Y].[Y],PubChem,,,,Structure_PubChem,402.701,0.0488,1,1,20.23,7,0,0,,,,,402.701,,C2H7OY4-,,,,,,,,,,,Trouvé,,,,CID_59932040,Carbanide;methanol;tetrakis(yttrium),carbanide;methanol;tetrakis(yttrium),[CH3-].CO.[Y].[Y].[Y].[Y],"InChI=1S/CH4O.CH3.4Y/c1-2;;;;;/h2H,1H3;1H3;;;;/q;-1;;;;",YODXMAAUVGQGRY-UHFFFAOYSA-N
Propan-2-one;tungsten,Industrial,59938403,C3H5OW-,240.91,,0,2,17.1,CC(=O)[CH2-].[W],PubChem,,,,Structure_PubChem,240.912,0.407,0,1,17.07,5,0,0,,,,,240.912,,C3H5OW-,,,,,,,,,,,Trouvé,,,,CID_59938403,Propan-2-one;tungsten,propan-2-one;tungsten,CC(=O)[CH2-].[W],"InChI=1S/C3H5O.W/c1-3(2)4;/h1H2,2H3;/q-1;",YZWCXOFYZVWXER-UHFFFAOYSA-N
Carbanide;ethanol;tungsten;uranium(2+),Industrial,59938464,C3H8OUW,481.96,,1,3,20.2,[CH3-].C[CH-]O.[W].[U+2],PubChem,,,,Structure_PubChem,481.965,0.9884,1,1,20.23,6,0,0,,,,,481.965,,C3H8OUW,,,,,,,,,,,Trouvé,,,,CID_59938464,Carbanide;ethanol;tungsten;uranium(2+),carbanide;ethanol;tungsten;uranium(2+),[CH3-].C[CH-]O.[W].[U+2],"InChI=1S/C2H5O.CH3.U.W/c1-2-3;;;/h2-3H,1H3;1H3;;/q2*-1;+2;",XXJKECJCGINQDD-UHFFFAOYSA-N
Ethanol;rhenium,Industrial,59938685,C2H6ORe,232.28,,1,1,20.2,CCO.[Re],PubChem,,,,Structure_PubChem,232.276,-0.0039,1,1,20.23,4,0,0,,,,,232.276,,C2H6ORe,,,,,,,,,,,Trouvé,,,,CID_59938685,Ethanol;rhenium,ethanol;rhenium,CCO.[Re],"InChI=1S/C2H6O.Re/c1-2-3;/h3H,2H2,1H3;",KOAGBGDIZQKLQI-UHFFFAOYSA-N
Propan-2-one;vanadium,Industrial,59939666,C3H5OV-,108.01,,0,2,17.1,CC(=O)[CH2-].[V],PubChem,,,,Structure_PubChem,108.016,0.407,0,1,17.07,5,0,0,,,,,108.016,,C3H5OV-,,,,,,,,,,,Trouvé,,,,CID_59939666,Propan-2-one;vanadium,propan-2-one;vanadium,CC(=O)[CH2-].[V],"InChI=1S/C3H5O.V/c1-3(2)4;/h1H2,2H3;/q-1;",VOEHTINYCBDSPB-UHFFFAOYSA-N
Methanol;tritiomethane;vanadium(2+),Industrial,59944118,C2H6OV,99.02,,1,3,20.2,[3H][CH2-].[CH2-]O.[V+2],PubChem,,,,Structure_PubChem,99.021,0.5983,1,1,20.23,4,0,0,,,,,99.021,,C2H6OV,,,,,,,,,,,Trouvé,,,,CID_59944118,Methanol;tritiomethane;vanadium(2+),methanol;tritiomethane;vanadium(2+),[3H][CH2-].[CH2-]O.[V+2],"InChI=1S/CH3O.CH3.V/c1-2;;/h2H,1H2;1H3;/q2*-1;+2/i;1T;",YASYCVVZFXNCTA-RZBWRYPDSA-N
CID 59946276,Industrial,59946276,C4H6O,70.09,0.3,0,1,17.1,CC(=O)C[CH],PubChem,,,,Structure_PubChem,70.091,0.6766,0,1,17.07,5,0,1,,,,,70.091,,C4H6O,,,,,,,,,,,Trouvé,,,,CID_59946276,CID 59946276,,CC(=O)C[CH],"InChI=1S/C4H6O/c1-3-4(2)5/h1H,3H2,2H3",GONTURNBTPJMLN-UHFFFAOYSA-N
Ethanol;rutherfordium,Industrial,59951886,C2H6ORf,313.19,,1,1,20.2,CCO.[Rf],PubChem,,,,Structure_PubChem,313.069,-0.0014,1,1,20.23,4,0,0,,,,,313.069,,C2H6ORf,,,,,,,,,,,Trouvé,,,,CID_59951886,Ethanol;rutherfordium,ethanol;rutherfordium,CCO.[Rf],"InChI=1S/C2H6O.Rf/c1-2-3;/h3H,2H2,1H3;",CJJUXOFKLBSQQO-UHFFFAOYSA-N
CID 59952166,Industrial,59952166,C3H6ORf,325.2,,1,1,20.2,[CH]CCO.[Rf],PubChem,,,,Structure_PubChem,325.08,0.0799,1,1,20.23,5,0,1,,,,,325.08,,C3H6ORf,,,,,,,,,,,Trouvé,,,,CID_59952166,CID 59952166,,[CH]CCO.[Rf],"InChI=1S/C3H6O.Rf/c1-2-3-4;/h1,4H,2-3H2;",UVVDQBBOILZOOA-UHFFFAOYSA-N
Ethanol;tungsten;uranium,Industrial,59956196,C2H5OUW-,466.93,,1,2,20.2,C[CH-]O.[W].[U],PubChem,,,,Structure_PubChem,466.93,0.5381,1,1,20.23,5,0,0,,,,,466.93,,C2H5OUW-,,,,,,,,,,,Trouvé,,,,CID_59956196,Ethanol;tungsten;uranium,ethanol;tungsten;uranium,C[CH-]O.[W].[U],"InChI=1S/C2H5O.U.W/c1-2-3;;/h2-3H,1H3;;/q-1;;",STQZHQMGZAVIIC-UHFFFAOYSA-N
Propan-2-one;rutherfordium,Industrial,59957361,C3H5ORf-,324.19,,0,2,17.1,CC(=O)[CH2-].[Rf],PubChem,,,,Structure_PubChem,324.072,0.4095,0,1,17.07,5,0,0,,,,,324.072,,C3H5ORf-,,,,,,,,,,,Trouvé,,,,CID_59957361,Propan-2-one;rutherfordium,propan-2-one;rutherfordium,CC(=O)[CH2-].[Rf],"InChI=1S/C3H5O.Rf/c1-3(2)4;/h1H2,2H3;/q-1;",HTBGQGWSKMGGSN-UHFFFAOYSA-N
Propan-2-ol;rutherfordium,Industrial,59957362,C3H7ORf-,326.21,,1,2,20.2,CC([CH2-])O.[Rf],PubChem,,,,Structure_PubChem,326.088,0.2013,1,1,20.23,5,0,0,,,,,326.088,,C3H7ORf-,,,,,,,,,,,Trouvé,,,,CID_59957362,Propan-2-ol;rutherfordium,propan-2-ol;rutherfordium,CC([CH2-])O.[Rf],"InChI=1S/C3H7O.Rf/c1-3(2)4;/h3-4H,1H2,2H3;/q-1;",LCZGDWPOVVCYIV-UHFFFAOYSA-N
CID 59959488,Industrial,59959488,C3H6O,58.08,0.3,1,1,20.2,CC([CH])O,PubChem,,,,Structure_PubChem,58.08,0.0783,1,1,20.23,4,0,0,,,,,58.08,,C3H6O,,,,,,,,,,,Trouvé,,,,CID_59959488,CID 59959488,,CC([CH])O,"InChI=1S/C3H6O/c1-3(2)4/h1,3-4H,2H3",MZRUUBRVYTWENK-UHFFFAOYSA-N
"Propane-1,2-dione",Industrial,59964293,C3H3O2-,71.05,-0.4,0,3,34.1,CC(=O)[C-]=O,PubChem,,,,Structure_PubChem,71.055,-0.3149,0,2,34.14,5,0,1,,,,,71.055,,C3H3O2-,,,,,,,,,,,Trouvé,,,,CID_59964293,"Propane-1,2-dione","propane-1,2-dione",CC(=O)[C-]=O,InChI=1S/C3H3O2/c1-3(5)2-4/h1H3/q-1,GHPCYUXJPXCFDY-UHFFFAOYSA-N
Methanol;rutherfordium,Industrial,59964636,CH4ORf,299.164,,1,1,20.2,CO.[Rf],PubChem,,,,Structure_PubChem,299.042,-0.3915,1,1,20.23,3,0,0,,,,,299.042,,CH4ORf,,,,,,,,,,,Trouvé,,,,CID_59964636,Methanol;rutherfordium,methanol;rutherfordium,CO.[Rf],"InChI=1S/CH4O.Rf/c1-2;/h2H,1H3;",UQQYERWOXGGXPK-UHFFFAOYSA-N
Propan-1-one;rutherfordium,Industrial,59964836,C3H5ORf-,324.19,,0,2,17.1,CC[C-]=O.[Rf],PubChem,,,,Structure_PubChem,324.072,0.5061,0,1,17.07,5,0,1,,,,,324.072,,C3H5ORf-,,,,,,,,,,,Trouvé,,,,CID_59964836,Propan-1-one;rutherfordium,propan-1-one;rutherfordium,CC[C-]=O.[Rf],"InChI=1S/C3H5O.Rf/c1-2-3-4;/h2H2,1H3;/q-1;",PMGKJLRXZJYFTB-UHFFFAOYSA-N
1-Tritiopropan-1-ol,Industrial,59970762,C3H8O,62.1,0.3,1,1,20.2,[3H]C(CC)O,PubChem,,,,Structure_PubChem,62.104,0.3887,1,1,20.23,4,0,1,,,,,62.104,,C3H8O,,,,,,,,,,,Trouvé,,,,CID_59970762,1-Tritiopropan-1-ol,1-tritiopropan-1-ol,[3H]C(CC)O,"InChI=1S/C3H8O/c1-2-3-4/h4H,2-3H2,1H3/i3T",BDERNNFJNOPAEC-WJULDGBESA-N
CID 59975261,Industrial,59975261,C4H6O,70.09,0.3,0,1,17.1,C[CH]C(=O)[CH2],PubChem,,,,Structure_PubChem,70.091,0.6138,0,1,17.07,5,0,1,,,,,70.091,,C4H6O,,,,,,,,,,,Trouvé,,,,CID_59975261,CID 59975261,,C[CH]C(=O)[CH2],"InChI=1S/C4H6O/c1-3-4(2)5/h3H,2H2,1H3",ZEYHJZPBRUFJFN-UHFFFAOYSA-N
Ethanol;rubidium(1+),Industrial,59975587,C2H5ORb,130.53,,1,2,20.2,[CH2-]CO.[Rb+],PubChem,,,,Structure_PubChem,130.529,-3.1832,1,1,20.23,4,0,0,,,,,130.529,,C2H5ORb,,,,,,,,,,,Trouvé,,,,CID_59975587,Ethanol;rubidium(1+),ethanol;rubidium(1+),[CH2-]CO.[Rb+],"InChI=1S/C2H5O.Rb/c1-2-3;/h3H,1-2H2;/q-1;+1",KPJQGFWZQDXGKW-UHFFFAOYSA-N
CID 59976486,Industrial,59976486,C2H6GaO,115.79,,1,1,20.2,C[Ga]CO,PubChem,,,,Structure_PubChem,115.792,-0.3115,1,1,20.23,4,0,1,,,,,115.792,,C2H6GaO,,,,,,,,,,,Trouvé,,,,CID_59976486,CID 59976486,,C[Ga]CO,"InChI=1S/CH3O.CH3.Ga/c1-2;;/h2H,1H2;1H3;",YRNUIEXFJJGFIW-UHFFFAOYSA-N
Ethanol;rutherfordium,Industrial,59977916,C2H5ORf-,312.18,,1,2,20.2,[CH2-]CO.[Rf],PubChem,,,,Structure_PubChem,312.061,-0.1872,1,1,20.23,4,0,0,,,,,312.061,,C2H5ORf-,,,,,,,,,,,Trouvé,,,,CID_59977916,Ethanol;rutherfordium,ethanol;rutherfordium,[CH2-]CO.[Rf],"InChI=1S/C2H5O.Rf/c1-2-3;/h3H,1-2H2;/q-1;",UWTHSNFFLXXZKX-UHFFFAOYSA-N
Propan-2-one;rhenium;rutherfordium,Industrial,59987416,C3H5OReRf-,510.4,,0,2,17.1,CC(=O)[CH2-].[Re].[Rf],PubChem,,,,Structure_PubChem,510.279,0.407,0,1,17.07,6,0,0,,,,,510.279,,C3H5OReRf-,,,,,,,,,,,Trouvé,,,,CID_59987416,Propan-2-one;rhenium;rutherfordium,propan-2-one;rhenium;rutherfordium,CC(=O)[CH2-].[Re].[Rf],"InChI=1S/C3H5O.Re.Rf/c1-3(2)4;;/h1H2,2H3;;/q-1;;",IFRLOKKEJITGJY-UHFFFAOYSA-N
2-Fluoroethanol;rutherfordium,Industrial,59997956,C2H5FORf,331.18,,1,2,20.2,C(CF)O.[Rf],PubChem,,,,Structure_PubChem,331.059,-0.0518,1,1,20.23,5,0,1,,,,,331.059,,C2H5FORf,,,,,,,,,,,Trouvé,,,,CID_59997956,2-Fluoroethanol;rutherfordium,2-fluoroethanol;rutherfordium,C(CF)O.[Rf],"InChI=1S/C2H5FO.Rf/c3-1-2-4;/h4H,1-2H2;",PSUPBVIBFGQPBC-UHFFFAOYSA-N
Propan-1-ol;yttrium,Industrial,60003132,C3H7OY-,147.99,,1,2,20.2,CC[CH-]O.[Y],PubChem,,,,Structure_PubChem,147.994,0.9282,1,1,20.23,5,0,1,,,,,147.994,,C3H7OY-,,,,,,,,,,,Trouvé,,,,CID_60003132,Propan-1-ol;yttrium,propan-1-ol;yttrium,CC[CH-]O.[Y],"InChI=1S/C3H7O.Y/c1-2-3-4;/h3-4H,2H2,1H3;/q-1;",UEBDRZRWWDBUAY-UHFFFAOYSA-N
Propan-1-ol;rutherfordium,Industrial,60010979,C3H8ORf,327.22,,1,1,20.2,CCCO.[Rf],PubChem,,,,Structure_PubChem,327.096,0.3887,1,1,20.23,5,0,1,,,,,327.096,,C3H8ORf,,,,,,,,,,,Trouvé,,,,CID_60010979,Propan-1-ol;rutherfordium,propan-1-ol;rutherfordium,CCCO.[Rf],"InChI=1S/C3H8O.Rf/c1-2-3-4;/h4H,2-3H2,1H3;",PKZUSSPGHMRLTO-UHFFFAOYSA-N
Butan-2-one;tris(yttrium),Industrial,60012582,C4H7OY3-,337.82,,0,2,17.1,CCC(=O)[CH2-].[Y].[Y].[Y],PubChem,,,,Structure_PubChem,337.817,0.7921,0,1,17.07,8,0,1,,,,,337.817,,C4H7OY3-,,,,,,,,,,,Trouvé,,,,CID_60012582,Butan-2-one;tris(yttrium),butan-2-one;tris(yttrium),CCC(=O)[CH2-].[Y].[Y].[Y],"InChI=1S/C4H7O.3Y/c1-3-4(2)5;;;/h2-3H2,1H3;;;/q-1;;;",AXOKCVOTNCCMTQ-UHFFFAOYSA-N
Ethane;methanol;rutherfordium,Industrial,60030004,C3H8ORf-2,327.22,,1,3,20.2,C[CH2-].[CH2-]O.[Rf],PubChem,,,,Structure_PubChem,327.096,0.9909,1,1,20.23,5,0,0,,,,,327.096,,C3H8ORf-2,,,,,,,,,,,Trouvé,,,,CID_60030004,Ethane;methanol;rutherfordium,ethane;methanol;rutherfordium,C[CH2-].[CH2-]O.[Rf],"InChI=1S/C2H5.CH3O.Rf/c2*1-2;/h1H2,2H3;2H,1H2;/q2*-1;",KCBAOADTWLQVTF-UHFFFAOYSA-N
Butan-2-one;rhenium,Industrial,60044687,C4H7ORe-,257.3,,0,2,17.1,CCC(=O)[CH2-].[Re],PubChem,,,,Structure_PubChem,257.306,0.7971,0,1,17.07,6,0,1,,,,,257.306,,C4H7ORe-,,,,,,,,,,,Trouvé,,,,CID_60044687,Butan-2-one;rhenium,butan-2-one;rhenium,CCC(=O)[CH2-].[Re],"InChI=1S/C4H7O.Re/c1-3-4(2)5;/h2-3H2,1H3;/q-1;",ZAGWSTVREAMZNH-UHFFFAOYSA-N
Butan-2-one;vanadium,Industrial,60044722,C4H7OV-,122.04,,0,2,17.1,CCC(=O)[CH2-].[V],PubChem,,,,Structure_PubChem,122.043,0.7971,0,1,17.07,6,0,1,,,,,122.043,,C4H7OV-,,,,,,,,,,,Trouvé,,,,CID_60044722,Butan-2-one;vanadium,butan-2-one;vanadium,CCC(=O)[CH2-].[V],"InChI=1S/C4H7O.V/c1-3-4(2)5;/h2-3H2,1H3;/q-1;",WFYDKAUKKQVXMH-UHFFFAOYSA-N
Propane;propan-2-one;yttrium,Industrial,60057348,C6H12OY-2,189.06,,0,3,17.1,CC[CH2-].CC(=O)[CH2-].[Y],PubChem,,,,Structure_PubChem,189.067,1.6375,0,1,17.07,8,0,0,,,,,189.067,,C6H12OY-2,,,,,,,,,,,Trouvé,,,,CID_60057348,Propane;propan-2-one;yttrium,propane;propan-2-one;yttrium,CC[CH2-].CC(=O)[CH2-].[Y],"InChI=1S/C3H5O.C3H7.Y/c1-3(2)4;1-3-2;/h1H2,2H3;1,3H2,2H3;/q2*-1;",UDWBJGLVASTTNI-UHFFFAOYSA-N
CID 60074138,Industrial,60074138,C2H5O-,45.06,-0.1,1,2,20.2,[CH2-]CO,PubChem,,,,Structure_PubChem,45.061,-0.1872,1,1,20.23,3,0,0,,,,,45.061,,C2H5O-,,,,,,,,,,,Trouvé,,,,CID_60074138,CID 60074138,ethanol,[CH2-]CO,"InChI=1S/C2H5O/c1-2-3/h3H,1-2H2/q-1",CFDOEKADKVZDCB-UHFFFAOYSA-N
Actinium;carbanide;methanol,Industrial,60101230,C2H7AcO-,274.1,,1,2,20.2,[CH3-].CO.[Ac],PubChem,,,,Structure_PubChem,274.077,0.0588,1,1,20.23,4,0,0,,,,,274.077,,C2H7AcO-,,,,,,,,,,,Trouvé,,,,CID_60101230,Actinium;carbanide;methanol,actinium;carbanide;methanol,[CH3-].CO.[Ac],"InChI=1S/CH4O.CH3.Ac/c1-2;;/h2H,1H3;1H3;/q;-1;",PHVBVZBQFPPANR-UHFFFAOYSA-N
Cobalt;ethanol,Industrial,60104678,C2H5CoO-,103.99,,1,2,20.2,[CH2-]CO.[Co],PubChem,,,,Structure_PubChem,103.994,-0.1897,1,1,20.23,4,0,0,,,,,103.994,,C2H5CoO-,,,,,,,,,,,Trouvé,,,,CID_60104678,Cobalt;ethanol,cobalt;ethanol,[CH2-]CO.[Co],"InChI=1S/C2H5O.Co/c1-2-3;/h3H,1-2H2;/q-1;",HVGMOXOXQISWEY-UHFFFAOYSA-N
Ethane;propan-2-one;yttrium,Industrial,60104799,C5H10OY-2,175.04,,0,3,17.1,C[CH2-].CC(=O)[CH2-].[Y],PubChem,,,,Structure_PubChem,175.04,1.2474,0,1,17.07,7,0,0,,,,,175.04,,C5H10OY-2,,,,,,,,,,,Trouvé,,,,CID_60104799,Ethane;propan-2-one;yttrium,ethane;propan-2-one;yttrium,C[CH2-].CC(=O)[CH2-].[Y],"InChI=1S/C3H5O.C2H5.Y/c1-3(2)4;1-2;/h1H2,2H3;1H2,2H3;/q2*-1;",IMTLZLNSUJEZQN-UHFFFAOYSA-N
Methoxyrhenium,Industrial,60105139,CH4ORe,218.249,,1,1,20.2,CO.[Re],PubChem,,,,Structure_PubChem,218.249,-0.394,1,1,20.23,3,0,0,,,,,218.249,,CH4ORe,,,,,,,,,,,Trouvé,,,,CID_60105139,Methoxyrhenium,methanol;rhenium,CO.[Re],"InChI=1S/CH4O.Re/c1-2;/h2H,1H3;",YLAWOZOJKZARMP-UHFFFAOYSA-N
CID 60112954,Industrial,60112954,C3H2O,54.05,-0.1,0,1,17.1,[CH]C(=O)[CH],PubChem,,,,Structure_PubChem,54.048,-0.0223,0,1,17.07,4,0,0,,,,,54.048,,C3H2O,,,,,,,,,,,Trouvé,,,,CID_60112954,CID 60112954,,[CH]C(=O)[CH],InChI=1S/C3H2O/c1-3(2)4/h1-2H,ZXAUFTNVFGAXDP-UHFFFAOYSA-N
Methanol;hexakis(vanadium),Industrial,60117014,CH4OV6,337.691,,1,1,20.2,CO.[V].[V].[V].[V].[V].[V],PubChem,,,,Structure_PubChem,337.706,-0.4065,1,1,20.23,8,0,0,,,,,337.706,,CH4OV6,,,,,,,,,,,Trouvé,,,,CID_60117014,Methanol;hexakis(vanadium),methanol;hexakis(vanadium),CO.[V].[V].[V].[V].[V].[V],"InChI=1S/CH4O.6V/c1-2;;;;;;/h2H,1H3;;;;;;",IRWVCHIVYHCMMI-UHFFFAOYSA-N
Protiooxymethane,Industrial,60127938,CH4O,32.042,-0.5,1,1,20.2,[1H]OC,PubChem,,,,Structure_PubChem,32.0418,-0.3915,1,1,20.23,2,0,0,,,,,32.0418,,CH4O,,,,,,,,,,,Trouvé,,,,CID_60127938,Protiooxymethane,protiooxymethane,[1H]OC,"InChI=1S/CH4O/c1-2/h2H,1H3/i2H",OKKJLVBELUTLKV-WWXGHNMISA-N
Ethyloxidanium,Industrial,60130942,C2H6O,46.07,-0.1,1,1,1.0,C[CH-][OH2+],PubChem,,,,Structure_PubChem,46.069,-0.1073,0,0,22.9,3,0,0,,,,,46.069,,C2H6O,,,,,,,,,,,Trouvé,,,,CID_60130942,Ethyloxidanium,ethyloxidanium,C[CH-][OH2+],"InChI=1S/C2H6O/c1-2-3/h2H,3H2,1H3",IZRWEMRADYDKSZ-UHFFFAOYSA-N
(1R)-1-fluoroethanol,Industrial,60205193,C2H5FO,64.06,0.4,1,2,20.2,C[C@H](O)F,PubChem,,,,Structure_PubChem,64.059,0.2942,1,1,20.23,4,0,0,,,,,64.059,,C2H5FO,,,,,,,,,,,Trouvé,,,,CID_60205193,(1R)-1-fluoroethanol,(1R)-1-fluoroethanol,C[C@H](O)F,"InChI=1S/C2H5FO/c1-2(3)4/h2,4H,1H3/t2-/m0/s1",OGBOTYGRYZDLMG-REOHCLBHSA-N
Sodium phenoxide,Industrial,66602278,C6H6NaO,117.1,,1,1,20.2,C1=CC=C(C=C1)O.[Na],PubChem,,,,Structure_PubChem,117.103,1.0114,1,1,20.23,8,1,0,,,,,117.103,,C6H6NaO,,,,,,,,,,,Trouvé,,,,CID_66602278,Sodium phenoxide,,C1=CC=C(C=C1)O.[Na],"InChI=1S/C6H6O.Na/c7-6-4-2-1-3-5-6;/h1-5,7H;",PYOZTOXFQNWBIS-UHFFFAOYSA-N
"Benzoic acid, 2-hydroxy-, (3Z)-1-methyl-3-hexen-1-yl ester",Industrial,67480918,C14H18O3,234.29,4.5,1,3,46.5,CC/C=C\CC(C)OC(=O)C1=CC=CC=C1O,PubChem,,,,Structure_PubChem,234.295,3.2938,1,3,46.53,17,1,5,,,,,234.295,,C14H18O3,,,,,,,,,,,Trouvé,,,,CID_67480918,"Benzoic acid, 2-hydroxy-, (3Z)-1-methyl-3-hexen-1-yl ester",[(Z)-hept-4-en-2-yl] 2-hydroxybenzoate,CC/C=C\CC(C)OC(=O)C1=CC=CC=C1O,"InChI=1S/C14H18O3/c1-3-4-5-8-11(2)17-14(16)12-9-6-7-10-13(12)15/h4-7,9-11,15H,3,8H2,1-2H3/b5-4-",AWFJMMINHWORIB-PLNGDYQASA-N
"Methanol-12C, 99.95 atom % 12C",Industrial,71309207,CH4O,32.031,-0.5,1,1,20.2,[12CH3]O,PubChem,,,,Structure_PubChem,32.031,-0.3915,1,1,20.23,2,0,0,,,,,32.031,,CH4O,,,,,,,,,,,Trouvé,,,,CID_71309207,"Methanol-12C, 99.95 atom % 12C",(112C)methanol,[12CH3]O,"InChI=1S/CH4O/c1-2/h2H,1H3/i1+0",OKKJLVBELUTLKV-IGMARMGPSA-N
"2,3-Butanedione-13C2",Industrial,71309459,C4H6O2,88.07,-1.3,0,2,34.1,[13CH3]C(=O)C(=O)[13CH3],PubChem,,,,Structure_PubChem,88.0747,0.1644,0,2,34.14,6,0,1,,,,,88.0747,,C4H6O2,,,,,,,,,,,Trouvé,,,,CID_71309459,"2,3-Butanedione-13C2","(1,4-13C2)butane-2,3-dione",[13CH3]C(=O)C(=O)[13CH3],"InChI=1S/C4H6O2/c1-3(5)4(2)6/h1-2H3/i1+1,2+1",QSJXEFYPDANLFS-ZDOIIHCHSA-N
(~13~C_3_)Propan-1-ol,Industrial,71309548,C3H8O,63.073,0.3,1,1,20.2,[13CH3][13CH2][13CH2]O,PubChem,,,,Structure_PubChem,63.0731,0.3887,1,1,20.23,4,0,1,,,,,63.0731,,C3H8O,,,,,,,,,,,Trouvé,,,,CID_71309548,(~13~C_3_)Propan-1-ol,"(1,2,3-13C3)propan-1-ol",[13CH3][13CH2][13CH2]O,"InChI=1S/C3H8O/c1-2-3-4/h4H,2-3H2,1H3/i1+1,2+1,3+1",BDERNNFJNOPAEC-VMIGTVKRSA-N
"2,3-Butanedione-2,3-13C2",Industrial,71309591,C4H6O2,88.07,-1.3,0,2,34.1,C[13C](=O)[13C](=O)C,PubChem,,,,Structure_PubChem,88.0747,0.1644,0,2,34.14,6,0,1,,,,,88.0747,,C4H6O2,,,,,,,,,,,Trouvé,,,,CID_71309591,"2,3-Butanedione-2,3-13C2","(2,3-13C2)butane-2,3-dione",C[13C](=O)[13C](=O)C,"InChI=1S/C4H6O2/c1-3(5)4(2)6/h1-2H3/i3+1,4+1",QSJXEFYPDANLFS-CQDYUVAPSA-N
CID 71331219,Industrial,71331219,CH4AlO,59.023,,1,1,20.2,CO.[Al],PubChem,,,,Structure_PubChem,59.024,-0.7723,1,1,20.23,3,0,0,,,,,59.024,,CH4AlO,,,,,,,,,,,Trouvé,,,,CID_71331219,CID 71331219,,CO.[Al],"InChI=1S/CH4O.Al/c1-2;/h2H,1H3;",KBXLUELRMYXUGB-UHFFFAOYSA-N
1-Fluoropropan-2-one;chloride,Industrial,71362589,C3H5ClFO-,111.52,,0,3,17.1,CC(=O)CF.[Cl-],PubChem,,,,Structure_PubChem,111.523,-2.4511,0,1,17.07,6,0,1,,,,,111.523,,C3H5ClFO-,,,,,,,,,,,Trouvé,,,,CID_71362589,1-Fluoropropan-2-one;chloride,1-fluoropropan-2-one chloride,CC(=O)CF.[Cl-],"InChI=1S/C3H5FO.ClH/c1-3(5)2-4;/h2H2,1H3;1H/p-1",SPDMEPRJXOORSG-UHFFFAOYSA-M
Lithium;propan-2-one,Industrial,71372367,C3H6LiO+,65.0,,0,1,17.1,[Li+].CC(=O)C,PubChem,,,,Structure_PubChem,65.021,-2.4007,0,1,17.07,5,0,0,,,,,65.021,,C3H6LiO+,,,,,,,,,,,Trouvé,,,,CID_71372367,Lithium;propan-2-one,lithium propan-2-one,[Li+].CC(=O)C,InChI=1S/C3H6O.Li/c1-3(2)4;/h1-2H3;/q;+1,BAAFXEYDCMAAPN-UHFFFAOYSA-N
CID 71410221,Industrial,71410221,CH6GeO,106.69,,1,1,20.2,C(O)[GeH3],PubChem,,,,Structure_PubChem,106.668,-1.6984,1,1,20.23,3,0,0,,,,,106.668,,CH6GeO,,,,,,,,,,,Trouvé,,,,CID_71410221,CID 71410221,germylmethanol,C(O)[GeH3],"InChI=1S/CH6GeO/c2-1-3/h3H,1H2,2H3",WUPSDIWFTBQLDR-UHFFFAOYSA-N
Iron;methanol,Industrial,71417207,CH4FeO,87.89,,1,1,20.2,CO.[Fe],PubChem,,,,Structure_PubChem,87.887,-0.394,1,1,20.23,3,0,0,,,,,87.887,,CH4FeO,,,,,,,,,,,Trouvé,,,,CID_71417207,Iron;methanol,iron;methanol,CO.[Fe],"InChI=1S/CH4O.Fe/c1-2;/h2H,1H3;",JUDGILXVLDXGHJ-UHFFFAOYSA-N
AKC 165; Calcium Dimethoxide,Industrial,71428646,CH4CaO,72.12,,1,1,20.2,CO.[Ca],PubChem,,,,Structure_PubChem,72.12,-0.7723,1,1,20.23,3,0,0,,,,,72.12,,CH4CaO,,,,,,,,,,,Trouvé,,,,CID_71428646,AKC 165; Calcium Dimethoxide,,CO.[Ca],"InChI=1S/CH4O.Ca/c1-2;/h2H,1H3;",NVXIEDHPFHVZTC-UHFFFAOYSA-N
Phenylarsonic Acid Sodium Salt,Industrial,71459681,C6H6AsNaO3,224.02,,1,3,60.4,C1=CC=C(C=C1)[As](=O)(O)[O-].[Na+],PubChem,,,,Structure_PubChem,224.023,-4.3804,1,2,60.36,11,1,1,,,,,224.023,,C6H6AsNaO3,,,,,,,,,,,Trouvé,,,,CID_71459681,Phenylarsonic Acid Sodium Salt,sodium hydroxy(phenyl)arsinate,C1=CC=C(C=C1)[As](=O)(O)[O-].[Na+],"InChI=1S/C6H7AsO3.Na/c8-7(9,10)6-4-2-1-3-5-6;/h1-5H,(H2,8,9,10);/q;+1/p-1",LUPBXZHKOCCQGV-UHFFFAOYSA-M
4-Triethylsilylphenol,Industrial,71720369,C12H20OSi,208.37,,1,1,20.2,CC[Si](CC)(CC)C1=CC=C(C=C1)O,PubChem,,,,Structure_PubChem,208.377,3.1077,1,1,20.23,14,1,4,,,,,208.377,,C12H20OSi,,,,,,,,,,,Trouvé,,,,CID_71720369,4-Triethylsilylphenol,4-triethylsilylphenol,CC[Si](CC)(CC)C1=CC=C(C=C1)O,"InChI=1S/C12H20OSi/c1-4-14(5-2,6-3)12-9-7-11(13)8-10-12/h7-10,13H,4-6H2,1-3H3",QQZNAHGCLIXTFM-UHFFFAOYSA-N
2-Iodo-3-methylphenol,Industrial,72222103,C7H7IO,234.03,2.6,1,1,20.2,CC1=C(C(=CC=C1)O)I,PubChem,,,,Structure_PubChem,234.036,2.3052,1,1,20.23,9,1,0,,,,,234.036,,C7H7IO,,,,,,,,,,,Trouvé,,,,CID_72222103,2-Iodo-3-methylphenol,2-iodo-3-methylphenol,CC1=C(C(=CC=C1)O)I,"InChI=1S/C7H7IO/c1-5-3-2-4-6(9)7(5)8/h2-4,9H,1H3",SQQLELZQLWQUEP-UHFFFAOYSA-N
CID 72470430,Industrial,72470430,C2H6LiNbO,145.9,,1,1,20.2,[Li].CCO.[Nb],PubChem,,,,Structure_PubChem,145.916,-0.3847,1,1,20.23,5,0,0,,,,,145.916,,C2H6LiNbO,,,,,,,,,,,Trouvé,,,,CID_72470430,CID 72470430,,[Li].CCO.[Nb],"InChI=1S/C2H6O.Li.Nb/c1-2-3;;/h3H,2H2,1H3;;",ZKZDFIWYUXIKTP-UHFFFAOYSA-N
Ethanol;rhenium,Industrial,72601071,C2H6ORe,232.28,,1,1,20.2,CCO.[Re],PubChem,,,,Structure_PubChem,232.276,-0.0039,1,1,20.23,4,0,0,,,,,232.276,,C2H6ORe,,,,,,,,,,,Trouvé,,,,CID_72601071,Ethanol;rhenium,ethanol;rhenium,CCO.[Re],"InChI=1S/C2H6O.Re/c1-2-3;/h3H,2H2,1H3;",KOAGBGDIZQKLQI-UHFFFAOYSA-N
Methanol;rhenium,Industrial,72649218,CH4ORe,218.249,,1,1,20.2,CO.[Re],PubChem,,,,Structure_PubChem,218.249,-0.394,1,1,20.23,3,0,0,,,,,218.249,,CH4ORe,,,,,,,,,,,Trouvé,,,,CID_72649218,Methanol;rhenium,methanol;rhenium,CO.[Re],"InChI=1S/CH4O.Re/c1-2;/h2H,1H3;",YLAWOZOJKZARMP-UHFFFAOYSA-N
Methanol;tungsten,Industrial,73430669,CH4OW,215.88,,1,1,20.2,CO.[W],PubChem,,,,Structure_PubChem,215.882,-0.394,1,1,20.23,3,0,0,,,,,215.882,,CH4OW,,,,,,,,,,,Trouvé,,,,CID_73430669,Methanol;tungsten,methanol;tungsten,CO.[W],"InChI=1S/CH4O.W/c1-2;/h2H,1H3;",BLGJOEGUMNZGEX-UHFFFAOYSA-N
Actinium;ethanol,Industrial,73458283,C2H6AcO,273.1,,1,1,20.2,CCO.[Ac],PubChem,,,,Structure_PubChem,273.069,-0.0014,1,1,20.23,4,0,0,,,,,273.069,,C2H6AcO,,,,,,,,,,,Trouvé,,,,CID_73458283,Actinium;ethanol,actinium;ethanol,CCO.[Ac],"InChI=1S/C2H6O.Ac/c1-2-3;/h3H,2H2,1H3;",QUISZVLZWILMOH-UHFFFAOYSA-N
Titanium(iv)methoxide,Industrial,73509589,CH4OTi,79.909,,1,1,20.2,CO.[Ti],PubChem,,,,Structure_PubChem,79.909,-0.394,1,1,20.23,3,0,0,,,,,79.909,,CH4OTi,,,,,,,,,,,Trouvé,,,,CID_73509589,Titanium(iv)methoxide,methanol;titanium,CO.[Ti],"InChI=1S/CH4O.Ti/c1-2;/h2H,1H3;",YQXQWFASZYSARF-UHFFFAOYSA-N
Ethanol;yttrium,Industrial,73675197,C2H6OY,134.97,,1,1,20.2,CCO.[Y],PubChem,,,,Structure_PubChem,134.975,-0.0039,1,1,20.23,4,0,0,,,,,134.975,,C2H6OY,,,,,,,,,,,Trouvé,,,,CID_73675197,Ethanol;yttrium,ethanol;yttrium,CCO.[Y],"InChI=1S/C2H6O.Y/c1-2-3;/h3H,2H2,1H3;",PKFPAWJVJYVYQG-UHFFFAOYSA-N
Methanol;uranium,Industrial,73681981,CH4OU,270.071,,1,1,20.2,CO.[U],PubChem,,,,Structure_PubChem,270.071,-0.3915,1,1,20.23,3,0,0,,,,,270.071,,CH4OU,,,,,,,,,,,Trouvé,,,,CID_73681981,Methanol;uranium,methanol;uranium,CO.[U],"InChI=1S/CH4O.U/c1-2;/h2H,1H3;",CYEUSPJRJKLFRA-UHFFFAOYSA-N
Ethanol;trichlorovanadium,Industrial,73682722,C2H6Cl3OV,203.36,,1,1,20.2,CCO.Cl[V](Cl)Cl,PubChem,,,,Structure_PubChem,203.372,2.0646,1,1,20.23,7,0,0,,,,,203.372,,C2H6Cl3OV,,,,,,,,,,,Trouvé,,,,CID_73682722,Ethanol;trichlorovanadium,ethanol;trichlorovanadium,CCO.Cl[V](Cl)Cl,"InChI=1S/C2H6O.3ClH.V/c1-2-3;;;;/h3H,2H2,1H3;3*1H;/q;;;;+3/p-3",OUGDLRPFUBANGI-UHFFFAOYSA-K
Methanol;vanadium,Industrial,73705119,CH4OV,82.983,,1,1,20.2,CO.[V],PubChem,,,,Structure_PubChem,82.986,-0.394,1,1,20.23,3,0,0,,,,,82.986,,CH4OV,,,,,,,,,,,Trouvé,,,,CID_73705119,Methanol;vanadium,methanol;vanadium,CO.[V],"InChI=1S/CH4O.V/c1-2;/h2H,1H3;",KTXUFELVMHIUKA-UHFFFAOYSA-N
Methanol;praseodymium,Industrial,73705380,CH4OPr,172.95,,1,1,20.2,CO.[Pr],PubChem,,,,Structure_PubChem,172.95,-0.3915,1,1,20.23,3,0,0,,,,,172.95,,CH4OPr,,,,,,,,,,,Trouvé,,,,CID_73705380,Methanol;praseodymium,methanol;praseodymium,CO.[Pr],"InChI=1S/CH4O.Pr/c1-2;/h2H,1H3;",BCTWVQGHYAWXAC-UHFFFAOYSA-N
Methanol;yttrium,Industrial,73864187,CH4OY,120.948,,1,1,20.2,CO.[Y],PubChem,,,,Structure_PubChem,120.948,-0.394,1,1,20.23,3,0,0,,,,,120.948,,CH4OY,,,,,,,,,,,Trouvé,,,,CID_73864187,Methanol;yttrium,methanol;yttrium,CO.[Y],"InChI=1S/CH4O.Y/c1-2;/h2H,1H3;",GAQUZPVFVRSJAJ-UHFFFAOYSA-N
Methanol nickel,Industrial,73988284,CH4NiO,90.735,,1,1,20.2,CO.[Ni],PubChem,,,,Structure_PubChem,90.735,-0.394,1,1,20.23,3,0,0,,,,,90.735,,CH4NiO,,,,,,,,,,,Trouvé,,,,CID_73988284,Methanol nickel,methanol;nickel,CO.[Ni],"InChI=1S/CH4O.Ni/c1-2;/h2H,1H3;",ZMBGEOHZPOUFHR-UHFFFAOYSA-N
Ethanol;manganese,Industrial,73988295,C2H6MnO,101.01,,1,1,20.2,CCO.[Mn],PubChem,,,,Structure_PubChem,101.007,-0.0039,1,1,20.23,4,0,0,,,,,101.007,,C2H6MnO,,,,,,,,,,,Trouvé,,,,CID_73988295,Ethanol;manganese,ethanol;manganese,CCO.[Mn],"InChI=1S/C2H6O.Mn/c1-2-3;/h3H,2H2,1H3;",AQNXACCXVLZMFJ-UHFFFAOYSA-N
Cobalt;ethanol,Industrial,73988298,C2H6CoO,105.0,,1,1,20.2,CCO.[Co],PubChem,,,,Structure_PubChem,105.002,-0.0039,1,1,20.23,4,0,0,,,,,105.002,,C2H6CoO,,,,,,,,,,,Trouvé,,,,CID_73988298,Cobalt;ethanol,cobalt;ethanol,CCO.[Co],"InChI=1S/C2H6O.Co/c1-2-3;/h3H,2H2,1H3;",KFKJUYCIGRHJCF-UHFFFAOYSA-N
Methanol;zirconium,Industrial,74032993,CH4OZr,123.26,,1,1,20.2,CO.[Zr],PubChem,,,,Structure_PubChem,123.266,-0.394,1,1,20.23,3,0,0,,,,,123.266,,CH4OZr,,,,,,,,,,,Trouvé,,,,CID_74032993,Methanol;zirconium,methanol;zirconium,CO.[Zr],"InChI=1S/CH4O.Zr/c1-2;/h2H,1H3;",DKQGBNMFENIFEI-UHFFFAOYSA-N
"Ethanol, tungsten(5+) salt (9CI)",Industrial,74053264,C2H6OW,229.91,,1,1,20.2,CCO.[W],PubChem,,,,Structure_PubChem,229.909,-0.0039,1,1,20.23,4,0,0,,,,,229.909,,C2H6OW,,,,,,,,,,,Trouvé,,,,CID_74053264,"Ethanol, tungsten(5+) salt (9CI)",ethanol;tungsten,CCO.[W],"InChI=1S/C2H6O.W/c1-2-3;/h3H,2H2,1H3;",LQZQHERYTMMCGH-UHFFFAOYSA-N
Methanol;platinum,Industrial,76210607,CH4OPt,227.13,,1,1,20.2,CO.[Pt],PubChem,,,,Structure_PubChem,227.12,-0.394,1,1,20.23,3,0,0,,,,,227.12,,CH4OPt,,,,,,,,,,,Trouvé,,,,CID_76210607,Methanol;platinum,methanol;platinum,CO.[Pt],"InChI=1S/CH4O.Pt/c1-2;/h2H,1H3;",KOBSSDCAJAWIIY-UHFFFAOYSA-N
Methanol;rhodium,Industrial,76606714,CH4ORh,134.947,,1,1,20.2,CO.[Rh],PubChem,,,,Structure_PubChem,134.948,-0.394,1,1,20.23,3,0,0,,,,,134.948,,CH4ORh,,,,,,,,,,,Trouvé,,,,CID_76606714,Methanol;rhodium,methanol;rhodium,CO.[Rh],"InChI=1S/CH4O.Rh/c1-2;/h2H,1H3;",AOCVBZSKGICTKL-UHFFFAOYSA-N
Methanol--oxoiron (1/1),Industrial,78070402,CH4FeO2,103.89,,1,2,37.3,CO.O=[Fe],PubChem,,,,Structure_PubChem,103.886,-0.5128,1,2,37.3,4,0,0,,,,,103.886,,CH4FeO2,,,,,,,,,,,Trouvé,,,,CID_78070402,Methanol--oxoiron (1/1),methanol;oxoiron,CO.O=[Fe],"InChI=1S/CH4O.Fe.O/c1-2;;/h2H,1H3;;",CHPAGFCKDSEBSP-UHFFFAOYSA-N
Copper(1+);propan-2-one,Industrial,85604193,C3H6CuO+,121.63,,0,1,17.1,CC(=O)C.[Cu+],PubChem,,,,Structure_PubChem,121.626,0.5928,0,1,17.07,5,0,0,,,,,121.626,,C3H6CuO+,,,,,,,,,,,Trouvé,,,,CID_85604193,Copper(1+);propan-2-one,copper(1+);propan-2-one,CC(=O)C.[Cu+],InChI=1S/C3H6O.Cu/c1-3(2)4;/h1-2H3;/q;+1,HZOVUUQBYYRRKR-UHFFFAOYSA-N
Silver propan-2-one,Industrial,85613708,C3H6AgO+,165.95,,0,1,17.1,CC(=O)C.[Ag+],PubChem,,,,Structure_PubChem,165.948,0.5928,0,1,17.07,5,0,0,,,,,165.948,,C3H6AgO+,,,,,,,,,,,Trouvé,,,,CID_85613708,Silver propan-2-one,silver propan-2-one,CC(=O)C.[Ag+],InChI=1S/C3H6O.Ag/c1-3(2)4;/h1-2H3;/q;+1,BGVBGWPCDGVFIK-UHFFFAOYSA-N
Copper;propan-2-one,Industrial,85694641,C3H6CuO,121.63,,0,1,17.1,CC(=O)C.[Cu],PubChem,,,,Structure_PubChem,121.626,0.5928,0,1,17.07,5,0,0,,,,,121.626,,C3H6CuO,,,,,,,,,,,Trouvé,,,,CID_85694641,Copper;propan-2-one,copper;propan-2-one,CC(=O)C.[Cu],InChI=1S/C3H6O.Cu/c1-3(2)4;/h1-2H3;,GEBVYLHOCNKBAH-UHFFFAOYSA-N
Chromium;propan-2-one,Industrial,85694643,C3H6CrO,110.08,,0,1,17.1,CC(=O)C.[Cr],PubChem,,,,Structure_PubChem,110.076,0.5928,0,1,17.07,5,0,0,,,,,110.076,,C3H6CrO,,,,,,,,,,,Trouvé,,,,CID_85694643,Chromium;propan-2-one,chromium;propan-2-one,CC(=O)C.[Cr],InChI=1S/C3H6O.Cr/c1-3(2)4;/h1-2H3;,ONXOYNDVTMZPOV-UHFFFAOYSA-N
Ethanol-water water water,Industrial,85699776,C2H12O4,100.11,,4,4,23.2,CCO.O.O.O,PubChem,,,,Structure_PubChem,100.114,-2.4755,1,1,114.73,6,0,0,,,,,100.114,,C2H12O4,,,,,,,,,,,Trouvé,,,,CID_85699776,Ethanol-water water water,ethanol;trihydrate,CCO.O.O.O,"InChI=1S/C2H6O.3H2O/c1-2-3;;;/h3H,2H2,1H3;3*1H2",HURMXALBSSCOIZ-UHFFFAOYSA-N
trans-Germanylacetone,Industrial,85749397,C3H5GeO,129.7,,0,1,17.1,CC(=O)C[Ge],PubChem,,,,Structure_PubChem,129.682,0.1622,0,1,17.07,5,0,1,,,,,129.682,,C3H5GeO,,,,,,,,,,,Trouvé,,,,CID_85749397,trans-Germanylacetone,,CC(=O)C[Ge],"InChI=1S/C3H5GeO/c1-3(5)2-4/h2H2,1H3",ZVJOPZKUVIUGFF-UHFFFAOYSA-N
Gadolinium;methanol,Industrial,85767633,CH4GdO,189.29,,1,1,20.2,CO.[Gd],PubChem,,,,Structure_PubChem,189.292,-0.3915,1,1,20.23,3,0,0,,,,,189.292,,CH4GdO,,,,,,,,,,,Trouvé,,,,CID_85767633,Gadolinium;methanol,gadolinium;methanol,CO.[Gd],"InChI=1S/CH4O.Gd/c1-2;/h2H,1H3;",AQEFVPDOTRPGLW-UHFFFAOYSA-N
Lanthanum;methanol,Industrial,85767642,CH4LaO,170.947,,1,1,20.2,CO.[La],PubChem,,,,Structure_PubChem,170.948,-0.3915,1,1,20.23,3,0,0,,,,,170.948,,CH4LaO,,,,,,,,,,,Trouvé,,,,CID_85767642,Lanthanum;methanol,lanthanum;methanol,CO.[La],"InChI=1S/CH4O.La/c1-2;/h2H,1H3;",WNBBLLYALPBBLX-UHFFFAOYSA-N
Lanthanum;methanol,Industrial,85767647,CH4LaO,170.947,,1,1,20.2,CO.[La],PubChem,,,,Structure_PubChem,170.948,-0.3915,1,1,20.23,3,0,0,,,,,170.948,,CH4LaO,,,,,,,,,,,Trouvé,,,,CID_85767647,Lanthanum;methanol,lanthanum;methanol,CO.[La],"InChI=1S/CH4O.La/c1-2;/h2H,1H3;",WNBBLLYALPBBLX-UHFFFAOYSA-N
ZINC propan-2-one,Industrial,85779255,C3H6OZn+2,123.5,,0,1,17.1,CC(=O)C.[Zn+2],PubChem,,,,Structure_PubChem,123.47,0.5928,0,1,17.07,5,0,0,,,,,123.47,,C3H6OZn+2,,,,,,,,,,,Trouvé,,,,CID_85779255,ZINC propan-2-one,zinc propan-2-one,CC(=O)C.[Zn+2],InChI=1S/C3H6O.Zn/c1-3(2)4;/h1-2H3;/q;+2,RZLIMYKBJHASOG-UHFFFAOYSA-N
CID 85784537,Industrial,85784537,C2H5GeO,117.69,,1,1,20.2,C(C[Ge])O,PubChem,,,,Structure_PubChem,117.671,-0.4345,1,1,20.23,4,0,1,,,,,117.671,,C2H5GeO,,,,,,,,,,,Trouvé,,,,CID_85784537,CID 85784537,,C(C[Ge])O,"InChI=1S/C2H5GeO/c3-1-2-4/h4H,1-2H2",VGUNRJRDVTYSCL-UHFFFAOYSA-N
Dihydrate acetone,Industrial,85836815,C3H10O3,94.11,,2,3,19.1,CC(=O)C.O.O,PubChem,,,,Structure_PubChem,94.11,-1.0541,0,1,80.07,6,0,0,,,,,94.11,,C3H10O3,,,,,,,,,,,Trouvé,,,,CID_85836815,Dihydrate acetone,propan-2-one;dihydrate,CC(=O)C.O.O,InChI=1S/C3H6O.2H2O/c1-3(2)4;;/h1-2H3;2*1H2,PJYUPDCACOMARB-UHFFFAOYSA-N
Cobalt;propan-2-one,Industrial,86165451,C3H6CoO,117.01,,0,1,17.1,CC(=O)C.[Co],PubChem,,,,Structure_PubChem,117.013,0.5928,0,1,17.07,5,0,0,,,,,117.013,,C3H6CoO,,,,,,,,,,,Trouvé,,,,CID_86165451,Cobalt;propan-2-one,cobalt;propan-2-one,CC(=O)C.[Co],InChI=1S/C3H6O.Co/c1-3(2)4;/h1-2H3;,WXNKCDDCJOBQEE-UHFFFAOYSA-N
CID 86167554,Industrial,86167554,C2H4FO+,63.05,-0.8,1,2,20.2,C([CH+]F)O,PubChem,,,,Structure_PubChem,63.051,0.11,1,1,20.23,4,0,1,,,,,63.051,,C2H4FO+,,,,,,,,,,,Trouvé,,,,CID_86167554,CID 86167554,2-fluoroethanol,C([CH+]F)O,"InChI=1S/C2H4FO/c3-1-2-4/h1,4H,2H2/q+1",APURBKUTPPOSCS-UHFFFAOYSA-N
Methanol;ZINC,Industrial,86181734,CH4OZn,97.4,,1,1,20.2,CO.[Zn],PubChem,,,,Structure_PubChem,97.432,-0.394,1,1,20.23,3,0,0,,,,,97.432,,CH4OZn,,,,,,,,,,,Trouvé,,,,CID_86181734,Methanol;ZINC,methanol;zinc,CO.[Zn],"InChI=1S/CH4O.Zn/c1-2;/h2H,1H3;",NYGZKMXIYAFNRM-UHFFFAOYSA-N
CID 86184134,Industrial,86184134,CH4OSc,76.998,,1,1,20.2,CO.[Sc],PubChem,,,,Structure_PubChem,76.998,-0.394,1,1,20.23,3,0,0,,,,,76.998,,CH4OSc,,,,,,,,,,,Trouvé,,,,CID_86184134,CID 86184134,methanol;scandium,CO.[Sc],"InChI=1S/CH4O.Sc/c1-2;/h2H,1H3;",CVNNTFXKUUOBPZ-UHFFFAOYSA-N
Manganese;propan-2-one,Industrial,86192230,C3H6MnO,113.02,,0,1,17.1,CC(=O)C.[Mn],PubChem,,,,Structure_PubChem,113.018,0.5928,0,1,17.07,5,0,0,,,,,113.018,,C3H6MnO,,,,,,,,,,,Trouvé,,,,CID_86192230,Manganese;propan-2-one,manganese;propan-2-one,CC(=O)C.[Mn],InChI=1S/C3H6O.Mn/c1-3(2)4;/h1-2H3;,ZMSZLDBJHSORJY-UHFFFAOYSA-N
Nitrogen ethanol,Industrial,86585260,C2H6N2O,74.08,,1,3,67.8,CCO.N#N,PubChem,,,,Structure_PubChem,74.083,0.0288,1,3,67.81,5,0,0,,,,,74.083,,C2H6N2O,,,,,,,,,,,Trouvé,,,,CID_86585260,Nitrogen ethanol,ethanol;molecular nitrogen,CCO.N#N,"InChI=1S/C2H6O.N2/c1-2-3;1-2/h3H,2H2,1H3;",NRQZDZBNWIFTGB-UHFFFAOYSA-N
KOH MeOH Water,Industrial,86591755,CH7KO3,106.16,,3,3,22.2,CO.O.[OH-].[K+],PubChem,,,,Structure_PubChem,106.162,-4.389,1,2,81.73,5,0,0,,,,,106.162,,CH7KO3,,,,,,,,,,,Trouvé,,,,CID_86591755,KOH MeOH Water,potassium;methanol;hydroxide;hydrate,CO.O.[OH-].[K+],"InChI=1S/CH4O.K.2H2O/c1-2;;;/h2H,1H3;;2*1H2/q;+1;;/p-1",MSPKLCPJTYVUSU-UHFFFAOYSA-M
Ethanol water hydrochloric acid,Industrial,86604601,C2H9ClO2,100.54,,3,2,21.2,CCO.O.Cl,PubChem,,,,Structure_PubChem,100.545,-0.4043,1,1,51.73,5,0,0,,,,,100.545,,C2H9ClO2,,,,,,,,,,,Trouvé,,,,CID_86604601,Ethanol water hydrochloric acid,ethanol;hydrate;hydrochloride,CCO.O.Cl,"InChI=1S/C2H6O.ClH.H2O/c1-2-3;;/h3H,2H2,1H3;1H;1H2",IYVLMMUENZSXFK-UHFFFAOYSA-N
NaOH water MeOH,Industrial,86636928,CH7NaO3,90.05,,3,3,22.2,CO.O.[OH-].[Na+],PubChem,,,,Structure_PubChem,90.054,-4.389,1,2,81.73,5,0,0,,,,,90.054,,CH7NaO3,,,,,,,,,,,Trouvé,,,,CID_86636928,NaOH water MeOH,sodium;methanol;hydroxide;hydrate,CO.O.[OH-].[Na+],"InChI=1S/CH4O.Na.2H2O/c1-2;;;/h2H,1H3;;2*1H2/q;+1;;/p-1",XBASCYIHBSLATF-UHFFFAOYSA-M
methanol Palladium,Industrial,86643649,CH4OPd,138.46,,1,1,20.2,CO.[Pd],PubChem,,,,Structure_PubChem,138.462,-0.394,1,1,20.23,3,0,0,,,,,138.462,,CH4OPd,,,,,,,,,,,Trouvé,,,,CID_86643649,methanol Palladium,methanol;palladium,CO.[Pd],"InChI=1S/CH4O.Pd/c1-2;/h2H,1H3;",WOMSTXBCVBQGKV-UHFFFAOYSA-N
Hydroiodic acid acetone,Industrial,86644797,C3H7IO,185.99,,1,1,17.1,CC(=O)C.I,PubChem,,,,Structure_PubChem,185.992,1.2133,0,1,17.07,5,0,0,,,,,185.992,,C3H7IO,,,,,,,,,,,Trouvé,,,,CID_86644797,Hydroiodic acid acetone,propan-2-one;hydroiodide,CC(=O)C.I,InChI=1S/C3H6O.HI/c1-3(2)4;/h1-2H3;1H,FRLFQHHSAZWCQD-UHFFFAOYSA-N
Methanol sodium,Industrial,86653488,CH4NaO,55.032,,1,1,20.2,CO.[Na],PubChem,,,,Structure_PubChem,55.032,-0.7723,1,1,20.23,3,0,0,,,,,55.032,,CH4NaO,,,,,,,,,,,Trouvé,,,,CID_86653488,Methanol sodium,,CO.[Na],"InChI=1S/CH4O.Na/c1-2;/h2H,1H3;",YWOITFUKFOYODT-UHFFFAOYSA-N
Hydroiodide methanol,Industrial,86658592,CH5IO,159.954,,2,1,20.2,CO.I,PubChem,,,,Structure_PubChem,159.954,0.2265,1,1,20.23,3,0,0,,,,,159.954,,CH5IO,,,,,,,,,,,Trouvé,,,,CID_86658592,Hydroiodide methanol,methanol;hydroiodide,CO.I,"InChI=1S/CH4O.HI/c1-2;/h2H,1H3;1H",QOHPTTOYTZOONS-UHFFFAOYSA-N
Hydrogen acetone,Industrial,86660805,C3H8O,60.1,,0,1,17.1,[HH].CC(=O)C,PubChem,,,,Structure_PubChem,60.096,0.8413,0,1,17.07,4,0,0,,,,,60.096,,C3H8O,,,,,,,,,,,Trouvé,,,,CID_86660805,Hydrogen acetone,molecular hydrogen;propan-2-one,[HH].CC(=O)C,InChI=1S/C3H6O.H2/c1-3(2)4;/h1-2H3;1H,VITQDPWSTFGVDC-UHFFFAOYSA-N
MeOH EtOH water,Industrial,86664769,C3H12O3,96.13,,3,3,41.5,CCO.CO.O,PubChem,,,,Structure_PubChem,96.126,-1.2176,2,2,71.96,6,0,0,,,,,96.126,,C3H12O3,,,,,,,,,,,Trouvé,,,,CID_86664769,MeOH EtOH water,ethanol;methanol;hydrate,CCO.CO.O,"InChI=1S/C2H6O.CH4O.H2O/c1-2-3;1-2;/h3H,2H2,1H3;2H,1H3;1H2",VLOVSFJPGNJHMU-UHFFFAOYSA-N
Methanol Zinc,Industrial,86671702,CH4OZn,97.4,,1,1,20.2,CO.[Zn],PubChem,,,,Structure_PubChem,97.432,-0.394,1,1,20.23,3,0,0,,,,,97.432,,CH4OZn,,,,,,,,,,,Trouvé,,,,CID_86671702,Methanol Zinc,methanol;zinc,CO.[Zn],"InChI=1S/CH4O.Zn/c1-2;/h2H,1H3;",NYGZKMXIYAFNRM-UHFFFAOYSA-N
Cl2 MeOH,Industrial,86677090,CH4Cl2O,102.94,,1,1,20.2,CO.ClCl,PubChem,,,,Structure_PubChem,102.948,0.9875,1,1,20.23,4,0,0,,,,,102.948,,CH4Cl2O,,,,,,,,,,,Trouvé,,,,CID_86677090,Cl2 MeOH,methanol;molecular chlorine,CO.ClCl,"InChI=1S/CH4O.Cl2/c2*1-2/h2H,1H3;",ZYHUDZDVFVZECM-UHFFFAOYSA-N
LiOH methanol H2O,Industrial,86727216,CH7LiO3,74.0,,3,3,22.2,[Li+].CO.O.[OH-],PubChem,,,,Structure_PubChem,74.005,-4.389,1,2,81.73,5,0,0,,,,,74.005,,CH7LiO3,,,,,,,,,,,Trouvé,,,,CID_86727216,LiOH methanol H2O,lithium;methanol;hydroxide;hydrate,[Li+].CO.O.[OH-],"InChI=1S/CH4O.Li.2H2O/c1-2;;;/h2H,1H3;;2*1H2/q;+1;;/p-1",VYOLSODMURQDFU-UHFFFAOYSA-M
Hydrochloric acid methanol water,Industrial,86733486,CH7ClO2,86.52,,3,2,21.2,CO.O.Cl,PubChem,,,,Structure_PubChem,86.518,-0.7944,1,1,51.73,4,0,0,,,,,86.518,,CH7ClO2,,,,,,,,,,,Trouvé,,,,CID_86733486,Hydrochloric acid methanol water,methanol;hydrate;hydrochloride,CO.O.Cl,"InChI=1S/CH4O.ClH.H2O/c1-2;;/h2H,1H3;1H;1H2",SSCFPXRLONNQFA-UHFFFAOYSA-N
"Ethanol, sodium salt (1:1)",Industrial,86742833,C2H6NaO,69.06,,1,1,20.2,CCO.[Na],PubChem,,,,Structure_PubChem,69.059,-0.3822,1,1,20.23,4,0,0,,,,,69.059,,C2H6NaO,,,,,,,,,,,Trouvé,,,,CID_86742833,"Ethanol, sodium salt (1:1)",,CCO.[Na],"InChI=1S/C2H6O.Na/c1-2-3;/h3H,2H2,1H3;",SSVFMICWXDVRQN-UHFFFAOYSA-N
ethanol Raney-nickel,Industrial,86745698,C2H6NiO,104.76,,1,1,20.2,CCO.[Ni],PubChem,,,,Structure_PubChem,104.762,-0.0039,1,1,20.23,4,0,0,,,,,104.762,,C2H6NiO,,,,,,,,,,,Trouvé,,,,CID_86745698,ethanol Raney-nickel,ethanol;nickel,CCO.[Ni],"InChI=1S/C2H6O.Ni/c1-2-3;/h3H,2H2,1H3;",DUKQZMHSXLRNSN-UHFFFAOYSA-N
Potassium hydrosulfide ethanol,Industrial,86746191,C2H7KOS,118.24,,2,2,21.2,CCO.[SH-].[K+],PubChem,,,,Structure_PubChem,118.242,-3.2675,1,2,20.23,5,0,0,,,,,118.242,,C2H7KOS,,,,,,,,,,,Trouvé,,,,CID_86746191,Potassium hydrosulfide ethanol,potassium;ethanol;sulfanide,CCO.[SH-].[K+],"InChI=1S/C2H6O.K.H2S/c1-2-3;;/h3H,2H2,1H3;;1H2/q;+1;/p-1",BKWOYFPTJWKXRY-UHFFFAOYSA-M
Potassium hydrogensulfide ethanol,Industrial,86746192,C2H8KOS,119.25,,2,2,21.2,CCO.S.[K],PubChem,,,,Structure_PubChem,119.25,-0.2694,1,1,20.23,5,0,0,,,,,119.25,,C2H8KOS,,,,,,,,,,,Trouvé,,,,CID_86746192,Potassium hydrogensulfide ethanol,,CCO.S.[K],"InChI=1S/C2H6O.K.H2S/c1-2-3;;/h3H,2H2,1H3;;1H2",WTJZPRSKXQGTAW-UHFFFAOYSA-N
Silver oxide methanol,Industrial,86748092,CH4AgO2,155.91,,1,2,37.3,CO.O=[Ag],PubChem,,,,Structure_PubChem,155.909,-0.5128,1,2,37.3,4,0,0,,,,,155.909,,CH4AgO2,,,,,,,,,,,Trouvé,,,,CID_86748092,Silver oxide methanol,methanol;oxosilver,CO.O=[Ag],"InChI=1S/CH4O.Ag.O/c1-2;;/h2H,1H3;;",HKUVBCJHWTUKQY-UHFFFAOYSA-N
Sodium hydroxide ethanol water,Industrial,86756116,C2H9NaO3,104.08,,3,3,22.2,CCO.O.[OH-].[Na+],PubChem,,,,Structure_PubChem,104.081,-3.9989,1,2,81.73,6,0,0,,,,,104.081,,C2H9NaO3,,,,,,,,,,,Trouvé,,,,CID_86756116,Sodium hydroxide ethanol water,sodium;ethanol;hydroxide;hydrate,CCO.O.[OH-].[Na+],"InChI=1S/C2H6O.Na.2H2O/c1-2-3;;;/h3H,2H2,1H3;;2*1H2/q;+1;;/p-1",XDRLEQYUIGRZLG-UHFFFAOYSA-M
Methanol;niobium,Industrial,87067195,CH4NbO,124.948,,1,1,20.2,CO.[Nb],PubChem,,,,Structure_PubChem,124.948,-0.394,1,1,20.23,3,0,0,,,,,124.948,,CH4NbO,,,,,,,,,,,Trouvé,,,,CID_87067195,Methanol;niobium,methanol;niobium,CO.[Nb],"InChI=1S/CH4O.Nb/c1-2;/h2H,1H3;",BOHTUUBASNCJFY-UHFFFAOYSA-N
Neodymium;propan-2-one,Industrial,87072283,C3H6NdO,202.32,,0,1,17.1,CC(=O)C.[Nd],PubChem,,,,Structure_PubChem,202.32,0.5953,0,1,17.07,5,0,0,,,,,202.32,,C3H6NdO,,,,,,,,,,,Trouvé,,,,CID_87072283,Neodymium;propan-2-one,neodymium;propan-2-one,CC(=O)C.[Nd],InChI=1S/C3H6O.Nd/c1-3(2)4;/h1-2H3;,QBZDCPQSXFJYDR-UHFFFAOYSA-N
Diethylzinc-methanol,Industrial,87073783,C4H11OZn-,140.5,,1,2,20.2,C[CH2-].CCO.[Zn],PubChem,,,,Structure_PubChem,140.521,0.8365,1,1,20.23,6,0,0,,,,,140.521,,C4H11OZn-,,,,,,,,,,,Trouvé,,,,CID_87073783,Diethylzinc-methanol,ethane;ethanol;zinc,C[CH2-].CCO.[Zn],"InChI=1S/C2H6O.C2H5.Zn/c1-2-3;1-2;/h3H,2H2,1H3;1H2,2H3;/q;-1;",FVJDZWAUXPFDDU-UHFFFAOYSA-N
Ethanol;hydroxy(oxo)titanium,Industrial,87085418,C2H7O3Ti,126.94,,2,3,57.5,CCO.O[Ti]=O,PubChem,,,,Structure_PubChem,126.942,-0.6797,2,2,57.53,6,0,0,,,,,126.942,,C2H7O3Ti,,,,,,,,,,,Trouvé,,,,CID_87085418,Ethanol;hydroxy(oxo)titanium,ethanol;hydroxy(oxo)titanium,CCO.O[Ti]=O,"InChI=1S/C2H6O.H2O.O.Ti/c1-2-3;;;/h3H,2H2,1H3;1H2;;/q;;;+1/p-1",JAHBIYKLUDJYBG-UHFFFAOYSA-M
Propan-2-one;zirconium,Industrial,87087539,C3H6OZr,149.3,,0,1,17.1,CC(=O)C.[Zr],PubChem,,,,Structure_PubChem,149.304,0.5928,0,1,17.07,5,0,0,,,,,149.304,,C3H6OZr,,,,,,,,,,,Trouvé,,,,CID_87087539,Propan-2-one;zirconium,propan-2-one;zirconium,CC(=O)C.[Zr],InChI=1S/C3H6O.Zr/c1-3(2)4;/h1-2H3;,AMPWJYZVAULOEI-UHFFFAOYSA-N
Dioxoplatinum;methanol,Industrial,87087745,CH4O3Pt,259.12,,1,3,54.4,CO.O=[Pt]=O,PubChem,,,,Structure_PubChem,259.118,-0.6316,1,3,54.37,5,0,0,,,,,259.118,,CH4O3Pt,,,,,,,,,,,Trouvé,,,,CID_87087745,Dioxoplatinum;methanol,dioxoplatinum;methanol,CO.O=[Pt]=O,"InChI=1S/CH4O.2O.Pt/c1-2;;;/h2H,1H3;;;",ACYVLFLWPIDTQP-UHFFFAOYSA-N
Potassium;methanol;chloride,Industrial,87112265,CH4ClKO,106.59,,1,2,20.2,CO.[Cl-].[K+],PubChem,,,,Structure_PubChem,106.593,-6.3835,1,1,20.23,4,0,0,,,,,106.593,,CH4ClKO,,,,,,,,,,,Trouvé,,,,CID_87112265,Potassium;methanol;chloride,potassium;methanol;chloride,CO.[Cl-].[K+],"InChI=1S/CH4O.ClH.K/c1-2;;/h2H,1H3;1H;/q;;+1/p-1",ZXSYIVIWXQAWJZ-UHFFFAOYSA-M
Cerium;propan-2-one,Industrial,87113958,C3H6CeO,198.2,,0,1,17.1,CC(=O)C.[Ce],PubChem,,,,Structure_PubChem,198.196,0.5953,0,1,17.07,5,0,0,,,,,198.196,,C3H6CeO,,,,,,,,,,,Trouvé,,,,CID_87113958,Cerium;propan-2-one,cerium;propan-2-one,CC(=O)C.[Ce],InChI=1S/C3H6O.Ce/c1-3(2)4;/h1-2H3;,NAMUXOGLTBPPMD-UHFFFAOYSA-N
Propan-2-one;tungsten,Industrial,87115453,C3H6OW,241.92,,0,1,17.1,CC(=O)C.[W],PubChem,,,,Structure_PubChem,241.92,0.5928,0,1,17.07,5,0,0,,,,,241.92,,C3H6OW,,,,,,,,,,,Trouvé,,,,CID_87115453,Propan-2-one;tungsten,propan-2-one;tungsten,CC(=O)C.[W],InChI=1S/C3H6O.W/c1-3(2)4;/h1-2H3;,KBYBKCSBCLBLHT-UHFFFAOYSA-N
Propan-2-one;ZINC,Industrial,87115483,C3H6OZn,123.5,,0,1,17.1,CC(=O)C.[Zn],PubChem,,,,Structure_PubChem,123.47,0.5928,0,1,17.07,5,0,0,,,,,123.47,,C3H6OZn,,,,,,,,,,,Trouvé,,,,CID_87115483,Propan-2-one;ZINC,propan-2-one;zinc,CC(=O)C.[Zn],InChI=1S/C3H6O.Zn/c1-3(2)4;/h1-2H3;,BAOGIWGDRNSXGA-UHFFFAOYSA-N
Propan-2-one;tantalum,Industrial,87115532,C3H6OTa,239.03,,0,1,17.1,CC(=O)C.[Ta],PubChem,,,,Structure_PubChem,239.028,0.5928,0,1,17.07,5,0,0,,,,,239.028,,C3H6OTa,,,,,,,,,,,Trouvé,,,,CID_87115532,Propan-2-one;tantalum,propan-2-one;tantalum,CC(=O)C.[Ta],InChI=1S/C3H6O.Ta/c1-3(2)4;/h1-2H3;,FSZBCSAHUJCNQD-UHFFFAOYSA-N
CID 87118372,Industrial,87118372,C3H6OSr,145.7,,0,1,17.1,CC(=O)C.[Sr],PubChem,,,,Structure_PubChem,145.7,0.2145,0,1,17.07,5,0,0,,,,,145.7,,C3H6OSr,,,,,,,,,,,Trouvé,,,,CID_87118372,CID 87118372,,CC(=O)C.[Sr],InChI=1S/C3H6O.Sr/c1-3(2)4;/h1-2H3;,QMESQDSXXVWHQJ-UHFFFAOYSA-N
Hafnium;methanol,Industrial,87124301,CH4HfO,210.53,,1,1,20.2,CO.[Hf],PubChem,,,,Structure_PubChem,210.532,-0.394,1,1,20.23,3,0,0,,,,,210.532,,CH4HfO,,,,,,,,,,,Trouvé,,,,CID_87124301,Hafnium;methanol,hafnium;methanol,CO.[Hf],"InChI=1S/CH4O.Hf/c1-2;/h2H,1H3;",MKOGNNZIJDGZQH-UHFFFAOYSA-N
Nickel;propan-2-one,Industrial,87136101,C3H6NiO,116.77,,0,1,17.1,CC(=O)C.[Ni],PubChem,,,,Structure_PubChem,116.773,0.5928,0,1,17.07,5,0,0,,,,,116.773,,C3H6NiO,,,,,,,,,,,Trouvé,,,,CID_87136101,Nickel;propan-2-one,nickel;propan-2-one,CC(=O)C.[Ni],InChI=1S/C3H6O.Ni/c1-3(2)4;/h1-2H3;,LHJARSDQUNCSJG-UHFFFAOYSA-N
Europium;methanol,Industrial,87139021,CH4EuO,184.006,,1,1,20.2,CO.[Eu],PubChem,,,,Structure_PubChem,184.006,-0.3915,1,1,20.23,3,0,0,,,,,184.006,,CH4EuO,,,,,,,,,,,Trouvé,,,,CID_87139021,Europium;methanol,europium;methanol,CO.[Eu],"InChI=1S/CH4O.Eu/c1-2;/h2H,1H3;",TUJBNYDAVJHBFJ-UHFFFAOYSA-N
Molybdenum;propan-2-one,Industrial,87140001,C3H6MoO,154.03,,0,1,17.1,CC(=O)C.[Mo],PubChem,,,,Structure_PubChem,154.02,0.5928,0,1,17.07,5,0,0,,,,,154.02,,C3H6MoO,,,,,,,,,,,Trouvé,,,,CID_87140001,Molybdenum;propan-2-one,molybdenum;propan-2-one,CC(=O)C.[Mo],InChI=1S/C3H6O.Mo/c1-3(2)4;/h1-2H3;,KIUZOXWJLBXSHT-UHFFFAOYSA-N
Niobium;propan-2-one,Industrial,87145326,C3H6NbO,150.99,,0,1,17.1,CC(=O)C.[Nb],PubChem,,,,Structure_PubChem,150.986,0.5928,0,1,17.07,5,0,0,,,,,150.986,,C3H6NbO,,,,,,,,,,,Trouvé,,,,CID_87145326,Niobium;propan-2-one,niobium;propan-2-one,CC(=O)C.[Nb],InChI=1S/C3H6O.Nb/c1-3(2)4;/h1-2H3;,SLXRVPKCVZKNLJ-UHFFFAOYSA-N
Hafnium;propan-2-one,Industrial,87145436,C3H6HfO,236.57,,0,1,17.1,CC(=O)C.[Hf],PubChem,,,,Structure_PubChem,236.57,0.5928,0,1,17.07,5,0,0,,,,,236.57,,C3H6HfO,,,,,,,,,,,Trouvé,,,,CID_87145436,Hafnium;propan-2-one,hafnium;propan-2-one,CC(=O)C.[Hf],InChI=1S/C3H6O.Hf/c1-3(2)4;/h1-2H3;,WJLOBNYKMMGHIP-UHFFFAOYSA-N
Propan-2-one;ytterbium,Industrial,87153730,C3H6OYb,231.12,,0,1,17.1,CC(=O)C.[Yb],PubChem,,,,Structure_PubChem,231.12,0.5953,0,1,17.07,5,0,0,,,,,231.12,,C3H6OYb,,,,,,,,,,,Trouvé,,,,CID_87153730,Propan-2-one;ytterbium,propan-2-one;ytterbium,CC(=O)C.[Yb],InChI=1S/C3H6O.Yb/c1-3(2)4;/h1-2H3;,CJOVCZJRWTYOPX-UHFFFAOYSA-N
Lanthanum;propan-2-one,Industrial,87157837,C3H6LaO,196.98,,0,1,17.1,CC(=O)C.[La],PubChem,,,,Structure_PubChem,196.986,0.5953,0,1,17.07,5,0,0,,,,,196.986,,C3H6LaO,,,,,,,,,,,Trouvé,,,,CID_87157837,Lanthanum;propan-2-one,lanthanum;propan-2-one,CC(=O)C.[La],InChI=1S/C3H6O.La/c1-3(2)4;/h1-2H3;,ULIPKTIVJIGHFM-UHFFFAOYSA-N
Ethanol;ZINC,Industrial,87184954,C2H6OZn,111.4,,1,1,20.2,CCO.[Zn],PubChem,,,,Structure_PubChem,111.459,-0.0039,1,1,20.23,4,0,0,,,,,111.459,,C2H6OZn,,,,,,,,,,,Trouvé,,,,CID_87184954,Ethanol;ZINC,ethanol;zinc,CCO.[Zn],"InChI=1S/C2H6O.Zn/c1-2-3;/h3H,2H2,1H3;",LMDAGMAWWYVRJZ-UHFFFAOYSA-N
Mercury;methanol,Industrial,87201837,CH4HgO,232.63,,1,1,20.2,CO.[Hg],PubChem,,,,Structure_PubChem,232.632,-0.394,1,1,20.23,3,0,0,,,,,232.632,,CH4HgO,,,,,,,,,,,Trouvé,,,,CID_87201837,Mercury;methanol,mercury;methanol,CO.[Hg],"InChI=1S/CH4O.Hg/c1-2;/h2H,1H3;",ATYDCSOOXNWKIE-UHFFFAOYSA-N
Holmium;propan-2-one,Industrial,87215177,C3H6HoO,223.01,,0,1,17.1,CC(=O)C.[Ho],PubChem,,,,Structure_PubChem,223.01,0.5953,0,1,17.07,5,0,0,,,,,223.01,,C3H6HoO,,,,,,,,,,,Trouvé,,,,CID_87215177,Holmium;propan-2-one,holmium;propan-2-one,CC(=O)C.[Ho],InChI=1S/C3H6O.Ho/c1-3(2)4;/h1-2H3;,NYVDVTJCHMIHDG-UHFFFAOYSA-N
Propan-2-one;vanadium,Industrial,87220118,C3H6OV,109.02,,0,1,17.1,CC(=O)C.[V],PubChem,,,,Structure_PubChem,109.024,0.5928,0,1,17.07,5,0,0,,,,,109.024,,C3H6OV,,,,,,,,,,,Trouvé,,,,CID_87220118,Propan-2-one;vanadium,propan-2-one;vanadium,CC(=O)C.[V],InChI=1S/C3H6O.V/c1-3(2)4;/h1-2H3;,PNKHPQMATQQYFZ-UHFFFAOYSA-N
Methanol;oxozirconium,Industrial,87233356,CH4O2Zr,139.26,,1,2,37.3,CO.O=[Zr],PubChem,,,,Structure_PubChem,139.265,-0.5128,1,2,37.3,4,0,0,,,,,139.265,,CH4O2Zr,,,,,,,,,,,Trouvé,,,,CID_87233356,Methanol;oxozirconium,methanol;oxozirconium,CO.O=[Zr],"InChI=1S/CH4O.O.Zr/c1-2;;/h2H,1H3;;",DQHFBFLTLOVNSU-UHFFFAOYSA-N
Hydroxy(oxo)titanium;methanol,Industrial,87233503,CH5O3Ti,112.92,,2,3,57.5,CO.O[Ti]=O,PubChem,,,,Structure_PubChem,112.915,-1.0698,2,2,57.53,5,0,0,,,,,112.915,,CH5O3Ti,,,,,,,,,,,Trouvé,,,,CID_87233503,Hydroxy(oxo)titanium;methanol,hydroxy(oxo)titanium;methanol,CO.O[Ti]=O,"InChI=1S/CH4O.H2O.O.Ti/c1-2;;;/h2H,1H3;1H2;;/q;;;+1/p-1",WOCUTZWFEWBROD-UHFFFAOYSA-M
1-Dimethylgallanylpropan-2-one,Industrial,87249809,C5H11GaO,156.86,,0,1,17.1,CC(=O)C[Ga](C)C,PubChem,,,,Structure_PubChem,156.865,1.3298,0,1,17.07,7,0,2,,,,,156.865,,C5H11GaO,,,,,,,,,,,Trouvé,,,,CID_87249809,1-Dimethylgallanylpropan-2-one,1-dimethylgallanylpropan-2-one,CC(=O)C[Ga](C)C,"InChI=1S/C3H5O.2CH3.Ga/c1-3(2)4;;;/h1H2,2H3;2*1H3;",JMXZICIRXVJTMS-UHFFFAOYSA-N
Propan-2-one;scandium,Industrial,87258793,C3H6OSc,103.03,,0,1,17.1,CC(=O)C.[Sc],PubChem,,,,Structure_PubChem,103.036,0.5928,0,1,17.07,5,0,0,,,,,103.036,,C3H6OSc,,,,,,,,,,,Trouvé,,,,CID_87258793,Propan-2-one;scandium,propan-2-one;scandium,CC(=O)C.[Sc],InChI=1S/C3H6O.Sc/c1-3(2)4;/h1-2H3;,VOEFSVOITAUGFB-UHFFFAOYSA-N
NaI acetone,Industrial,87266988,C3H6INaO,207.97,,0,2,17.1,CC(=O)C.[Na+].[I-],PubChem,,,,Structure_PubChem,207.974,-5.3967,0,1,17.07,6,0,0,,,,,207.974,,C3H6INaO,,,,,,,,,,,Trouvé,,,,CID_87266988,NaI acetone,sodium;propan-2-one;iodide,CC(=O)C.[Na+].[I-],InChI=1S/C3H6O.HI.Na/c1-3(2)4;;/h1-2H3;1H;/q;;+1/p-1,MZQCFPABNHFYAT-UHFFFAOYSA-M
Europium;propan-2-one,Industrial,87271796,C3H6EuO,210.04,,0,1,17.1,CC(=O)C.[Eu],PubChem,,,,Structure_PubChem,210.044,0.5953,0,1,17.07,5,0,0,,,,,210.044,,C3H6EuO,,,,,,,,,,,Trouvé,,,,CID_87271796,Europium;propan-2-one,europium;propan-2-one,CC(=O)C.[Eu],InChI=1S/C3H6O.Eu/c1-3(2)4;/h1-2H3;,XLSPUUWAMQZJTP-UHFFFAOYSA-N
Propan-2-one;thulium,Industrial,87271839,C3H6OTm,227.01,,0,1,17.1,CC(=O)C.[Tm],PubChem,,,,Structure_PubChem,227.014,0.5953,0,1,17.07,5,0,0,,,,,227.014,,C3H6OTm,,,,,,,,,,,Trouvé,,,,CID_87271839,Propan-2-one;thulium,propan-2-one;thulium,CC(=O)C.[Tm],InChI=1S/C3H6O.Tm/c1-3(2)4;/h1-2H3;,VSFFMCOVKIEEPN-UHFFFAOYSA-N
Propan-2-one;samarium,Industrial,87271847,C3H6OSm,208.4,,0,1,17.1,CC(=O)C.[Sm],PubChem,,,,Structure_PubChem,208.44,0.5953,0,1,17.07,5,0,0,,,,,208.44,,C3H6OSm,,,,,,,,,,,Trouvé,,,,CID_87271847,Propan-2-one;samarium,propan-2-one;samarium,CC(=O)C.[Sm],InChI=1S/C3H6O.Sm/c1-3(2)4;/h1-2H3;,QNGSXCWWCOAUFD-UHFFFAOYSA-N
Dysprosium;propan-2-one,Industrial,87271919,C3H6DyO,220.58,,0,1,17.1,CC(=O)C.[Dy],PubChem,,,,Structure_PubChem,220.58,0.5953,0,1,17.07,5,0,0,,,,,220.58,,C3H6DyO,,,,,,,,,,,Trouvé,,,,CID_87271919,Dysprosium;propan-2-one,dysprosium;propan-2-one,CC(=O)C.[Dy],InChI=1S/C3H6O.Dy/c1-3(2)4;/h1-2H3;,KPKABSBFSSCUMJ-UHFFFAOYSA-N
Erbium;propan-2-one,Industrial,87271920,C3H6ErO,225.34,,0,1,17.1,CC(=O)C.[Er],PubChem,,,,Structure_PubChem,225.34,0.5953,0,1,17.07,5,0,0,,,,,225.34,,C3H6ErO,,,,,,,,,,,Trouvé,,,,CID_87271920,Erbium;propan-2-one,erbium;propan-2-one,CC(=O)C.[Er],InChI=1S/C3H6O.Er/c1-3(2)4;/h1-2H3;,BXVFUECPSKVTHW-UHFFFAOYSA-N
Gadolinium;propan-2-one,Industrial,87271926,C3H6GdO,215.33,,0,1,17.1,CC(=O)C.[Gd],PubChem,,,,Structure_PubChem,215.33,0.5953,0,1,17.07,5,0,0,,,,,215.33,,C3H6GdO,,,,,,,,,,,Trouvé,,,,CID_87271926,Gadolinium;propan-2-one,gadolinium;propan-2-one,CC(=O)C.[Gd],InChI=1S/C3H6O.Gd/c1-3(2)4;/h1-2H3;,USCJINZUIOWVJJ-UHFFFAOYSA-N
Promethium;propan-2-one,Industrial,87271927,C3H6OPm,202.99,,0,1,17.1,CC(=O)C.[Pm],PubChem,,,,Structure_PubChem,203.08,0.5953,0,1,17.07,5,0,0,,,,,203.08,,C3H6OPm,,,,,,,,,,,Trouvé,,,,CID_87271927,Promethium;propan-2-one,promethium;propan-2-one,CC(=O)C.[Pm],InChI=1S/C3H6O.Pm/c1-3(2)4;/h1-2H3;,NELRKJFNEPAZFZ-UHFFFAOYSA-N
Praseodymium;propan-2-one,Industrial,87272094,C3H6OPr,198.99,,0,1,17.1,CC(=O)C.[Pr],PubChem,,,,Structure_PubChem,198.988,0.5953,0,1,17.07,5,0,0,,,,,198.988,,C3H6OPr,,,,,,,,,,,Trouvé,,,,CID_87272094,Praseodymium;propan-2-one,praseodymium;propan-2-one,CC(=O)C.[Pr],InChI=1S/C3H6O.Pr/c1-3(2)4;/h1-2H3;,WAUBFTSHXXTJHO-UHFFFAOYSA-N
Hydriodide ethanol,Industrial,87282363,C2H7IO,173.98,,2,1,20.2,CCO.I,PubChem,,,,Structure_PubChem,173.981,0.6166,1,1,20.23,4,0,0,,,,,173.981,,C2H7IO,,,,,,,,,,,Trouvé,,,,CID_87282363,Hydriodide ethanol,ethanol;hydroiodide,CCO.I,"InChI=1S/C2H6O.HI/c1-2-3;/h3H,2H2,1H3;1H",SLFLFNSLWZNOOG-UHFFFAOYSA-N
Oxovanadium;propan-2-one,Industrial,87302828,C3H6O2V,125.02,,0,2,34.1,CC(=O)C.O=[V],PubChem,,,,Structure_PubChem,125.023,0.474,0,2,34.14,6,0,0,,,,,125.023,,C3H6O2V,,,,,,,,,,,Trouvé,,,,CID_87302828,Oxovanadium;propan-2-one,oxovanadium;propan-2-one,CC(=O)C.O=[V],InChI=1S/C3H6O.O.V/c1-3(2)4;;/h1-2H3;;,BTGCXWIFOKXZIK-UHFFFAOYSA-N
Hafnium;methanol,Industrial,87322778,CH4HfO,210.53,,1,1,20.2,CO.[Hf],PubChem,,,,Structure_PubChem,210.532,-0.394,1,1,20.23,3,0,0,,,,,210.532,,CH4HfO,,,,,,,,,,,Trouvé,,,,CID_87322778,Hafnium;methanol,hafnium;methanol,CO.[Hf],"InChI=1S/CH4O.Hf/c1-2;/h2H,1H3;",MKOGNNZIJDGZQH-UHFFFAOYSA-N
ZINC;carbanide;propan-2-one,Industrial,87371342,C4H8OZn,137.5,,0,3,17.1,[CH3-].CC(=O)[CH2-].[Zn+2],PubChem,,,,Structure_PubChem,137.497,0.8573,0,1,17.07,6,0,0,,,,,137.497,,C4H8OZn,,,,,,,,,,,Trouvé,,,,CID_87371342,ZINC;carbanide;propan-2-one,zinc;carbanide;propan-2-one,[CH3-].CC(=O)[CH2-].[Zn+2],"InChI=1S/C3H5O.CH3.Zn/c1-3(2)4;;/h1H2,2H3;1H3;/q2*-1;+2",UXMAYZRHKAJDLB-UHFFFAOYSA-N
1-Dimethylbismuthanylpropan-2-one,Industrial,87372704,C5H11BiO,296.12,,0,1,17.1,CC(=O)C[Bi](C)C,PubChem,,,,Structure_PubChem,296.122,1.3298,0,1,17.07,7,0,2,,,,,296.122,,C5H11BiO,,,,,,,,,,,Trouvé,,,,CID_87372704,1-Dimethylbismuthanylpropan-2-one,1-dimethylbismuthanylpropan-2-one,CC(=O)C[Bi](C)C,"InChI=1S/C3H5O.2CH3.Bi/c1-3(2)4;;;/h1H2,2H3;2*1H3;",HSPPCGOJGRWEPU-UHFFFAOYSA-N
Methanol;platinum,Industrial,87383243,CH4OPt,227.13,,1,1,20.2,CO.[Pt],PubChem,,,,Structure_PubChem,227.12,-0.394,1,1,20.23,3,0,0,,,,,227.12,,CH4OPt,,,,,,,,,,,Trouvé,,,,CID_87383243,Methanol;platinum,methanol;platinum,CO.[Pt],"InChI=1S/CH4O.Pt/c1-2;/h2H,1H3;",KOBSSDCAJAWIIY-UHFFFAOYSA-N
Propan-2-one;silver,Industrial,87415930,C3H6AgO,165.95,,0,1,17.1,CC(=O)C.[Ag],PubChem,,,,Structure_PubChem,165.948,0.5928,0,1,17.07,5,0,0,,,,,165.948,,C3H6AgO,,,,,,,,,,,Trouvé,,,,CID_87415930,Propan-2-one;silver,propan-2-one;silver,CC(=O)C.[Ag],InChI=1S/C3H6O.Ag/c1-3(2)4;/h1-2H3;,JUADHDHZVNYPHD-UHFFFAOYSA-N
Carbanide;propan-2-one;titanium(2+),Industrial,87420931,C4H8OTi,119.97,,0,3,17.1,[CH3-].CC(=O)[CH2-].[Ti+2],PubChem,,,,Structure_PubChem,119.974,0.8573,0,1,17.07,6,0,0,,,,,119.974,,C4H8OTi,,,,,,,,,,,Trouvé,,,,CID_87420931,Carbanide;propan-2-one;titanium(2+),carbanide;propan-2-one;titanium(2+),[CH3-].CC(=O)[CH2-].[Ti+2],"InChI=1S/C3H5O.CH3.Ti/c1-3(2)4;;/h1H2,2H3;1H3;/q2*-1;+2",VUUBACZZARJJNR-UHFFFAOYSA-N
Gold;methanol,Industrial,87451188,CH4AuO,229.008,,1,1,20.2,CO.[Au],PubChem,,,,Structure_PubChem,229.009,-0.394,1,1,20.23,3,0,0,,,,,229.009,,CH4AuO,,,,,,,,,,,Trouvé,,,,CID_87451188,Gold;methanol,gold;methanol,CO.[Au],"InChI=1S/CH4O.Au/c1-2;/h2H,1H3;",PUZGLYHQMAZKGK-UHFFFAOYSA-N
Palladium;propan-2-one,Industrial,87457906,C3H6OPd,164.5,,0,1,17.1,CC(=O)C.[Pd],PubChem,,,,Structure_PubChem,164.5,0.5928,0,1,17.07,5,0,0,,,,,164.5,,C3H6OPd,,,,,,,,,,,Trouvé,,,,CID_87457906,Palladium;propan-2-one,palladium;propan-2-one,CC(=O)C.[Pd],InChI=1S/C3H6O.Pd/c1-3(2)4;/h1-2H3;,PGNKZCXPGYEGEY-UHFFFAOYSA-N
Dichlorotitanium;propan-2-one,Industrial,87520315,C3H5Cl2OTi-,175.84,,0,2,17.1,CC(=O)[CH2-].Cl[Ti]Cl,PubChem,,,,Structure_PubChem,175.845,1.786,0,1,17.07,7,0,0,,,,,175.845,,C3H5Cl2OTi-,,,,,,,,,,,Trouvé,,,,CID_87520315,Dichlorotitanium;propan-2-one,dichlorotitanium;propan-2-one,CC(=O)[CH2-].Cl[Ti]Cl,"InChI=1S/C3H5O.2ClH.Ti/c1-3(2)4;;;/h1H2,2H3;2*1H;/q-1;;;+2/p-2",KUJCTMHWEDXDSH-UHFFFAOYSA-L
Methoxypalladium,Industrial,87524650,CH4OPd,138.46,,1,1,20.2,CO.[Pd],PubChem,,,,Structure_PubChem,138.462,-0.394,1,1,20.23,3,0,0,,,,,138.462,,CH4OPd,,,,,,,,,,,Trouvé,,,,CID_87524650,Methoxypalladium,methanol;palladium,CO.[Pd],"InChI=1S/CH4O.Pd/c1-2;/h2H,1H3;",WOMSTXBCVBQGKV-UHFFFAOYSA-N
Osmium;propan-2-one,Industrial,87535448,C3H6OOs,248.3,,0,1,17.1,CC(=O)C.[Os],PubChem,,,,Structure_PubChem,248.31,0.5928,0,1,17.07,5,0,0,,,,,248.31,,C3H6OOs,,,,,,,,,,,Trouvé,,,,CID_87535448,Osmium;propan-2-one,osmium;propan-2-one,CC(=O)C.[Os],InChI=1S/C3H6O.Os/c1-3(2)4;/h1-2H3;,OUGQRULWPNSNNT-UHFFFAOYSA-N
Cadmium;methanol;hydrochloride,Industrial,87546866,CH5CdClO,180.92,,2,1,20.2,CO.Cl.[Cd],PubChem,,,,Structure_PubChem,180.915,0.0278,1,1,20.23,4,0,0,,,,,180.915,,CH5CdClO,,,,,,,,,,,Trouvé,,,,CID_87546866,Cadmium;methanol;hydrochloride,cadmium;methanol;hydrochloride,CO.Cl.[Cd],"InChI=1S/CH4O.Cd.ClH/c1-2;;/h2H,1H3;;1H",XOEGRNLZEPOMPQ-UHFFFAOYSA-N
CID 87586503,Industrial,87586503,C3H6BiO,267.06,,0,1,17.1,CC(=O)C.[Bi],PubChem,,,,Structure_PubChem,267.06,0.2145,0,1,17.07,5,0,0,,,,,267.06,,C3H6BiO,,,,,,,,,,,Trouvé,,,,CID_87586503,CID 87586503,,CC(=O)C.[Bi],InChI=1S/C3H6O.Bi/c1-3(2)4;/h1-2H3;,SIERTXRCLCLPAR-UHFFFAOYSA-N
Propan-2-one;trichlorotitanium,Industrial,87606761,C3H6Cl3OTi,212.3,,0,1,17.1,CC(=O)C.Cl[Ti](Cl)Cl,PubChem,,,,Structure_PubChem,212.306,2.6613,0,1,17.07,8,0,0,,,,,212.306,,C3H6Cl3OTi,,,,,,,,,,,Trouvé,,,,CID_87606761,Propan-2-one;trichlorotitanium,propan-2-one;trichlorotitanium,CC(=O)C.Cl[Ti](Cl)Cl,InChI=1S/C3H6O.3ClH.Ti/c1-3(2)4;;;;/h1-2H3;3*1H;/q;;;;+3/p-3,HEDNURMXFXMYQK-UHFFFAOYSA-K
Copper;methanol;ZINC,Industrial,87670850,CH4CuOZn,161.0,,1,1,20.2,CO.[Cu].[Zn],PubChem,,,,Structure_PubChem,160.978,-0.3965,1,1,20.23,4,0,0,,,,,160.978,,CH4CuOZn,,,,,,,,,,,Trouvé,,,,CID_87670850,Copper;methanol;ZINC,copper;methanol;zinc,CO.[Cu].[Zn],"InChI=1S/CH4O.Cu.Zn/c1-2;;/h2H,1H3;;",GMXYZQWLJLSFTP-UHFFFAOYSA-N
Cerium;methanol,Industrial,87673116,CH4CeO,172.158,,1,1,20.2,CO.[Ce],PubChem,,,,Structure_PubChem,172.158,-0.3915,1,1,20.23,3,0,0,,,,,172.158,,CH4CeO,,,,,,,,,,,Trouvé,,,,CID_87673116,Cerium;methanol,cerium;methanol,CO.[Ce],"InChI=1S/CH4O.Ce/c1-2;/h2H,1H3;",NVOGUGMOOJUWOZ-UHFFFAOYSA-N
Hafnium;methanol;hydrochloride,Industrial,87675215,CH5ClHfO,246.99,,2,1,20.2,CO.Cl.[Hf],PubChem,,,,Structure_PubChem,246.993,0.0278,1,1,20.23,4,0,0,,,,,246.993,,CH5ClHfO,,,,,,,,,,,Trouvé,,,,CID_87675215,Hafnium;methanol;hydrochloride,hafnium;methanol;hydrochloride,CO.Cl.[Hf],"InChI=1S/CH4O.ClH.Hf/c1-2;;/h2H,1H3;1H;",WWOWUFOSYNBHQL-UHFFFAOYSA-N
CID 87683510,Industrial,87683510,CH4InO,146.86,,1,1,20.2,CO.[In],PubChem,,,,Structure_PubChem,146.86,-0.7723,1,1,20.23,3,0,0,,,,,146.86,,CH4InO,,,,,,,,,,,Trouvé,,,,CID_87683510,CID 87683510,,CO.[In],"InChI=1S/CH4O.In/c1-2;/h2H,1H3;",BEATWEWRPBRLSX-UHFFFAOYSA-N
Lutetium;propan-2-one,Industrial,87694559,C3H6LuO,233.05,,0,1,17.1,CC(=O)C.[Lu],PubChem,,,,Structure_PubChem,233.047,0.5953,0,1,17.07,5,0,0,,,,,233.047,,C3H6LuO,,,,,,,,,,,Trouvé,,,,CID_87694559,Lutetium;propan-2-one,lutetium;propan-2-one,CC(=O)C.[Lu],InChI=1S/C3H6O.Lu/c1-3(2)4;/h1-2H3;,MKDHVAGVTSTXPI-UHFFFAOYSA-N
ZINC;methanol;oxygen(2-),Industrial,87708583,CH4O2Zn,113.4,,1,2,21.2,CO.[O-2].[Zn+2],PubChem,,,,Structure_PubChem,113.431,-0.5128,1,1,48.73,4,0,0,,,,,113.431,,CH4O2Zn,,,,,,,,,,,Trouvé,,,,CID_87708583,ZINC;methanol;oxygen(2-),zinc;methanol;oxygen(2-),CO.[O-2].[Zn+2],"InChI=1S/CH4O.O.Zn/c1-2;;/h2H,1H3;;/q;-2;+2",HCWJYVNSEZZLGN-UHFFFAOYSA-N
Methanol;oxozinc,Industrial,87708584,CH4O2Zn,113.4,,1,2,37.3,CO.O=[Zn],PubChem,,,,Structure_PubChem,113.431,-0.5128,1,2,37.3,4,0,0,,,,,113.431,,CH4O2Zn,,,,,,,,,,,Trouvé,,,,CID_87708584,Methanol;oxozinc,methanol;oxozinc,CO.O=[Zn],"InChI=1S/CH4O.O.Zn/c1-2;;/h2H,1H3;;",DFRGIVUDYUGAKN-UHFFFAOYSA-N
Methanol;platinum;ruthenium,Industrial,87851459,CH4OPtRu,328.2,,1,1,20.2,CO.[Ru].[Pt],PubChem,,,,Structure_PubChem,328.19,-0.3965,1,1,20.23,4,0,0,,,,,328.19,,CH4OPtRu,,,,,,,,,,,Trouvé,,,,CID_87851459,Methanol;platinum;ruthenium,methanol;platinum;ruthenium,CO.[Ru].[Pt],"InChI=1S/CH4O.Pt.Ru/c1-2;;/h2H,1H3;;",QVAJVNGZDHIYNM-UHFFFAOYSA-N
CID 87857778,Industrial,87857778,CH5ClOSb,190.26,,2,1,20.2,CO.Cl.[Sb],PubChem,,,,Structure_PubChem,190.263,-0.3505,1,1,20.23,4,0,0,,,,,190.263,,CH5ClOSb,,,,,,,,,,,Trouvé,,,,CID_87857778,CID 87857778,,CO.Cl.[Sb],"InChI=1S/CH4O.ClH.Sb/c1-2;;/h2H,1H3;1H;",AQFOEOGOGGENJK-UHFFFAOYSA-N
Chloroplatinum;propan-2-one,Industrial,87919655,C3H6ClOPt,288.61,,0,1,17.1,CC(=O)C.Cl[Pt],PubChem,,,,Structure_PubChem,288.611,1.2823,0,1,17.07,6,0,0,,,,,288.611,,C3H6ClOPt,,,,,,,,,,,Trouvé,,,,CID_87919655,Chloroplatinum;propan-2-one,chloroplatinum;propan-2-one,CC(=O)C.Cl[Pt],InChI=1S/C3H6O.ClH.Pt/c1-3(2)4;;/h1-2H3;1H;/q;;+1/p-1,WQPDCOZETSHTTA-UHFFFAOYSA-M
Iron;methanol;chloride,Industrial,87992125,CH4ClFeO-,123.34,,1,2,20.2,CO.[Cl-].[Fe],PubChem,,,,Structure_PubChem,123.34,-3.39,1,1,20.23,4,0,0,,,,,123.34,,CH4ClFeO-,,,,,,,,,,,Trouvé,,,,CID_87992125,Iron;methanol;chloride,iron;methanol;chloride,CO.[Cl-].[Fe],"InChI=1S/CH4O.ClH.Fe/c1-2;;/h2H,1H3;1H;/p-1",VMAJHLQZVWJOKJ-UHFFFAOYSA-M
Iron;methanol;hydrochloride,Industrial,87992126,CH5ClFeO,124.35,,2,1,20.2,CO.Cl.[Fe],PubChem,,,,Structure_PubChem,124.348,0.0278,1,1,20.23,4,0,0,,,,,124.348,,CH5ClFeO,,,,,,,,,,,Trouvé,,,,CID_87992126,Iron;methanol;hydrochloride,iron;methanol;hydrochloride,CO.Cl.[Fe],"InChI=1S/CH4O.ClH.Fe/c1-2;;/h2H,1H3;1H;",VMAJHLQZVWJOKJ-UHFFFAOYSA-N
Methanol;nickel;hydrochloride,Industrial,87992134,CH5ClNiO,127.19,,2,1,20.2,CO.Cl.[Ni],PubChem,,,,Structure_PubChem,127.196,0.0278,1,1,20.23,4,0,0,,,,,127.196,,CH5ClNiO,,,,,,,,,,,Trouvé,,,,CID_87992134,Methanol;nickel;hydrochloride,methanol;nickel;hydrochloride,CO.Cl.[Ni],"InChI=1S/CH4O.ClH.Ni/c1-2;;/h2H,1H3;1H;",JDGVOCVWKNRNKB-UHFFFAOYSA-N
Cobalt;methanol;hydrochloride,Industrial,87992349,CH5ClCoO,127.43,,2,1,20.2,CO.Cl.[Co],PubChem,,,,Structure_PubChem,127.436,0.0278,1,1,20.23,4,0,0,,,,,127.436,,CH5ClCoO,,,,,,,,,,,Trouvé,,,,CID_87992349,Cobalt;methanol;hydrochloride,cobalt;methanol;hydrochloride,CO.Cl.[Co],"InChI=1S/CH4O.ClH.Co/c1-2;;/h2H,1H3;1H;",IUFHJOLXKWNPOR-UHFFFAOYSA-N
Manganese;methanol;hydrochloride,Industrial,87992390,CH5ClMnO,123.44,,2,1,20.2,CO.Cl.[Mn],PubChem,,,,Structure_PubChem,123.441,0.0278,1,1,20.23,4,0,0,,,,,123.441,,CH5ClMnO,,,,,,,,,,,Trouvé,,,,CID_87992390,Manganese;methanol;hydrochloride,manganese;methanol;hydrochloride,CO.Cl.[Mn],"InChI=1S/CH4O.ClH.Mn/c1-2;;/h2H,1H3;1H;",RKLXIHQHWXUFAF-UHFFFAOYSA-N
Erbium;propan-2-one,Industrial,88037238,C3H6Er2O,392.6,,0,1,17.1,CC(=O)C.[Er].[Er],PubChem,,,,Structure_PubChem,392.6,0.5953,0,1,17.07,6,0,0,,,,,392.6,,C3H6Er2O,,,,,,,,,,,Trouvé,,,,CID_88037238,Erbium;propan-2-one,erbium;propan-2-one,CC(=O)C.[Er].[Er],InChI=1S/C3H6O.2Er/c1-3(2)4;;/h1-2H3;;,IOZGMNQPPRYXAG-UHFFFAOYSA-N
Lutetium;propan-2-one,Industrial,88037239,C3H6Lu2O,408.01,,0,1,17.1,CC(=O)C.[Lu].[Lu],PubChem,,,,Structure_PubChem,408.014,0.5953,0,1,17.07,6,0,0,,,,,408.014,,C3H6Lu2O,,,,,,,,,,,Trouvé,,,,CID_88037239,Lutetium;propan-2-one,lutetium;propan-2-one,CC(=O)C.[Lu].[Lu],InChI=1S/C3H6O.2Lu/c1-3(2)4;;/h1-2H3;;,GAYQBDFGQYZKHY-UHFFFAOYSA-N
Dysprosium;propan-2-one,Industrial,88037240,C3H6Dy2O,383.08,,0,1,17.1,CC(=O)C.[Dy].[Dy],PubChem,,,,Structure_PubChem,383.08,0.5953,0,1,17.07,6,0,0,,,,,383.08,,C3H6Dy2O,,,,,,,,,,,Trouvé,,,,CID_88037240,Dysprosium;propan-2-one,dysprosium;propan-2-one,CC(=O)C.[Dy].[Dy],InChI=1S/C3H6O.2Dy/c1-3(2)4;;/h1-2H3;;,SSPPFMMJRAOYOR-UHFFFAOYSA-N
Propan-2-one;terbium,Industrial,88037246,C3H6OTb2,375.93,,0,1,17.1,CC(=O)C.[Tb].[Tb],PubChem,,,,Structure_PubChem,375.93,0.5953,0,1,17.07,6,0,0,,,,,375.93,,C3H6OTb2,,,,,,,,,,,Trouvé,,,,CID_88037246,Propan-2-one;terbium,propan-2-one;terbium,CC(=O)C.[Tb].[Tb],InChI=1S/C3H6O.2Tb/c1-3(2)4;;/h1-2H3;;,BIMRSSVTTGQVCH-UHFFFAOYSA-N
Lanthanum;propan-2-one,Industrial,88037247,C3H6La2O,335.89,,0,1,17.1,CC(=O)C.[La].[La],PubChem,,,,Structure_PubChem,335.892,0.5953,0,1,17.07,6,0,0,,,,,335.892,,C3H6La2O,,,,,,,,,,,Trouvé,,,,CID_88037247,Lanthanum;propan-2-one,lanthanum;propan-2-one,CC(=O)C.[La].[La],InChI=1S/C3H6O.2La/c1-3(2)4;;/h1-2H3;;,HAHKZRBWLAAINL-UHFFFAOYSA-N
Promethium;propan-2-one,Industrial,88037480,C3H6OPm2,347.9,,0,1,17.1,CC(=O)C.[Pm].[Pm],PubChem,,,,Structure_PubChem,348.08,0.5953,0,1,17.07,6,0,0,,,,,348.08,,C3H6OPm2,,,,,,,,,,,Trouvé,,,,CID_88037480,Promethium;propan-2-one,promethium;propan-2-one,CC(=O)C.[Pm].[Pm],InChI=1S/C3H6O.2Pm/c1-3(2)4;;/h1-2H3;;,NXMZGEACXUKSKQ-UHFFFAOYSA-N
Propan-2-one;samarium,Industrial,88037483,C3H6OSm2,358.8,,0,1,17.1,CC(=O)C.[Sm].[Sm],PubChem,,,,Structure_PubChem,358.8,0.5953,0,1,17.07,6,0,0,,,,,358.8,,C3H6OSm2,,,,,,,,,,,Trouvé,,,,CID_88037483,Propan-2-one;samarium,propan-2-one;samarium,CC(=O)C.[Sm].[Sm],InChI=1S/C3H6O.2Sm/c1-3(2)4;;/h1-2H3;;,XDSBUCVXZIMDSV-UHFFFAOYSA-N
Gadolinium;propan-2-one,Industrial,88037487,C3H6Gd2O,372.58,,0,1,17.1,CC(=O)C.[Gd].[Gd],PubChem,,,,Structure_PubChem,372.58,0.5953,0,1,17.07,6,0,0,,,,,372.58,,C3H6Gd2O,,,,,,,,,,,Trouvé,,,,CID_88037487,Gadolinium;propan-2-one,gadolinium;propan-2-one,CC(=O)C.[Gd].[Gd],InChI=1S/C3H6O.2Gd/c1-3(2)4;;/h1-2H3;;,ZBDMGIWUJIGJLL-UHFFFAOYSA-N
Praseodymium;propan-2-one,Industrial,88037613,C3H6OPr2,339.89,,0,1,17.1,CC(=O)C.[Pr].[Pr],PubChem,,,,Structure_PubChem,339.896,0.5953,0,1,17.07,6,0,0,,,,,339.896,,C3H6OPr2,,,,,,,,,,,Trouvé,,,,CID_88037613,Praseodymium;propan-2-one,praseodymium;propan-2-one,CC(=O)C.[Pr].[Pr],InChI=1S/C3H6O.2Pr/c1-3(2)4;;/h1-2H3;;,NSBXDGQISWRGRH-UHFFFAOYSA-N
Europium;propan-2-one,Industrial,88037618,C3H6Eu2O,362.01,,0,1,17.1,CC(=O)C.[Eu].[Eu],PubChem,,,,Structure_PubChem,362.008,0.5953,0,1,17.07,6,0,0,,,,,362.008,,C3H6Eu2O,,,,,,,,,,,Trouvé,,,,CID_88037618,Europium;propan-2-one,europium;propan-2-one,CC(=O)C.[Eu].[Eu],InChI=1S/C3H6O.2Eu/c1-3(2)4;;/h1-2H3;;,IPBMYLRQTIYMMK-UHFFFAOYSA-N
Niobium;propan-2-one,Industrial,88037622,C3H6Nb2O,243.89,,0,1,17.1,CC(=O)C.[Nb].[Nb],PubChem,,,,Structure_PubChem,243.892,0.5903,0,1,17.07,6,0,0,,,,,243.892,,C3H6Nb2O,,,,,,,,,,,Trouvé,,,,CID_88037622,Niobium;propan-2-one,niobium;propan-2-one,CC(=O)C.[Nb].[Nb],InChI=1S/C3H6O.2Nb/c1-3(2)4;;/h1-2H3;;,JHUYQEOSWZAYFE-UHFFFAOYSA-N
Cerium;propan-2-one,Industrial,88037763,C3H6Ce2O,338.31,,0,1,17.1,CC(=O)C.[Ce].[Ce],PubChem,,,,Structure_PubChem,338.312,0.5953,0,1,17.07,6,0,0,,,,,338.312,,C3H6Ce2O,,,,,,,,,,,Trouvé,,,,CID_88037763,Cerium;propan-2-one,cerium;propan-2-one,CC(=O)C.[Ce].[Ce],InChI=1S/C3H6O.2Ce/c1-3(2)4;;/h1-2H3;;,CPTMSHYPXNRNSN-UHFFFAOYSA-N
Propan-2-one;tantalum,Industrial,88037770,C3H6OTa2,419.97,,0,1,17.1,CC(=O)C.[Ta].[Ta],PubChem,,,,Structure_PubChem,419.976,0.5903,0,1,17.07,6,0,0,,,,,419.976,,C3H6OTa2,,,,,,,,,,,Trouvé,,,,CID_88037770,Propan-2-one;tantalum,propan-2-one;tantalum,CC(=O)C.[Ta].[Ta],InChI=1S/C3H6O.2Ta/c1-3(2)4;;/h1-2H3;;,BRUNQEXSFFHRGG-UHFFFAOYSA-N
Holmium;propan-2-one,Industrial,88037970,C3H6Ho2O,387.94,,0,1,17.1,CC(=O)C.[Ho].[Ho],PubChem,,,,Structure_PubChem,387.94,0.5953,0,1,17.07,6,0,0,,,,,387.94,,C3H6Ho2O,,,,,,,,,,,Trouvé,,,,CID_88037970,Holmium;propan-2-one,holmium;propan-2-one,CC(=O)C.[Ho].[Ho],InChI=1S/C3H6O.2Ho/c1-3(2)4;;/h1-2H3;;,AYEFWXRSQYDTMV-UHFFFAOYSA-N
Propan-2-one;thulium,Industrial,88037988,C3H6OTm2,395.95,,0,1,17.1,CC(=O)C.[Tm].[Tm],PubChem,,,,Structure_PubChem,395.948,0.5953,0,1,17.07,6,0,0,,,,,395.948,,C3H6OTm2,,,,,,,,,,,Trouvé,,,,CID_88037988,Propan-2-one;thulium,propan-2-one;thulium,CC(=O)C.[Tm].[Tm],InChI=1S/C3H6O.2Tm/c1-3(2)4;;/h1-2H3;;,ZDEYBZCPLNKJEL-UHFFFAOYSA-N
Propan-2-one;titanium,Industrial,88037990,C3H6OTi2,153.81,,0,1,17.1,CC(=O)C.[Ti].[Ti],PubChem,,,,Structure_PubChem,153.814,0.5903,0,1,17.07,6,0,0,,,,,153.814,,C3H6OTi2,,,,,,,,,,,Trouvé,,,,CID_88037990,Propan-2-one;titanium,propan-2-one;titanium,CC(=O)C.[Ti].[Ti],InChI=1S/C3H6O.2Ti/c1-3(2)4;;/h1-2H3;;,RIGOIILLQUTWGF-UHFFFAOYSA-N
Methanol;oxotantalum,Industrial,88056841,CH4O2Ta,228.989,,1,2,37.3,CO.O=[Ta],PubChem,,,,Structure_PubChem,228.989,-0.5128,1,2,37.3,4,0,0,,,,,228.989,,CH4O2Ta,,,,,,,,,,,Trouvé,,,,CID_88056841,Methanol;oxotantalum,methanol;oxotantalum,CO.O=[Ta],"InChI=1S/CH4O.O.Ta/c1-2;;/h2H,1H3;;",JZFRJGZEXRMUAR-UHFFFAOYSA-N
Propan-2-one;tribromotitanium,Industrial,88075040,C3H6Br3OTi,345.66,,0,1,17.1,CC(=O)C.[Ti](Br)(Br)Br,PubChem,,,,Structure_PubChem,345.659,3.1296,0,1,17.07,8,0,0,,,,,345.659,,C3H6Br3OTi,,,,,,,,,,,Trouvé,,,,CID_88075040,Propan-2-one;tribromotitanium,propan-2-one;tribromotitanium,CC(=O)C.[Ti](Br)(Br)Br,InChI=1S/C3H6O.3BrH.Ti/c1-3(2)4;;;;/h1-2H3;3*1H;/q;;;;+3/p-3,SXCUAMLAZHHJPG-UHFFFAOYSA-K
Propan-2-one;zirconium,Industrial,88077615,C3H5OZr-,148.29,,0,2,17.1,CC(=O)[CH2-].[Zr],PubChem,,,,Structure_PubChem,148.296,0.407,0,1,17.07,5,0,0,,,,,148.296,,C3H5OZr-,,,,,,,,,,,Trouvé,,,,CID_88077615,Propan-2-one;zirconium,propan-2-one;zirconium,CC(=O)[CH2-].[Zr],"InChI=1S/C3H5O.Zr/c1-3(2)4;/h1H2,2H3;/q-1;",WDPKYHDNONRTCS-UHFFFAOYSA-N
CID 88161322,Industrial,88161322,CH4BaO,169.37,,1,1,20.2,CO.[Ba],PubChem,,,,Structure_PubChem,169.37,-0.7723,1,1,20.23,3,0,0,,,,,169.37,,CH4BaO,,,,,,,,,,,Trouvé,,,,CID_88161322,CID 88161322,,CO.[Ba],"InChI=1S/CH4O.Ba/c1-2;/h2H,1H3;",FSFLVLNYYYJKRB-UHFFFAOYSA-N
Methanol;oxomolybdenum,Industrial,88178112,CH4MoO2,143.99,,1,2,37.3,CO.O=[Mo],PubChem,,,,Structure_PubChem,143.981,-0.5128,1,2,37.3,4,0,0,,,,,143.981,,CH4MoO2,,,,,,,,,,,Trouvé,,,,CID_88178112,Methanol;oxomolybdenum,methanol;oxomolybdenum,CO.O=[Mo],"InChI=1S/CH4O.Mo.O/c1-2;;/h2H,1H3;;",ZFJHPCKWDIHQFY-UHFFFAOYSA-N
Chlorocobalt(1+);propan-2-one,Industrial,88179089,C3H5ClCoO,151.46,,0,2,17.1,CC(=O)[CH2-].Cl[Co+],PubChem,,,,Structure_PubChem,151.458,1.0965,0,1,17.07,6,0,0,,,,,151.458,,C3H5ClCoO,,,,,,,,,,,Trouvé,,,,CID_88179089,Chlorocobalt(1+);propan-2-one,chlorocobalt(1+);propan-2-one,CC(=O)[CH2-].Cl[Co+],"InChI=1S/C3H5O.ClH.Co/c1-3(2)4;;/h1H2,2H3;1H;/q-1;;+2/p-1",PUAYQFIJBWITDD-UHFFFAOYSA-M
Dichlorocobalt;propan-2-one,Industrial,88179090,C3H6Cl2CoO,187.92,,0,1,17.1,CC(=O)C.Cl[Co]Cl,PubChem,,,,Structure_PubChem,187.919,1.9718,0,1,17.07,7,0,0,,,,,187.919,,C3H6Cl2CoO,,,,,,,,,,,Trouvé,,,,CID_88179090,Dichlorocobalt;propan-2-one,dichlorocobalt;propan-2-one,CC(=O)C.Cl[Co]Cl,InChI=1S/C3H6O.2ClH.Co/c1-3(2)4;;;/h1-2H3;2*1H;/q;;;+2/p-2,WDWHWIMSIXANPQ-UHFFFAOYSA-L
Methanol;molybdenum,Industrial,88179263,CH4MoO,127.99,,1,1,20.2,CO.[Mo],PubChem,,,,Structure_PubChem,127.982,-0.394,1,1,20.23,3,0,0,,,,,127.982,,CH4MoO,,,,,,,,,,,Trouvé,,,,CID_88179263,Methanol;molybdenum,methanol;molybdenum,CO.[Mo],"InChI=1S/CH4O.Mo/c1-2;/h2H,1H3;",AZJGZSLXDDDMGV-UHFFFAOYSA-N
Magnesium;butane;propan-2-one,Industrial,88202767,C7H14MgO,138.49,,0,3,17.1,CCC[CH2-].CC(=O)[CH2-].[Mg+2],PubChem,,,,Structure_PubChem,138.493,1.6493,0,1,17.07,9,0,1,,,,,138.493,,C7H14MgO,,,,,,,,,,,Trouvé,,,,CID_88202767,Magnesium;butane;propan-2-one,magnesium;butane;propan-2-one,CCC[CH2-].CC(=O)[CH2-].[Mg+2],"InChI=1S/C4H9.C3H5O.Mg/c1-3-4-2;1-3(2)4;/h1,3-4H2,2H3;1H2,2H3;/q2*-1;+2",SLLGCXCHVUNTSQ-UHFFFAOYSA-N
Magnesium;ethane;propan-2-one,Industrial,88202769,C5H10MgO,110.44,,0,3,17.1,C[CH2-].CC(=O)[CH2-].[Mg+2],PubChem,,,,Structure_PubChem,110.439,0.8691,0,1,17.07,7,0,0,,,,,110.439,,C5H10MgO,,,,,,,,,,,Trouvé,,,,CID_88202769,Magnesium;ethane;propan-2-one,magnesium;ethane;propan-2-one,C[CH2-].CC(=O)[CH2-].[Mg+2],"InChI=1S/C3H5O.C2H5.Mg/c1-3(2)4;1-2;/h1H2,2H3;1H2,2H3;/q2*-1;+2",PNHLVDKEMDTXRE-UHFFFAOYSA-N
Ozone;propan-2-one,Industrial,88222844,C3H6O4,106.08,,0,3,58.2,CC(=O)C.[O-][O+]=O,PubChem,,,,Structure_PubChem,106.077,-0.5267,0,3,68.5,7,0,0,,,,,106.077,,C3H6O4,,,,,,,,,,,Trouvé,,,,CID_88222844,Ozone;propan-2-one,ozone;propan-2-one,CC(=O)C.[O-][O+]=O,InChI=1S/C3H6O.O3/c1-3(2)4;1-3-2/h1-2H3;,CLAVIFHNSBGIRJ-UHFFFAOYSA-N
Propan-2-one;ruthenium,Industrial,88240451,C3H6ORu,159.1,,0,1,17.1,CC(=O)C.[Ru],PubChem,,,,Structure_PubChem,159.15,0.5928,0,1,17.07,5,0,0,,,,,159.15,,C3H6ORu,,,,,,,,,,,Trouvé,,,,CID_88240451,Propan-2-one;ruthenium,propan-2-one;ruthenium,CC(=O)C.[Ru],InChI=1S/C3H6O.Ru/c1-3(2)4;/h1-2H3;,PAINGSRNRCFGQN-UHFFFAOYSA-N
Methanol;ZINC;hydrochloride,Industrial,88285658,CH5ClOZn,133.9,,2,1,20.2,CO.Cl.[Zn],PubChem,,,,Structure_PubChem,133.893,0.0278,1,1,20.23,4,0,0,,,,,133.893,,CH5ClOZn,,,,,,,,,,,Trouvé,,,,CID_88285658,Methanol;ZINC;hydrochloride,methanol;zinc;hydrochloride,CO.Cl.[Zn],"InChI=1S/CH4O.ClH.Zn/c1-2;;/h2H,1H3;1H;",VWAVCIXZWOFGJG-UHFFFAOYSA-N
Cobalt;methanol;hydrobromide,Industrial,88294764,CH5BrCoO,171.89,,2,1,20.2,CO.[Co].Br,PubChem,,,,Structure_PubChem,171.887,0.1839,1,1,20.23,4,0,0,,,,,171.887,,CH5BrCoO,,,,,,,,,,,Trouvé,,,,CID_88294764,Cobalt;methanol;hydrobromide,cobalt;methanol;hydrobromide,CO.[Co].Br,"InChI=1S/CH4O.BrH.Co/c1-2;;/h2H,1H3;1H;",HWIHSHSTNNIREJ-UHFFFAOYSA-N
Sodium;methanol;iodide,Industrial,88301786,CH4INaO,181.936,,1,2,20.2,CO.[Na+].[I-],PubChem,,,,Structure_PubChem,181.936,-6.3835,1,1,20.23,4,0,0,,,,,181.936,,CH4INaO,,,,,,,,,,,Trouvé,,,,CID_88301786,Sodium;methanol;iodide,sodium;methanol;iodide,CO.[Na+].[I-],"InChI=1S/CH4O.HI.Na/c1-2;;/h2H,1H3;1H;/q;;+1/p-1",RHNWNOUNACTULR-UHFFFAOYSA-M
Oxotitanium;propan-2-one;titanium,Industrial,88327182,C3H6O2Ti2,169.81,,0,2,34.1,CC(=O)C.O=[Ti].[Ti],PubChem,,,,Structure_PubChem,169.813,0.4715,0,2,34.14,7,0,0,,,,,169.813,,C3H6O2Ti2,,,,,,,,,,,Trouvé,,,,CID_88327182,Oxotitanium;propan-2-one;titanium,oxotitanium;propan-2-one;titanium,CC(=O)C.O=[Ti].[Ti],InChI=1S/C3H6O.O.2Ti/c1-3(2)4;;;/h1-2H3;;;,GMJFODXSUPKCRM-UHFFFAOYSA-N
Methanidylidynesulfanium;propan-2-one,Industrial,88331728,C4H6OS,102.16,,0,2,18.1,CC(=O)C.[C-]#[S+],PubChem,,,,Structure_PubChem,102.158,0.6742,0,1,17.07,6,0,0,,,,,102.158,,C4H6OS,,,,,,,,,,,Trouvé,,,,CID_88331728,Methanidylidynesulfanium;propan-2-one,methanidylidynesulfanium;propan-2-one,CC(=O)C.[C-]#[S+],InChI=1S/C3H6O.CS/c1-3(2)4;1-2/h1-2H3;,SOPCSKPTBAIMTB-UHFFFAOYSA-N
CID 88339426,Industrial,88339426,C3H6CsO,190.98,,0,1,17.1,CC(=O)C.[Cs],PubChem,,,,Structure_PubChem,190.985,0.2145,0,1,17.07,5,0,0,,,,,190.985,,C3H6CsO,,,,,,,,,,,Trouvé,,,,CID_88339426,CID 88339426,,CC(=O)C.[Cs],InChI=1S/C3H6O.Cs/c1-3(2)4;/h1-2H3;,YBHCPRPNXYLUIC-UHFFFAOYSA-N
Butan-2-one;ethane,Industrial,88357752,C6H14O,102.17,,0,1,17.1,CC.CCC(=O)C,PubChem,,,,Structure_PubChem,102.177,2.0116,0,1,17.07,7,0,1,,,,,102.177,,C6H14O,,,,,,,,,,,Trouvé,,,,CID_88357752,Butan-2-one;ethane,butan-2-one;ethane,CC.CCC(=O)C,"InChI=1S/C4H8O.C2H6/c1-3-4(2)5;1-2/h3H2,1-2H3;1-2H3",SRYKMCHPDRDPKY-UHFFFAOYSA-N
Oxozirconium;praseodymium;propan-2-one,Industrial,88364038,C3H5O2Pr2Zr-,446.11,,0,3,34.1,CC(=O)[CH2-].O=[Zr].[Pr].[Pr],PubChem,,,,Structure_PubChem,446.111,0.2882,0,2,34.14,8,0,0,,,,,446.111,,C3H5O2Pr2Zr-,,,,,,,,,,,Trouvé,,,,CID_88364038,Oxozirconium;praseodymium;propan-2-one,oxozirconium;praseodymium;propan-2-one,CC(=O)[CH2-].O=[Zr].[Pr].[Pr],"InChI=1S/C3H5O.O.2Pr.Zr/c1-3(2)4;;;;/h1H2,2H3;;;;/q-1;;;;",CIMAENIQWDTTKO-UHFFFAOYSA-N
Palladium;propan-2-one,Industrial,88367912,C3H5OPd-,163.49,,0,2,17.1,CC(=O)[CH2-].[Pd],PubChem,,,,Structure_PubChem,163.492,0.407,0,1,17.07,5,0,0,,,,,163.492,,C3H5OPd-,,,,,,,,,,,Trouvé,,,,CID_88367912,Palladium;propan-2-one,palladium;propan-2-one,CC(=O)[CH2-].[Pd],"InChI=1S/C3H5O.Pd/c1-3(2)4;/h1H2,2H3;/q-1;",KDPKCZASSKELAN-UHFFFAOYSA-N
Dibromozinc;propan-2-one,Industrial,88394230,C3H6Br2OZn,283.3,,0,1,17.1,CC(=O)C.[Zn](Br)Br,PubChem,,,,Structure_PubChem,283.278,2.284,0,1,17.07,7,0,0,,,,,283.278,,C3H6Br2OZn,,,,,,,,,,,Trouvé,,,,CID_88394230,Dibromozinc;propan-2-one,dibromozinc;propan-2-one,CC(=O)C.[Zn](Br)Br,InChI=1S/C3H6O.2BrH.Zn/c1-3(2)4;;;/h1-2H3;2*1H;/q;;;+2/p-2,WFOHVPGXDSNTSK-UHFFFAOYSA-L
Diiodozinc;propan-2-one,Industrial,88422667,C3H6I2OZn,377.3,,0,1,17.1,CC(=O)C.[Zn](I)I,PubChem,,,,Structure_PubChem,377.278,2.3642,0,1,17.07,7,0,0,,,,,377.278,,C3H6I2OZn,,,,,,,,,,,Trouvé,,,,CID_88422667,Diiodozinc;propan-2-one,diiodozinc;propan-2-one,CC(=O)C.[Zn](I)I,InChI=1S/C3H6O.2HI.Zn/c1-3(2)4;;;/h1-2H3;2*1H;/q;;;+2/p-2,CXMYSGJEMXUCIZ-UHFFFAOYSA-L
Iron;methanol;hydrochloride,Industrial,88437972,CH5ClFeO,124.35,,2,1,20.2,CO.Cl.[Fe],PubChem,,,,Structure_PubChem,124.348,0.0278,1,1,20.23,4,0,0,,,,,124.348,,CH5ClFeO,,,,,,,,,,,Trouvé,,,,CID_88437972,Iron;methanol;hydrochloride,iron;methanol;hydrochloride,CO.Cl.[Fe],"InChI=1S/CH4O.ClH.Fe/c1-2;;/h2H,1H3;1H;",VMAJHLQZVWJOKJ-UHFFFAOYSA-N
Hydroxymethyl(methyl)lead,Industrial,88460324,C2H6OPb,253.0,,1,1,20.2,C[Pb]CO,PubChem,,,,Structure_PubChem,253.269,-0.3115,1,1,20.23,4,0,1,,,,,253.269,,C2H6OPb,,,,,,,,,,,Trouvé,,,,CID_88460324,Hydroxymethyl(methyl)lead,hydroxymethyl(methyl)lead,C[Pb]CO,"InChI=1S/CH3O.CH3.Pb/c1-2;;/h2H,1H2;1H3;",YJWWTXWVLALYSO-UHFFFAOYSA-N
Nitrophenols,Industrial,88473196,C6H7NO3,141.12,,2,4,69.9,C1=CC=C(C=C1)O.N(=O)O,PubChem,,,,Structure_PubChem,141.126,1.5342,2,3,69.89,10,1,0,,,,,141.126,,C6H7NO3,,,,,,,,,,,Trouvé,,,,CID_88473196,Nitrophenols,nitrous acid;phenol,C1=CC=C(C=C1)O.N(=O)O,"InChI=1S/C6H6O.HNO2/c7-6-4-2-1-3-5-6;2-1-3/h1-5,7H;(H,2,3)",RBXVOQPAMPBADW-UHFFFAOYSA-N
Argon;helium;propan-2-one,Industrial,88502887,C3H6ArHeO,102.0,,0,1,17.1,[He].CC(=O)C.[Ar],PubChem,,,,Structure_PubChem,102.031,0.5953,0,1,17.07,6,0,0,,,,,102.031,,C3H6ArHeO,,,,,,,,,,,Trouvé,,,,CID_88502887,Argon;helium;propan-2-one,argon;helium;propan-2-one,[He].CC(=O)C.[Ar],InChI=1S/C3H6O.Ar.He/c1-3(2)4;;/h1-2H3;;,VXTCBHBAXOAIAG-UHFFFAOYSA-N
Methanol;niobium,Industrial,88516120,CH4NbO,124.948,,1,1,20.2,CO.[Nb],PubChem,,,,Structure_PubChem,124.948,-0.394,1,1,20.23,3,0,0,,,,,124.948,,CH4NbO,,,,,,,,,,,Trouvé,,,,CID_88516120,Methanol;niobium,methanol;niobium,CO.[Nb],"InChI=1S/CH4O.Nb/c1-2;/h2H,1H3;",BOHTUUBASNCJFY-UHFFFAOYSA-N
Bromine methanol,Industrial,88518969,CH4Br2O,191.85,,1,1,20.2,CO.BrBr,PubChem,,,,Structure_PubChem,191.85,1.2997,1,1,20.23,4,0,0,,,,,191.85,,CH4Br2O,,,,,,,,,,,Trouvé,,,,CID_88518969,Bromine methanol,methanol;molecular bromine,CO.BrBr,"InChI=1S/CH4O.Br2/c2*1-2/h2H,1H3;",OZEVXMUULFFTPU-UHFFFAOYSA-N
Silver;propan-2-one;fluoride,Industrial,88644764,C3H6AgFO,184.95,,0,2,17.1,CC(=O)C.[F-].[Ag+],PubChem,,,,Structure_PubChem,184.946,-2.4032,0,1,17.07,6,0,0,,,,,184.946,,C3H6AgFO,,,,,,,,,,,Trouvé,,,,CID_88644764,Silver;propan-2-one;fluoride,silver;propan-2-one;fluoride,CC(=O)C.[F-].[Ag+],InChI=1S/C3H6O.Ag.FH/c1-3(2)4;;/h1-2H3;;1H/q;+1;/p-1,JSIWLJFXSJKNLR-UHFFFAOYSA-M
Methanol;palladium;hydrate,Industrial,88648201,CH6O2Pd,156.48,,2,2,21.2,CO.O.[Pd],PubChem,,,,Structure_PubChem,156.477,-1.2187,1,1,51.73,4,0,0,,,,,156.477,,CH6O2Pd,,,,,,,,,,,Trouvé,,,,CID_88648201,Methanol;palladium;hydrate,methanol;palladium;hydrate,CO.O.[Pd],"InChI=1S/CH4O.H2O.Pd/c1-2;;/h2H,1H3;1H2;",YUHXBOSFTSQYON-UHFFFAOYSA-N
Methanol;dihydrobromide,Industrial,88675630,CH6Br2O,193.87,,3,1,20.2,CO.Br.Br,PubChem,,,,Structure_PubChem,193.866,0.7643,1,1,20.23,4,0,0,,,,,193.866,,CH6Br2O,,,,,,,,,,,Trouvé,,,,CID_88675630,Methanol;dihydrobromide,methanol;dihydrobromide,CO.Br.Br,"InChI=1S/CH4O.2BrH/c1-2;;/h2H,1H3;2*1H",ZRNIJXHRKBIMLN-UHFFFAOYSA-N
acetone LiBr,Industrial,88678577,C3H6BrLiO,145.0,,0,2,17.1,[Li+].CC(=O)C.[Br-],PubChem,,,,Structure_PubChem,144.925,-5.3967,0,1,17.07,6,0,0,,,,,144.925,,C3H6BrLiO,,,,,,,,,,,Trouvé,,,,CID_88678577,acetone LiBr,lithium;propan-2-one;bromide,[Li+].CC(=O)C.[Br-],InChI=1S/C3H6O.BrH.Li/c1-3(2)4;;/h1-2H3;1H;/q;;+1/p-1,AVKOHTMLSVUDRR-UHFFFAOYSA-M
Potassium;propan-2-one;iodide,Industrial,88687422,C3H6IKO,224.08,,0,2,17.1,CC(=O)C.[K+].[I-],PubChem,,,,Structure_PubChem,224.082,-5.3967,0,1,17.07,6,0,0,,,,,224.082,,C3H6IKO,,,,,,,,,,,Trouvé,,,,CID_88687422,Potassium;propan-2-one;iodide,potassium;propan-2-one;iodide,CC(=O)C.[K+].[I-],InChI=1S/C3H6O.HI.K/c1-3(2)4;;/h1-2H3;1H;/q;;+1/p-1,YZFOXXKKTAGTID-UHFFFAOYSA-M
CID 88708721,Industrial,88708721,CH4Cu2O,159.13,,1,1,20.2,CO.[Cu].[Cu],PubChem,,,,Structure_PubChem,159.134,-0.3965,1,1,20.23,4,0,0,,,,,159.134,,CH4Cu2O,,,,,,,,,,,Trouvé,,,,CID_88708721,CID 88708721,copper;methanol,CO.[Cu].[Cu],"InChI=1S/CH4O.2Cu/c1-2;;/h2H,1H3;;",TXEOTWGWCFHQMB-UHFFFAOYSA-N
Barium(2+);methanol;oxygen(2-),Industrial,88726889,CH4BaO2,185.37,,1,2,21.2,CO.[O-2].[Ba+2],PubChem,,,,Structure_PubChem,185.369,-0.8911,1,1,48.73,4,0,0,,,,,185.369,,CH4BaO2,,,,,,,,,,,Trouvé,,,,CID_88726889,Barium(2+);methanol;oxygen(2-),barium(2+);methanol;oxygen(2-),CO.[O-2].[Ba+2],"InChI=1S/CH4O.Ba.O/c1-2;;/h2H,1H3;;/q;+2;-2",BFILDQMTCWGOLX-UHFFFAOYSA-N
Propan-2-one;thorium,Industrial,88741583,C3H6OTh,290.12,,0,1,17.1,CC(=O)C.[Th],PubChem,,,,Structure_PubChem,290.118,0.5953,0,1,17.07,5,0,0,,,,,290.118,,C3H6OTh,,,,,,,,,,,Trouvé,,,,CID_88741583,Propan-2-one;thorium,propan-2-one;thorium,CC(=O)C.[Th],InChI=1S/C3H6O.Th/c1-3(2)4;/h1-2H3;,FATMRJPILJECAP-UHFFFAOYSA-N
"Ethanol, tin(2+) salt (9CI)",Industrial,88759197,C2H6OSn,164.78,,1,1,20.2,CCO.[Sn],PubChem,,,,Structure_PubChem,164.78,-0.3822,1,1,20.23,4,0,0,,,,,164.78,,C2H6OSn,,,,,,,,,,,Trouvé,,,,CID_88759197,"Ethanol, tin(2+) salt (9CI)",,CCO.[Sn],"InChI=1S/C2H6O.Sn/c1-2-3;/h3H,2H2,1H3;",PSFYVNVZQYWSRW-UHFFFAOYSA-N
Propan-2-one;uranium,Industrial,88773175,C3H6OU,296.11,,0,1,17.1,CC(=O)C.[U],PubChem,,,,Structure_PubChem,296.109,0.5953,0,1,17.07,5,0,0,,,,,296.109,,C3H6OU,,,,,,,,,,,Trouvé,,,,CID_88773175,Propan-2-one;uranium,propan-2-one;uranium,CC(=O)C.[U],InChI=1S/C3H6O.U/c1-3(2)4;/h1-2H3;,PZCPSFLVWSWXAO-UHFFFAOYSA-N
CID 88777673,Industrial,88777673,C4H7OSn,189.81,,0,1,17.1,CC(=O)CC[Sn],PubChem,,,,Structure_PubChem,189.81,0.5523,0,1,17.07,6,0,2,,,,,189.81,,C4H7OSn,,,,,,,,,,,Trouvé,,,,CID_88777673,CID 88777673,,CC(=O)CC[Sn],"InChI=1S/C4H7O.Sn/c1-3-4(2)5;/h1,3H2,2H3;",VVGADJKZXKRMDH-UHFFFAOYSA-N
Chloromercury;propan-2-one,Industrial,88779136,C3H6ClHgO,294.12,,0,1,17.1,CC(=O)C.Cl[Hg],PubChem,,,,Structure_PubChem,294.123,1.2823,0,1,17.07,6,0,0,,,,,294.123,,C3H6ClHgO,,,,,,,,,,,Trouvé,,,,CID_88779136,Chloromercury;propan-2-one,chloromercury;propan-2-one,CC(=O)C.Cl[Hg],InChI=1S/C3H6O.ClH.Hg/c1-3(2)4;;/h1-2H3;1H;/q;;+1/p-1,UYOGXXPHLCUUJT-UHFFFAOYSA-M
2-Oxopropylmercury,Industrial,88781642,C3H5HgO,257.66,,0,1,17.1,CC(=O)C[Hg],PubChem,,,,Structure_PubChem,257.662,0.5405,0,1,17.07,5,0,1,,,,,257.662,,C3H5HgO,,,,,,,,,,,Trouvé,,,,CID_88781642,2-Oxopropylmercury,2-oxopropylmercury,CC(=O)C[Hg],"InChI=1S/C3H5O.Hg/c1-3(2)4;/h1H2,2H3;",KGANJWYMSPUUFU-UHFFFAOYSA-N
Copper(1+);methanol;chloride,Industrial,88814143,CH4ClCuO,131.04,,1,2,20.2,CO.[Cl-].[Cu+],PubChem,,,,Structure_PubChem,131.041,-3.39,1,1,20.23,4,0,0,,,,,131.041,,CH4ClCuO,,,,,,,,,,,Trouvé,,,,CID_88814143,Copper(1+);methanol;chloride,copper(1+);methanol;chloride,CO.[Cl-].[Cu+],"InChI=1S/CH4O.ClH.Cu/c1-2;;/h2H,1H3;1H;/q;;+1/p-1",RACLKPASOJJCEE-UHFFFAOYSA-M
Copper(1+);methanol;bromide,Industrial,88814151,CH4BrCuO,175.49,,1,2,20.2,CO.[Cu+].[Br-],PubChem,,,,Structure_PubChem,175.492,-3.39,1,1,20.23,4,0,0,,,,,175.492,,CH4BrCuO,,,,,,,,,,,Trouvé,,,,CID_88814151,Copper(1+);methanol;bromide,copper(1+);methanol;bromide,CO.[Cu+].[Br-],"InChI=1S/CH4O.BrH.Cu/c1-2;;/h2H,1H3;1H;/q;;+1/p-1",BCIBRBAQQKBAIF-UHFFFAOYSA-M
Potassium;methanol;sulfane,Industrial,88820404,CH6KOS+,105.22,,2,2,21.2,CO.S.[K+],PubChem,,,,Structure_PubChem,105.223,-3.2747,1,1,20.23,4,0,0,,,,,105.223,,CH6KOS+,,,,,,,,,,,Trouvé,,,,CID_88820404,Potassium;methanol;sulfane,potassium;methanol;sulfane,CO.S.[K+],"InChI=1S/CH4O.K.H2S/c1-2;;/h2H,1H3;;1H2/q;+1;",JFVLLHYOABJCGV-UHFFFAOYSA-N
Methylzinc ethoxide,Industrial,88828319,C3H9OZn-,126.5,,1,2,20.2,[CH3-].CCO.[Zn],PubChem,,,,Structure_PubChem,126.494,0.4464,1,1,20.23,5,0,0,,,,,126.494,,C3H9OZn-,,,,,,,,,,,Trouvé,,,,CID_88828319,Methylzinc ethoxide,carbanide;ethanol;zinc,[CH3-].CCO.[Zn],"InChI=1S/C2H6O.CH3.Zn/c1-2-3;;/h3H,2H2,1H3;1H3;/q;-1;",IHYKEFHMEGFRLH-UHFFFAOYSA-N
Propan-2-one;ruthenium(1+),Industrial,88831434,C3H5ORu,158.1,,0,2,17.1,CC(=O)[CH2-].[Ru+],PubChem,,,,Structure_PubChem,158.142,0.407,0,1,17.07,5,0,0,,,,,158.142,,C3H5ORu,,,,,,,,,,,Trouvé,,,,CID_88831434,Propan-2-one;ruthenium(1+),propan-2-one;ruthenium(1+),CC(=O)[CH2-].[Ru+],"InChI=1S/C3H5O.Ru/c1-3(2)4;/h1H2,2H3;/q-1;+1",UONOYUWRTKUMBA-UHFFFAOYSA-N
Chlororuthenium;propan-2-one,Industrial,88832552,C3H6ClORu,194.6,,0,1,17.1,CC(=O)C.Cl[Ru],PubChem,,,,Structure_PubChem,194.603,1.2823,0,1,17.07,6,0,0,,,,,194.603,,C3H6ClORu,,,,,,,,,,,Trouvé,,,,CID_88832552,Chlororuthenium;propan-2-one,chlororuthenium;propan-2-one,CC(=O)C.Cl[Ru],InChI=1S/C3H6O.ClH.Ru/c1-3(2)4;;/h1-2H3;1H;/q;;+1/p-1,LMWQGYLWSSJLRB-UHFFFAOYSA-M
Chlororuthenium(1+);propan-2-one,Industrial,88832553,C3H5ClORu,193.6,,0,2,17.1,CC(=O)[CH2-].Cl[Ru+],PubChem,,,,Structure_PubChem,193.595,1.0965,0,1,17.07,6,0,0,,,,,193.595,,C3H5ClORu,,,,,,,,,,,Trouvé,,,,CID_88832553,Chlororuthenium(1+);propan-2-one,chlororuthenium(1+);propan-2-one,CC(=O)[CH2-].Cl[Ru+],"InChI=1S/C3H5O.ClH.Ru/c1-3(2)4;;/h1H2,2H3;1H;/q-1;;+2/p-1",FFLYSRHDRSGCDC-UHFFFAOYSA-M
Propan-2-one;trichlororuthenium,Industrial,88832554,C3H6Cl3ORu,265.5,,0,1,17.1,CC(=O)C.Cl[Ru](Cl)Cl,PubChem,,,,Structure_PubChem,265.509,2.6613,0,1,17.07,8,0,0,,,,,265.509,,C3H6Cl3ORu,,,,,,,,,,,Trouvé,,,,CID_88832554,Propan-2-one;trichlororuthenium,propan-2-one;trichlororuthenium,CC(=O)C.Cl[Ru](Cl)Cl,InChI=1S/C3H6O.3ClH.Ru/c1-3(2)4;;;;/h1-2H3;3*1H;/q;;;;+3/p-3,QINUVAVFJVHWJC-UHFFFAOYSA-K
Hafnium;propan-2-one,Industrial,88841756,C3H5HfO-,235.56,,0,2,17.1,CC(=O)[CH2-].[Hf],PubChem,,,,Structure_PubChem,235.562,0.407,0,1,17.07,5,0,0,,,,,235.562,,C3H5HfO-,,,,,,,,,,,Trouvé,,,,CID_88841756,Hafnium;propan-2-one,hafnium;propan-2-one,CC(=O)[CH2-].[Hf],"InChI=1S/C3H5O.Hf/c1-3(2)4;/h1H2,2H3;/q-1;",MUQLPLHNWAGXOA-UHFFFAOYSA-N
Propan-2-one;titanium,Industrial,88842595,C3H5OTi-,104.94,,0,2,17.1,CC(=O)[CH2-].[Ti],PubChem,,,,Structure_PubChem,104.939,0.407,0,1,17.07,5,0,0,,,,,104.939,,C3H5OTi-,,,,,,,,,,,Trouvé,,,,CID_88842595,Propan-2-one;titanium,propan-2-one;titanium,CC(=O)[CH2-].[Ti],"InChI=1S/C3H5O.Ti/c1-3(2)4;/h1H2,2H3;/q-1;",ZQHSAPZESWFNQC-UHFFFAOYSA-N
Gold;propan-2-one,Industrial,88847840,C3H6AuO,255.05,,0,1,17.1,CC(=O)C.[Au],PubChem,,,,Structure_PubChem,255.047,0.5928,0,1,17.07,5,0,0,,,,,255.047,,C3H6AuO,,,,,,,,,,,Trouvé,,,,CID_88847840,Gold;propan-2-one,gold;propan-2-one,CC(=O)C.[Au],InChI=1S/C3H6O.Au/c1-3(2)4;/h1-2H3;,QTRZERXWHHQTNN-UHFFFAOYSA-N
Platinum;propan-2-one,Industrial,88850414,C3H6OPt,253.16,,0,1,17.1,CC(=O)C.[Pt],PubChem,,,,Structure_PubChem,253.158,0.5928,0,1,17.07,5,0,0,,,,,253.158,,C3H6OPt,,,,,,,,,,,Trouvé,,,,CID_88850414,Platinum;propan-2-one,platinum;propan-2-one,CC(=O)C.[Pt],InChI=1S/C3H6O.Pt/c1-3(2)4;/h1-2H3;,FSDZFKWCTBMYDV-UHFFFAOYSA-N
Iridium;propan-2-one,Industrial,88850448,C3H6IrO,250.3,,0,1,17.1,CC(=O)C.[Ir],PubChem,,,,Structure_PubChem,250.297,0.5928,0,1,17.07,5,0,0,,,,,250.297,,C3H6IrO,,,,,,,,,,,Trouvé,,,,CID_88850448,Iridium;propan-2-one,iridium;propan-2-one,CC(=O)C.[Ir],InChI=1S/C3H6O.Ir/c1-3(2)4;/h1-2H3;,XWRLXLSPFRBAHY-UHFFFAOYSA-N
1-Diethylgallanylpropan-2-one,Industrial,88921485,C7H15GaO,184.92,,0,1,17.1,CC[Ga](CC)CC(=O)C,PubChem,,,,Structure_PubChem,184.919,2.11,0,1,17.07,9,0,4,,,,,184.919,,C7H15GaO,,,,,,,,,,,Trouvé,,,,CID_88921485,1-Diethylgallanylpropan-2-one,1-diethylgallanylpropan-2-one,CC[Ga](CC)CC(=O)C,"InChI=1S/C3H5O.2C2H5.Ga/c1-3(2)4;2*1-2;/h1H2,2H3;2*1H2,2H3;",QOMWAPFUOLGSEU-UHFFFAOYSA-N
Azeton Bromwasserstoff,Industrial,88925175,C3H7BrO,138.99,,1,1,17.1,CC(=O)C.Br,PubChem,,,,Structure_PubChem,138.992,1.1732,0,1,17.07,5,0,0,,,,,138.992,,C3H7BrO,,,,,,,,,,,Trouvé,,,,CID_88925175,Azeton Bromwasserstoff,propan-2-one;hydrobromide,CC(=O)C.Br,InChI=1S/C3H6O.BrH/c1-3(2)4;/h1-2H3;1H,YVGLSUJNDXBZBM-UHFFFAOYSA-N
Methanol;ruthenium,Industrial,89021607,CH4ORu,133.1,,1,1,20.2,CO.[Ru],PubChem,,,,Structure_PubChem,133.112,-0.394,1,1,20.23,3,0,0,,,,,133.112,,CH4ORu,,,,,,,,,,,Trouvé,,,,CID_89021607,Methanol;ruthenium,methanol;ruthenium,CO.[Ru],"InChI=1S/CH4O.Ru/c1-2;/h2H,1H3;",IDNXXRBAFBPKRP-UHFFFAOYSA-N
Potassium;propan-2-one;fluoride,Industrial,90002442,C3H6FKO,116.18,,0,2,17.1,CC(=O)C.[F-].[K+],PubChem,,,,Structure_PubChem,116.176,-5.3967,0,1,17.07,6,0,0,,,,,116.176,,C3H6FKO,,,,,,,,,,,Trouvé,,,,CID_90002442,Potassium;propan-2-one;fluoride,potassium;propan-2-one;fluoride,CC(=O)C.[F-].[K+],InChI=1S/C3H6O.FH.K/c1-3(2)4;;/h1-2H3;1H;/q;;+1/p-1,VACOAUOISOIYGB-UHFFFAOYSA-M
Propan-2-one;trichloromolybdenum,Industrial,90174182,C3H6Cl3MoO,260.4,,0,1,17.1,CC(=O)C.Cl[Mo](Cl)Cl,PubChem,,,,Structure_PubChem,260.379,2.6613,0,1,17.07,8,0,0,,,,,260.379,,C3H6Cl3MoO,,,,,,,,,,,Trouvé,,,,CID_90174182,Propan-2-one;trichloromolybdenum,propan-2-one;trichloromolybdenum,CC(=O)C.Cl[Mo](Cl)Cl,InChI=1S/C3H6O.3ClH.Mo/c1-3(2)4;;;;/h1-2H3;3*1H;/q;;;;+3/p-3,MGHFIYVSKDNHEW-UHFFFAOYSA-K
2-Butanone-D8,Industrial,90472171,C4H8O,80.15,0.3,0,1,17.1,[2H]C([2H])([2H])C(=O)C([2H])([2H])C([2H])([2H])[2H],PubChem,,,,Structure_PubChem,80.1558,0.9854,0,1,17.07,5,0,1,,,,,80.1558,,C4H8O,,,,,,,,,,,Trouvé,,,,CID_90472171,2-Butanone-D8,"1,1,1,3,3,4,4,4-octadeuteriobutan-2-one",[2H]C([2H])([2H])C(=O)C([2H])([2H])C([2H])([2H])[2H],"InChI=1S/C4H8O/c1-3-4(2)5/h3H2,1-2H3/i1D3,2D3,3D2",ZWEHNKRNPOVVGH-AUOAYUKBSA-N
Ethanol;methane;dihydrate,Industrial,90657089,C3H14O3,98.14,,3,3,22.2,C.CCO.O.O,PubChem,,,,Structure_PubChem,98.142,-1.0147,1,1,83.23,6,0,0,,,,,98.142,,C3H14O3,,,,,,,,,,,Trouvé,,,,CID_90657089,Ethanol;methane;dihydrate,ethanol;methane;dihydrate,C.CCO.O.O,"InChI=1S/C2H6O.CH4.2H2O/c1-2-3;;;/h3H,2H2,1H3;1H4;2*1H2",UXZSATIKKVNCSC-UHFFFAOYSA-N
Carbon monoxide;methanol,Industrial,90963180,C2H4O2,60.05,,1,2,21.2,CO.[C-]#[O+],PubChem,,,,Structure_PubChem,60.052,-0.429,1,1,40.13,4,0,0,,,,,60.052,,C2H4O2,,,,,,,,,,,Trouvé,,,,CID_90963180,Carbon monoxide;methanol,carbon monoxide;methanol,CO.[C-]#[O+],"InChI=1S/CH4O.CO/c2*1-2/h2H,1H3;",BXEIMFCHLWQKTG-UHFFFAOYSA-N
(s)-1-Deuterio-ethanol,Industrial,90980219,C2H6O,47.07,-0.1,1,1,20.2,[H][C@]([2H])(C)O,PubChem,,,,Structure_PubChem,47.0751,-0.0014,1,1,20.23,3,0,0,,,,,47.0751,,C2H6O,,,,,,,,,,,Trouvé,,,,CID_90980219,(s)-1-Deuterio-ethanol,(1S)-1-deuterioethanol,[H][C@]([2H])(C)O,"InChI=1S/C2H6O/c1-2-3/h3H,2H2,1H3/i2D/t2-/m0/s1",LFQSCWFLJHTTHZ-SKEHDUAGSA-N
"1,1,1,3-Tetratritiopropan-2-one",Industrial,91007443,C3H6O,66.11,-0.1,0,1,17.1,[3H]CC(=O)C([3H])([3H])[3H],PubChem,,,,Structure_PubChem,66.1122,0.5953,0,1,17.07,4,0,0,,,,,66.1122,,C3H6O,,,,,,,,,,,Trouvé,,,,CID_91007443,"1,1,1,3-Tetratritiopropan-2-one","1,1,1,3-tetratritiopropan-2-one",[3H]CC(=O)C([3H])([3H])[3H],"InChI=1S/C3H6O/c1-3(2)4/h1-2H3/i1T,2T3",CSCPPACGZOOCGX-YAUREQRMSA-N
Deuteriophosphane;propan-2-one,Industrial,91076884,C3H9OP,93.08,,0,1,17.1,[2H]P.CC(=O)C,PubChem,,,,Structure_PubChem,93.0841,0.6534,0,1,17.07,5,0,0,,,,,93.0841,,C3H9OP,,,,,,,,,,,Trouvé,,,,CID_91076884,Deuteriophosphane;propan-2-one,deuteriophosphane;propan-2-one,[2H]P.CC(=O)C,InChI=1S/C3H6O.H3P/c1-3(2)4;/h1-2H3;1H3/i;1D,ZICYGUJZWOUWTD-DIYDOPDJSA-N
Deuteriomethane;deuteriooxymethane,Industrial,91085530,C2H8O,50.1,,1,1,20.2,[2H]C.[2H]OC,PubChem,,,,Structure_PubChem,50.0972,0.2446,1,1,20.23,3,0,0,,,,,50.0972,,C2H8O,,,,,,,,,,,Trouvé,,,,CID_91085530,Deuteriomethane;deuteriooxymethane,deuteriomethane;deuteriooxymethane,[2H]C.[2H]OC,"InChI=1S/CH4O.CH4/c1-2;/h2H,1H3;1H4/i2D;1D",AGDRDFJCYMPNFZ-ICYJGLPCSA-N
Hydroxy(propan-2-ylidene)oxidanium,Industrial,91264631,C3H7O2+,75.09,-0.1,1,1,21.2,CC(=[O+]O)C,PubChem,,,,Structure_PubChem,75.087,0.604,1,1,31.53,5,0,0,,,,,75.087,,C3H7O2+,,,,,,,,,,,Trouvé,,,,CID_91264631,Hydroxy(propan-2-ylidene)oxidanium,hydroxy(propan-2-ylidene)oxidanium,CC(=[O+]O)C,"InChI=1S/C3H7O2/c1-3(2)5-4/h4H,1-2H3/q+1",CBSWYWLKRDQWGL-UHFFFAOYSA-N
Methanol;molecular fluorine,Industrial,91431114,CH4F2O,70.039,,1,3,20.2,CO.FF,PubChem,,,,Structure_PubChem,70.038,0.4489,1,1,20.23,4,0,0,,,,,70.038,,CH4F2O,,,,,,,,,,,Trouvé,,,,CID_91431114,Methanol;molecular fluorine,methanol;molecular fluorine,CO.FF,"InChI=1S/CH4O.F2/c2*1-2/h2H,1H3;",NWQGGZUAVYPNQF-UHFFFAOYSA-N
1-Alumanylpropan-2-one,Industrial,91996027,C3H7AlO,86.07,,0,1,17.1,CC(=O)C[AlH2],PubChem,,,,Structure_PubChem,86.07,-0.3732,0,1,17.07,5,0,1,,,,,86.07,,C3H7AlO,,,,,,,,,,,Trouvé,,,,CID_91996027,1-Alumanylpropan-2-one,1-alumanylpropan-2-one,CC(=O)C[AlH2],"InChI=1S/C3H5O.Al.2H/c1-3(2)4;;;/h1H2,2H3;;;",QJPDWYCSTWFOIP-UHFFFAOYSA-N
CID 92003304,Industrial,92003304,CH4OSr,119.66,,1,1,20.2,CO.[Sr],PubChem,,,,Structure_PubChem,119.662,-0.7723,1,1,20.23,3,0,0,,,,,119.662,,CH4OSr,,,,,,,,,,,Trouvé,,,,CID_92003304,CID 92003304,,CO.[Sr],"InChI=1S/CH4O.Sr/c1-2;/h2H,1H3;",JJRHNFGVNTWRTI-UHFFFAOYSA-N
CID 92009023,Industrial,92009023,CH4ORb,117.51,,1,1,20.2,CO.[Rb],PubChem,,,,Structure_PubChem,117.51,-0.7723,1,1,20.23,3,0,0,,,,,117.51,,CH4ORb,,,,,,,,,,,Trouvé,,,,CID_92009023,CID 92009023,,CO.[Rb],"InChI=1S/CH4O.Rb/c1-2;/h2H,1H3;",CNDRQFLTOICDEG-UHFFFAOYSA-N
Deuterio(deuteriooxy)methane,Industrial,100918266,CH4O,34.054,-0.5,1,1,20.2,[2H]CO[2H],PubChem,,,,Structure_PubChem,34.0542,-0.3915,1,1,20.23,2,0,0,,,,,34.0542,,CH4O,,,,,,,,,,,Trouvé,,,,CID_100918266,Deuterio(deuteriooxy)methane,deuterio(deuteriooxy)methane,[2H]CO[2H],"InChI=1S/CH4O/c1-2/h2H,1H3/i1D,2D",OKKJLVBELUTLKV-QDNHWIQGSA-N
"Methyl-13C alcohol-OD, 99 atom % 13C, 98 atom % D, <1% 18O",Industrial,100961596,CH4O,34.041,-0.5,1,1,20.2,[2H]O[13CH3],PubChem,,,,Structure_PubChem,34.0405,-0.3915,1,1,20.23,2,0,0,,,,,34.0405,,CH4O,,,,,,,,,,,Trouvé,,,,CID_100961596,"Methyl-13C alcohol-OD, 99 atom % 13C, 98 atom % D, <1% 18O",deuteriooxy(113C)methane,[2H]O[13CH3],"InChI=1S/CH4O/c1-2/h2H,1H3/i1+1,2D",OKKJLVBELUTLKV-IIHJGDGPSA-N
4-Deuteriobutan-2-one,Industrial,101233907,C4H8O,73.11,0.3,0,1,17.1,[2H]CCC(=O)C,PubChem,,,,Structure_PubChem,73.1131,0.9854,0,1,17.07,5,0,1,,,,,73.1131,,C4H8O,,,,,,,,,,,Trouvé,,,,CID_101233907,4-Deuteriobutan-2-one,4-deuteriobutan-2-one,[2H]CCC(=O)C,"InChI=1S/C4H8O/c1-3-4(2)5/h3H2,1-2H3/i1D",ZWEHNKRNPOVVGH-MICDWDOJSA-N
Diphenylzinc,Industrial,101282607,C12H10Zn,219.6,,0,0,0.0,C1=CC=[C]C=C1.C1=CC=[C]C=C1.[Zn],PubChem,,,,Structure_PubChem,219.602,2.9711,0,0,0.0,13,2,0,,,,,219.602,,C12H10Zn,,,,,,,,,,,Trouvé,,,,CID_101282607,Diphenylzinc,,C1=CC=[C]C=C1.C1=CC=[C]C=C1.[Zn],InChI=1S/2C6H5.Zn/c2*1-2-4-6-5-3-1;/h2*1-5H;,MKRVHLWAVKJBFN-UHFFFAOYSA-N
(1R)-1-deuteriopropan-1-ol,Industrial,101636931,C3H8O,61.1,0.3,1,1,20.2,[H][C@@]([2H])(CC)O,PubChem,,,,Structure_PubChem,61.1021,0.3887,1,1,20.23,4,0,1,,,,,61.1021,,C3H8O,,,,,,,,,,,Trouvé,,,,CID_101636931,(1R)-1-deuteriopropan-1-ol,(1R)-1-deuteriopropan-1-ol,[H][C@@]([2H])(CC)O,"InChI=1S/C3H8O/c1-2-3-4/h4H,2-3H2,1H3/i3D/t3-/m1/s1",BDERNNFJNOPAEC-QSLQMRRESA-N
r-Deutero-1-ethanol,Industrial,101919279,C2H6O,47.07,-0.1,1,1,20.2,[H][C@@]([2H])(C)O,PubChem,,,,Structure_PubChem,47.0751,-0.0014,1,1,20.23,3,0,0,,,,,47.0751,,C2H6O,,,,,,,,,,,Trouvé,,,,CID_101919279,r-Deutero-1-ethanol,(1R)-1-deuterioethanol,[H][C@@]([2H])(C)O,"InChI=1S/C2H6O/c1-2-3/h3H,2H2,1H3/i2D/t2-/m1/s1",LFQSCWFLJHTTHZ-DVWNSKMASA-N
Di-(p-hydroxy-cis-styryl)methane,Industrial,102326871,C17H16O2,252.31,4.4,2,2,40.5,C1=CC(=CC=C1/C=C\C/C=C\C2=CC=C(C=C2)O)O,PubChem,,,,Structure_PubChem,252.313,4.2145,2,2,40.46,19,2,4,,,,,252.313,,C17H16O2,,,,,,,,,,,Trouvé,,,,CID_102326871,Di-(p-hydroxy-cis-styryl)methane,"4-[(1Z,4Z)-5-(4-hydroxyphenyl)penta-1,4-dienyl]phenol",C1=CC(=CC=C1/C=C\C/C=C\C2=CC=C(C=C2)O)O,"InChI=1S/C17H16O2/c18-16-10-6-14(7-11-16)4-2-1-3-5-15-8-12-17(19)13-9-15/h2-13,18-19H,1H2/b4-2-,5-3-",YAICIVXHPPILRT-JVLMNHKTSA-N
"1,1,3,3-Tetradeuteriopropan-2-one",Industrial,102397985,C3H6O,62.1,-0.1,0,1,17.1,[2H]C([2H])C(=O)C([2H])[2H],PubChem,,,,Structure_PubChem,62.1044,0.5953,0,1,17.07,4,0,0,,,,,62.1044,,C3H6O,,,,,,,,,,,Trouvé,,,,CID_102397985,"1,1,3,3-Tetradeuteriopropan-2-one","1,1,3,3-tetradeuteriopropan-2-one",[2H]C([2H])C(=O)C([2H])[2H],"InChI=1S/C3H6O/c1-3(2)4/h1-2H3/i1D2,2D2",CSCPPACGZOOCGX-LNLMKGTHSA-N
n-Propyl-2-d1 Alcohol,Industrial,102601483,C3H8O,61.1,0.3,1,1,20.2,[2H]C(C)CO,PubChem,,,,Structure_PubChem,61.1021,0.3887,1,1,20.23,4,0,1,,,,,61.1021,,C3H8O,,,,,,,,,,,Trouvé,,,,CID_102601483,n-Propyl-2-d1 Alcohol,2-deuteriopropan-1-ol,[2H]C(C)CO,"InChI=1S/C3H8O/c1-2-3-4/h4H,2-3H2,1H3/i2D",BDERNNFJNOPAEC-VMNATFBRSA-N
"Ethanol-13C,d5",Industrial,117064400,C2H6O,53.085,-0.1,1,1,20.2,[2H][13C]([2H])([2H])[13C]([2H])([2H])O,PubChem,,,,Structure_PubChem,53.0842,-0.0014,1,1,20.23,3,0,0,,,,,53.0842,,C2H6O,,,,,,,,,,,Trouvé,,,,CID_117064400,"Ethanol-13C,d5","1,1,2,2,2-pentadeuterio(1,2-13C2)ethanol",[2H][13C]([2H])([2H])[13C]([2H])([2H])O,"InChI=1S/C2H6O/c1-2-3/h3H,2H2,1H3/i1+1D3,2+1D2",LFQSCWFLJHTTHZ-HXUSQKPVSA-N
"Acetone-2-13C,d6",Industrial,117064417,C3H6O,65.11,-0.1,0,1,17.1,[2H]C([2H])([2H])[13C](=O)C([2H])([2H])[2H],PubChem,,,,Structure_PubChem,65.109,0.5953,0,1,17.07,4,0,0,,,,,65.109,,C3H6O,,,,,,,,,,,Trouvé,,,,CID_117064417,"Acetone-2-13C,d6","1,1,1,3,3,3-hexadeuterio(213C)propan-2-one",[2H]C([2H])([2H])[13C](=O)C([2H])([2H])[2H],"InChI=1S/C3H6O/c1-3(2)4/h1-2H3/i1D3,2D3,3+1",CSCPPACGZOOCGX-ILPQSMFLSA-N
"Methanol-13C,d2",Industrial,117064448,CH4O,35.047,-0.5,1,1,20.2,[2H][13CH]([2H])O,PubChem,,,,Structure_PubChem,35.0466,-0.3915,1,1,20.23,2,0,0,,,,,35.0466,,CH4O,,,,,,,,,,,Trouvé,,,,CID_117064448,"Methanol-13C,d2",dideuterio(113C)methanol,[2H][13CH]([2H])O,"InChI=1S/CH4O/c1-2/h2H,1H3/i1+1D2",OKKJLVBELUTLKV-WGVGGRBOSA-N
CID 118212070,Industrial,118212070,C7H6O3,138.12,,2,3,60.4,[H+].C1=CC=C(C(=C1)C(=O)O)[O-],PubChem,,,,Structure_PubChem,138.122,0.5709,1,2,60.36,10,1,1,,,,,138.122,,C7H6O3,,,,,,,,,,,Trouvé,,,,CID_118212070,CID 118212070,2-carboxyphenolate;hydron,[H+].C1=CC=C(C(=C1)C(=O)O)[O-],"InChI=1S/C7H6O3/c8-6-4-2-1-3-5(6)7(9)10/h1-4,8H,(H,9,10)",YGSDEFSMJLZEOE-UHFFFAOYSA-N
2-(Methyltellanyl)ethanol,Industrial,122394865,C3H8OTe,187.7,,1,1,20.2,C[Te]CCO,PubChem,,,,Structure_PubChem,187.696,0.1493,1,1,20.23,5,0,2,,,,,187.696,,C3H8OTe,,,,,,,,,,,Trouvé,,,,CID_122394865,2-(Methyltellanyl)ethanol,2-methyltellanylethanol,C[Te]CCO,"InChI=1S/C3H8OTe/c1-5-3-2-4/h4H,2-3H2,1H3",XLPIDAYNFSJHMS-UHFFFAOYSA-N
CID 123831559,Industrial,123831559,CH4OS2,96.18,,1,3,84.4,CO.S=S,PubChem,,,,Structure_PubChem,96.176,-0.3963,1,3,20.23,4,0,0,,,,,96.176,,CH4OS2,,,,,,,,,,,Trouvé,,,,CID_123831559,CID 123831559,,CO.S=S,"InChI=1S/CH4O.S2/c2*1-2/h2H,1H3;",ONCPDEBQOYUTSC-UHFFFAOYSA-N
Methanol;molecular oxygen,Industrial,123977715,CH4O3,64.041,,1,3,54.4,CO.O=O,PubChem,,,,Structure_PubChem,64.04,-0.3245,1,3,54.37,4,0,0,,,,,64.04,,CH4O3,,,,,,,,,,,Trouvé,,,,CID_123977715,Methanol;molecular oxygen,methanol;molecular oxygen,CO.O=O,"InChI=1S/CH4O.O2/c2*1-2/h2H,1H3;",LYHXTFYGKNQACX-UHFFFAOYSA-N
Ethanol rhodamine,Industrial,129628456,C2H5ORh-,147.97,,1,2,20.2,C[CH-]O.[Rh],PubChem,,,,Structure_PubChem,147.967,0.5381,1,1,20.23,4,0,0,,,,,147.967,,C2H5ORh-,,,,,,,,,,,Trouvé,,,,CID_129628456,Ethanol rhodamine,ethanol;rhodium,C[CH-]O.[Rh],"InChI=1S/C2H5O.Rh/c1-2-3;/h2-3H,1H3;/q-1;",DNSFWZCFXXCUQZ-UHFFFAOYSA-N
Hydrofluoric acid-ethanol,Industrial,129629605,C2H7FO,66.07,,2,2,20.2,CCO.F,PubChem,,,,Structure_PubChem,66.075,0.1511,1,1,20.23,4,0,0,,,,,66.075,,C2H7FO,,,,,,,,,,,Trouvé,,,,CID_129629605,Hydrofluoric acid-ethanol,ethanol;hydrofluoride,CCO.F,"InChI=1S/C2H6O.FH/c1-2-3;/h3H,2H2,1H3;1H",BVDPFTQTMQKPGQ-UHFFFAOYSA-N
Kupferalkoholat,Industrial,129644648,C2H6CuO,109.61,,1,1,20.2,CCO.[Cu],PubChem,,,,Structure_PubChem,109.615,-0.0039,1,1,20.23,4,0,0,,,,,109.615,,C2H6CuO,,,,,,,,,,,Trouvé,,,,CID_129644648,Kupferalkoholat,copper;ethanol,CCO.[Cu],"InChI=1S/C2H6O.Cu/c1-2-3;/h3H,2H2,1H3;",SCGJLFGXXZTXSX-UHFFFAOYSA-N
Silberalkoholate,Industrial,129650089,C2H6AgO,153.94,,1,1,20.2,CCO.[Ag],PubChem,,,,Structure_PubChem,153.937,-0.0039,1,1,20.23,4,0,0,,,,,153.937,,C2H6AgO,,,,,,,,,,,Trouvé,,,,CID_129650089,Silberalkoholate,ethanol;silver,CCO.[Ag],"InChI=1S/C2H6O.Ag/c1-2-3;/h3H,2H2,1H3;",LMZURCXQQZLYNR-UHFFFAOYSA-N
Hydroxyethylpalladium,Industrial,129652054,C2H5OPd-,151.48,,1,2,20.2,[CH2-]CO.[Pd],PubChem,,,,Structure_PubChem,151.481,-0.1897,1,1,20.23,4,0,0,,,,,151.481,,C2H5OPd-,,,,,,,,,,,Trouvé,,,,CID_129652054,Hydroxyethylpalladium,ethanol;palladium,[CH2-]CO.[Pd],"InChI=1S/C2H5O.Pd/c1-2-3;/h3H,1-2H2;/q-1;",DVWRFORCCDMDME-UHFFFAOYSA-N
Silver methoxide,Industrial,129656941,CH4AgO,139.91,,1,1,20.2,CO.[Ag],PubChem,,,,Structure_PubChem,139.91,-0.394,1,1,20.23,3,0,0,,,,,139.91,,CH4AgO,,,,,,,,,,,Trouvé,,,,CID_129656941,Silver methoxide,methanol;silver,CO.[Ag],"InChI=1S/CH4O.Ag/c1-2;/h2H,1H3;",BULBQWXNSNPCEX-UHFFFAOYSA-N
Tantalum oxide ethoxide,Industrial,129675668,C2H6O2Ta,243.02,,1,2,37.3,CCO.O=[Ta],PubChem,,,,Structure_PubChem,243.016,-0.1227,1,2,37.3,5,0,0,,,,,243.016,,C2H6O2Ta,,,,,,,,,,,Trouvé,,,,CID_129675668,Tantalum oxide ethoxide,ethanol;oxotantalum,CCO.O=[Ta],"InChI=1S/C2H6O.O.Ta/c1-2-3;;/h3H,2H2,1H3;;",NSFGOMPYIAGCQA-UHFFFAOYSA-N
Biacetyl-d,Industrial,129679938,C4H6O2,87.1,-1.3,0,2,34.1,[2H]CC(=O)C(=O)C,PubChem,,,,Structure_PubChem,87.0961,0.1644,0,2,34.14,6,0,1,,,,,87.0961,,C4H6O2,,,,,,,,,,,Trouvé,,,,CID_129679938,Biacetyl-d,"1-deuteriobutane-2,3-dione",[2H]CC(=O)C(=O)C,InChI=1S/C4H6O2/c1-3(5)4(2)6/h1-2H3/i1D,QSJXEFYPDANLFS-MICDWDOJSA-N
Methylcadmium methoxide,Industrial,129687008,C2H7CdO-,159.49,,1,2,20.2,[CH3-].CO.[Cd],PubChem,,,,Structure_PubChem,159.489,0.0563,1,1,20.23,4,0,0,,,,,159.489,,C2H7CdO-,,,,,,,,,,,Trouvé,,,,CID_129687008,Methylcadmium methoxide,cadmium;carbanide;methanol,[CH3-].CO.[Cd],"InChI=1S/CH4O.CH3.Cd/c1-2;;/h2H,1H3;1H3;/q;-1;",BWEYECSQTSFVEN-UHFFFAOYSA-N
Methylcadmium ethoxide,Industrial,129687025,C3H9CdO-,173.52,,1,2,20.2,[CH3-].CCO.[Cd],PubChem,,,,Structure_PubChem,173.516,0.4464,1,1,20.23,5,0,0,,,,,173.516,,C3H9CdO-,,,,,,,,,,,Trouvé,,,,CID_129687025,Methylcadmium ethoxide,cadmium;carbanide;ethanol,[CH3-].CCO.[Cd],"InChI=1S/C2H6O.CH3.Cd/c1-2-3;;/h3H,2H2,1H3;1H3;/q;-1;",QQBSMLMYIDNGAA-UHFFFAOYSA-N
Propylene o n silver,Industrial,129691891,C3H4Ag2O,271.8,,0,3,17.1,[CH2-]C(=O)[CH2-].[Ag+].[Ag+],PubChem,,,,Structure_PubChem,271.8,0.2187,0,1,17.07,6,0,0,,,,,271.8,,C3H4Ag2O,,,,,,,,,,,Trouvé,,,,CID_129691891,Propylene o n silver,disilver;propan-2-one,[CH2-]C(=O)[CH2-].[Ag+].[Ag+],InChI=1S/C3H4O.2Ag/c1-3(2)4;;/h1-2H2;;/q-2;2*+1,FHHREOQPISYONT-UHFFFAOYSA-N
Ferraoxetene,Industrial,129694579,C2H4FeO,99.9,,1,1,20.2,C(C=[Fe])O,PubChem,,,,Structure_PubChem,99.898,-0.6723,1,1,20.23,4,0,1,,,,,99.898,,C2H4FeO,,,,,,,,,,,Trouvé,,,,CID_129694579,Ferraoxetene,2-hydroxyethylideneiron,C(C=[Fe])O,"InChI=1S/C2H4O.Fe/c1-2-3;/h1,3H,2H2;",WCTWTAUOCSVIOV-UHFFFAOYSA-N
ZINC-mercaptoethanol,Industrial,129694914,C2H5OZn-,110.4,,1,2,20.2,C[CH-]O.[Zn],PubChem,,,,Structure_PubChem,110.451,0.5381,1,1,20.23,4,0,0,,,,,110.451,,C2H5OZn-,,,,,,,,,,,Trouvé,,,,CID_129694914,ZINC-mercaptoethanol,ethanol;zinc,C[CH-]O.[Zn],"InChI=1S/C2H5O.Zn/c1-2-3;/h2-3H,1H3;/q-1;",PGZSIGGBXZUGPD-UHFFFAOYSA-N
Arsinoylethanol,Industrial,129700161,C2H5AsO2,135.98,,1,2,37.3,CC(O)[As]=O,PubChem,,,,Structure_PubChem,135.982,-0.6256,1,2,37.3,5,0,1,,,,,135.982,,C2H5AsO2,,,,,,,,,,,Trouvé,,,,CID_129700161,Arsinoylethanol,1-arsorosoethanol,CC(O)[As]=O,"InChI=1S/C2H5AsO2/c1-2(4)3-5/h2,4H,1H3",BHHNFJISBKYZBO-UHFFFAOYSA-N
Methoxy iridium(i),Industrial,129711478,CH4IrO,224.26,,1,1,20.2,CO.[Ir],PubChem,,,,Structure_PubChem,224.259,-0.394,1,1,20.23,3,0,0,,,,,224.259,,CH4IrO,,,,,,,,,,,Trouvé,,,,CID_129711478,Methoxy iridium(i),iridium;methanol,CO.[Ir],"InChI=1S/CH4O.Ir/c1-2;/h2H,1H3;",JJNVAYCGZVUOFH-UHFFFAOYSA-N
Alumina-2-propanol,Industrial,129717536,C2H5AlO,72.04,,1,1,20.2,CC(O)[Al],PubChem,,,,Structure_PubChem,72.043,-0.5068,1,1,20.23,4,0,0,,,,,72.043,,C2H5AlO,,,,,,,,,,,Trouvé,,,,CID_129717536,Alumina-2-propanol,,CC(O)[Al],"InChI=1S/C2H5O.Al/c1-2-3;/h2-3H,1H3;",DYSGTDPVYMYXLK-UHFFFAOYSA-N
Silane-ethanol,Industrial,129724209,C2H6OSi,74.15,,1,1,20.2,CCO.[Si],PubChem,,,,Structure_PubChem,74.155,-0.3822,1,1,20.23,4,0,0,,,,,74.155,,C2H6OSi,,,,,,,,,,,Trouvé,,,,CID_129724209,Silane-ethanol,,CCO.[Si],"InChI=1S/C2H6O.Si/c1-2-3;/h3H,2H2,1H3;",ADMWVBXCJSMQLF-UHFFFAOYSA-N
2-Tellanylethanol,Industrial,129765949,C2H5OTe,172.7,,1,1,20.2,C(C[Te])O,PubChem,,,,Structure_PubChem,172.661,-0.4345,1,1,20.23,4,0,1,,,,,172.661,,C2H5OTe,,,,,,,,,,,Trouvé,,,,CID_129765949,2-Tellanylethanol,,C(C[Te])O,"InChI=1S/C2H5OTe/c3-1-2-4/h3H,1-2H2",HQWHCVMSTYENOS-UHFFFAOYSA-N
2-Ethyl chromate,Industrial,129781547,C2H6CrO4,146.06,,1,4,71.4,CCO.O=[Cr](=O)=O,PubChem,,,,Structure_PubChem,146.062,-0.3603,1,4,71.44,7,0,0,,,,,146.062,,C2H6CrO4,,,,,,,,,,,Trouvé,,,,CID_129781547,2-Ethyl chromate,ethanol;trioxochromium,CCO.O=[Cr](=O)=O,"InChI=1S/C2H6O.Cr.3O/c1-2-3;;;;/h3H,2H2,1H3;;;;",WIUYVUUZPCCDBG-UHFFFAOYSA-N
Water-acetone-d6,Industrial,129801096,C3H8O2,82.13,,1,2,18.1,[2H]C([2H])([2H])C(=O)C([2H])([2H])[2H].O,PubChem,,,,Structure_PubChem,82.1316,-0.2294,0,1,48.57,5,0,0,,,,,82.1316,,C3H8O2,,,,,,,,,,,Trouvé,,,,CID_129801096,Water-acetone-d6,"1,1,1,3,3,3-hexadeuteriopropan-2-one;hydrate",[2H]C([2H])([2H])C(=O)C([2H])([2H])[2H].O,"InChI=1S/C3H6O.H2O/c1-3(2)4;/h1-2H3;1H2/i1D3,2D3;",OVARTBFNCCXQKS-TXHXQZCNSA-N
Acetonylgold,Industrial,129809062,C3H5AuO,254.04,,0,2,17.1,CC(=O)[CH2-].[Au+],PubChem,,,,Structure_PubChem,254.039,0.407,0,1,17.07,5,0,0,,,,,254.039,,C3H5AuO,,,,,,,,,,,Trouvé,,,,CID_129809062,Acetonylgold,gold(1+);propan-2-one,CC(=O)[CH2-].[Au+],"InChI=1S/C3H5O.Au/c1-3(2)4;/h1H2,2H3;/q-1;+1",MFICJMWKAOWQDR-UHFFFAOYSA-N
Ethoxy methylcarbene chromium,Industrial,129859574,C4H10CrO,126.12,,1,1,20.2,CCO.CC=[Cr],PubChem,,,,Structure_PubChem,126.119,0.3539,1,1,20.23,6,0,0,,,,,126.119,,C4H10CrO,,,,,,,,,,,Trouvé,,,,CID_129859574,Ethoxy methylcarbene chromium,ethanol;ethylidenechromium,CCO.CC=[Cr],"InChI=1S/C2H6O.C2H4.Cr/c1-2-3;1-2;/h3H,2H2,1H3;1H,2H3;",DVXVECATSBJRIR-UHFFFAOYSA-N
Tris-hcl acetone,Industrial,129887236,C3H9Cl3O,167.46,,3,1,17.1,CC(=O)C.Cl.Cl.Cl,PubChem,,,,Structure_PubChem,167.463,1.8607,0,1,17.07,7,0,0,,,,,167.463,,C3H9Cl3O,,,,,,,,,,,Trouvé,,,,CID_129887236,Tris-hcl acetone,propan-2-one;trihydrochloride,CC(=O)C.Cl.Cl.Cl,InChI=1S/C3H6O.3ClH/c1-3(2)4;;;/h1-2H3;3*1H,ZLNHCSFWECFITM-UHFFFAOYSA-N
Aceton Rhodamin,Industrial,129888638,C3H5ORh-,159.98,,0,2,17.1,CC(=O)[CH2-].[Rh],PubChem,,,,Structure_PubChem,159.978,0.407,0,1,17.07,5,0,0,,,,,159.978,,C3H5ORh-,,,,,,,,,,,Trouvé,,,,CID_129888638,Aceton Rhodamin,propan-2-one;rhodium,CC(=O)[CH2-].[Rh],"InChI=1S/C3H5O.Rh/c1-3(2)4;/h1H2,2H3;/q-1;",CSTVLKYWJGXXSD-UHFFFAOYSA-N
Alkoholat-Eisenoxyd-Hydrat,Industrial,129888744,C2H8FeO3,135.93,,2,3,38.3,CCO.O.O=[Fe],PubChem,,,,Structure_PubChem,135.928,-0.9474,1,2,68.8,6,0,0,,,,,135.928,,C2H8FeO3,,,,,,,,,,,Trouvé,,,,CID_129888744,Alkoholat-Eisenoxyd-Hydrat,ethanol;oxoiron;hydrate,CCO.O.O=[Fe],"InChI=1S/C2H6O.Fe.H2O.O/c1-2-3;;;/h3H,2H2,1H3;;1H2;",ASWHUAIRCNLQFW-UHFFFAOYSA-N
"2,3-Butanedione-13C4",Industrial,131667386,C4H6O2,90.06,-1.3,0,2,34.1,[13CH3][13C](=O)[13C](=O)[13CH3],PubChem,,,,Structure_PubChem,90.0594,0.1644,0,2,34.14,6,0,1,,,,,90.0594,,C4H6O2,,,,,,,,,,,Trouvé,,,,CID_131667386,"2,3-Butanedione-13C4","(1,2,3,4-13C4)butane-2,3-dione",[13CH3][13C](=O)[13C](=O)[13CH3],"InChI=1S/C4H6O2/c1-3(5)4(2)6/h1-2H3/i1+1,2+1,3+1,4+1",QSJXEFYPDANLFS-JCDJMFQYSA-N
CD3OD D2O,Industrial,131718569,CH6O2,56.094,,2,2,21.2,[2H]C([2H])([2H])O[2H].[2H]O[2H],PubChem,,,,Structure_PubChem,56.0936,-1.2162,1,1,51.73,3,0,0,,,,,56.0936,,CH6O2,,,,,,,,,,,Trouvé,,,,CID_131718569,CD3OD D2O,deuterated water;trideuterio(deuteriooxy)methane,[2H]C([2H])([2H])O[2H].[2H]O[2H],"InChI=1S/CH4O.H2O/c1-2;/h2H,1H3;1H2/i1D3,2D;/hD2",GBMDVOWEEQVZKZ-JMLOAXHOSA-N
Methoxide methyl alcohol,Industrial,131719842,C2H7O2-,63.08,,1,2,43.3,CO.C[O-],PubChem,,,,Structure_PubChem,63.076,-1.415,1,2,43.29,4,0,0,,,,,63.076,,C2H7O2-,,,,,,,,,,,Trouvé,,,,CID_131719842,Methoxide methyl alcohol,methanol;methanolate,CO.C[O-],"InChI=1S/CH4O.CH3O/c2*1-2/h2H,1H3;1H3/q;-1",NPRPHDSQZBFINE-UHFFFAOYSA-N
Acetone dipalladium,Industrial,131730690,C3H6OPd2,270.9,,0,1,17.1,CC(=O)C.[Pd].[Pd],PubChem,,,,Structure_PubChem,270.92,0.5903,0,1,17.07,6,0,0,,,,,270.92,,C3H6OPd2,,,,,,,,,,,Trouvé,,,,CID_131730690,Acetone dipalladium,bis(palladium);propan-2-one,CC(=O)C.[Pd].[Pd],InChI=1S/C3H6O.2Pd/c1-3(2)4;;/h1-2H3;;,IWUKSQWLQRAZQJ-UHFFFAOYSA-N
Iodine acetone,Industrial,131731402,C3H6I2O,311.89,,0,1,17.1,CC(=O)C.II,PubChem,,,,Structure_PubChem,311.888,2.3667,0,1,17.07,6,0,0,,,,,311.888,,C3H6I2O,,,,,,,,,,,Trouvé,,,,CID_131731402,Iodine acetone,molecular iodine;propan-2-one,CC(=O)C.II,InChI=1S/C3H6O.I2/c1-3(2)4;1-2/h1-2H3;,GKPTVURPKSPIJW-UHFFFAOYSA-N
Methanol iodine,Industrial,131732651,CH4I2O,285.851,,1,1,20.2,CO.II,PubChem,,,,Structure_PubChem,285.85,1.3799,1,1,20.23,4,0,0,,,,,285.85,,CH4I2O,,,,,,,,,,,Trouvé,,,,CID_131732651,Methanol iodine,methanol;molecular iodine,CO.II,"InChI=1S/CH4O.I2/c2*1-2/h2H,1H3;",ZVKNZYMULQGKBO-UHFFFAOYSA-N
"Methanol, cesium salt (8CI,9CI)",Industrial,131872008,CH4CsO,164.947,,1,1,20.2,CO.[Cs],PubChem,,,,Structure_PubChem,164.947,-0.7723,1,1,20.23,3,0,0,,,,,164.947,,CH4CsO,,,,,,,,,,,Trouvé,,,,CID_131872008,"Methanol, cesium salt (8CI,9CI)",,CO.[Cs],"InChI=1S/CH4O.Cs/c1-2;/h2H,1H3;",WPIVKKXUBUSHMY-UHFFFAOYSA-N
Propan-2-one;zirconium(4+),Industrial,132647828,C3H6OZr+4,149.3,,0,1,17.1,CC(=O)C.[Zr+4],PubChem,,,,Structure_PubChem,149.304,0.5928,0,1,17.07,5,0,0,,,,,149.304,,C3H6OZr+4,,,,,,,,,,,Trouvé,,,,CID_132647828,Propan-2-one;zirconium(4+),propan-2-one;zirconium(4+),CC(=O)C.[Zr+4],InChI=1S/C3H6O.Zr/c1-3(2)4;/h1-2H3;/q;+4,SVVRTOAQSOKVBU-UHFFFAOYSA-N
CID 134839750,Industrial,134839750,C2H5FeO,100.91,,1,1,20.2,C[CH]O.[Fe],PubChem,,,,Structure_PubChem,100.906,0.5381,1,1,20.23,4,0,0,,,,,100.906,,C2H5FeO,,,,,,,,,,,Trouvé,,,,CID_134839750,CID 134839750,,C[CH]O.[Fe],"InChI=1S/C2H5O.Fe/c1-2-3;/h2-3H,1H3;",DMGMOSHMANTYIK-UHFFFAOYSA-N
Carbanide;ethanol;palladium,Industrial,134866548,C3H9OPd-,167.52,,1,2,20.2,[CH3-].CCO.[Pd],PubChem,,,,Structure_PubChem,167.524,0.4464,1,1,20.23,5,0,0,,,,,167.524,,C3H9OPd-,,,,,,,,,,,Trouvé,,,,CID_134866548,Carbanide;ethanol;palladium,carbanide;ethanol;palladium,[CH3-].CCO.[Pd],"InChI=1S/C2H6O.CH3.Pd/c1-2-3;;/h3H,2H2,1H3;1H3;/q;-1;",OYRMXRNKYCWEHM-UHFFFAOYSA-N
"1,1,1,3,3,3-Hexadeuteriopropan-2-ylideneoxidanium",Industrial,134874863,C3H7O+,65.12,-0.1,1,0,1.0,[2H]C([2H])([2H])C(=[OH+])C([2H])([2H])[2H],PubChem,,,,Structure_PubChem,65.1246,0.5711,0,0,21.4,4,0,0,,,,,65.1246,,C3H7O+,,,,,,,,,,,Trouvé,,,,CID_134874863,"1,1,1,3,3,3-Hexadeuteriopropan-2-ylideneoxidanium","1,1,1,3,3,3-hexadeuteriopropan-2-ylideneoxidanium",[2H]C([2H])([2H])C(=[OH+])C([2H])([2H])[2H],"InChI=1S/C3H6O/c1-3(2)4/h1-2H3/p+1/i1D3,2D3",CSCPPACGZOOCGX-WFGJKAKNSA-O
Carbanide;iron;methanol,Industrial,135035135,C2H7FeO-,102.92,,1,2,20.2,[CH3-].CO.[Fe],PubChem,,,,Structure_PubChem,102.922,0.0563,1,1,20.23,4,0,0,,,,,102.922,,C2H7FeO-,,,,,,,,,,,Trouvé,,,,CID_135035135,Carbanide;iron;methanol,carbanide;iron;methanol,[CH3-].CO.[Fe],"InChI=1S/CH4O.CH3.Fe/c1-2;;/h2H,1H3;1H3;/q;-1;",XLLAJUZLURQMDA-UHFFFAOYSA-N
CID 135037659,Industrial,135037659,C4H6O,70.09,0.3,0,1,17.1,C[C]C(=O)C,PubChem,,,,Structure_PubChem,70.091,0.6766,0,1,17.07,5,0,1,,,,,70.091,,C4H6O,,,,,,,,,,,Trouvé,,,,CID_135037659,CID 135037659,,C[C]C(=O)C,InChI=1S/C4H6O/c1-3-4(2)5/h1-2H3,UTAJIQGZDSDBRD-UHFFFAOYSA-N
Titanium(3+) chloride--ethanol (1/3/1),Industrial,138399037,C2H6Cl3OTi,200.29,,1,4,20.2,CCO.[Cl-].[Cl-].[Cl-].[Ti+3],PubChem,,,,Structure_PubChem,200.295,-8.9919,1,1,20.23,7,0,0,,,,,200.295,,C2H6Cl3OTi,,,,,,,,,,,Trouvé,,,,CID_138399037,Titanium(3+) chloride--ethanol (1/3/1),ethanol;titanium(3+);trichloride,CCO.[Cl-].[Cl-].[Cl-].[Ti+3],"InChI=1S/C2H6O.3ClH.Ti/c1-2-3;;;;/h3H,2H2,1H3;3*1H;/q;;;;+3/p-3",MNLMLEWXCMFNFO-UHFFFAOYSA-K
Methanol mono-ammoniate,Industrial,139088895,CH7NO,56.116,,2,2,21.2,[2H]C([2H])([2H])O[2H].[2H]N([2H])[2H],PubChem,,,,Structure_PubChem,56.1157,-0.2295,2,2,55.23,3,0,0,,,,,56.1157,,CH7NO,,,,,,,,,,,Trouvé,,,,CID_139088895,Methanol mono-ammoniate,,[2H]C([2H])([2H])O[2H].[2H]N([2H])[2H],"InChI=1S/CH4O.H3N/c1-2;/h2H,1H3;1H3/i1D3,2D;/hD3",CBHOOMGKXCMKIR-LSLWJVBTSA-N
Propan-2-yl(propan-2-ylidene)oxidanium,Industrial,139152385,C6H12O,100.16,0.6,0,1,1.0,C[C-](C)[O+]=C(C)C,PubChem,,,,Structure_PubChem,100.161,1.7028,0,0,11.3,7,0,1,,,,,100.161,,C6H12O,,,,,,,,,,,Trouvé,,,,CID_139152385,Propan-2-yl(propan-2-ylidene)oxidanium,propan-2-yl(propan-2-ylidene)oxidanium,C[C-](C)[O+]=C(C)C,InChI=1S/C6H12O/c1-5(2)7-6(3)4/h1-4H3,PUUVAWLUFOJPSV-UHFFFAOYSA-N
"1,1,1,3,3,3-Hexadeuteriopropan-2-one;molecular bromine",Industrial,139197254,C3H6Br2O,223.92,,0,1,17.1,[2H]C([2H])([2H])C(=O)C([2H])([2H])[2H].BrBr,PubChem,,,,Structure_PubChem,223.9246,2.2865,0,1,17.07,6,0,0,,,,,223.9246,,C3H6Br2O,,,,,,,,,,,Trouvé,,,,CID_139197254,"1,1,1,3,3,3-Hexadeuteriopropan-2-one;molecular bromine","1,1,1,3,3,3-hexadeuteriopropan-2-one;molecular bromine",[2H]C([2H])([2H])C(=O)C([2H])([2H])[2H].BrBr,"InChI=1S/C3H6O.Br2/c1-3(2)4;1-2/h1-2H3;/i1D3,2D3;",XWZNTONXILPFOA-TXHXQZCNSA-N
Propan-2-one;hydrofluoride,Industrial,140338819,C3H7FO,78.09,,1,2,17.1,CC(=O)C.F,PubChem,,,,Structure_PubChem,78.086,0.7478,0,1,17.07,5,0,0,,,,,78.086,,C3H7FO,,,,,,,,,,,Trouvé,,,,CID_140338819,Propan-2-one;hydrofluoride,propan-2-one;hydrofluoride,CC(=O)C.F,InChI=1S/C3H6O.FH/c1-3(2)4;/h1-2H3;1H,OTUKPXUUYJTFFJ-UHFFFAOYSA-N
Chloronickel;methanol,Industrial,140445393,CH4ClNiO,126.19,,1,1,20.2,CO.Cl[Ni],PubChem,,,,Structure_PubChem,126.188,0.2955,1,1,20.23,4,0,0,,,,,126.188,,CH4ClNiO,,,,,,,,,,,Trouvé,,,,CID_140445393,Chloronickel;methanol,chloronickel;methanol,CO.Cl[Ni],"InChI=1S/CH4O.ClH.Ni/c1-2;;/h2H,1H3;1H;/q;;+1/p-1",HBPBKSDWKFNJLC-UHFFFAOYSA-M
2-Oxopropylidyneiron,Industrial,140612219,C3H3FeO,110.9,,0,1,17.1,CC(=O)C#[Fe],PubChem,,,,Structure_PubChem,110.901,0.0814,0,1,17.07,5,0,0,,,,,110.901,,C3H3FeO,,,,,,,,,,,Trouvé,,,,CID_140612219,2-Oxopropylidyneiron,2-oxopropylidyneiron,CC(=O)C#[Fe],InChI=1S/C3H3O.Fe/c1-3(2)4;/h1H3;,HZZVZGLUPDJQEG-UHFFFAOYSA-N
CID 140665310,Industrial,140665310,CH4O+,32.042,-0.5,1,0,1.0,C[OH+],PubChem,,,,Structure_PubChem,32.042,-0.3915,0,1,21.4,2,0,0,,,,,32.042,,CH4O+,,,,,,,,,,,Trouvé,,,,CID_140665310,CID 140665310,,C[OH+],"InChI=1S/CH4O/c1-2/h2H,1H3/q+1",GTZIRXXNRBNPPU-UHFFFAOYSA-N
Deuteriomethanol;hydrate,Industrial,141177921,CH6O2,51.063,,2,2,21.2,[2H]CO.O,PubChem,,,,Structure_PubChem,51.0631,-1.2162,1,1,51.73,3,0,0,,,,,51.0631,,CH6O2,,,,,,,,,,,Trouvé,,,,CID_141177921,Deuteriomethanol;hydrate,deuteriomethanol;hydrate,[2H]CO.O,"InChI=1S/CH4O.H2O/c1-2;/h2H,1H3;1H2/i1D;",GBMDVOWEEQVZKZ-RWQOXAPSSA-N
Gold;methanol,Industrial,141185623,CH4AuO,229.008,,1,1,20.2,CO.[Au],PubChem,,,,Structure_PubChem,229.009,-0.394,1,1,20.23,3,0,0,,,,,229.009,,CH4AuO,,,,,,,,,,,Trouvé,,,,CID_141185623,Gold;methanol,gold;methanol,CO.[Au],"InChI=1S/CH4O.Au/c1-2;/h2H,1H3;",PUZGLYHQMAZKGK-UHFFFAOYSA-N
Molecular oxygen;propan-2-one,Industrial,141242800,C3H6O3,90.08,,0,3,51.2,CC(=O)C.O=O,PubChem,,,,Structure_PubChem,90.078,0.6623,0,3,51.21,6,0,0,,,,,90.078,,C3H6O3,,,,,,,,,,,Trouvé,,,,CID_141242800,Molecular oxygen;propan-2-one,molecular oxygen;propan-2-one,CC(=O)C.O=O,InChI=1S/C3H6O.O2/c1-3(2)4;1-2/h1-2H3;,WEFVJULQUIYUHQ-UHFFFAOYSA-N
Bromocopper;methanol,Industrial,141246728,CH4BrCuO,175.49,,1,1,20.2,CO.[Cu]Br,PubChem,,,,Structure_PubChem,175.492,0.4516,1,1,20.23,4,0,0,,,,,175.492,,CH4BrCuO,,,,,,,,,,,Trouvé,,,,CID_141246728,Bromocopper;methanol,bromocopper;methanol,CO.[Cu]Br,"InChI=1S/CH4O.BrH.Cu/c1-2;;/h2H,1H3;1H;/q;;+1/p-1",BCIBRBAQQKBAIF-UHFFFAOYSA-M
Molecular nitrogen;propan-2-one,Industrial,141296818,C3H6N2O,86.09,,0,3,64.7,CC(=O)C.N#N,PubChem,,,,Structure_PubChem,86.094,0.6255,0,3,64.65,6,0,0,,,,,86.094,,C3H6N2O,,,,,,,,,,,Trouvé,,,,CID_141296818,Molecular nitrogen;propan-2-one,molecular nitrogen;propan-2-one,CC(=O)C.N#N,InChI=1S/C3H6O.N2/c1-3(2)4;1-2/h1-2H3;,VAPJQGOOCPHUIO-UHFFFAOYSA-N
CID 141360859,Industrial,141360859,CH6OS2,98.19,,3,3,22.2,CO.SS,PubChem,,,,Structure_PubChem,98.192,0.3695,3,3,20.23,4,0,0,,,,,98.192,,CH6OS2,,,,,,,,,,,Trouvé,,,,CID_141360859,CID 141360859,,CO.SS,"InChI=1S/CH4O.H2S2/c2*1-2/h2H,1H3;1-2H",RIIUTBPFWGSQRP-UHFFFAOYSA-N
Methanol;oxovanadium,Industrial,141387710,CH4O2V,98.983,,1,2,37.3,CO.O=[V],PubChem,,,,Structure_PubChem,98.985,-0.5128,1,2,37.3,4,0,0,,,,,98.985,,CH4O2V,,,,,,,,,,,Trouvé,,,,CID_141387710,Methanol;oxovanadium,methanol;oxovanadium,CO.O=[V],"InChI=1S/CH4O.O.V/c1-2;;/h2H,1H3;;",HAYMYKKESNLRGR-UHFFFAOYSA-N
CID 141620366,Industrial,141620366,CH4GeO,104.67,,1,1,20.2,CO.[Ge],PubChem,,,,Structure_PubChem,104.652,-0.7723,1,1,20.23,3,0,0,,,,,104.652,,CH4GeO,,,,,,,,,,,Trouvé,,,,CID_141620366,CID 141620366,,CO.[Ge],"InChI=1S/CH4O.Ge/c1-2;/h2H,1H3;",FVELXVYPGSMIFT-UHFFFAOYSA-N
Trideuterio(deuteriooxy)methane;dihydrochloride,Industrial,142299195,CH6Cl2O,108.99,,3,1,20.2,[2H]C([2H])([2H])O[2H].Cl.Cl,PubChem,,,,Structure_PubChem,108.9884,0.4521,1,1,20.23,4,0,0,,,,,108.9884,,CH6Cl2O,,,,,,,,,,,Trouvé,,,,CID_142299195,Trideuterio(deuteriooxy)methane;dihydrochloride,trideuterio(deuteriooxy)methane;dihydrochloride,[2H]C([2H])([2H])O[2H].Cl.Cl,"InChI=1S/CH4O.2ClH/c1-2;;/h2H,1H3;2*1H/i1D3,2D;;",WKWAVURMIFLVLL-XJBYEJGDSA-N
Ethane;propan-2-one,Industrial,142979148,C7H18O,118.22,,0,1,17.1,CC.CC.CC(=O)C,PubChem,,,,Structure_PubChem,118.22,2.6477,0,1,17.07,8,0,0,,,,,118.22,,C7H18O,,,,,,,,,,,Trouvé,,,,CID_142979148,Ethane;propan-2-one,ethane;propan-2-one,CC.CC.CC(=O)C,InChI=1S/C3H6O.2C2H6/c1-3(2)4;2*1-2/h1-2H3;2*1-2H3,DMZFYKFWBVPHNW-UHFFFAOYSA-N
