Nom,Categorie,CID,Formule,Masse_molaire,LogP,HBD,HBA,TPSA,SMILES,Source_structure,Source_toxicologie,Plante,Partie_utilisee,Statut_donnees,RDKit_Masse_molaire,RDKit_LogP,RDKit_HBD,RDKit_HBA,RDKit_TPSA,Atomes_lourds,Anneaux,Liaisons_rotatables,LD50_mg_kg,LogLD50,Toxicite,Risque,RKdit_masse_molaire
CID_102,Industrial,102,C7H8O2,124.14,0.5,2,2,40.5,C1=CC(=CC(=C1)O)CO,PubChem,,,,Structure_PubChem,124.139,0.8845,2,2,40.46,9,1,1,,,,,124.139
CID_125,Industrial,125,C7H8O2,124.14,0.2,2,2,40.5,C1=CC(=CC=C1CO)O,PubChem,,,,Structure_PubChem,124.139,0.8845,2,2,40.46,9,1,1,,,,,124.139
CID_180,Industrial,180,C3H6O,58.08,-0.1,0,1,17.1,CC(=O)C,PubChem,,,,Structure_PubChem,58.08,0.5953,0,1,17.07,4,0,0,,,,,58.08
CID_241,Industrial,241,C6H6,78.11,2.1,0,0,0.0,C1=CC=CC=C1,PubChem,,,,Structure_PubChem,78.114,1.6866,0,0,0.0,6,1,0,,,,,78.114
CID_289,Industrial,289,C6H6O2,110.11,0.9,2,2,40.5,C1=CC=C(C(=C1)O)O,PubChem,,,,Structure_PubChem,110.112,1.0978,2,2,40.46,8,1,0,,,,,110.112
CID_323,Industrial,323,C9H6O2,146.14,1.4,0,2,26.3,C1=CC=C2C(=C1)C=CC(=O)O2,PubChem,,,,Structure_PubChem,146.145,1.793,0,2,30.21,11,2,0,,,,,146.145
CID_335,Industrial,335,C7H8O,108.14,2,1,1,20.2,CC1=CC=CC=C1O,PubChem,,,,Structure_PubChem,108.14,1.7006,1,1,20.23,8,1,0,,,,,108.14
CID_338,Industrial,338,C7H6O3,138.12,2.3,2,3,57.5,C1=CC=C(C(=C1)C(=O)O)O,PubChem,,,,Structure_PubChem,138.122,1.0904,2,2,57.53,10,1,1,,,,,138.122
CID_342,Industrial,342,C7H8O,108.14,2,1,1,20.2,CC1=CC(=CC=C1)O,PubChem,,,,Structure_PubChem,108.14,1.7006,1,1,20.23,8,1,0,,,,,108.14
CID_359,Industrial,359,C6H6O3,126.11,0.2,3,3,60.7,C1=C(C=C(C=C1O)O)O,PubChem,,,,Structure_PubChem,126.111,0.8034,3,3,60.69,9,1,0,,,,,126.111
CID_650,Industrial,650,C4H6O2,86.09,-1.3,0,2,34.1,CC(=O)C(=O)C,PubChem,,,,Structure_PubChem,86.09,0.1644,0,2,34.14,6,0,1,,,,,86.09
CID_660,Industrial,660,C9H8O2,148.16,1.6,0,2,26.3,C1CC(=O)OC2=CC=CC=C21,PubChem,,,,Structure_PubChem,148.161,1.5382,0,2,26.3,11,2,0,,,,,148.161
CID_702,Industrial,702,C2H6O,46.07,-0.1,1,1,20.2,CCO,PubChem,,,,Structure_PubChem,46.069,-0.0014,1,1,20.23,3,0,0,,,,,46.069
CID_785,Industrial,785,C6H6O2,110.11,0.6,2,2,40.5,C1=CC(=CC=C1O)O,PubChem,,,,Structure_PubChem,110.112,1.0978,2,2,40.46,8,1,0,,,,,110.112
CID_887,Industrial,887,CH4O,32.042,-0.5,1,1,20.2,CO,PubChem,,,,Structure_PubChem,32.042,-0.3915,1,1,20.23,2,0,0,,,,,32.042
CID_996,Industrial,996,C6H6O,94.11,1.5,1,1,20.2,C1=CC=C(C=C1)O,PubChem,,,,Structure_PubChem,94.113,1.3922,1,1,20.23,7,1,0,,,,,94.113
CID_1031,Industrial,1031,C3H8O,60.10,0.3,1,1,20.2,CCCO,PubChem,,,,Structure_PubChem,60.096,0.3887,1,1,20.23,4,0,1,,,,,60.096
CID_1057,Industrial,1057,C6H6O3,126.11,0.5,3,3,60.7,C1=CC(=C(C(=C1)O)O)O,PubChem,,,,Structure_PubChem,126.111,0.8034,3,3,60.69,9,1,0,,,,,126.111
CID_1140,Industrial,1140,C7H8,92.14,2.7,0,0,0.0,CC1=CC=CC=C1,PubChem,,,,Structure_PubChem,92.141,1.995,0,0,0.0,7,1,0,,,,,92.141
CID_1491,Industrial,1491,C7H6O4,154.12,1.6,3,4,77.8,C1=CC(=C(C=C1O)O)C(=O)O,PubChem,,,,Structure_PubChem,154.121,0.796,3,3,77.76,11,1,1,,,,,154.121
CID_1752,Industrial,1752,C15H24O,220.35,5.9,1,1,20.2,CCCCCCCCCC1=CC=C(C=C1)O,PubChem,,,,Structure_PubChem,220.356,4.6853,1,1,20.23,16,1,8,,,,,220.356
CID_2244,Industrial,2244,C9H8O4,180.16,1.2,1,4,63.6,CC(=O)OC1=CC=CC=C1C(=O)O,PubChem,,,,Structure_PubChem,180.159,1.3101,1,3,63.6,13,1,2,,,,,180.159
CID_2741,Industrial,2741,C10H6O4,190.15,1.6,1,4,63.6,C1=CC=C2C(=C1)C(=O)C=C(O2)C(=O)O,PubChem,,,,Structure_PubChem,190.154,1.4912,1,3,67.51,14,2,1,,,,,190.154
CID_2879,Industrial,2879,C7H8O,108.14,1.9,1,1,20.2,CC1=CC=C(C=C1)O,PubChem,,,,Structure_PubChem,108.14,1.7006,1,1,20.23,8,1,0,,,,,108.14
CID_3418,Industrial,3418,C7H7O6P,218.10,0,3,6,104.0,C1=CC=C(C(=C1)C(=O)O)OP(=O)(O)O,PubChem,,,,Structure_PubChem,218.101,0.8563,3,3,104.06,14,1,3,,,,,218.101
CID_3469,Industrial,3469,C7H6O4,154.12,1.6,3,4,77.8,C1=CC(=C(C=C1O)C(=O)O)O,PubChem,,,,Structure_PubChem,154.121,0.796,3,3,77.76,11,1,1,,,,,154.121
CID_4133,Industrial,4133,C8H8O3,152.15,2.3,1,3,46.5,COC(=O)C1=CC=CC=C1O,PubChem,,,,Structure_PubChem,152.149,1.1788,1,3,46.53,11,1,1,,,,,152.149
CID_4632,Industrial,4632,C14H12O3,228.24,3.6,1,3,46.5,COC1=CC(=C(C=C1)C(=O)C2=CC=CC=C2)O,PubChem,,,,Structure_PubChem,228.247,2.6318,1,3,46.53,17,2,3,,,,,228.247
CID_4684,Industrial,4684,C6H5ClO,128.55,2.4,1,1,20.2,C1=CC(=CC=C1O)Cl,PubChem,,,,Structure_PubChem,128.558,2.0456,1,1,20.23,8,1,0,,,,,128.558
CID_4765,Industrial,4765,C6H6O4S,174.18,0.2,2,4,83.0,C1=CC(=CC=C1O)S(=O)(=O)O,PubChem,,,,Structure_PubChem,174.177,0.6389,2,3,74.6,11,1,1,,,,,174.177
CID_4778,Industrial,4778,C6H5AsO,168.02,,0,1,17.1,C1=CC=C(C=C1)[As]=O,PubChem,,,,Structure_PubChem,168.027,0.3616,0,1,17.07,8,1,1,,,,,168.027
CID_5054,Industrial,5054,C6H6O2,110.11,0.8,2,2,40.5,C1=CC(=CC(=C1)O)O,PubChem,,,,Structure_PubChem,110.112,1.0978,2,2,40.46,8,1,0,,,,,110.112
CID_5128,Industrial,5128,C7H7I,218.03,2.9,0,0,0.0,CC1=CC=CC=C1I,PubChem,,,,Structure_PubChem,218.037,2.5996,0,0,0.0,8,1,0,,,,,218.037
CID_5146,Industrial,5146,C7H8O2,124.14,0.7,2,2,40.5,C1=CC=C(C(=C1)CO)O,PubChem,,,,Structure_PubChem,124.139,0.8845,2,2,40.46,9,1,1,,,,,124.139
CID_5161,Industrial,5161,C14H10O5,258.23,3,2,5,83.8,C1=CC=C(C(=C1)C(=O)OC2=CC=CC=C2C(=O)O)O,PubChem,,,,Structure_PubChem,258.229,2.3096,2,4,83.83,19,2,3,,,,,258.229
CID_5708,Industrial,5708,C10H8N2Se2,314.1,,0,2,47.6,C1=CC(=CC=C1C[Se]C#N)C[Se]C#N,PubChem,,,,Structure_PubChem,314.108,1.0572,0,2,47.58,14,1,4,,,,,314.108
CID_5788,Industrial,5788,C8H8O3,152.15,3,2,3,57.5,CC1=CC(=C(C=C1)C(=O)O)O,PubChem,,,,Structure_PubChem,152.149,1.3988,2,2,57.53,11,1,1,,,,,152.149
CID_6025,Industrial,6025,C20H16,256.3,6.1,0,0,0.0,C1=CC=C(C=C1)C=C(C2=CC=CC=C2)C3=CC=CC=C3,PubChem,,,,Structure_PubChem,256.348,5.2755,0,0,0.0,20,3,3,,,,,256.348
CID_6569,Industrial,6569,C4H8O,72.11,0.3,0,1,17.1,CCC(=O)C,PubChem,,,,Structure_PubChem,72.107,0.9854,0,1,17.07,5,0,1,,,,,72.107
CID_6738,Industrial,6738,C8H8O3,152.15,2.9,2,3,57.5,CC1=C(C(=CC=C1)C(=O)O)O,PubChem,,,,Structure_PubChem,152.149,1.3988,2,2,57.53,11,1,1,,,,,152.149
CID_6801,Industrial,6801,C21H26O4,342.4,6.5,2,4,66.8,CCCCCCCCOC1=CC(=C(C=C1)C(=O)C2=CC=CC=C2O)O,PubChem,,,,Structure_PubChem,342.435,5.0681,2,4,66.76,25,2,10,,,,,342.435
CID_6873,Industrial,6873,C11H14O3,194.23,3.9,1,3,46.5,CC(C)COC(=O)C1=CC=CC=C1O,PubChem,,,,Structure_PubChem,194.23,2.205,1,3,46.53,14,1,3,,,,,194.23
CID_6874,Industrial,6874,C12H16O3,208.25,4.6,1,3,46.5,CC(C)CCOC(=O)C1=CC=CC=C1O,PubChem,,,,Structure_PubChem,208.257,2.5951,1,3,46.53,15,1,4,,,,,208.257
CID_6880,Industrial,6880,C9H10O4,182.17,1.9,2,4,66.8,C1=CC=C(C(=C1)C(=O)OCCO)O,PubChem,,,,Structure_PubChem,182.175,0.5413,2,4,66.76,13,1,3,,,,,182.175
CID_6943,Industrial,6943,C9H12O,136.19,2.9,1,1,20.2,CC(C)C1=CC=CC=C1O,PubChem,,,,Structure_PubChem,136.194,2.5156,1,1,20.23,10,1,1,,,,,136.194
CID_6973,Industrial,6973,C8H8O3,152.15,2.8,2,3,57.5,CC1=CC(=C(C=C1)O)C(=O)O,PubChem,,,,Structure_PubChem,152.149,1.3988,2,2,57.53,11,1,1,,,,,152.149
CID_6984,Industrial,6984,C10H14O,150.22,3.4,1,1,20.2,CCC(C)C1=CC=CC=C1O,PubChem,,,,Structure_PubChem,150.221,2.9057,1,1,20.23,11,1,2,,,,,150.221
CID_6992,Industrial,6992,C8H9Br,185.06,3,0,0,0.0,CC1=CC=CC=C1CBr,PubChem,,,,Structure_PubChem,185.064,2.8899,0,0,0.0,9,1,1,,,,,185.064
CID_6997,Industrial,6997,C8H10O,122.16,2.5,1,1,20.2,CCC1=CC=CC=C1O,PubChem,,,,Structure_PubChem,122.167,1.9546,1,1,20.23,9,1,1,,,,,122.167
CID_6999,Industrial,6999,C6H5ClHgO,329.15,,1,1,20.2,C1=CC=C(C(=C1)O)[Hg]Cl,PubChem,,,,Structure_PubChem,329.148,1.2538,1,1,20.23,9,1,1,,,,,329.148
CID_7020,Industrial,7020,C13H8O2,196.20,3.4,0,2,26.3,C1=CC=C2C(=C1)C(=O)C3=CC=CC=C3O2,PubChem,,,,Structure_PubChem,196.205,2.9462,0,2,30.21,15,3,0,,,,,196.205
CID_7052,Industrial,7052,C9H10O4,182.17,1.6,1,4,55.8,COC1=CC(=C(C=C1)C(=O)O)OC,PubChem,,,,Structure_PubChem,182.175,1.402,1,3,55.76,13,1,3,,,,,182.175
CID_7095,Industrial,7095,C12H10,154.21,4,0,0,0.0,C1=CC=C(C=C1)C2=CC=CC=C2,PubChem,,,,Structure_PubChem,154.212,3.3536,0,0,0.0,12,2,1,,,,,154.212
CID_7145,Industrial,7145,C8H8Br2,263.96,3.3,0,0,0.0,C1=CC=C(C=C1)C(CBr)Br,PubChem,,,,Structure_PubChem,263.96,3.5175,0,0,0.0,10,1,2,,,,,263.96
CID_7169,Industrial,7169,C13H10O2,198.22,3.6,0,2,26.3,C1=CC=C(C=C1)C(=O)OC2=CC=CC=C2,PubChem,,,,Structure_PubChem,198.221,2.9058,0,2,26.3,15,2,2,,,,,198.221
CID_7175,Industrial,7175,C10H12O3,180.20,3,1,3,46.5,CCCOC(=O)C1=CC=C(C=C1)O,PubChem,,,,Structure_PubChem,180.203,1.959,1,3,46.53,13,1,3,,,,,180.203
CID_7184,Industrial,7184,C11H14O3,194.23,3.6,1,3,46.5,CCCCOC(=O)C1=CC=C(C=C1)O,PubChem,,,,Structure_PubChem,194.23,2.3491,1,3,46.53,14,1,4,,,,,194.23
CID_7219,Industrial,7219,C9H8,116.16,2.9,0,0,0.0,C1C=CC2=CC=CC=C21,PubChem,,,,Structure_PubChem,116.163,2.2559,0,0,0.0,9,2,0,,,,,116.163
CID_7236,Industrial,7236,C7H7Br,171.03,3.5,0,0,0.0,CC1=CC=CC=C1Br,PubChem,,,,Structure_PubChem,171.037,2.7575,0,0,0.0,8,1,0,,,,,171.037
CID_7237,Industrial,7237,C8H10,106.16,3.1,0,0,0.0,CC1=CC=CC=C1C,PubChem,,,,Structure_PubChem,106.168,2.3034,0,0,0.0,8,1,0,,,,,106.168
CID_7238,Industrial,7238,C7H7Cl,126.58,3.4,0,0,0.0,CC1=CC=CC=C1Cl,PubChem,,,,Structure_PubChem,126.586,2.6484,0,0,0.0,8,1,0,,,,,126.586
CID_7241,Industrial,7241,C7H7F,110.13,2.9,0,1,0.0,CC1=CC=CC=C1F,PubChem,,,,Structure_PubChem,110.131,2.1341,0,0,0.0,8,1,0,,,,,110.131
CID_7244,Industrial,7244,C6H5BrO,173.01,2.4,1,1,20.2,C1=CC=C(C(=C1)O)Br,PubChem,,,,Structure_PubChem,173.009,2.1547,1,1,20.23,8,1,0,,,,,173.009
CID_7245,Industrial,7245,C6H5ClO,128.55,2.1,1,1,20.2,C1=CC=C(C(=C1)O)Cl,PubChem,,,,Structure_PubChem,128.558,2.0456,1,1,20.23,8,1,0,,,,,128.558
CID_7247,Industrial,7247,C9H12,120.19,3,0,0,0.0,CC1=CC(=C(C=C1)C)C,PubChem,,,,Structure_PubChem,120.195,2.6119,0,0,0.0,9,1,0,,,,,120.195
CID_7269,Industrial,7269,C10H14,134.22,4,0,0,0.0,CC1=CC(=C(C=C1C)C)C,PubChem,,,,Structure_PubChem,134.222,2.9203,0,0,0.0,10,1,0,,,,,134.222
CID_7365,Industrial,7365,C6H7AsO3,202.04,,2,3,57.5,C1=CC=C(C=C1)[As](=O)(O)O,PubChem,,,,Structure_PubChem,202.041,-0.7524,2,1,57.53,10,1,1,,,,,202.041
CID_7366,Industrial,7366,C10H14,134.22,4.1,0,0,0.0,CC(C)(C)C1=CC=CC=C1,PubChem,,,,Structure_PubChem,134.222,2.9841,0,0,0.0,10,1,0,,,,,134.222
CID_7367,Industrial,7367,C7H5Cl3,195.5,3.7,0,0,0.0,C1=CC=C(C=C1)C(Cl)(Cl)Cl,PubChem,,,,Structure_PubChem,195.476,3.5133,0,0,0.0,10,1,0,,,,,195.476
CID_7368,Industrial,7368,C7H5F3,146.11,3,0,3,0.0,C1=CC=C(C=C1)C(F)(F)F,PubChem,,,,Structure_PubChem,146.111,2.7054,0,0,0.0,10,1,0,,,,,146.111
CID_7372,Industrial,7372,C6H5Cl3Si,211.5,,0,0,0.0,C1=CC=C(C=C1)[Si](Cl)(Cl)Cl,PubChem,,,,Structure_PubChem,211.551,2.5489,0,0,0.0,10,1,1,,,,,211.551
CID_7373,Industrial,7373,C6H7AsO4,218.04,,3,4,77.8,C1=CC(=CC=C1O)[As](=O)(O)O,PubChem,,,,Structure_PubChem,218.04,-1.0468,3,2,77.76,11,1,1,,,,,218.04
CID_7376,Industrial,7376,C7H5F3O,162.11,3,1,4,20.2,C1=CC(=CC(=C1)O)C(F)(F)F,PubChem,,,,Structure_PubChem,162.11,2.411,1,1,20.23,11,1,0,,,,,162.11
CID_7378,Industrial,7378,C12H18,162.27,4.3,0,0,0.0,CC1=CC(=CC(=C1)C(C)(C)C)C,PubChem,,,,Structure_PubChem,162.276,3.6009,0,0,0.0,12,1,0,,,,,162.276
CID_7390,Industrial,7390,C11H16,148.24,4.5,0,0,0.0,CC1=CC=C(C=C1)C(C)(C)C,PubChem,,,,Structure_PubChem,148.249,3.2925,0,0,0.0,11,1,0,,,,,148.249
CID_7406,Industrial,7406,C9H12,120.19,3.7,0,0,0.0,CC(C)C1=CC=CC=C1,PubChem,,,,Structure_PubChem,120.195,2.81,0,0,0.0,9,1,1,,,,,120.195
CID_7407,Industrial,7407,C9H10,118.18,3.5,0,0,0.0,CC(=C)C1=CC=CC=C1,PubChem,,,,Structure_PubChem,118.179,2.7197,0,0,0.0,9,1,1,,,,,118.179
CID_7411,Industrial,7411,C7H6Cl2,161.03,3,0,0,0.0,C1=CC=C(C=C1)C(Cl)Cl,PubChem,,,,Structure_PubChem,161.031,3.1628,0,0,0.0,9,1,1,,,,,161.031
CID_7450,Industrial,7450,C12H18,162.27,4.8,0,0,0.0,CC(C)C1=CC(=CC=C1)C(C)C,PubChem,,,,Structure_PubChem,162.276,3.9334,0,0,0.0,12,1,2,,,,,162.276
CID_7463,Industrial,7463,C10H14,134.22,4.1,0,0,0.0,CC1=CC=C(C=C1)C(C)C,PubChem,,,,Structure_PubChem,134.222,3.1184,0,0,0.0,10,1,1,,,,,134.222
CID_7465,Industrial,7465,C9H12O,136.19,2.9,1,1,20.2,CC(C)C1=CC=C(C=C1)O,PubChem,,,,Structure_PubChem,136.194,2.5156,1,1,20.23,10,1,1,,,,,136.194
CID_7478,Industrial,7478,C8H8O3,152.15,2,1,3,46.5,COC1=CC=C(C=C1)C(=O)O,PubChem,,,,Structure_PubChem,152.149,1.3934,1,2,46.53,11,1,2,,,,,152.149
CID_7486,Industrial,7486,C12H18,162.27,4.9,0,0,0.0,CC(C)C1=CC=C(C=C1)C(C)C,PubChem,,,,Structure_PubChem,162.276,3.9334,0,0,0.0,12,1,2,,,,,162.276
CID_7498,Industrial,7498,C7H7Br,171.03,2.9,0,0,0.0,C1=CC=C(C=C1)CBr,PubChem,,,,Structure_PubChem,171.037,2.5815,0,0,0.0,8,1,1,,,,,171.037
CID_7500,Industrial,7500,C8H10,106.16,3.1,0,0,0.0,CCC1=CC=CC=C1,PubChem,,,,Structure_PubChem,106.168,2.249,0,0,0.0,8,1,1,,,,,106.168
CID_7501,Industrial,7501,C8H8,104.15,2.9,0,0,0.0,C=CC1=CC=CC=C1,PubChem,,,,Structure_PubChem,104.152,2.3296,0,0,0.0,8,1,1,,,,,104.152
CID_7503,Industrial,7503,C7H7Cl,126.58,2.3,0,0,0.0,C1=CC=C(C=C1)CCl,PubChem,,,,Structure_PubChem,126.586,2.4254,0,0,0.0,8,1,1,,,,,126.586
CID_7505,Industrial,7505,C7H5N,103.12,1.6,0,1,23.8,C1=CC=C(C=C1)C#N,PubChem,,,,Structure_PubChem,103.124,1.5583,0,1,23.79,8,1,0,,,,,103.124
CID_7509,Industrial,7509,C7H8S,124.21,2.4,1,1,1.0,C1=CC=C(C=C1)CS,PubChem,,,,Structure_PubChem,124.208,2.1164,1,1,0.0,8,1,1,,,,,124.208
CID_7511,Industrial,7511,C6H5ClHg,313.15,,0,0,0.0,C1=CC=C(C=C1)[Hg]Cl,PubChem,,,,Structure_PubChem,313.149,1.5482,0,0,0.0,8,1,1,,,,,313.149
CID_7512,Industrial,7512,C6H7HgO,295.71,,1,1,1.0,C1=CC=C(C=C1)[Hg].O,PubChem,,,,Structure_PubChem,295.711,0.034,0,0,31.5,8,1,0,,,,,295.711
CID_7529,Industrial,7529,C9H10,118.18,3.6,0,0,0.0,CC1=CC(=CC=C1)C=C,PubChem,,,,Structure_PubChem,118.179,2.638,0,0,0.0,9,1,1,,,,,118.179
CID_7563,Industrial,7563,C13H12O,184.23,3.5,1,1,20.2,C1=CC=C(C=C1)CC2=CC=C(C=C2)O,PubChem,,,,Structure_PubChem,184.238,2.983,1,1,20.23,14,2,2,,,,,184.238
CID_7580,Industrial,7580,C13H12,168.23,4.1,0,0,0.0,C1=CC=C(C=C1)CC2=CC=CC=C2,PubChem,,,,Structure_PubChem,168.239,3.2774,0,0,0.0,13,2,2,,,,,168.239
CID_7629,Industrial,7629,C6H5Hg+,277.70,,0,0,0.0,C1=CC=C(C=C1)[Hg+],PubChem,,,,Structure_PubChem,277.696,0.8587,0,0,0.0,7,1,0,,,,,277.696
CID_7647,Industrial,7647,C14H14,182.26,4.8,0,0,0.0,C1=CC=C(C=C1)CCC2=CC=CC=C2,PubChem,,,,Structure_PubChem,182.266,3.4718,0,0,0.0,14,2,3,,,,,182.266
CID_7666,Industrial,7666,C8H9Br,185.06,3.1,0,0,0.0,C1=CC=C(C=C1)CCBr,PubChem,,,,Structure_PubChem,185.064,2.624,0,0,0.0,9,1,2,,,,,185.064
CID_7667,Industrial,7667,C8H7Br,183.04,2.9,0,0,0.0,C1=CC=C(C=C1)C=CBr,PubChem,,,,Structure_PubChem,183.048,3.0522,0,0,0.0,9,1,1,,,,,183.048
CID_7668,Industrial,7668,C9H12,120.19,3.7,0,0,0.0,CCCC1=CC=CC=C1,PubChem,,,,Structure_PubChem,120.195,2.6391,0,0,0.0,9,1,2,,,,,120.195
CID_7690,Industrial,7690,C9H10O3,166.17,1.4,1,3,46.5,COC1=CC=C(C=C1)CC(=O)O,PubChem,,,,Structure_PubChem,166.176,1.3223,1,2,46.53,12,1,3,,,,,166.176
CID_7705,Industrial,7705,C10H14,134.22,4.4,0,0,0.0,CCCCC1=CC=CC=C1,PubChem,,,,Structure_PubChem,134.222,3.0292,0,0,0.0,10,1,3,,,,,134.222
CID_7706,Industrial,7706,C9H11Cl,154.63,3.5,0,0,0.0,C1=CC=C(C=C1)CCCCl,PubChem,,,,Structure_PubChem,154.64,2.858,0,0,0.0,10,1,3,,,,,154.64
CID_7716,Industrial,7716,C16H26,218.38,7.7,0,0,0.0,CCCCCCCCCCC1=CC=CC=C1,PubChem,,,,Structure_PubChem,218.384,5.3698,0,0,0.0,16,1,9,,,,,218.384
CID_7721,Industrial,7721,C8H9Br,185.06,3,0,0,0.0,CC1=CC=C(C=C1)CBr,PubChem,,,,Structure_PubChem,185.064,2.8899,0,0,0.0,9,1,1,,,,,185.064
CID_7722,Industrial,7722,C8H9Cl,140.61,2.9,0,0,0.0,CC1=CC=C(C=C1)CCl,PubChem,,,,Structure_PubChem,140.613,2.7338,0,0,0.0,9,1,1,,,,,140.613
CID_7724,Industrial,7724,C8H7N,117.15,2.4,0,1,23.8,CC1=CC=C(C=C1)C#N,PubChem,,,,Structure_PubChem,117.151,1.8667,0,1,23.79,9,1,0,,,,,117.151
CID_7734,Industrial,7734,C10H14,134.22,3.5,0,0,0.0,CCC1=CC=C(C=C1)CC,PubChem,,,,Structure_PubChem,134.222,2.8114,0,0,0.0,10,1,2,,,,,134.222
CID_7801,Industrial,7801,C12H10O4,218.20,,2,4,74.6,C1=CC(=O)C=CC1=O.C1=CC(=CC=C1O)O,PubChem,,,,Structure_PubChem,218.208,1.3484,2,4,74.6,16,2,0,,,,,218.208
CID_7805,Industrial,7805,C7H7Br,171.03,3.4,0,0,0.0,CC1=CC=C(C=C1)Br,PubChem,,,,Structure_PubChem,171.037,2.7575,0,0,0.0,8,1,0,,,,,171.037
CID_7808,Industrial,7808,C6H5BrO,173.01,2.6,1,1,20.2,C1=CC(=CC=C1O)Br,PubChem,,,,Structure_PubChem,173.009,2.1547,1,1,20.23,8,1,0,,,,,173.009
CID_7809,Industrial,7809,C8H10,106.16,3.2,0,0,0.0,CC1=CC=C(C=C1)C,PubChem,,,,Structure_PubChem,106.168,2.3034,0,0,0.0,8,1,0,,,,,106.168
CID_7810,Industrial,7810,C7H7Cl,126.58,3.3,0,0,0.0,CC1=CC=C(C=C1)Cl,PubChem,,,,Structure_PubChem,126.586,2.6484,0,0,0.0,8,1,0,,,,,126.586
CID_7811,Industrial,7811,C7H8S,124.21,2.9,1,1,1.0,CC1=CC=C(C=C1)S,PubChem,,,,Structure_PubChem,124.208,2.2837,1,1,0.0,8,1,0,,,,,124.208
CID_7929,Industrial,7929,C8H10,106.16,3.2,0,0,0.0,CC1=CC(=CC=C1)C,PubChem,,,,Structure_PubChem,106.168,2.3034,0,0,0.0,8,1,0,,,,,106.168
CID_7930,Industrial,7930,C7H8S,124.21,2.8,1,1,1.0,CC1=CC(=CC=C1)S,PubChem,,,,Structure_PubChem,124.208,2.2837,1,1,0.0,8,1,0,,,,,124.208
CID_7931,Industrial,7931,C7H7Cl,126.58,3.3,0,0,0.0,CC1=CC(=CC=C1)Cl,PubChem,,,,Structure_PubChem,126.586,2.6484,0,0,0.0,8,1,0,,,,,126.586
CID_7933,Industrial,7933,C6H5ClO,128.55,2.5,1,1,20.2,C1=CC(=CC(=C1)Cl)O,PubChem,,,,Structure_PubChem,128.558,2.0456,1,1,20.23,8,1,0,,,,,128.558
CID_7941,Industrial,7941,C10H10,130.19,3.7,0,0,0.0,C=CC1=CC(=CC=C1)C=C,PubChem,,,,Structure_PubChem,130.19,2.9726,0,0,0.0,10,1,2,,,,,130.19
CID_7947,Industrial,7947,C9H12,120.19,3.4,0,0,0.0,CC1=CC(=CC(=C1)C)C,PubChem,,,,Structure_PubChem,120.195,2.6119,0,0,0.0,9,1,0,,,,,120.195
CID_7961,Industrial,7961,C6H5Br,157.01,3,0,0,0.0,C1=CC=C(C=C1)Br,PubChem,,,,Structure_PubChem,157.01,2.4491,0,0,0.0,7,1,0,,,,,157.01
CID_7964,Industrial,7964,C6H5Cl,112.55,2.9,0,0,0.0,C1=CC=C(C=C1)Cl,PubChem,,,,Structure_PubChem,112.559,2.34,0,0,0.0,7,1,0,,,,,112.559
CID_7969,Industrial,7969,C6H6S,110.18,2.5,1,1,1.0,C1=CC=C(C=C1)S,PubChem,,,,Structure_PubChem,110.181,1.9753,1,1,0.0,7,1,0,,,,,110.181
CID_8361,Industrial,8361,C13H10O3,214.22,3.8,1,3,46.5,C1=CC=C(C=C1)OC(=O)C2=CC=CC=C2O,PubChem,,,,Structure_PubChem,214.22,2.6114,1,3,46.53,16,2,2,,,,,214.22
CID_8362,Industrial,8362,C16H22O3,262.34,5,1,3,46.5,CC1CC(CC(C1)(C)C)OC(=O)C2=CC=CC=C2O,PubChem,,,,Structure_PubChem,262.349,3.7638,1,3,46.53,19,2,2,,,,,262.349
CID_8363,Industrial,8363,C14H12O3,228.24,3.2,1,3,46.5,C1=CC=C(C=C1)COC(=O)C2=CC=CC=C2O,PubChem,,,,Structure_PubChem,228.247,2.7492,1,3,46.53,17,2,3,,,,,228.247
CID_8364,Industrial,8364,C15H22O3,250.33,5.7,1,3,46.5,CCCCC(CC)COC(=O)C1=CC=CC=C1O,PubChem,,,,Structure_PubChem,250.338,3.7654,1,3,46.53,18,1,7,,,,,250.338
CID_8365,Industrial,8365,C9H10O3,166.17,3,1,3,46.5,CCOC(=O)C1=CC=CC=C1O,PubChem,,,,Structure_PubChem,166.176,1.5689,1,3,46.53,12,1,2,,,,,166.176
CID_8375,Industrial,8375,C8H8O2,136.15,1.9,1,2,37.3,CC(=O)C1=CC=CC=C1O,PubChem,,,,Structure_PubChem,136.15,1.5948,1,2,37.3,10,1,1,,,,,136.15
CID_8388,Industrial,8388,C7H5IO3,264.02,3.1,2,3,57.5,C1=CC(=C(C=C1I)C(=O)O)O,PubChem,,,,Structure_PubChem,264.018,1.695,2,2,57.53,11,1,1,,,,,264.018
CID_8404,Industrial,8404,C10H12,132.20,3.5,0,0,0.0,C1CCC2=CC=CC=C2C1,PubChem,,,,Structure_PubChem,132.206,2.5654,0,0,0.0,10,2,0,,,,,132.206
CID_8434,Industrial,8434,C9H10O3,166.17,2.5,1,3,46.5,CCOC(=O)C1=CC=C(C=C1)O,PubChem,,,,Structure_PubChem,166.176,1.5689,1,3,46.53,12,1,2,,,,,166.176
CID_8499,Industrial,8499,C9H10O3,166.17,2.3,0,3,35.5,COC1=CC=C(C=C1)C(=O)OC,PubChem,,,,Structure_PubChem,166.176,1.4818,0,3,35.53,12,1,2,,,,,166.176
CID_8569,Industrial,8569,C14H12O4,244.24,3.3,2,4,66.8,COC1=CC(=C(C=C1)C(=O)C2=CC=CC=C2O)O,PubChem,,,,Structure_PubChem,244.246,2.3374,2,4,66.76,18,2,3,,,,,244.246
CID_8570,Industrial,8570,C15H14O5,274.27,3.3,2,5,76.0,COC1=CC(=C(C=C1)C(=O)C2=C(C=C(C=C2)OC)O)O,PubChem,,,,Structure_PubChem,274.272,2.346,2,5,75.99,20,2,4,,,,,274.272
CID_8631,Industrial,8631,C7H4I2O3,389.91,4.6,2,3,57.5,C1=C(C=C(C(=C1C(=O)O)O)I)I,PubChem,,,,Structure_PubChem,389.914,2.2996,2,2,57.53,12,1,1,,,,,389.914
CID_8657,Industrial,8657,C10H14,134.22,3.7,0,0,0.0,CCC1=CC=CC=C1CC,PubChem,,,,Structure_PubChem,134.222,2.8114,0,0,0.0,10,1,2,,,,,134.222
CID_8658,Industrial,8658,C8H8O2,136.15,1.7,0,2,26.3,COC1=CC=CC=C1C=O,PubChem,,,,Structure_PubChem,136.15,1.5077,0,2,26.3,10,1,2,,,,,136.15
CID_8680,Industrial,8680,C10H14,134.22,4.2,0,0,0.0,CCC(C)C1=CC=CC=C1,PubChem,,,,Structure_PubChem,134.222,3.2001,0,0,0.0,10,1,2,,,,,134.222
CID_8690,Industrial,8690,C13H10O3,214.22,3.2,1,3,46.5,C1=CC=C(C=C1)C(=O)OC2=CC=CC(=C2)O,PubChem,,,,Structure_PubChem,214.22,2.6114,1,3,46.53,16,2,2,,,,,214.22
CID_8712,Industrial,8712,C7H8S,124.21,2.9,1,1,1.0,CC1=CC=CC=C1S,PubChem,,,,Structure_PubChem,124.208,2.2837,1,1,0.0,8,1,0,,,,,124.208
CID_8794,Industrial,8794,C8H7N,117.15,1.6,0,1,23.8,C1=CC=C(C=C1)CC#N,PubChem,,,,Structure_PubChem,117.151,1.7527,0,1,23.79,9,1,1,,,,,117.151
CID_8864,Industrial,8864,C10H14,134.22,3.9,0,0,0.0,CCC1=CC(=CC=C1)CC,PubChem,,,,Structure_PubChem,134.222,2.8114,0,0,0.0,10,1,2,,,,,134.222
CID_9006,Industrial,9006,C7H8Cl2Si,191.13,,0,0,0.0,C[Si](C1=CC=CC=C1)(Cl)Cl,PubChem,,,,Structure_PubChem,191.133,2.4432,0,0,0.0,10,1,1,,,,,191.133
CID_9012,Industrial,9012,C14H14S2,246.4,3.9,0,2,50.6,C1=CC=C(C=C1)CSSCC2=CC=CC=C2,PubChem,,,,Structure_PubChem,246.4,4.7682,0,2,0.0,16,2,5,,,,,246.4
CID_9015,Industrial,9015,C7H8O2,124.14,1.3,1,2,29.5,COC1=CC=C(C=C1)O,PubChem,,,,Structure_PubChem,124.139,1.4008,1,2,29.46,9,1,1,,,,,124.139
CID_9309,Industrial,9309,C9H10,118.18,3.2,0,0,0.0,C=CCC1=CC=CC=C1,PubChem,,,,Structure_PubChem,118.179,2.4151,0,0,0.0,9,1,2,,,,,118.179
CID_9338,Industrial,9338,C7H6O4,154.12,2.2,3,4,77.8,C1=CC(=C(C(=C1)O)C(=O)O)O,PubChem,,,,Structure_PubChem,154.121,0.796,3,3,77.76,11,1,1,,,,,154.121
CID_9348,Industrial,9348,C13H10O3,214.22,4.1,2,3,57.5,C1=CC=C(C=C1)C2=C(C(=CC=C2)C(=O)O)O,PubChem,,,,Structure_PubChem,214.22,2.7574,2,2,57.53,16,2,2,,,,,214.22
CID_9458,Industrial,9458,C10H7F3O4,248.15,2.1,1,7,63.6,CC(=O)OC1=C(C=CC(=C1)C(F)(F)F)C(=O)O,PubChem,,,,Structure_PubChem,248.156,2.3289,1,3,63.6,17,1,2,,,,,248.156
CID_9461,Industrial,9461,C12H9F,172.20,4.1,0,1,0.0,C1=CC=C(C=C1)C2=CC=C(C=C2)F,PubChem,,,,Structure_PubChem,172.202,3.4927,0,0,0.0,13,2,1,,,,,172.202
CID_9474,Industrial,9474,C6H2F4,150.07,2.3,0,4,0.0,C1=C(C(=CC(=C1F)F)F)F,PubChem,,,,Structure_PubChem,150.074,2.243,0,0,0.0,10,1,0,,,,,150.074
CID_9479,Industrial,9479,C7H8F2Si,158.22,,0,2,0.0,C[Si](C1=CC=CC=C1)(F)F,PubChem,,,,Structure_PubChem,158.223,1.9046,0,0,0.0,10,1,1,,,,,158.223
CID_9580,Industrial,9580,C7H6ClF,144.57,2.6,0,1,0.0,C1=CC=C(C(=C1)CCl)F,PubChem,,,,Structure_PubChem,144.576,2.5645,0,0,0.0,9,1,1,,,,,144.576
CID_9591,Industrial,9591,C7H7F,110.13,2.5,0,1,0.0,C1=CC=C(C=C1)CF,PubChem,,,,Structure_PubChem,110.131,2.1561,0,0,0.0,8,1,1,,,,,110.131
CID_9602,Industrial,9602,C7H6ClF,144.57,2.6,0,1,0.0,C1=CC(=CC=C1CCl)F,PubChem,,,,Structure_PubChem,144.576,2.5645,0,0,0.0,9,1,1,,,,,144.576
CID_9603,Industrial,9603,C7H7F,110.13,2.8,0,1,0.0,CC1=CC=C(C=C1)F,PubChem,,,,Structure_PubChem,110.131,2.1341,0,0,0.0,8,1,0,,,,,110.131
CID_9605,Industrial,9605,C6H4FI,222.00,3.4,0,1,0.0,C1=CC(=CC=C1F)I,PubChem,,,,Structure_PubChem,222.0,2.4303,0,0,0.0,8,1,0,,,,,222.0
CID_9606,Industrial,9606,C7H7F,110.13,2.7,0,1,0.0,CC1=CC(=CC=C1)F,PubChem,,,,Structure_PubChem,110.131,2.1341,0,0,0.0,8,1,0,,,,,110.131
CID_9696,Industrial,9696,C6HF5,168.06,2.5,0,5,0.0,C1=C(C(=C(C(=C1F)F)F)F)F,PubChem,,,,Structure_PubChem,168.064,2.3821,0,0,0.0,11,1,0,,,,,168.064
CID_9706,Industrial,9706,C6H4F2,114.09,2.4,0,2,0.0,C1=CC=C(C(=C1)F)F,PubChem,,,,Structure_PubChem,114.094,1.9648,0,0,0.0,8,1,0,,,,,114.094
CID_9707,Industrial,9707,C6H5FO,112.10,1.7,1,2,20.2,C1=CC=C(C(=C1)O)F,PubChem,,,,Structure_PubChem,112.103,1.5313,1,1,20.23,8,1,0,,,,,112.103
CID_9712,Industrial,9712,C6H5F3Si,162.18,,0,3,0.0,C1=CC=C(C=C1)[Si](F)(F)F,PubChem,,,,Structure_PubChem,162.186,1.741,0,0,0.0,10,1,1,,,,,162.186
CID_9716,Industrial,9716,C6H5AsF2,190.02,,0,2,0.0,C1=CC=C(C=C1)[As](F)F,PubChem,,,,Structure_PubChem,190.024,1.3208,0,0,0.0,9,1,1,,,,,190.024
CID_9732,Industrial,9732,C6H5FO,112.10,1.8,1,2,20.2,C1=CC(=CC=C1O)F,PubChem,,,,Structure_PubChem,112.103,1.5313,1,1,20.23,8,1,0,,,,,112.103
CID_9737,Industrial,9737,C2H5FO,64.06,-0.8,1,2,20.2,C(CF)O,PubChem,,,,Structure_PubChem,64.059,-0.0518,1,1,20.23,4,0,1,,,,,64.059
CID_9741,Industrial,9741,C6H4F2,114.09,2.4,0,2,0.0,C1=CC(=CC(=C1)F)F,PubChem,,,,Structure_PubChem,114.094,1.9648,0,0,0.0,8,1,0,,,,,114.094
CID_9743,Industrial,9743,C6H5FO,112.10,1.9,1,2,20.2,C1=CC(=CC(=C1)F)O,PubChem,,,,Structure_PubChem,112.103,1.5313,1,1,20.23,8,1,0,,,,,112.103
CID_9745,Industrial,9745,C6H3F3,132.08,2.2,0,3,0.0,C1=C(C=C(C=C1F)F)F,PubChem,,,,Structure_PubChem,132.084,2.1039,0,0,0.0,9,1,0,,,,,132.084
CID_9811,Industrial,9811,C12H8F2,190.19,4.5,0,2,0.0,C1=CC(=CC=C1C2=CC=C(C=C2)F)F,PubChem,,,,Structure_PubChem,190.192,3.6318,0,0,0.0,14,2,1,,,,,190.192
CID_9889,Industrial,9889,C3H5FO,76.07,0.3,0,2,17.1,CC(=O)CF,PubChem,,,,Structure_PubChem,76.07,0.5449,0,1,17.07,5,0,1,,,,,76.07
CID_9938,Industrial,9938,C10H10,130.19,3.2,0,0,0.0,C1CC2=CC=CC=C2C=C1,PubChem,,,,Structure_PubChem,130.19,2.646,0,0,0.0,10,2,0,,,,,130.19
CID_9962,Industrial,9962,C8H11FSi,154.26,,0,1,0.0,C[Si](C)(C1=CC=CC=C1)F,PubChem,,,,Structure_PubChem,154.26,2.0682,0,0,0.0,10,1,1,,,,,154.26
CID_9974,Industrial,9974,C7H6ClF,144.57,2.8,0,1,0.0,C1=CC(=CC(=C1)F)CCl,PubChem,,,,Structure_PubChem,144.576,2.5645,0,0,0.0,9,1,1,,,,,144.576
CID_10008,Industrial,10008,C6H5F,96.10,2.3,0,1,0.0,C1=CC=C(C=C1)F,PubChem,,,,Structure_PubChem,96.104,1.8257,0,0,0.0,7,1,0,,,,,96.104
CID_10189,Industrial,10189,C11H10O4,206.19,1.2,1,4,55.8,CC1=CC(=O)C2=C(C=C(C=C2O1)OC)O,PubChem,,,,Structure_PubChem,206.197,1.8156,1,4,59.67,15,2,1,,,,,206.197
CID_10251,Industrial,10251,C15H12O2,224.25,3.2,0,2,26.3,C1C(OC2=CC=CC=C2C1=O)C3=CC=CC=C3,PubChem,,,,Structure_PubChem,224.259,3.3931,0,2,26.3,17,3,1,,,,,224.259
CID_10263,Industrial,10263,C10H14,134.22,4,0,0,0.0,CC1=C(C(=C(C=C1)C)C)C,PubChem,,,,Structure_PubChem,134.222,2.9203,0,0,0.0,10,1,0,,,,,134.222
CID_10286,Industrial,10286,C9H6O2,146.14,1.4,0,2,26.3,C1=CC=C2C(=C1)C(=O)C=CO2,PubChem,,,,Structure_PubChem,146.145,1.793,0,2,30.21,11,2,0,,,,,146.145
CID_10326,Industrial,10326,C9H10,118.18,3.2,0,0,0.0,C1CC2=CC=CC=C2C1,PubChem,,,,Structure_PubChem,118.179,2.1753,0,0,0.0,9,2,0,,,,,118.179
CID_10390,Industrial,10390,C14H10,178.23,4.8,0,0,0.0,C1=CC=C(C=C1)C#CC2=CC=CC=C2,PubChem,,,,Structure_PubChem,178.234,3.0864,0,0,0.0,14,2,0,,,,,178.234
CID_10393,Industrial,10393,C8H10O2,138.16,0.4,2,2,40.5,C1=CC(=CC=C1CCO)O,PubChem,,,,Structure_PubChem,138.166,0.927,2,2,40.46,10,1,2,,,,,138.166
CID_10680,Industrial,10680,C15H10O2,222.24,3.6,0,2,26.3,C1=CC=C(C=C1)C2=CC(=O)C3=CC=CC=C3O2,PubChem,,,,Structure_PubChem,222.243,3.46,0,2,30.21,17,3,1,,,,,222.243
CID_10686,Industrial,10686,C9H12,120.19,3.6,0,0,0.0,CC1=C(C(=CC=C1)C)C,PubChem,,,,Structure_PubChem,120.195,2.6119,0,0,0.0,9,1,0,,,,,120.195
CID_10695,Industrial,10695,C10H14,134.22,4,0,0,0.0,CC1=CC(=C(C(=C1)C)C)C,PubChem,,,,Structure_PubChem,134.222,2.9203,0,0,0.0,10,1,0,,,,,134.222
CID_10703,Industrial,10703,C10H14,134.22,3.4,0,0,0.0,CC1=CC=CC=C1C(C)C,PubChem,,,,Structure_PubChem,134.222,3.1184,0,0,0.0,10,1,1,,,,,134.222
CID_10745,Industrial,10745,C16H12O6,300.26,2.4,1,6,89.9,CC(=O)OC1=CC=CC=C1C(=O)OC2=CC=CC=C2C(=O)O,PubChem,,,,Structure_PubChem,300.266,2.5293,1,5,89.9,22,2,4,,,,,300.266
CID_10752,Industrial,10752,C10H6O4,190.15,2.2,1,4,63.6,C1=CC=C2C(=C1)C=C(C(=O)O2)C(=O)O,PubChem,,,,Structure_PubChem,190.154,1.4912,1,3,67.51,14,2,1,,,,,190.154
CID_10778,Industrial,10778,C9H10O2,150.17,1.6,0,2,26.3,CC1=CC=CC=C1OC(=O)C,PubChem,,,,Structure_PubChem,150.177,1.9203,0,2,26.3,11,1,1,,,,,150.177
CID_10784,Industrial,10784,C6H5IO,220.01,2.6,1,1,20.2,C1=CC=C(C(=C1)O)I,PubChem,,,,Structure_PubChem,220.009,1.9968,1,1,20.23,8,1,0,,,,,220.009
CID_10787,Industrial,10787,C6H6O3,126.11,1.5,3,3,60.7,C1=CC(=C(C=C1O)O)O,PubChem,,,,Structure_PubChem,126.111,0.8034,3,3,60.69,9,1,0,,,,,126.111
CID_10812,Industrial,10812,C10H14,134.22,4,0,0,0.0,CC1=CC(=CC=C1)C(C)C,PubChem,,,,Structure_PubChem,134.222,3.1184,0,0,0.0,10,1,1,,,,,134.222
CID_10821,Industrial,10821,C8H6,102.13,2.5,0,0,0.0,C#CC1=CC=CC=C1,PubChem,,,,Structure_PubChem,102.136,1.6679,0,0,0.0,8,1,0,,,,,102.136
CID_10829,Industrial,10829,C17H16O7,332.3,4,3,7,113.0,CC1=CC(=CC(=C1C(=O)OC2=CC(=C(C(=C2)C)C(=O)O)O)O)OC,PubChem,,,,Structure_PubChem,332.308,2.6406,3,6,113.29,24,2,4,,,,,332.308
CID_10854,Industrial,10854,C16H18,210.31,4.9,0,0,0.0,CC1=CC=C(C=C1)CCC2=CC=C(C=C2)C,PubChem,,,,Structure_PubChem,210.32,4.0886,0,0,0.0,16,2,3,,,,,210.32
CID_10864,Industrial,10864,C11H16,148.24,5,0,0,0.0,CCCCCC1=CC=CC=C1,PubChem,,,,Structure_PubChem,148.249,3.4193,0,0,0.0,11,1,4,,,,,148.249
CID_10870,Industrial,10870,C10H14,134.22,3.9,0,0,0.0,CC(C)CC1=CC=CC=C1,PubChem,,,,Structure_PubChem,134.222,2.8851,0,0,0.0,10,1,2,,,,,134.222
CID_10892,Industrial,10892,C6H4F2,114.09,2.2,0,2,0.0,C1=CC(=CC=C1F)F,PubChem,,,,Structure_PubChem,114.094,1.9648,0,0,0.0,8,1,0,,,,,114.094
CID_10894,Industrial,10894,C6H5IO,220.01,2.9,1,1,20.2,C1=CC(=CC=C1O)I,PubChem,,,,Structure_PubChem,220.009,1.9968,1,1,20.23,8,1,0,,,,,220.009
CID_11084,Industrial,11084,C6H2F4,150.07,2.3,0,4,0.0,C1=CC(=C(C(=C1F)F)F)F,PubChem,,,,Structure_PubChem,150.074,2.243,0,0,0.0,10,1,0,,,,,150.074
CID_11092,Industrial,11092,C9H10O3,166.17,2,1,3,46.5,CC(=O)C1=C(C=C(C=C1)OC)O,PubChem,,,,Structure_PubChem,166.176,1.6034,1,3,46.53,12,1,2,,,,,166.176
CID_11093,Industrial,11093,C8H9Cl,140.61,2.9,0,0,0.0,CC1=CC=CC=C1CCl,PubChem,,,,Structure_PubChem,140.613,2.7338,0,0,0.0,9,1,1,,,,,140.613
CID_11345,Industrial,11345,C12H18,162.27,4.2,0,0,0.0,CC(C)C1=CC=CC=C1C(C)C,PubChem,,,,Structure_PubChem,162.276,3.9334,0,0,0.0,12,1,2,,,,,162.276
CID_11349,Industrial,11349,C15H10O3,238.24,3.4,1,3,46.5,C1=CC=C(C=C1)C2=C(C(=O)C3=CC=CC=C3O2)O,PubChem,,,,Structure_PubChem,238.242,3.1656,1,3,50.44,18,3,1,,,,,238.242
CID_11370,Industrial,11370,C8H8O3,152.15,1.6,1,3,46.5,COC1=CC=CC=C1C(=O)O,PubChem,,,,Structure_PubChem,152.149,1.3934,1,2,46.53,11,1,2,,,,,152.149
CID_11454,Industrial,11454,C8H9Br,185.06,2.9,0,0,0.0,CC(C1=CC=CC=C1)Br,PubChem,,,,Structure_PubChem,185.064,3.1425,0,0,0.0,9,1,1,,,,,185.064
CID_11461,Industrial,11461,C8H8O3,152.15,2,1,3,46.5,COC1=CC=CC(=C1)C(=O)O,PubChem,,,,Structure_PubChem,152.149,1.3934,1,2,46.53,11,1,2,,,,,152.149
CID_11488,Industrial,11488,C12H10Hg,354.80,,0,0,0.0,C1=CC=C(C=C1)[Hg]C2=CC=CC=C2,PubChem,,,,Structure_PubChem,354.802,1.7199,0,0,0.0,13,2,2,,,,,354.802
CID_11502,Industrial,11502,C14H12,180.24,4.8,0,0,0.0,C1=CC=C(C=C1)C=CC2=CC=CC=C2,PubChem,,,,Structure_PubChem,180.25,3.857,0,0,0.0,14,2,2,,,,,180.25
CID_11560,Industrial,11560,C7H7Br,171.03,3.3,0,0,0.0,CC1=CC(=CC=C1)Br,PubChem,,,,Structure_PubChem,171.037,2.7575,0,0,0.0,8,1,0,,,,,171.037
CID_11563,Industrial,11563,C6H5BrO,173.01,2.6,1,1,20.2,C1=CC(=CC(=C1)Br)O,PubChem,,,,Structure_PubChem,173.009,2.1547,1,1,20.23,8,1,0,,,,,173.009
CID_11571,Industrial,11571,C6H4Cl2O,163.00,3.6,1,1,20.2,C1=C(C=C(C=C1Cl)Cl)O,PubChem,,,,Structure_PubChem,163.003,2.699,1,1,20.23,9,1,0,,,,,163.003
CID_11575,Industrial,11575,C6H5I,204.01,3.2,0,0,0.0,C1=CC=C(C=C1)I,PubChem,,,,Structure_PubChem,204.01,2.2912,0,0,0.0,7,1,0,,,,,204.01
CID_11774,Industrial,11774,C18H15Bi,440.3,,0,0,0.0,C1=CC=C(C=C1)[Bi](C2=CC=CC=C2)C3=CC=CC=C3,PubChem,,,,Structure_PubChem,440.298,2.2028,0,0,0.0,19,3,3,,,,,440.298
CID_11777,Industrial,11777,C18H15Sb,353.1,,0,0,0.0,C1=CC=C(C=C1)[Sb](C2=CC=CC=C2)C3=CC=CC=C3,PubChem,,,,Structure_PubChem,353.078,2.2028,0,0,0.0,19,3,3,,,,,353.078
CID_11833,Industrial,11833,C10H8O2,160.17,2.3,0,2,26.3,CC1=CC(=O)OC2=CC=CC=C12,PubChem,,,,Structure_PubChem,160.172,2.1014,0,2,30.21,12,2,0,,,,,160.172
CID_11847,Industrial,11847,C6H4Br2O,251.90,3.4,1,1,20.2,C1=CC(=C(C(=C1)Br)O)Br,PubChem,,,,Structure_PubChem,251.905,2.9172,1,1,20.23,9,1,0,,,,,251.905
CID_11862,Industrial,11862,C6H3I3O,471.80,3.5,1,1,20.2,C1=C(C=C(C(=C1I)O)I)I,PubChem,,,,Structure_PubChem,471.801,3.206,1,1,20.23,10,1,0,,,,,471.801
CID_11903,Industrial,11903,C9H12,120.19,3.5,0,0,0.0,CCC1=CC=CC=C1C,PubChem,,,,Structure_PubChem,120.195,2.5574,0,0,0.0,9,1,1,,,,,120.195
CID_11904,Industrial,11904,C9H10,118.18,3.2,0,0,0.0,CC1=CC=CC=C1C=C,PubChem,,,,Structure_PubChem,118.179,2.638,0,0,0.0,9,1,1,,,,,118.179
CID_11918,Industrial,11918,C14H14,182.26,3.6,0,0,0.0,CC(C1=CC=CC=C1)C2=CC=CC=C2,PubChem,,,,Structure_PubChem,182.266,3.8384,0,0,0.0,14,2,2,,,,,182.266
CID_11931,Industrial,11931,C14H14,182.26,4.3,0,0,0.0,CC1=CC(=CC=C1)C2=CC=CC(=C2)C,PubChem,,,,Structure_PubChem,182.266,3.9704,0,0,0.0,14,2,1,,,,,182.266
CID_11941,Industrial,11941,C14H14,182.26,5.1,0,0,0.0,CC1=CC=C(C=C1)C2=CC=C(C=C2)C,PubChem,,,,Structure_PubChem,182.266,3.9704,0,0,0.0,14,2,1,,,,,182.266
CID_11950,Industrial,11950,C9H10O2,150.17,2.1,0,2,26.3,CCOC1=CC=CC=C1C=O,PubChem,,,,Structure_PubChem,150.177,1.8978,0,2,26.3,11,1,3,,,,,150.177
CID_11962,Industrial,11962,C14H12O2,212.24,4,0,2,26.3,CC1=CC=C(C=C1)OC(=O)C2=CC=CC=C2,PubChem,,,,Structure_PubChem,212.248,3.2142,0,2,26.3,16,2,2,,,,,212.248
CID_11994,Industrial,11994,C6H4I2,329.90,3.2,0,0,0.0,C1=CC=C(C(=C1)I)I,PubChem,,,,Structure_PubChem,329.906,2.8958,0,0,0.0,8,1,0,,,,,329.906
CID_12005,Industrial,12005,C6H4Br2O,251.90,3.2,1,1,20.2,C1=CC(=C(C=C1Br)Br)O,PubChem,,,,Structure_PubChem,251.905,2.9172,1,1,20.23,9,1,0,,,,,251.905
CID_12093,Industrial,12093,C9H10O3,166.17,2.4,1,3,46.5,CCOC1=CC=C(C=C1)C(=O)O,PubChem,,,,Structure_PubChem,166.176,1.7835,1,2,46.53,12,1,3,,,,,166.176
CID_12098,Industrial,12098,C7H7I,218.03,3.4,0,0,0.0,C1=CC=C(C=C1)CI,PubChem,,,,Structure_PubChem,218.037,2.6216,0,0,0.0,8,1,1,,,,,218.037
CID_12099,Industrial,12099,C8H9Br,185.06,3,0,0,0.0,CC1=CC(=CC=C1)CBr,PubChem,,,,Structure_PubChem,185.064,2.8899,0,0,0.0,9,1,1,,,,,185.064
CID_12100,Industrial,12100,C9H12,120.19,3.6,0,0,0.0,CCC1=CC=CC(=C1)C,PubChem,,,,Structure_PubChem,120.195,2.5574,0,0,0.0,9,1,1,,,,,120.195
CID_12101,Industrial,12101,C8H10O,122.16,2.4,1,1,20.2,CCC1=CC(=CC=C1)O,PubChem,,,,Structure_PubChem,122.167,1.9546,1,1,20.23,9,1,1,,,,,122.167
CID_12102,Industrial,12102,C8H9Cl,140.61,2.9,0,0,0.0,CC1=CC(=CC=C1)CCl,PubChem,,,,Structure_PubChem,140.613,2.7338,0,0,0.0,9,1,1,,,,,140.613
CID_12142,Industrial,12142,C8H7Cl,138.59,2.9,0,0,0.0,C1=CC=C(C=C1)C=CCl,PubChem,,,,Structure_PubChem,138.597,2.8961,0,0,0.0,9,1,1,,,,,138.597
CID_12160,Industrial,12160,C9H12,120.19,3.6,0,0,0.0,CCC1=CC=C(C=C1)C,PubChem,,,,Structure_PubChem,120.195,2.5574,0,0,0.0,9,1,1,,,,,120.195
CID_12161,Industrial,12161,C9H10,118.18,3.6,0,0,0.0,CC1=CC=C(C=C1)C=C,PubChem,,,,Structure_PubChem,118.179,2.638,0,0,0.0,9,1,1,,,,,118.179
CID_12164,Industrial,12164,C6H5ClHgO,329.15,,1,1,20.2,C1=CC(=CC=C1O)[Hg]Cl,PubChem,,,,Structure_PubChem,329.148,1.2538,1,1,20.23,9,1,1,,,,,329.148
CID_12171,Industrial,12171,C8H8Cl2,175.05,2.7,0,0,0.0,C1=CC(=CC=C1CCl)CCl,PubChem,,,,Structure_PubChem,175.058,3.1642,0,0,0.0,10,1,2,,,,,175.058
CID_12207,Industrial,12207,C7H7I,218.03,3.8,0,0,0.0,CC1=CC=C(C=C1)I,PubChem,,,,Structure_PubChem,218.037,2.5996,0,0,0.0,8,1,0,,,,,218.037
CID_12208,Industrial,12208,C6H4I2,329.90,4.1,0,0,0.0,C1=CC(=CC=C1I)I,PubChem,,,,Structure_PubChem,329.906,2.8958,0,0,0.0,8,1,0,,,,,329.906
CID_12268,Industrial,12268,C7H7I,218.03,3.5,0,0,0.0,CC1=CC(=CC=C1)I,PubChem,,,,Structure_PubChem,218.037,2.5996,0,0,0.0,8,1,0,,,,,218.037
CID_12270,Industrial,12270,C6H4I2,329.90,3.2,0,0,0.0,C1=CC(=CC(=C1)I)I,PubChem,,,,Structure_PubChem,329.906,2.8958,0,0,0.0,8,1,0,,,,,329.906
CID_12272,Industrial,12272,C6H5IO,220.01,2.9,1,1,20.2,C1=CC(=CC(=C1)I)O,PubChem,,,,Structure_PubChem,220.009,1.9968,1,1,20.23,8,1,0,,,,,220.009
CID_12280,Industrial,12280,C6H4Br2O,251.90,3.5,1,1,20.2,C1=C(C=C(C=C1Br)Br)O,PubChem,,,,Structure_PubChem,251.905,2.9172,1,1,20.23,9,1,0,,,,,251.905
CID_12282,Industrial,12282,C6H3I3,455.80,3.9,0,0,0.0,C1=C(C=C(C=C1I)I)I,PubChem,,,,Structure_PubChem,455.802,3.5004,0,0,0.0,9,1,0,,,,,455.802
CID_12488,Industrial,12488,C6H2I4,581.70,4.5,0,0,0.0,C1=C(C(=CC(=C1I)I)I)I,PubChem,,,,Structure_PubChem,581.698,4.105,0,0,0.0,10,1,0,,,,,581.698
CID_12490,Industrial,12490,C8H6O5,182.13,1.5,3,5,94.8,C1=CC(=C(C=C1C(=O)O)C(=O)O)O,PubChem,,,,Structure_PubChem,182.131,0.7886,3,3,94.83,13,1,2,,,,,182.131
CID_12500,Industrial,12500,C9H10,118.18,3.2,0,0,0.0,CC=CC1=CC=CC=C1,PubChem,,,,Structure_PubChem,118.179,2.7197,0,0,0.0,9,1,1,,,,,118.179
CID_12503,Industrial,12503,C9H11Br,199.09,3.7,0,0,0.0,C1=CC=C(C=C1)CCCBr,PubChem,,,,Structure_PubChem,199.091,3.0141,0,0,0.0,10,1,3,,,,,199.091
CID_12519,Industrial,12519,C6H7P,110.09,1.8,0,0,0.0,C1=CC=C(C=C1)P,PubChem,,,,Structure_PubChem,110.096,1.187,0,0,0.0,7,1,0,,,,,110.096
CID_12563,Industrial,12563,C13H12,168.23,3.9,0,0,0.0,CC1=CC=CC=C1C2=CC=CC=C2,PubChem,,,,Structure_PubChem,168.239,3.662,0,0,0.0,13,2,1,,,,,168.239
CID_12564,Industrial,12564,C13H12,168.23,3.9,0,0,0.0,CC1=CC(=CC=C1)C2=CC=CC=C2,PubChem,,,,Structure_PubChem,168.239,3.662,0,0,0.0,13,2,1,,,,,168.239
CID_12566,Industrial,12566,C13H12,168.23,4.6,0,0,0.0,CC1=CC=C(C=C1)C2=CC=CC=C2,PubChem,,,,Structure_PubChem,168.239,3.662,0,0,0.0,13,2,1,,,,,168.239
CID_12570,Industrial,12570,C9H12O,136.19,2.9,1,1,20.2,CCCC1=CC=CC=C1O,PubChem,,,,Structure_PubChem,136.194,2.3447,1,1,20.23,10,1,2,,,,,136.194
CID_12573,Industrial,12573,C6H5Cl2P,178.98,3.1,0,0,0.0,C1=CC=C(C=C1)P(Cl)Cl,PubChem,,,,Structure_PubChem,178.986,3.1014,0,0,0.0,9,1,1,,,,,178.986
CID_12580,Industrial,12580,C9H12O,136.19,3.2,1,1,20.2,CCCC1=CC=C(C=C1)O,PubChem,,,,Structure_PubChem,136.194,2.3447,1,1,20.23,10,1,2,,,,,136.194
CID_12581,Industrial,12581,C9H9N,131.17,1.7,0,1,23.8,C1=CC=C(C=C1)CCC#N,PubChem,,,,Structure_PubChem,131.178,2.1428,0,1,23.79,10,1,2,,,,,131.178
CID_12648,Industrial,12648,C8H9Cl,140.61,2.7,0,0,0.0,CC(C1=CC=CC=C1)Cl,PubChem,,,,Structure_PubChem,140.613,2.9864,0,0,0.0,9,1,1,,,,,140.613
CID_12752,Industrial,12752,C6H8Si,108.21,,0,0,0.0,C1=CC=C(C=C1)[SiH3],PubChem,,,,Structure_PubChem,108.216,-0.3227,0,0,0.0,7,1,0,,,,,108.216
CID_12761,Industrial,12761,C6H5AsBr2,311.83,,0,0,0.0,C1=CC=C(C=C1)[As](Br)Br,PubChem,,,,Structure_PubChem,311.836,2.1716,0,0,0.0,9,1,1,,,,,311.836
CID_12762,Industrial,12762,C6H5AsCl2,222.93,,0,0,0.0,C1=CC=C(C=C1)[As](Cl)Cl,PubChem,,,,Structure_PubChem,222.934,1.8594,0,0,0.0,9,1,1,,,,,222.934
CID_12779,Industrial,12779,C8H10S2,170.3,2.4,0,2,50.6,CSSCC1=CC=CC=C1,PubChem,,,,Structure_PubChem,170.302,3.1978,0,2,0.0,10,1,3,,,,,170.302
CID_12784,Industrial,12784,C11H16,148.24,4.6,0,0,0.0,CC1=CC(=C(C(=C1C)C)C)C,PubChem,,,,Structure_PubChem,148.249,3.2287,0,0,0.0,11,1,0,,,,,148.249
CID_12793,Industrial,12793,C6H7O4P,174.09,0.3,2,4,66.8,C1=CC=C(C=C1)OP(=O)(O)O,PubChem,,,,Structure_PubChem,174.092,1.1581,2,2,66.76,11,1,2,,,,,174.092
CID_12836,Industrial,12836,C12H10AsCl,264.58,,0,0,0.0,C1=CC=C(C=C1)[As](C2=CC=CC=C2)Cl,PubChem,,,,Structure_PubChem,264.587,2.0311,0,0,0.0,14,2,2,,,,,264.587
CID_12860,Industrial,12860,C15H24,204.35,5.3,0,0,0.0,CC(C)C1=CC(=CC(=C1)C(C)C)C(C)C,PubChem,,,,Structure_PubChem,204.357,5.0568,0,0,0.0,15,1,3,,,,,204.357
CID_12877,Industrial,12877,C12H10I+,281.11,4.3,0,0,0.0,C1=CC=C(C=C1)[I+]C2=CC=CC=C2,PubChem,,,,Structure_PubChem,281.116,-0.185,0,0,0.0,13,2,2,,,,,281.116
CID_13014,Industrial,13014,C8H12Si,136.27,,0,0,0.0,C[SiH](C)C1=CC=CC=C1,PubChem,,,,Structure_PubChem,136.27,1.3803,0,0,0.0,9,1,1,,,,,136.27
CID_13016,Industrial,13016,C8H10S,138.23,1.9,0,1,25.3,CSCC1=CC=CC=C1,PubChem,,,,Structure_PubChem,138.235,2.5496,0,1,0.0,9,1,2,,,,,138.235
CID_13018,Industrial,13018,C9H8,116.16,3,0,0,0.0,CC1=CC=C(C=C1)C#C,PubChem,,,,Structure_PubChem,116.163,1.9763,0,0,0.0,9,1,0,,,,,116.163
CID_13019,Industrial,13019,C7H5NO,119.12,1.6,1,2,44.0,C1=CC(=CC=C1C#N)O,PubChem,,,,Structure_PubChem,119.123,1.2639,1,2,44.02,9,1,0,,,,,119.123
CID_13024,Industrial,13024,C10H10,130.19,3,0,0,0.0,CC1C=CC2=CC=CC=C12,PubChem,,,,Structure_PubChem,130.19,2.8169,0,0,0.0,10,2,0,,,,,130.19
CID_13029,Industrial,13029,C8H11ClSi,170.71,,0,0,0.0,C[Si](C)(C1=CC=CC=C1)Cl,PubChem,,,,Structure_PubChem,170.715,2.3375,0,0,0.0,10,1,1,,,,,170.715
CID_13030,Industrial,13030,C10H12,132.20,3.8,0,0,0.0,CC(=CC1=CC=CC=C1)C,PubChem,,,,Structure_PubChem,132.206,3.1098,0,0,0.0,10,1,1,,,,,132.206
CID_13033,Industrial,13033,C10H12,132.20,3.3,0,0,0.0,C=CCCC1=CC=CC=C1,PubChem,,,,Structure_PubChem,132.206,2.8052,0,0,0.0,10,1,3,,,,,132.206
CID_13038,Industrial,13038,C6H5Cl2O2P,210.98,2.8,0,2,26.3,C1=CC=C(C=C1)OP(=O)(Cl)Cl,PubChem,,,,Structure_PubChem,210.984,3.6511,0,2,26.3,11,1,2,,,,,210.984
CID_13043,Industrial,13043,C12H14,158.24,4.5,0,0,0.0,C1CCC(=CC1)C2=CC=CC=C2,PubChem,,,,Structure_PubChem,158.244,3.644,0,0,0.0,12,2,1,,,,,158.244
CID_13065,Industrial,13065,C15H16,196.29,5.2,0,0,0.0,CC(C)(C1=CC=CC=C1)C2=CC=CC=C2,PubChem,,,,Structure_PubChem,196.293,4.0125,0,0,0.0,15,2,2,,,,,196.293
CID_13229,Industrial,13229,C12H16,160.25,4.9,0,0,0.0,C1CCC(CC1)C2=CC=CC=C2,PubChem,,,,Structure_PubChem,160.26,3.7343,0,0,0.0,12,2,1,,,,,160.26
CID_13403,Industrial,13403,C10H14,134.22,3.9,0,0,0.0,CCC1=C(C=C(C=C1)C)C,PubChem,,,,Structure_PubChem,134.222,2.8658,0,0,0.0,10,1,1,,,,,134.222
CID_13621,Industrial,13621,C10H14,134.22,3.9,0,0,0.0,CCC1=CC=CC(=C1C)C,PubChem,,,,Structure_PubChem,134.222,2.8658,0,0,0.0,10,1,1,,,,,134.222
CID_13627,Industrial,13627,C10H14,134.22,3.4,0,0,0.0,CCC1=CC(=CC(=C1)C)C,PubChem,,,,Structure_PubChem,134.222,2.8658,0,0,0.0,10,1,1,,,,,134.222
CID_13629,Industrial,13629,C10H14,134.22,3.4,0,0,0.0,CCC1=CC(=C(C=C1)C)C,PubChem,,,,Structure_PubChem,134.222,2.8658,0,0,0.0,10,1,1,,,,,134.222
CID_13700,Industrial,13700,C14H22O,206.32,5.6,1,1,20.2,CCCCCCCCC1=CC=CC=C1O,PubChem,,,,Structure_PubChem,206.329,4.2952,1,1,20.23,15,1,7,,,,,206.329
CID_13895,Industrial,13895,C14H22,190.32,5.3,0,0,0.0,CC(C)(C)C1=CC=C(C=C1)C(C)(C)C,PubChem,,,,Structure_PubChem,190.33,4.2816,0,0,0.0,14,1,0,,,,,190.33
CID_13956,Industrial,13956,C21H21P,304.4,5.7,0,0,0.0,CC1=CC=C(C=C1)P(C2=CC=C(C=C2)C)C3=CC=C(C=C3)C,PubChem,,,,Structure_PubChem,304.373,4.3701,0,0,0.0,22,3,3,,,,,304.373
CID_14086,Industrial,14086,C7H8OS,140.20,2.1,1,2,45.5,CSC1=CC=C(C=C1)O,PubChem,,,,Structure_PubChem,140.207,2.1141,1,2,20.23,9,1,1,,,,,140.207
CID_14091,Industrial,14091,C10H14,134.22,4.1,0,0,0.0,CCCC1=CC=CC=C1C,PubChem,,,,Structure_PubChem,134.222,2.9475,0,0,0.0,10,1,2,,,,,134.222
CID_14092,Industrial,14092,C10H14,134.22,3.6,0,0,0.0,CCCC1=CC=CC(=C1)C,PubChem,,,,Structure_PubChem,134.222,2.9475,0,0,0.0,10,1,2,,,,,134.222
CID_14109,Industrial,14109,C12H18,162.27,5.5,0,0,0.0,CCCCCCC1=CC=CC=C1,PubChem,,,,Structure_PubChem,162.276,3.8094,0,0,0.0,12,1,5,,,,,162.276
CID_14115,Industrial,14115,C13H20,176.30,6.1,0,0,0.0,CCCCCCCC1=CC=CC=C1,PubChem,,,,Structure_PubChem,176.303,4.1995,0,0,0.0,13,1,6,,,,,176.303
CID_14125,Industrial,14125,C15H16,196.29,3.4,0,0,0.0,C1=CC=C(C=C1)CCCC2=CC=CC=C2,PubChem,,,,Structure_PubChem,196.293,3.8619,0,0,0.0,15,2,4,,,,,196.293
CID_14126,Industrial,14126,C15H24,204.35,7.1,0,0,0.0,CCCCCCCCCC1=CC=CC=C1,PubChem,,,,Structure_PubChem,204.357,4.9797,0,0,0.0,15,1,8,,,,,204.357
CID_14298,Industrial,14298,C6H5Cl3Sn,302.2,,0,0,0.0,C1=CC=C(C=C1)[Sn](Cl)(Cl)Cl,PubChem,,,,Structure_PubChem,302.176,2.5489,0,0,0.0,10,1,1,,,,,302.176
CID_14332,Industrial,14332,C9H10O4,182.17,2.2,1,4,55.8,COC1=CC(=CC(=C1)C(=O)O)OC,PubChem,,,,Structure_PubChem,182.175,1.402,1,3,55.76,13,1,3,,,,,182.175
CID_14333,Industrial,14333,C12H10Se,233.18,,0,0,0.0,C1=CC=C(C=C1)[Se]C2=CC=CC=C2,PubChem,,,,Structure_PubChem,233.172,1.3416,0,0,0.0,13,2,2,,,,,233.172
CID_14342,Industrial,14342,C12H10Cl2Sn,343.8,,0,0,0.0,C1=CC=C(C=C1)[Sn](C2=CC=CC=C2)(Cl)Cl,PubChem,,,,Structure_PubChem,343.829,2.7206,0,0,0.0,15,2,2,,,,,343.829
CID_14509,Industrial,14509,C6H5BrHg,357.60,,0,0,0.0,C1=CC=C(C=C1)[Hg]Br,PubChem,,,,Structure_PubChem,357.6,1.7043,0,0,0.0,8,1,1,,,,,357.6
CID_14543,Industrial,14543,C11H14O,162.23,3.7,1,1,20.2,CC(=CCC1=CC=C(C=C1)O)C,PubChem,,,,Structure_PubChem,162.232,2.9009,1,1,20.23,12,1,2,,,,,162.232
CID_15086,Industrial,15086,C20H34,274.5,9.9,0,0,0.0,CCCCCCCCCCCCCCC1=CC=CC=C1,PubChem,,,,Structure_PubChem,274.492,6.9302,0,0,0.0,20,1,13,,,,,274.492
CID_15089,Industrial,15089,C18H30,246.4,6.9,0,0,0.0,CC(C)(C)C1=CC(=CC(=C1)C(C)(C)C)C(C)(C)C,PubChem,,,,Structure_PubChem,246.438,5.5791,0,0,0.0,18,1,0,,,,,246.438
CID_15109,Industrial,15109,C9H10O4,182.17,0.7,1,4,55.8,COC1=C(C(=CC=C1)OC)C(=O)O,PubChem,,,,Structure_PubChem,182.175,1.402,1,3,55.76,13,1,3,,,,,182.175
CID_15147,Industrial,15147,C6H3F3,132.08,2.5,0,3,0.0,C1=CC(=C(C(=C1)F)F)F,PubChem,,,,Structure_PubChem,132.084,2.1039,0,0,0.0,9,1,0,,,,,132.084
CID_15204,Industrial,15204,C9H10O4,182.17,1.7,1,4,55.8,COC1=CC=CC(=C1OC)C(=O)O,PubChem,,,,Structure_PubChem,182.175,1.402,1,3,55.76,13,1,3,,,,,182.175
CID_15295,Industrial,15295,C6H7O3P,158.09,0.5,2,3,57.5,C1=CC=C(C=C1)P(=O)(O)O,PubChem,,,,Structure_PubChem,158.093,0.4896,2,1,57.53,10,1,1,,,,,158.093
CID_15313,Industrial,15313,C8H9Br,185.06,3.6,0,0,0.0,CCC1=CC=C(C=C1)Br,PubChem,,,,Structure_PubChem,185.064,3.0115,0,0,0.0,9,1,1,,,,,185.064
CID_15317,Industrial,15317,C10H12,132.20,3.8,0,0,0.0,CC1=CC=CC=C1CC=C,PubChem,,,,Structure_PubChem,132.206,2.7235,0,0,0.0,10,1,2,,,,,132.206
CID_15322,Industrial,15322,C12H9I,280.10,4.9,0,0,0.0,C1=CC=C(C=C1)C2=CC=C(C=C2)I,PubChem,,,,Structure_PubChem,280.108,3.9582,0,0,0.0,13,2,1,,,,,280.108
CID_15420,Industrial,15420,C10H14O,150.22,3.4,1,1,20.2,CCCCC1=CC=C(C=C1)O,PubChem,,,,Structure_PubChem,150.221,2.7348,1,1,20.23,11,1,3,,,,,150.221
CID_15460,Industrial,15460,C12H10Se2,312.1,,0,0,0.0,C1=CC=C(C=C1)[Se][Se]C2=CC=CC=C2,PubChem,,,,Structure_PubChem,312.132,0.9608,0,0,0.0,14,2,3,,,,,312.132
CID_15624,Industrial,15624,C9H10O,134.17,2.7,1,1,20.2,C=CCC1=CC=CC=C1O,PubChem,,,,Structure_PubChem,134.178,2.1207,1,1,20.23,10,1,2,,,,,134.178
CID_15627,Industrial,15627,C12H16,160.25,4.4,0,0,0.0,CC(C)(C)C1=CC=C(C=C1)C=C,PubChem,,,,Structure_PubChem,160.26,3.6271,0,0,0.0,12,1,1,,,,,160.26
CID_15653,Industrial,15653,C10H14,134.22,3.4,0,0,0.0,CCC1=C(C=CC(=C1)C)C,PubChem,,,,Structure_PubChem,134.222,2.8658,0,0,0.0,10,1,1,,,,,134.222
CID_15730,Industrial,15730,C14H22O,206.32,5.3,1,1,20.2,CCCCCCCCC1=CC=C(C=C1)O,PubChem,,,,Structure_PubChem,206.329,4.2952,1,1,20.23,15,1,7,,,,,206.329
CID_15761,Industrial,15761,C9H9N,131.17,2.1,0,1,23.8,CC(C#N)C1=CC=CC=C1,PubChem,,,,Structure_PubChem,131.178,2.3137,0,1,23.79,10,1,1,,,,,131.178
CID_15780,Industrial,15780,C9H13ClSi,184.74,,0,0,0.0,C[Si](C)(CC1=CC=CC=C1)Cl,PubChem,,,,Structure_PubChem,184.742,3.2122,0,0,0.0,11,1,2,,,,,184.742
CID_15797,Industrial,15797,C21H26O3,326.4,6.8,1,3,46.5,CCCCCCCCOC1=CC(=C(C=C1)C(=O)C2=CC=CC=C2)O,PubChem,,,,Structure_PubChem,326.436,5.3625,1,3,46.53,24,2,10,,,,,326.436
CID_15909,Industrial,15909,C10H10O,146.19,2.1,0,1,17.1,CC(=O)C=CC1=CC=CC=C1,PubChem,,,,Structure_PubChem,146.189,2.2888,0,1,17.07,11,1,2,,,,,146.189
CID_16143,Industrial,16143,C13H20O,192.30,4.8,1,1,20.2,CCCCCCCC1=CC=C(C=C1)O,PubChem,,,,Structure_PubChem,192.302,3.9051,1,1,20.23,14,1,6,,,,,192.302
CID_16265,Industrial,16265,C10H12,132.20,3.4,0,0,0.0,CC1=CC(=C(C=C1)C)C=C,PubChem,,,,Structure_PubChem,132.206,2.9464,0,0,0.0,10,1,1,,,,,132.206
CID_16295,Industrial,16295,C11H16,148.24,4.7,0,0,0.0,CCC(C)(C)C1=CC=CC=C1,PubChem,,,,Structure_PubChem,148.249,3.3742,0,0,0.0,11,1,2,,,,,148.249
CID_16299,Industrial,16299,C12H16O3,208.25,5.2,1,3,46.5,CCCCCOC(=O)C1=CC=CC=C1O,PubChem,,,,Structure_PubChem,208.257,2.7392,1,3,46.53,15,1,5,,,,,208.257
CID_16302,Industrial,16302,C11H16,148.24,3.9,0,0,0.0,CCC1=CC(=CC(=C1)C)CC,PubChem,,,,Structure_PubChem,148.249,3.1198,0,0,0.0,11,1,2,,,,,148.249
CID_16330,Industrial,16330,C11H14O3,194.23,4.6,1,3,46.5,CCCCOC(=O)C1=CC=CC=C1O,PubChem,,,,Structure_PubChem,194.23,2.3491,1,3,46.53,14,1,4,,,,,194.23
CID_16476,Industrial,16476,C21H36,288.5,10.4,0,0,0.0,CCCCCCCCCCCCCCCC1=CC=CC=C1,PubChem,,,,Structure_PubChem,288.519,7.3203,0,0,0.0,21,1,14,,,,,288.519
CID_16523,Industrial,16523,C8H8O4,168.15,2,2,4,66.8,COC(=O)C1=C(C=C(C=C1)O)O,PubChem,,,,Structure_PubChem,168.148,0.8844,2,4,66.76,12,1,1,,,,,168.148
CID_16607,Industrial,16607,C14H22,190.32,6.6,0,0,0.0,CCCCCCCCC1=CC=CC=C1,PubChem,,,,Structure_PubChem,190.33,4.5896,0,0,0.0,14,1,7,,,,,190.33
CID_16694,Industrial,16694,C10H12,132.20,3.4,0,0,0.0,CC1=CC(=C(C=C1)C=C)C,PubChem,,,,Structure_PubChem,132.206,2.9464,0,0,0.0,10,1,1,,,,,132.206
CID_16883,Industrial,16883,C14H12,180.24,5,0,0,0.0,C=CC1=CC=C(C=C1)C2=CC=CC=C2,PubChem,,,,Structure_PubChem,180.25,3.9966,0,0,0.0,14,2,2,,,,,180.25
CID_16910,Industrial,16910,C6H2F4,150.07,2.4,0,4,0.0,C1=C(C=C(C(=C1F)F)F)F,PubChem,,,,Structure_PubChem,150.074,2.243,0,0,0.0,10,1,0,,,,,150.074
CID_16952,Industrial,16952,C12H16,160.25,4.4,0,0,0.0,CC(C)C1=CC=C(C=C1)C(=C)C,PubChem,,,,Structure_PubChem,160.26,3.8431,0,0,0.0,12,1,2,,,,,160.26
CID_17130,Industrial,17130,C10H8O2,160.17,2.3,0,2,26.3,CC1=CC2=CC=CC=C2OC1=O,PubChem,,,,Structure_PubChem,160.172,2.1014,0,2,30.21,12,2,0,,,,,160.172
CID_17132,Industrial,17132,C12H18O,178.27,4.3,1,1,20.2,CCCCCCC1=CC=C(C=C1)O,PubChem,,,,Structure_PubChem,178.275,3.515,1,1,20.23,13,1,5,,,,,178.275
CID_17231,Industrial,17231,C15H22O3,250.33,5,1,3,46.5,CCCCCCCCOC1=CC=C(C=C1)C(=O)O,PubChem,,,,Structure_PubChem,250.338,4.1241,1,2,46.53,18,1,9,,,,,250.338
CID_17498,Industrial,17498,C12H11BO,182.03,,1,1,20.2,B(C1=CC=CC=C1)(C2=CC=CC=C2)O,PubChem,,,,Structure_PubChem,182.031,0.7846,1,1,20.23,14,2,2,,,,,182.031
CID_17608,Industrial,17608,C10H6N2,154.17,2.2,0,2,47.6,C1=CC=C(C=C1)C=C(C#N)C#N,PubChem,,,,Structure_PubChem,154.172,2.1172,0,2,47.58,12,1,1,,,,,154.172
CID_17627,Industrial,17627,C11H16,148.24,4.7,0,0,0.0,CCCC(C)C1=CC=CC=C1,PubChem,,,,Structure_PubChem,148.249,3.5902,0,0,0.0,11,1,3,,,,,148.249
CID_17877,Industrial,17877,C10H14,134.22,3.4,0,0,0.0,CCC1=C(C=CC=C1C)C,PubChem,,,,Structure_PubChem,134.222,2.8658,0,0,0.0,10,1,1,,,,,134.222
CID_18470,Industrial,18470,C21H21ClSn,427.6,,0,0,0.0,C1=CC=C(C=C1)C[Sn](CC2=CC=CC=C2)(CC3=CC=CC=C3)Cl,PubChem,,,,Structure_PubChem,427.563,5.5164,0,0,0.0,23,3,6,,,,,427.563
CID_18515,Industrial,18515,C10H14O,150.22,3.5,1,1,20.2,CCCCC1=CC=CC=C1O,PubChem,,,,Structure_PubChem,150.221,2.7348,1,1,20.23,11,1,3,,,,,150.221
CID_18594,Industrial,18594,C12H18O,178.27,4.6,1,1,20.2,CCCCCCC1=CC=CC=C1O,PubChem,,,,Structure_PubChem,178.275,3.515,1,1,20.23,13,1,5,,,,,178.275
CID_18687,Industrial,18687,C10H12,132.20,3.6,0,0,0.0,CC(=C)CC1=CC=CC=C1,PubChem,,,,Structure_PubChem,132.206,2.8052,0,0,0.0,10,1,2,,,,,132.206
CID_18908,Industrial,18908,C6H5Cl2OP,194.98,3.4,0,1,9.2,C1=CC=C(C=C1)OP(Cl)Cl,PubChem,,,,Structure_PubChem,194.985,3.7699,0,1,9.23,10,1,2,,,,,194.985
CID_18940,Industrial,18940,C10H12,132.20,3.5,0,0,0.0,CCC1=CC=C(C=C1)C=C,PubChem,,,,Structure_PubChem,132.206,2.892,0,0,0.0,10,1,2,,,,,132.206
CID_19016,Industrial,19016,C6H5Cl2PS,211.05,4.2,0,1,32.1,C1=CC=C(C=C1)P(=S)(Cl)Cl,PubChem,,,,Structure_PubChem,211.053,3.099,0,1,0.0,10,1,1,,,,,211.053
CID_19137,Industrial,19137,C12H14O3,206.24,1.7,0,3,43.4,CC(=O)CCC1=CC=C(C=C1)OC(=O)C,PubChem,,,,Structure_PubChem,206.241,2.1335,0,3,43.37,15,1,4,,,,,206.241
CID_19539,Industrial,19539,C13H10O3,214.22,3.9,1,3,46.5,C1=CC=C(C=C1)OC2=CC=CC(=C2)C(=O)O,PubChem,,,,Structure_PubChem,214.22,3.1771,1,2,46.53,16,2,3,,,,,214.22
CID_19994,Industrial,19994,C10H14O,150.22,3.5,1,1,20.2,CCCCC1=CC(=CC=C1)O,PubChem,,,,Structure_PubChem,150.221,2.7348,1,1,20.23,11,1,3,,,,,150.221
CID_20735,Industrial,20735,C16H18,210.31,4.8,0,0,0.0,CC(C1=CC=CC=C1)C(C)C2=CC=CC=C2,PubChem,,,,Structure_PubChem,210.32,4.5938,0,0,0.0,16,2,3,,,,,210.32
CID_20833,Industrial,20833,C11H16,148.24,3.8,0,0,0.0,CC1=CC(=CC(=C1)C(C)C)C,PubChem,,,,Structure_PubChem,148.249,3.4268,0,0,0.0,11,1,1,,,,,148.249
CID_21071,Industrial,21071,C15H16,196.29,4.6,0,0,0.0,CC1=CC=C(C=C1)CC2=CC=C(C=C2)C,PubChem,,,,Structure_PubChem,196.293,3.8942,0,0,0.0,15,2,2,,,,,196.293
CID_21096,Industrial,21096,C12H14,158.24,3.7,0,0,0.0,C1CC(CC=C1)C2=CC=CC=C2,PubChem,,,,Structure_PubChem,158.244,3.5103,0,0,0.0,12,2,1,,,,,158.244
CID_21476,Industrial,21476,C10H12,132.20,3.4,0,0,0.0,CC1=CC(=CC(=C1)C=C)C,PubChem,,,,Structure_PubChem,132.206,2.9464,0,0,0.0,10,1,1,,,,,132.206
CID_21928,Industrial,21928,C6H5ClSe,191.53,,0,0,0.0,C1=CC=C(C=C1)[Se]Cl,PubChem,,,,Structure_PubChem,191.519,1.1699,0,0,0.0,8,1,1,,,,,191.519
CID_21975,Industrial,21975,C19H18CaN2O9,458.4,,2,9,202.0,CC(=O)OC1=CC=CC=C1C(=O)[O-].CC(=O)OC1=CC=CC=C1C(=O)[O-].C(=O)(N)N.[Ca+2],PubChem,,,,Structure_PubChem,458.436,-1.4062,2,9,201.97,31,2,4,,,,,458.436
CID_21983,Industrial,21983,C7H8ClOP,174.56,2.3,0,1,17.1,CP(=O)(C1=CC=CC=C1)Cl,PubChem,,,,Structure_PubChem,174.567,2.4586,0,1,17.07,10,1,1,,,,,174.567
CID_22521,Industrial,22521,C18H20,236.4,,0,0,0.0,CC(=C)C1=CC=CC=C1.CC(=C)C1=CC=CC=C1,PubChem,,,,Structure_PubChem,236.358,5.4394,0,0,0.0,18,2,2,,,,,236.358
CID_22629,Industrial,22629,C13H18O3,222.28,5.7,1,3,46.5,CCCCCCOC(=O)C1=CC=CC=C1O,PubChem,,,,Structure_PubChem,222.284,3.1293,1,3,46.53,16,1,6,,,,,222.284
CID_23114,Industrial,23114,C13H20,176.30,4.8,0,0,0.0,CCC1=CC(=CC(=C1)C)C(C)(C)C,PubChem,,,,Structure_PubChem,176.303,3.8549,0,0,0.0,13,1,1,,,,,176.303
CID_23194,Industrial,23194,C17H28,232.4,8.2,0,0,0.0,CCCCCCCCCCCC1=CC=CC=C1,PubChem,,,,Structure_PubChem,232.411,5.7599,0,0,0.0,17,1,10,,,,,232.411
CID_23427,Industrial,23427,C6H6O2Se,189.08,,1,2,37.3,C1=CC=C(C=C1)[Se](=O)O,PubChem,,,,Structure_PubChem,189.072,-0.1954,1,1,37.3,9,1,1,,,,,189.072
CID_23503,Industrial,23503,C15H16,196.29,5.4,0,0,0.0,CC(C)C1=CC=C(C=C1)C2=CC=CC=C2,PubChem,,,,Structure_PubChem,196.293,4.477,0,0,0.0,15,2,2,,,,,196.293
CID_24135,Industrial,24135,C9H10O4,182.17,1.4,2,4,66.8,CC(=O)C1=C(C=C(C=C1O)OC)O,PubChem,,,,Structure_PubChem,182.175,1.309,2,4,66.76,13,1,2,,,,,182.175
CID_24216,Industrial,24216,C13H12O,184.23,3.6,1,1,20.2,C1=CC=C(C=C1)CC2=CC=CC=C2O,PubChem,,,,Structure_PubChem,184.238,2.983,1,1,20.23,14,2,2,,,,,184.238
CID_24218,Industrial,24218,C10H12,132.20,3.5,0,0,0.0,CCC1=CC=CC=C1C=C,PubChem,,,,Structure_PubChem,132.206,2.892,0,0,0.0,10,1,2,,,,,132.206
CID_25090,Industrial,25090,C11H8O4,204.18,2.6,1,4,63.6,CC1=CC2=C(C=C1)OC(=O)C(=C2)C(=O)O,PubChem,,,,Structure_PubChem,204.181,1.7996,1,3,67.51,15,2,1,,,,,204.181
CID_25732,Industrial,25732,C9H14OSi,166.29,,1,1,20.2,C[Si](C)(C)C1=CC=C(C=C1)O,PubChem,,,,Structure_PubChem,166.296,1.9374,1,1,20.23,11,1,1,,,,,166.296
CID_25771,Industrial,25771,C12H22Si2,222.47,,0,0,0.0,C[Si](C)(C)C1=CC=C(C=C1)[Si](C)(C)C,PubChem,,,,Structure_PubChem,222.48,2.777,0,0,0.0,14,1,2,,,,,222.48
CID_26975,Industrial,26975,C11H16O,164.24,3.7,1,1,20.2,CCCCCC1=CC=C(C=C1)O,PubChem,,,,Structure_PubChem,164.248,3.1249,1,1,20.23,12,1,4,,,,,164.248
CID_28503,Industrial,28503,C8H9I,232.06,3.9,0,0,0.0,C1=CC=C(C=C1)CCI,PubChem,,,,Structure_PubChem,232.064,2.6641,0,0,0.0,9,1,2,,,,,232.064
CID_30852,Industrial,30852,C9H11AsO2,226.10,,1,2,37.3,C=CC[As](=O)(C1=CC=CC=C1)O,PubChem,,,,Structure_PubChem,226.107,0.9446,1,1,37.3,12,1,3,,,,,226.107
CID_31155,Industrial,31155,C9H9N,131.17,2.1,0,1,23.8,CC1=CC=CC=C1CC#N,PubChem,,,,Structure_PubChem,131.178,2.0611,0,1,23.79,10,1,1,,,,,131.178
CID_31185,Industrial,31185,C15H11FO4,274.24,2.9,1,5,63.6,CC(=O)OC1=C(C=C(C=C1)C2=CC=C(C=C2)F)C(=O)O,PubChem,,,,Structure_PubChem,274.247,3.1162,1,3,63.6,20,2,3,,,,,274.247
CID_31237,Industrial,31237,C18H30,246.4,8.8,0,0,0.0,CCCCCCCCCCCCC1=CC=CC=C1,PubChem,,,,Structure_PubChem,246.438,6.15,0,0,0.0,18,1,11,,,,,246.438
CID_31238,Industrial,31238,C19H32,260.5,9.3,0,0,0.0,CCCCCCCCCCCCCC1=CC=CC=C1,PubChem,,,,Structure_PubChem,260.465,6.5401,0,0,0.0,19,1,12,,,,,260.465
CID_31242,Industrial,31242,C8H10O,122.16,2.6,1,1,20.2,CCC1=CC=C(C=C1)O,PubChem,,,,Structure_PubChem,122.167,1.9546,1,1,20.23,9,1,1,,,,,122.167
CID_31835,Industrial,31835,C9H10O3,166.17,3.2,1,3,46.5,CC1=C(C(=CC=C1)C(=O)OC)O,PubChem,,,,Structure_PubChem,166.176,1.4872,1,3,46.53,12,1,1,,,,,166.176
CID_31933,Industrial,31933,C2H5BrHgO,325.56,,1,1,20.2,C(C[Hg]Br)O,PubChem,,,,Structure_PubChem,325.555,0.7894,1,1,20.23,5,0,2,,,,,325.555
CID_33272,Industrial,33272,C7H7HgI,418.63,,0,0,0.0,CC1=CC=C(C=C1)[Hg]I,PubChem,,,,Structure_PubChem,418.627,2.0528,0,0,0.0,9,1,1,,,,,418.627
CID_33668,Industrial,33668,C13H20O,192.30,5.1,1,1,20.2,CCCCCCCC1=CC=CC=C1O,PubChem,,,,Structure_PubChem,192.302,3.9051,1,1,20.23,14,1,6,,,,,192.302
CID_33711,Industrial,33711,C11H16,148.24,4.5,0,0,0.0,CC1=CC(=CC=C1)C(C)(C)C,PubChem,,,,Structure_PubChem,148.249,3.2925,0,0,0.0,11,1,0,,,,,148.249
CID_34177,Industrial,34177,C6H4Br2O,251.90,3.2,1,1,20.2,C1=CC(=C(C=C1Br)O)Br,PubChem,,,,Structure_PubChem,251.905,2.9172,1,1,20.23,9,1,0,,,,,251.905
CID_39149,Industrial,39149,C12H18,162.27,4.5,0,0,0.0,CCC1=C(C(=CC=C1)CC)CC,PubChem,,,,Structure_PubChem,162.276,3.3738,0,0,0.0,12,1,3,,,,,162.276
CID_40956,Industrial,40956,C16H10O4,266.25,3.5,0,4,52.6,C1=CC=C(C=C1)OC(=O)C2=CC3=CC=CC=C3OC2=O,PubChem,,,,Structure_PubChem,266.252,3.0122,0,4,56.51,20,3,2,,,,,266.252
CID_41448,Industrial,41448,C16H12O4,268.26,2.4,1,4,63.6,C1C2=CC=CC=C2C(=O)C3=C(O1)C=CC(=C3)CC(=O)O,PubChem,,,,Structure_PubChem,268.268,2.4371,1,3,63.6,20,3,2,,,,,268.268
CID_43046,Industrial,43046,C15H22O2,234.33,5,0,2,26.3,CCCCCCCC(=O)OC1=CC=C(C=C1)C,PubChem,,,,Structure_PubChem,234.339,4.2609,0,2,26.3,17,1,7,,,,,234.339
CID_46533,Industrial,46533,C9H8O4,180.16,0.8,1,4,63.6,C1=CC=C(C(=C1)C=O)OCC(=O)O,PubChem,,,,Structure_PubChem,180.159,0.9625,1,3,63.6,13,1,4,,,,,180.159
CID_50216,Industrial,50216,C12H14O3,206.24,3.2,1,3,46.5,CC(=CCOC(=O)C1=CC=CC=C1O)C,PubChem,,,,Structure_PubChem,206.241,2.5152,1,3,46.53,15,1,3,,,,,206.241
CID_54204,Industrial,54204,C18H16O4,296.3,3.3,1,4,63.6,CC1=CC2=C(C=C1)OC3=C(C=C(C=C3)C(C)C(=O)O)C(=O)C2,PubChem,,,,Structure_PubChem,296.322,3.7142,1,3,63.6,22,3,2,,,,,296.322
CID_55223,Industrial,55223,C15H12O5,272.25,2.6,2,5,83.8,C1=CC(=C(C(=C1)OCC2=CC=C(C=C2)C(=O)O)C=O)O,PubChem,,,,Structure_PubChem,272.256,2.4819,2,4,83.83,20,2,5,,,,,272.256
CID_55748,Industrial,55748,C17H12O4,280.27,3,1,4,63.6,C1=CC=C(C=C1)C2=CC(=O)C3=CC=CC(=C3O2)CC(=O)O,PubChem,,,,Structure_PubChem,280.279,3.0871,1,3,67.51,21,3,3,,,,,280.279
CID_60979,Industrial,60979,C10H12O3,180.20,2.8,0,3,35.5,CCOC(=O)C1=CC=C(C=C1)OC,PubChem,,,,Structure_PubChem,180.203,1.8719,0,3,35.53,13,1,3,,,,,180.203
CID_60997,Industrial,60997,C15H14O2,226.27,3.6,0,2,26.3,CC1=CC=C(C=C1)OC(=O)CC2=CC=CC=C2,PubChem,,,,Structure_PubChem,226.275,3.1431,0,2,26.3,17,2,3,,,,,226.275
CID_61045,Industrial,61045,C8H10S,138.23,2.8,1,1,1.0,CC1=C(C(=CC=C1)C)S,PubChem,,,,Structure_PubChem,138.235,2.5921,1,1,0.0,9,1,0,,,,,138.235
CID_61084,Industrial,61084,C11H16O,164.24,4,1,1,20.2,CCCCCC1=CC=CC=C1O,PubChem,,,,Structure_PubChem,164.248,3.1249,1,1,20.23,12,1,4,,,,,164.248
CID_61151,Industrial,61151,C9H10O3,166.17,2,0,3,35.5,COC1=CC=CC=C1C(=O)OC,PubChem,,,,Structure_PubChem,166.176,1.4818,0,3,35.53,12,1,2,,,,,166.176
CID_61159,Industrial,61159,C14H12O3,228.24,3.8,1,3,46.5,CC1=CC=CC=C1OC(=O)C2=CC=CC=C2O,PubChem,,,,Structure_PubChem,228.247,2.9198,1,3,46.53,17,2,2,,,,,228.247
CID_61261,Industrial,61261,C7H8OS,140.20,2.1,1,2,45.5,CSC1=CC=CC=C1O,PubChem,,,,Structure_PubChem,140.207,2.1141,1,2,20.23,9,1,1,,,,,140.207
CID_61434,Industrial,61434,C19H30O2,290.4,7.2,0,2,26.3,CCCCCCCCCCCC(=O)OC1=CC=C(C=C1)C,PubChem,,,,Structure_PubChem,290.447,5.8213,0,2,26.3,21,1,11,,,,,290.447
CID_61551,Industrial,61551,C8H5MnO3-,204.06,,0,4,3.0,[C-]#[O+].[C-]#[O+].[C-]#[O+].[CH-]1C=CC=C1.[Mn],PubChem,,,,Structure_PubChem,204.063,1.2905,0,0,59.7,12,1,0,,,,,204.063
CID_61759,Industrial,61759,C6H5Cl2PS,211.05,3.5,0,1,25.3,C1=CC=C(C=C1)SP(Cl)Cl,PubChem,,,,Structure_PubChem,211.053,4.4832,0,1,0.0,10,1,2,,,,,211.053
CID_61954,Industrial,61954,C11H14O2,178.23,2.7,0,2,26.3,CC1=CC=CC=C1OC(=O)C(C)C,PubChem,,,,Structure_PubChem,178.231,2.5564,0,2,26.3,13,1,2,,,,,178.231
CID_62007,Industrial,62007,C13H12O3,216.23,2.9,0,3,39.4,CCOC(=O)C1=C(OC=C1)C2=CC=CC=C2,PubChem,,,,Structure_PubChem,216.236,3.1233,0,3,39.44,16,2,3,,,,,216.236
CID_62332,Industrial,62332,C15H14O3,242.27,4.5,1,3,46.5,C1=CC=C(C=C1)CCOC(=O)C2=CC=CC=C2O,PubChem,,,,Structure_PubChem,242.274,2.7917,1,3,46.53,18,2,4,,,,,242.274
CID_62385,Industrial,62385,C10H12,132.20,3.7,0,0,0.0,CC1=CC=C(C=C1)C(=C)C,PubChem,,,,Structure_PubChem,132.206,3.0281,0,0,0.0,10,1,1,,,,,132.206
CID_62453,Industrial,62453,C8H8O,120.15,2.4,1,1,20.2,C=CC1=CC=C(C=C1)O,PubChem,,,,Structure_PubChem,120.151,2.0352,1,1,20.23,9,1,1,,,,,120.151
CID_62624,Industrial,62624,C15H22O3,250.33,6.8,1,3,46.5,CCCCCCCCOC(=O)C1=CC=CC=C1O,PubChem,,,,Structure_PubChem,250.338,3.9095,1,3,46.53,18,1,8,,,,,250.338
CID_62697,Industrial,62697,C12H14,158.24,,0,0,0.0,C=CC=C.C=CC1=CC=CC=C1,PubChem,,,,Structure_PubChem,158.244,3.688,0,0,0.0,12,1,2,,,,,158.244
CID_65389,Industrial,65389,C8H11BO2,149.98,,2,2,40.5,B(CCC1=CC=CC=C1)(O)O,PubChem,,,,Structure_PubChem,149.986,0.7019,2,2,40.46,11,1,3,,,,,149.986
CID_66030,Industrial,66030,C18H30O,262.4,7.5,1,1,20.2,CCCCCCCCCCCCC1=CC=C(C=C1)O,PubChem,,,,Structure_PubChem,262.437,5.8556,1,1,20.23,19,1,11,,,,,262.437
CID_66041,Industrial,66041,C10H10,130.19,3.5,0,0,0.0,C=CC1=CC=C(C=C1)C=C,PubChem,,,,Structure_PubChem,130.19,2.9726,0,0,0.0,10,1,2,,,,,130.19
CID_66043,Industrial,66043,C8H10S2,170.3,2.1,2,2,2.0,C1=CC(=CC=C1CS)CS,PubChem,,,,Structure_PubChem,170.302,2.5462,2,2,0.0,10,1,2,,,,,170.302
CID_66176,Industrial,66176,C6H5Cl3Ge,256.1,,0,0,0.0,C1=CC=C(C=C1)[Ge](Cl)(Cl)Cl,PubChem,,,,Structure_PubChem,256.075,2.5489,0,0,0.0,10,1,1,,,,,256.075
CID_66180,Industrial,66180,C12H10ClP,220.63,3.8,0,0,0.0,C1=CC=C(C=C1)P(C2=CC=CC=C2)Cl,PubChem,,,,Structure_PubChem,220.639,3.2731,0,0,0.0,14,2,2,,,,,220.639
CID_66182,Industrial,66182,C16H18,210.31,4,0,0,0.0,C1=CC=C(C=C1)CCCCC2=CC=CC=C2,PubChem,,,,Structure_PubChem,210.32,4.252,0,0,0.0,16,2,5,,,,,210.32
CID_66304,Industrial,66304,C8H11OP,154.15,1.5,0,1,17.1,CP(=O)(C)C1=CC=CC=C1,PubChem,,,,Structure_PubChem,154.149,1.9346,0,1,17.07,10,1,1,,,,,154.149
CID_66346,Industrial,66346,C10H10O5,210.18,1.4,1,5,72.8,CC(=O)OC1=C(C=C(C=C1)C(=O)O)OC,PubChem,,,,Structure_PubChem,210.185,1.3187,1,4,72.83,15,1,3,,,,,210.185
CID_66569,Industrial,66569,C10H8O2,160.17,1.9,0,2,26.3,CC1=COC2=CC=CC=C2C1=O,PubChem,,,,Structure_PubChem,160.172,2.1014,0,2,30.21,12,2,0,,,,,160.172
CID_66597,Industrial,66597,C17H18O3,270.32,5.5,1,3,46.5,CC(C)(C)C1=CC=C(C=C1)OC(=O)C2=CC=CC=C2O,PubChem,,,,Structure_PubChem,270.328,3.9089,1,3,46.53,20,2,2,,,,,270.328
CID_66654,Industrial,66654,C10H12O4,196.20,1.7,1,4,55.8,CC(=O)C1=C(C=C(C=C1OC)OC)O,PubChem,,,,Structure_PubChem,196.202,1.612,1,4,55.76,14,1,3,,,,,196.202
CID_66666,Industrial,66666,C10H10,130.19,3.5,0,0,0.0,C=CC1=CC=CC=C1C=C,PubChem,,,,Structure_PubChem,130.19,2.9726,0,0,0.0,10,1,2,,,,,130.19
CID_66726,Industrial,66726,C9H10O3,166.17,1.5,0,3,35.5,COC1=CC(=C(C=C1)OC)C=O,PubChem,,,,Structure_PubChem,166.176,1.5163,0,3,35.53,12,1,3,,,,,166.176
CID_66742,Industrial,66742,C20H14O4,318.3,5,0,4,52.6,C1=CC=C(C=C1)C(=O)OC2=CC(=CC=C2)OC(=O)C3=CC=CC=C3,PubChem,,,,Structure_PubChem,318.328,4.125,0,4,52.6,24,3,4,,,,,318.328
CID_66827,Industrial,66827,C6H7BO2,121.93,,2,2,40.5,B(C1=CC=CC=C1)(O)O,PubChem,,,,Structure_PubChem,121.932,-0.6336,2,2,40.46,9,1,1,,,,,121.932
CID_66828,Industrial,66828,C8H7Br,183.04,3.2,0,0,0.0,C=C(C1=CC=CC=C1)Br,PubChem,,,,Structure_PubChem,183.048,3.0522,0,0,0.0,9,1,1,,,,,183.048
CID_67146,Industrial,67146,C15H14O2,226.27,3.7,0,2,26.3,CC1=CC(=CC=C1)OC(=O)CC2=CC=CC=C2,PubChem,,,,Structure_PubChem,226.275,3.1431,0,2,26.3,17,2,3,,,,,226.275
CID_67236,Industrial,67236,C17H12O3,264.27,4.8,1,3,46.5,C1=CC=C(C=C1)OC(=O)C2=C(C3=CC=CC=C3C=C2)O,PubChem,,,,Structure_PubChem,264.28,3.7646,1,3,46.53,20,3,2,,,,,264.28
CID_67252,Industrial,67252,C9H10O3,166.17,2,1,3,46.5,CCOC1=CC=CC=C1C(=O)O,PubChem,,,,Structure_PubChem,166.176,1.7835,1,2,46.53,12,1,3,,,,,166.176
CID_67296,Industrial,67296,C15H24O,220.35,6.2,1,1,20.2,CCCCCCCCCC1=CC=CC=C1O,PubChem,,,,Structure_PubChem,220.356,4.6853,1,1,20.23,16,1,8,,,,,220.356
CID_67320,Industrial,67320,C15H24O,220.35,6.2,1,1,20.2,CCCCCCCCCC1=CC(=CC=C1)O,PubChem,,,,Structure_PubChem,220.356,4.6853,1,1,20.23,16,1,8,,,,,220.356
CID_67579,Industrial,67579,C12H9F,172.20,4,0,1,0.0,C1=CC=C(C=C1)C2=CC=CC=C2F,PubChem,,,,Structure_PubChem,172.202,3.4927,0,0,0.0,13,2,1,,,,,172.202
CID_67610,Industrial,67610,C6H5FO3S,176.17,1.8,0,4,51.8,C1=CC=C(C=C1)OS(=O)(=O)F,PubChem,,,,Structure_PubChem,176.168,1.2797,0,3,43.37,11,1,2,,,,,176.168
CID_67673,Industrial,67673,C6H4FI,222.00,3.1,0,1,0.0,C1=CC=C(C(=C1)F)I,PubChem,,,,Structure_PubChem,222.0,2.4303,0,0,0.0,8,1,0,,,,,222.0
CID_67679,Industrial,67679,C7H5ClF2,162.56,3.3,0,2,0.0,C1=CC=C(C=C1)C(F)(F)Cl,PubChem,,,,Structure_PubChem,162.566,2.9747,0,0,0.0,10,1,1,,,,,162.566
CID_67764,Industrial,67764,C6H5FO2,128.10,1.6,2,3,40.5,C1=CC(=C(C(=C1)F)O)O,PubChem,,,,Structure_PubChem,128.102,1.2369,2,2,40.46,9,1,0,,,,,128.102
CID_67773,Industrial,67773,C6H3F3,132.08,2.4,0,3,0.0,C1=CC(=C(C=C1F)F)F,PubChem,,,,Structure_PubChem,132.084,2.1039,0,0,0.0,9,1,0,,,,,132.084
CID_67789,Industrial,67789,C6H5FS,128.17,2.3,1,2,1.0,C1=CC(=CC=C1F)S,PubChem,,,,Structure_PubChem,128.171,2.1144,1,1,0.0,8,1,0,,,,,128.171
CID_67867,Industrial,67867,C7H4F4,164.10,3.4,0,4,0.0,C1=CC(=CC(=C1)F)C(F)(F)F,PubChem,,,,Structure_PubChem,164.101,2.8445,0,0,0.0,11,1,0,,,,,164.101
CID_67868,Industrial,67868,C7H4F3I,272.01,3.6,0,3,0.0,C1=CC(=CC(=C1)I)C(F)(F)F,PubChem,,,,Structure_PubChem,272.007,3.31,0,0,0.0,11,1,0,,,,,272.007
CID_67871,Industrial,67871,C7H4Cl3F,213.5,3.6,0,1,0.0,C1=CC(=CC=C1C(Cl)(Cl)Cl)F,PubChem,,,,Structure_PubChem,213.466,3.6524,0,0,0.0,11,1,0,,,,,213.466
CID_67873,Industrial,67873,C7H4F4,164.10,3.3,0,4,0.0,C1=CC(=CC=C1C(F)(F)F)F,PubChem,,,,Structure_PubChem,164.101,2.8445,0,0,0.0,11,1,0,,,,,164.101
CID_67874,Industrial,67874,C7H5F3O,162.11,2.8,1,4,20.2,C1=CC(=CC=C1C(F)(F)F)O,PubChem,,,,Structure_PubChem,162.11,2.411,1,1,20.23,11,1,0,,,,,162.11
CID_67957,Industrial,67957,C7H4F3I,272.01,3.5,0,3,0.0,C1=CC=C(C(=C1)C(F)(F)F)I,PubChem,,,,Structure_PubChem,272.007,3.31,0,0,0.0,11,1,0,,,,,272.007
CID_67958,Industrial,67958,C7H5F3O,162.11,2.8,1,4,20.2,C1=CC=C(C(=C1)C(F)(F)F)O,PubChem,,,,Structure_PubChem,162.11,2.411,1,1,20.23,11,1,0,,,,,162.11
CID_67971,Industrial,67971,C8H5F3,158.12,2.7,0,3,0.0,C1=CC=C(C=C1)C(=C(F)F)F,PubChem,,,,Structure_PubChem,158.122,3.2212,0,0,0.0,11,1,1,,,,,158.122
CID_68093,Industrial,68093,C11H10O6,238.19,0.9,1,6,89.9,CC(=O)OC1=CC=CC(=C1OC(=O)C)C(=O)O,PubChem,,,,Structure_PubChem,238.195,1.2354,1,5,89.9,17,1,3,,,,,238.195
CID_68104,Industrial,68104,C7H4Cl3F,213.5,3.6,0,1,0.0,C1=CC=C(C(=C1)C(Cl)(Cl)Cl)F,PubChem,,,,Structure_PubChem,213.466,3.6524,0,0,0.0,11,1,0,,,,,213.466
CID_68110,Industrial,68110,C9H8O2,148.16,1.4,0,2,26.3,C1COC2=CC=CC=C2C1=O,PubChem,,,,Structure_PubChem,148.161,1.6518,0,2,26.3,11,2,0,,,,,148.161
CID_68112,Industrial,68112,C15H10O3,238.24,2.5,1,3,46.5,C1=CC=C(C=C1)C2=CC(=O)C3=C(C=CC=C3O2)O,PubChem,,,,Structure_PubChem,238.242,3.1656,1,3,50.44,18,3,1,,,,,238.242
CID_68117,Industrial,68117,C9H10O3,166.17,1.7,1,3,46.5,CCOC1=CC=CC(=C1O)C=O,PubChem,,,,Structure_PubChem,166.176,1.6034,1,3,46.53,12,1,3,,,,,166.176
CID_68136,Industrial,68136,C7H5Cl2F,179.02,3.5,0,1,0.0,C1=CC=C(C=C1)C(F)(Cl)Cl,PubChem,,,,Structure_PubChem,179.021,3.244,0,0,0.0,10,1,1,,,,,179.021
CID_68148,Industrial,68148,C9H10O,134.17,2.9,1,1,20.2,C=CCC1=CC=C(C=C1)O,PubChem,,,,Structure_PubChem,134.178,2.1207,1,1,20.23,10,1,2,,,,,134.178
CID_68191,Industrial,68191,C10H13Cl,168.66,4.2,0,0,0.0,CC(C)(CCl)C1=CC=CC=C1,PubChem,,,,Structure_PubChem,168.667,3.203,0,0,0.0,11,1,2,,,,,168.667
CID_68243,Industrial,68243,C7H6OS2,170.3,2.2,2,3,53.3,C1=CC=C(C(=C1)C(=S)S)O,PubChem,,,,Structure_PubChem,170.258,1.9975,2,2,20.23,10,1,1,,,,,170.258
CID_68382,Industrial,68382,C8H6O2,134.13,1.3,0,2,26.3,C1C2=CC=CC=C2OC1=O,PubChem,,,,Structure_PubChem,134.134,1.1481,0,2,26.3,10,2,0,,,,,134.134
CID_68477,Industrial,68477,C15H16O4,260.28,3.7,2,4,66.8,CC1=CC(=O)C2=C(O1)C=C(C(=C2O)CC=C(C)C)O,PubChem,,,,Structure_PubChem,260.289,3.0213,2,4,70.67,19,2,2,,,,,260.289
CID_68481,Industrial,68481,C9H10O2,150.17,1.8,0,2,26.3,CC(=O)C1=CC=CC=C1OC,PubChem,,,,Structure_PubChem,150.177,1.8978,0,2,26.3,11,1,2,,,,,150.177
CID_68484,Industrial,68484,C10H10O4,194.18,1.5,0,4,52.6,CC(=O)OC1=CC=CC=C1C(=O)OC,PubChem,,,,Structure_PubChem,194.186,1.3985,0,4,52.6,14,1,2,,,,,194.186
CID_68502,Industrial,68502,C6H5BrO2,189.01,2.2,2,2,40.5,C1=CC(=C(C=C1O)Br)O,PubChem,,,,Structure_PubChem,189.008,1.8603,2,2,40.46,9,1,0,,,,,189.008
CID_68610,Industrial,68610,C17H16O6,316.30,3,2,6,93.1,C1=CC(=CC=C1C(=O)O)OCCCOC2=CC=C(C=C2)C(=O)O,PubChem,,,,Structure_PubChem,316.309,2.9309,2,4,93.06,23,2,8,,,,,316.309
CID_69082,Industrial,69082,C14H15P,214.24,3.4,0,0,0.0,CCP(C1=CC=CC=C1)C2=CC=CC=C2,PubChem,,,,Structure_PubChem,214.248,3.1392,0,0,0.0,15,2,3,,,,,214.248
CID_69091,Industrial,69091,C14H12O3,228.24,4.1,1,3,46.5,CC1=CC=C(C=C1)OC(=O)C2=CC=CC=C2O,PubChem,,,,Structure_PubChem,228.247,2.9198,1,3,46.53,17,2,2,,,,,228.247
CID_69092,Industrial,69092,C10H12O3,180.20,3.8,1,3,46.5,CCCOC(=O)C1=CC=CC=C1O,PubChem,,,,Structure_PubChem,180.203,1.959,1,3,46.53,13,1,3,,,,,180.203
CID_69097,Industrial,69097,C8H9I,232.06,3.3,0,0,0.0,CC1=C(C(=CC=C1)C)I,PubChem,,,,Structure_PubChem,232.064,2.908,0,0,0.0,9,1,0,,,,,232.064
CID_69290,Industrial,69290,C14H14,182.26,4.5,0,0,0.0,CC1=CC=C(C=C1)CC2=CC=CC=C2,PubChem,,,,Structure_PubChem,182.266,3.5858,0,0,0.0,14,2,2,,,,,182.266
CID_69302,Industrial,69302,C9H12O,136.19,2.9,1,1,20.2,CCCC1=CC(=CC=C1)O,PubChem,,,,Structure_PubChem,136.194,2.3447,1,1,20.23,10,1,2,,,,,136.194
CID_69335,Industrial,69335,C8H8Br2,263.96,3,0,0,0.0,C1=CC(=CC=C1CBr)CBr,PubChem,,,,Structure_PubChem,263.96,3.4764,0,0,0.0,10,1,2,,,,,263.96
CID_69370,Industrial,69370,C6H6S2,142.2,2.2,2,2,2.0,C1=CC=C(C(=C1)S)S,PubChem,,,,Structure_PubChem,142.248,2.264,2,2,0.0,8,1,0,,,,,142.248
CID_69373,Industrial,69373,C8H8Br2,263.96,3.1,0,0,0.0,C1=CC(=CC(=C1)CBr)CBr,PubChem,,,,Structure_PubChem,263.96,3.4764,0,0,0.0,10,1,2,,,,,263.96
CID_69461,Industrial,69461,C9H8O5,196.16,1.2,2,5,83.8,C1=CC=C(C(=C1)C(=O)O)OCC(=O)O,PubChem,,,,Structure_PubChem,196.158,0.8482,2,3,83.83,14,1,4,,,,,196.158
CID_69530,Industrial,69530,C6H6Se,157.08,,0,0,0.0,C1=CC=C(C=C1)[SeH],PubChem,,,,Structure_PubChem,157.074,0.2127,0,0,0.0,7,1,0,,,,,157.074
CID_69597,Industrial,69597,C8H11P,138.15,1.5,0,0,0.0,CP(C)C1=CC=CC=C1,PubChem,,,,Structure_PubChem,138.15,2.0534,0,0,0.0,9,1,1,,,,,138.15
CID_69600,Industrial,69600,C8H8O3,152.15,1.5,1,3,46.5,COC1=CC(=C(C=C1)C=O)O,PubChem,,,,Structure_PubChem,152.149,1.2133,1,3,46.53,11,1,2,,,,,152.149
CID_69601,Industrial,69601,C9H8,116.16,3,0,0,0.0,CC#CC1=CC=CC=C1,PubChem,,,,Structure_PubChem,116.163,2.058,0,0,0.0,9,1,0,,,,,116.163
CID_69727,Industrial,69727,C12H14O,174.24,4.2,1,1,20.2,C1CCC(=CC1)C2=CC=C(C=C2)O,PubChem,,,,Structure_PubChem,174.243,3.3496,1,1,20.23,13,2,1,,,,,174.243
CID_69738,Industrial,69738,C14H14,182.26,4.7,0,0,0.0,CC1=CC=CC=C1CC2=CC=CC=C2,PubChem,,,,Structure_PubChem,182.266,3.5858,0,0,0.0,14,2,2,,,,,182.266
CID_69761,Industrial,69761,C14H12O3,228.24,2.9,1,3,46.5,C1=CC=C(C=C1)OCC2=CC=CC=C2C(=O)O,PubChem,,,,Structure_PubChem,228.247,2.9638,1,2,46.53,17,2,4,,,,,228.247
CID_69836,Industrial,69836,C7H10Si,122.24,,0,0,0.0,C[SiH2]C1=CC=CC=C1,PubChem,,,,Structure_PubChem,122.243,0.5288,0,0,0.0,8,1,1,,,,,122.243
CID_69849,Industrial,69849,C9H14Si,150.29,,0,0,0.0,C[Si](C)(C)C1=CC=CC=C1,PubChem,,,,Structure_PubChem,150.297,2.2318,0,0,0.0,10,1,1,,,,,150.297
CID_69858,Industrial,69858,C6H2F4O,166.07,2.1,1,5,20.2,C1=C(C(=C(C(=C1F)F)O)F)F,PubChem,,,,Structure_PubChem,166.073,1.9486,1,1,20.23,11,1,0,,,,,166.073
CID_69862,Industrial,69862,C10H16Si,164.32,,0,0,0.0,C[Si](C)(C)CC1=CC=CC=C1,PubChem,,,,Structure_PubChem,164.324,3.1065,0,0,0.0,11,1,2,,,,,164.324
CID_69888,Industrial,69888,C12H12Si,184.31,,0,0,0.0,C1=CC=C(C=C1)[SiH2]C2=CC=CC=C2,PubChem,,,,Structure_PubChem,184.314,0.8062,0,0,0.0,13,2,2,,,,,184.314
CID_69930,Industrial,69930,C18H15O3P,310.3,2.1,2,3,57.5,C1=CC=C(C=C1)P(=O)(C2=CC=C(C=C2)O)C3=CC=C(C=C3)O,PubChem,,,,Structure_PubChem,310.289,2.7372,2,3,57.53,22,3,3,,,,,310.289
CID_69990,Industrial,69990,C6H5Cl2OP,194.98,3.1,0,1,17.1,C1=CC=C(C=C1)P(=O)(Cl)Cl,PubChem,,,,Structure_PubChem,194.985,2.9826,0,1,17.07,10,1,1,,,,,194.985
CID_69991,Industrial,69991,C8H10OS,154.23,1,0,2,36.3,CS(=O)CC1=CC=CC=C1,PubChem,,,,Structure_PubChem,154.234,1.5651,0,1,17.07,10,1,2,,,,,154.234
CID_70015,Industrial,70015,C7H5F3O2,178.11,2.6,1,5,29.5,C1=CC(=CC=C1O)OC(F)(F)F,PubChem,,,,Structure_PubChem,178.109,2.2908,1,2,29.46,12,1,1,,,,,178.109
CID_70017,Industrial,70017,C12H11P,186.19,3,0,0,0.0,C1=CC=C(C=C1)PC2=CC=CC=C2,PubChem,,,,Structure_PubChem,186.194,2.3159,0,0,0.0,13,2,2,,,,,186.194
CID_70029,Industrial,70029,C15H14,194.27,4.5,0,0,0.0,C1CC2=CC=CC=C2CC3=CC=CC=C31,PubChem,,,,Structure_PubChem,194.277,3.376,0,0,0.0,15,3,0,,,,,194.277
CID_70112,Industrial,70112,C9H10,118.18,3.3,0,0,0.0,C1CC1C2=CC=CC=C2,PubChem,,,,Structure_PubChem,118.179,2.564,0,0,0.0,9,2,1,,,,,118.179
CID_70140,Industrial,70140,C8H8O4,168.15,1.9,2,4,66.8,COC1=CC=CC(=C1O)C(=O)O,PubChem,,,,Structure_PubChem,168.148,1.099,2,3,66.76,12,1,2,,,,,168.148
CID_70144,Industrial,70144,C9H8O3,164.16,0.6,0,3,43.4,CC(=O)OC1=CC=C(C=C1)C=O,PubChem,,,,Structure_PubChem,164.16,1.4244,0,3,43.37,12,1,2,,,,,164.16
CID_70161,Industrial,70161,C12H10O3,202.21,2.7,1,3,46.5,COC1=CC2=CC=CC=C2C=C1C(=O)O,PubChem,,,,Structure_PubChem,202.209,2.5466,1,2,46.53,15,2,2,,,,,202.209
CID_70174,Industrial,70174,C16H10,202.25,5.2,0,0,0.0,C1=CC=C(C=C1)C#CC#CC2=CC=CC=C2,PubChem,,,,Structure_PubChem,202.256,3.0898,0,0,0.0,16,2,0,,,,,202.256
CID_70327,Industrial,70327,C8H9Cl3Si,239.6,,0,0,0.0,C1=CC=C(C=C1)CC[Si](Cl)(Cl)Cl,PubChem,,,,Structure_PubChem,239.605,3.8844,0,0,0.0,12,1,3,,,,,239.605
CID_70348,Industrial,70348,C13H13As,244.16,,0,0,0.0,C[As](C1=CC=CC=C1)C2=CC=CC=C2,PubChem,,,,Structure_PubChem,244.169,1.9254,0,0,0.0,14,2,2,,,,,244.169
CID_70535,Industrial,70535,C12H10Sn,272.92,,0,0,0.0,C1=CC=C(C=C1)[Sn]C2=CC=CC=C2,PubChem,,,,Structure_PubChem,272.923,1.3416,0,0,0.0,13,2,2,,,,,272.923
CID_70718,Industrial,70718,C6H6OS,126.18,1.7,2,2,21.2,C1=CC=C(C(=C1)O)S,PubChem,,,,Structure_PubChem,126.18,1.6809,2,2,20.23,8,1,0,,,,,126.18
CID_70725,Industrial,70725,C6H4FI,222.00,3.4,0,1,0.0,C1=CC(=CC(=C1)I)F,PubChem,,,,Structure_PubChem,222.0,2.4303,0,0,0.0,8,1,0,,,,,222.0
CID_70731,Industrial,70731,C8H9I,232.06,3.3,0,0,0.0,CC1=CC(=C(C=C1)C)I,PubChem,,,,Structure_PubChem,232.064,2.908,0,0,0.0,9,1,0,,,,,232.064
CID_70787,Industrial,70787,C11H14O,162.23,3.6,1,1,20.2,CC(=CCC1=CC=CC=C1O)C,PubChem,,,,Structure_PubChem,162.232,2.9009,1,1,20.23,12,1,2,,,,,162.232
CID_70834,Industrial,70834,C13H18O3,222.28,3.9,1,3,46.5,CCCCCCOC1=CC=C(C=C1)C(=O)O,PubChem,,,,Structure_PubChem,222.284,3.3439,1,2,46.53,16,1,7,,,,,222.284
CID_70995,Industrial,70995,C12H10Te,281.8,,0,0,0.0,C1=CC=C(C=C1)[Te]C2=CC=CC=C2,PubChem,,,,Structure_PubChem,281.812,1.3416,0,0,0.0,13,2,2,,,,,281.812
CID_71568,Industrial,71568,CH4O,36.066,-0.5,1,1,20.2,[2H]C([2H])([2H])O[2H],PubChem,,,,Structure_PubChem,36.0664,-0.3915,1,1,20.23,2,0,0,,,,,36.0664
CID_71601,Industrial,71601,C6H6,84.15,2.1,0,0,0.0,[2H]C1=C(C(=C(C(=C1[2H])[2H])[2H])[2H])[2H],PubChem,,,,Structure_PubChem,84.1506,1.6866,0,0,0.0,6,1,0,,,,,84.1506
CID_72279,Industrial,72279,C15H10O3,238.24,3.6,1,3,46.5,C1=CC=C(C=C1)C2=CC(=O)C3=C(O2)C=CC(=C3)O,PubChem,,,,Structure_PubChem,238.242,3.1656,1,3,50.44,18,3,1,,,,,238.242
CID_72858,Industrial,72858,C6H4I2O,345.90,2.9,1,1,20.2,C1=CC(=C(C=C1I)I)O,PubChem,,,,Structure_PubChem,345.905,2.6014,1,1,20.23,9,1,0,,,,,345.905
CID_72903,Industrial,72903,C6H7O2P,142.09,0.5,2,2,40.5,C1=CC=C(C=C1)P(O)O,PubChem,,,,Structure_PubChem,142.094,0.6084,2,2,40.46,9,1,1,,,,,142.094
CID_72904,Industrial,72904,C6H9N2OP,156.12,0,2,3,69.1,C1=CC=C(C=C1)P(=O)(N)N,PubChem,,,,Structure_PubChem,156.125,0.4224,2,1,69.11,10,1,1,,,,,156.125
CID_73720,Industrial,73720,C9H14OSi,166.29,,0,1,9.2,C[Si](C)(C)OC1=CC=CC=C1,PubChem,,,,Structure_PubChem,166.296,2.9003,0,1,9.23,11,1,2,,,,,166.296
CID_73870,Industrial,73870,C12H10ClI,316.56,,0,1,0.0,C1=CC=C(C=C1)[I+]C2=CC=CC=C2.[Cl-],PubChem,,,,Structure_PubChem,316.569,-3.181,0,0,0.0,14,2,2,,,,,316.569
CID_73871,Industrial,73871,C12H10BrI,361.02,,0,1,0.0,C1=CC=C(C=C1)[I+]C2=CC=CC=C2.[Br-],PubChem,,,,Structure_PubChem,361.02,-3.181,0,0,0.0,14,2,2,,,,,361.02
CID_73879,Industrial,73879,C13H13P,200.22,3.1,0,0,0.0,CP(C1=CC=CC=C1)C2=CC=CC=C2,PubChem,,,,Structure_PubChem,200.221,2.7491,0,0,0.0,14,2,2,,,,,200.221
CID_74000,Industrial,74000,C8H8Cl2,175.05,3.6,0,0,0.0,C1=CC=C(C=C1)CC(Cl)Cl,PubChem,,,,Structure_PubChem,175.058,3.0328,0,0,0.0,10,1,2,,,,,175.058
CID_74118,Industrial,74118,C7H7BrMg,195.34,,0,2,0.0,[CH2-]C1=CC=CC=C1.[Mg+2].[Br-],PubChem,,,,Structure_PubChem,195.342,-1.508,0,0,0.0,9,1,0,,,,,195.342
CID_74126,Industrial,74126,C9H9Cl,152.62,3.1,0,0,0.0,C=CC1=CC=C(C=C1)CCl,PubChem,,,,Structure_PubChem,152.624,3.0684,0,0,0.0,10,1,2,,,,,152.624
CID_74148,Industrial,74148,C12H14,158.24,4.7,0,0,0.0,CC(=C)C1=CC=C(C=C1)C(=C)C,PubChem,,,,Structure_PubChem,158.244,3.7528,0,0,0.0,12,1,2,,,,,158.244
CID_74149,Industrial,74149,C10H15P,166.20,2.2,0,0,0.0,CCP(CC)C1=CC=CC=C1,PubChem,,,,Structure_PubChem,166.204,2.8336,0,0,0.0,11,1,3,,,,,166.204
CID_74167,Industrial,74167,C12H10Cl2Ge,297.7,,0,0,0.0,C1=CC=C(C=C1)[Ge](C2=CC=CC=C2)(Cl)Cl,PubChem,,,,Structure_PubChem,297.728,2.7206,0,0,0.0,15,2,2,,,,,297.728
CID_74207,Industrial,74207,C6H6Cl2Si,177.10,,0,0,0.0,C1=CC=C(C=C1)[SiH](Cl)Cl,PubChem,,,,Structure_PubChem,177.106,1.5917,0,0,0.0,9,1,1,,,,,177.106
CID_74210,Industrial,74210,C16H16,208.30,3.7,0,0,0.0,C1CC2=CC=C(CCC3=CC=C1C=C3)C=C2,PubChem,,,,Structure_PubChem,208.304,3.5704,0,0,0.0,16,6,0,,,,,208.304
CID_74426,Industrial,74426,C6H6O4S,174.18,0.8,1,4,72.0,C1=CC=C(C=C1)OS(=O)(=O)O,PubChem,,,,Structure_PubChem,174.177,0.8682,1,3,63.6,11,1,2,,,,,174.177
CID_74471,Industrial,74471,C6H8As2O6,325.97,,4,6,115.0,C1=CC=C(C(=C1)[As](=O)(O)O)[As](=O)(O)O,PubChem,,,,Structure_PubChem,325.968,-3.1914,4,2,115.06,14,1,2,,,,,325.968
CID_74555,Industrial,74555,C10H8O,144.17,2.2,0,1,17.1,CC(=O)C#CC1=CC=CC=C1,PubChem,,,,Structure_PubChem,144.173,1.6271,0,1,17.07,11,1,0,,,,,144.173
CID_74573,Industrial,74573,C11H12,144.21,3.8,0,0,0.0,C#CCCCC1=CC=CC=C1,PubChem,,,,Structure_PubChem,144.217,2.6425,0,0,0.0,11,1,3,,,,,144.217
CID_74681,Industrial,74681,C18H22,238.4,5.9,0,0,0.0,CC(C)(C1=CC=CC=C1)C(C)(C)C2=CC=CC=C2,PubChem,,,,Structure_PubChem,238.374,4.942,0,0,0.0,18,2,3,,,,,238.374
CID_74708,Industrial,74708,C13H8O3,212.20,3.2,1,3,46.5,C1=CC=C2C(=C1)C(=O)C3=C(O2)C=CC(=C3)O,PubChem,,,,Structure_PubChem,212.204,2.6518,1,3,50.44,16,3,0,,,,,212.204
CID_74775,Industrial,74775,C6H4I2O2,361.90,1.9,2,2,40.5,C1=C(C=C(C(=C1I)O)I)O,PubChem,,,,Structure_PubChem,361.904,2.307,2,2,40.46,10,1,0,,,,,361.904
CID_74814,Industrial,74814,C6H4ClFO,146.54,2.5,1,2,20.2,C1=CC(=C(C=C1F)Cl)O,PubChem,,,,Structure_PubChem,146.548,2.1847,1,1,20.23,9,1,0,,,,,146.548
CID_74861,Industrial,74861,C7H8,100.19,2.7,0,0,0.0,[2H]C1=C(C(=C(C(=C1[2H])[2H])C([2H])([2H])[2H])[2H])[2H],PubChem,,,,Structure_PubChem,100.1898,1.995,0,0,0.0,7,1,0,,,,,100.1898
CID_74897,Industrial,74897,C10H11N,145.20,2.2,0,1,23.8,C1=CC=C(C=C1)CCCC#N,PubChem,,,,Structure_PubChem,145.205,2.5329,0,1,23.79,11,1,3,,,,,145.205
CID_75025,Industrial,75025,C12H9I,280.10,4.2,0,0,0.0,C1=CC=C(C=C1)C2=CC=CC=C2I,PubChem,,,,Structure_PubChem,280.108,3.9582,0,0,0.0,13,2,1,,,,,280.108
CID_75032,Industrial,75032,C12H10Cl2Pb,432,,0,0,0.0,C1=CC=C(C=C1)[Pb](C2=CC=CC=C2)(Cl)Cl,PubChem,,,,Structure_PubChem,432.318,2.7206,0,0,0.0,15,2,2,,,,,432.318
CID_75077,Industrial,75077,C8H8O4,168.15,2.6,2,4,66.8,COC(=O)C1=C(C=CC(=C1)O)O,PubChem,,,,Structure_PubChem,168.148,0.8844,2,4,66.76,12,1,1,,,,,168.148
CID_75083,Industrial,75083,C14H13P,212.23,3.5,0,0,0.0,C=CP(C1=CC=CC=C1)C2=CC=CC=C2,PubChem,,,,Structure_PubChem,212.232,3.2628,0,0,0.0,15,2,3,,,,,212.232
CID_75182,Industrial,75182,C13H10O3,214.22,3.9,1,3,46.5,C1=CC=C(C=C1)OC2=CC=C(C=C2)C(=O)O,PubChem,,,,Structure_PubChem,214.22,3.1771,1,2,46.53,16,2,3,,,,,214.22
CID_75231,Industrial,75231,C8H8O4,168.15,2,2,4,66.8,COC1=CC(=C(C=C1)C(=O)O)O,PubChem,,,,Structure_PubChem,168.148,1.099,2,3,66.76,12,1,2,,,,,168.148
CID_75280,Industrial,75280,C12H10OSn,288.92,,0,1,17.1,C1=CC=C(C=C1)[Sn](=O)C2=CC=CC=C2,PubChem,,,,Structure_PubChem,288.922,1.2228,0,1,17.07,14,2,2,,,,,288.922
CID_75355,Industrial,75355,C9H8,116.16,2.6,0,0,0.0,C=C=CC1=CC=CC=C1,PubChem,,,,Structure_PubChem,116.163,2.4847,0,0,0.0,9,1,1,,,,,116.163
CID_75484,Industrial,75484,C8H8O4,168.15,1.5,2,4,66.8,COC(=O)C1=C(C(=CC=C1)O)O,PubChem,,,,Structure_PubChem,168.148,0.8844,2,4,66.76,12,1,1,,,,,168.148
CID_75549,Industrial,75549,C13H10O3,214.22,3.2,1,3,46.5,C1=CC=C(C=C1)C(=O)OC2=CC=C(C=C2)O,PubChem,,,,Structure_PubChem,214.22,2.6114,1,3,46.53,16,2,2,,,,,214.22
CID_75710,Industrial,75710,C6H5FS,128.17,2.4,1,2,1.0,C1=CC(=CC(=C1)S)F,PubChem,,,,Structure_PubChem,128.171,2.1144,1,1,0.0,8,1,0,,,,,128.171
CID_75787,Industrial,75787,C8H8O4,168.15,2.5,2,4,66.8,COC1=CC(=C(C=C1)O)C(=O)O,PubChem,,,,Structure_PubChem,168.148,1.099,2,3,66.76,12,1,2,,,,,168.148
CID_75790,Industrial,75790,C6H4ClFO,146.54,2.4,1,2,20.2,C1=CC(=C(C=C1O)Cl)F,PubChem,,,,Structure_PubChem,146.548,2.1847,1,1,20.23,9,1,0,,,,,146.548
CID_75822,Industrial,75822,C12H10ClSb,311.42,,0,0,0.0,C1=CC=C(C=C1)[Sb](C2=CC=CC=C2)Cl,PubChem,,,,Structure_PubChem,311.425,2.0311,0,0,0.0,14,2,2,,,,,311.425
CID_75927,Industrial,75927,C6H4F2O,130.09,2,1,3,20.2,C1=CC(=C(C=C1O)F)F,PubChem,,,,Structure_PubChem,130.093,1.6704,1,1,20.23,9,1,0,,,,,130.093
CID_75928,Industrial,75928,C6H4F2O,130.09,1.8,1,3,20.2,C1=C(C=C(C=C1F)F)O,PubChem,,,,Structure_PubChem,130.093,1.6704,1,1,20.23,9,1,0,,,,,130.093
CID_76276,Industrial,76276,C8H5N2P,160.11,1.6,0,2,47.6,C1=CC=C(C=C1)P(C#N)C#N,PubChem,,,,Structure_PubChem,160.116,1.756,0,2,47.58,11,1,1,,,,,160.116
CID_76348,Industrial,76348,C12H8I2,406.00,5.7,0,0,0.0,C1=CC(=CC=C1C2=CC=C(C=C2)I)I,PubChem,,,,Structure_PubChem,406.004,4.5628,0,0,0.0,14,2,1,,,,,406.004
CID_76396,Industrial,76396,C3H5IO,183.98,0.6,0,1,17.1,CC(=O)CI,PubChem,,,,Structure_PubChem,183.976,1.0104,0,1,17.07,5,0,1,,,,,183.976
CID_76446,Industrial,76446,C6H8O3Si,156.21,,3,3,60.7,C1=CC=C(C=C1)[Si](O)(O)O,PubChem,,,,Structure_PubChem,156.213,-1.1906,3,3,60.69,10,1,1,,,,,156.213
CID_76560,Industrial,76560,C2H6Cl3OTi,200.29,,1,1,20.2,CCO.Cl[Ti](Cl)Cl,PubChem,,,,Structure_PubChem,200.295,2.0646,1,1,20.23,7,0,0,,,,,200.295
CID_76600,Industrial,76600,C8H8O5,184.15,1.3,3,5,87.0,COC(=O)C1=C(C=C(C=C1O)O)O,PubChem,,,,Structure_PubChem,184.147,0.59,3,5,86.99,13,1,1,,,,,184.147
CID_76613,Industrial,76613,C11H12O4,208.21,1.4,1,4,63.6,COC1=CC=C(C=C1)C(=O)CCC(=O)O,PubChem,,,,Structure_PubChem,208.213,1.7427,1,3,63.6,15,1,5,,,,,208.213
CID_76771,Industrial,76771,C6H5Na2O4P,218.05,,0,4,72.4,C1=CC=C(C=C1)OP(=O)([O-])[O-].[Na+].[Na+],PubChem,,,,Structure_PubChem,218.056,-6.0979,0,4,72.42,13,1,2,,,,,218.056
CID_76799,Industrial,76799,C7H5Cl3Hg,396.1,,0,0,0.0,C1=CC=C(C=C1)[Hg]C(Cl)(Cl)Cl,PubChem,,,,Structure_PubChem,396.066,2.7221,0,0,0.0,11,1,1,,,,,396.066
CID_76801,Industrial,76801,C7H5Br3Hg,529.42,,0,0,0.0,C1=CC=C(C=C1)[Hg]C(Br)(Br)Br,PubChem,,,,Structure_PubChem,529.419,3.1904,0,0,0.0,11,1,1,,,,,529.419
CID_76851,Industrial,76851,C10H12,132.20,3.4,0,0,0.0,CC1=CC=C(C=C1)CC=C,PubChem,,,,Structure_PubChem,132.206,2.7235,0,0,0.0,10,1,2,,,,,132.206
CID_77353,Industrial,77353,C12H14,158.24,4.9,0,0,0.0,CC(=C)C1=CC(=CC=C1)C(=C)C,PubChem,,,,Structure_PubChem,158.244,3.7528,0,0,0.0,12,1,2,,,,,158.244
CID_77553,Industrial,77553,C11H8O3,188.18,1.8,0,3,43.4,CC(=O)C1=CC2=CC=CC=C2OC1=O,PubChem,,,,Structure_PubChem,188.182,1.9956,0,3,47.28,14,2,1,,,,,188.182
CID_77674,Industrial,77674,C2H6Cl2OTi,164.84,,1,1,20.2,CCO.Cl[Ti]Cl,PubChem,,,,Structure_PubChem,164.842,1.3751,1,1,20.23,6,0,0,,,,,164.842
CID_77793,Industrial,77793,C16H12O3,252.26,3.5,0,3,35.5,COC1=CC=C(C=C1)C2=CC(=O)C3=CC=CC=C3O2,PubChem,,,,Structure_PubChem,252.269,3.4686,0,3,39.44,19,3,2,,,,,252.269
CID_77878,Industrial,77878,C6H7ClSi,142.66,,0,0,0.0,C1=CC=C(C=C1)[SiH2]Cl,PubChem,,,,Structure_PubChem,142.661,0.6345,0,0,0.0,8,1,1,,,,,142.661
CID_77885,Industrial,77885,C8H9I,232.06,3.3,0,0,0.0,CC1=CC(=C(C=C1)I)C,PubChem,,,,Structure_PubChem,232.064,2.908,0,0,0.0,9,1,0,,,,,232.064
CID_78050,Industrial,78050,C7H8Se,171.11,,0,0,0.0,C[Se]C1=CC=CC=C1,PubChem,,,,Structure_PubChem,171.101,1.0642,0,0,0.0,8,1,1,,,,,171.101
CID_78094,Industrial,78094,C10H10O4,194.18,1.6,1,4,63.6,CC1=C(C(=CC=C1)C(=O)O)OC(=O)C,PubChem,,,,Structure_PubChem,194.186,1.6185,1,3,63.6,14,1,2,,,,,194.186
CID_78126,Industrial,78126,C8H10S,138.23,2.6,1,1,1.0,C1=CC=C(C=C1)CCS,PubChem,,,,Structure_PubChem,138.235,2.1589,1,1,0.0,9,1,2,,,,,138.235
CID_78252,Industrial,78252,C8H10S,138.23,2.6,1,1,1.0,CC1=CC=C(C=C1)CS,PubChem,,,,Structure_PubChem,138.235,2.4248,1,1,0.0,9,1,1,,,,,138.235
CID_78277,Industrial,78277,C12H10As2,304.05,,0,0,0.0,C1=CC=C(C=C1)[As]=[As]C2=CC=CC=C2,PubChem,,,,Structure_PubChem,304.056,0.9608,0,0,0.0,14,2,2,,,,,304.056
CID_78631,Industrial,78631,C10H12O3,180.20,1.9,1,3,46.5,CCOC1=CC=C(C=C1)CC(=O)O,PubChem,,,,Structure_PubChem,180.203,1.7124,1,2,46.53,13,1,4,,,,,180.203
CID_78681,Industrial,78681,C5H5Na,88.08,,0,1,0.0,[CH-]1C=CC=C1.[Na+],PubChem,,,,Structure_PubChem,88.085,-1.5905,0,0,0.0,6,1,0,,,,,88.085
CID_79152,Industrial,79152,C5H5Cl3Ti,219.31,,0,1,0.0,[CH-]1C=CC=C1.Cl[Ti+](Cl)Cl,PubChem,,,,Structure_PubChem,219.321,3.4715,0,0,0.0,9,1,0,,,,,219.321
CID_79371,Industrial,79371,C21H21Sb,395.2,,0,0,0.0,CC1=CC=C(C=C1)[Sb](C2=CC=C(C=C2)C)C3=CC=C(C=C3)C,PubChem,,,,Structure_PubChem,395.159,3.1281,0,0,0.0,22,3,3,,,,,395.159
CID_79523,Industrial,79523,C9H10O4,182.17,2.4,1,4,55.8,COC1=CC(=C(C=C1)C(=O)OC)O,PubChem,,,,Structure_PubChem,182.175,1.1874,1,4,55.76,13,1,2,,,,,182.175
CID_79752,Industrial,79752,C14H14,182.26,4.3,0,0,0.0,CCC1=CC(=CC=C1)C2=CC=CC=C2,PubChem,,,,Structure_PubChem,182.266,3.916,0,0,0.0,14,2,2,,,,,182.266
CID_79786,Industrial,79786,C14H14,182.26,5.1,0,0,0.0,CCC1=CC=C(C=C1)C2=CC=CC=C2,PubChem,,,,Structure_PubChem,182.266,3.916,0,0,0.0,14,2,2,,,,,182.266
CID_79799,Industrial,79799,C7H9BO2,135.96,,2,2,40.5,B(C1=CC=C(C=C1)C)(O)O,PubChem,,,,Structure_PubChem,135.959,-0.3252,2,2,40.46,10,1,1,,,,,135.959
CID_80075,Industrial,80075,C6H9NO,111.14,,1,1,24.1,C1=CC=C(C=C1)[O-].[NH4+],PubChem,,,,Structure_PubChem,111.144,1.1364,1,1,59.56,8,1,0,,,,,111.144
CID_80196,Industrial,80196,C6H10O5,162.14,,5,5,62.7,C1=C(C=C(C=C1O)O)O.O.O,PubChem,,,,Structure_PubChem,162.141,-0.846,3,3,123.69,11,1,0,,,,,162.141
CID_80201,Industrial,80201,C11H14O4,210.23,2.7,1,4,55.8,CCOC(=O)C1=C(C=C(C=C1C)OC)O,PubChem,,,,Structure_PubChem,210.229,1.8859,1,4,55.76,15,1,3,,,,,210.229
CID_80271,Industrial,80271,C21H21P,304.4,5.7,0,0,0.0,CC1=CC=CC=C1P(C2=CC=CC=C2C)C3=CC=CC=C3C,PubChem,,,,Structure_PubChem,304.373,4.3701,0,0,0.0,22,3,3,,,,,304.373
CID_80279,Industrial,80279,C6H5F,101.13,2.3,0,1,0.0,[2H]C1=C(C(=C(C(=C1[2H])[2H])F)[2H])[2H],PubChem,,,,Structure_PubChem,101.1345,1.8257,0,0,0.0,7,1,0,,,,,101.1345
CID_80630,Industrial,80630,C14H14O,198.26,4.4,1,1,20.2,C1=CC=C(C=C1)CCC2=CC=C(C=C2)O,PubChem,,,,Structure_PubChem,198.265,3.1774,1,1,20.23,15,2,3,,,,,198.265
CID_80715,Industrial,80715,C18H20,236.4,6,0,0,0.0,CC(C)(CC(=C)C1=CC=CC=C1)C2=CC=CC=C2,PubChem,,,,Structure_PubChem,236.358,5.0677,0,0,0.0,18,2,4,,,,,236.358
CID_80757,Industrial,80757,C14H23P,222.31,4,0,0,0.0,CCCCP(CCCC)C1=CC=CC=C1,PubChem,,,,Structure_PubChem,222.312,4.394,0,0,0.0,15,1,7,,,,,222.312
CID_80793,Industrial,80793,C6H5AsI2,405.83,,0,0,0.0,C1=CC=C(C=C1)[As](I)I,PubChem,,,,Structure_PubChem,405.836,2.2518,0,0,0.0,9,1,1,,,,,405.836
CID_80879,Industrial,80879,C6H4F2O,130.09,1.8,1,3,20.2,C1=CC(=C(C(=C1)F)F)O,PubChem,,,,Structure_PubChem,130.093,1.6704,1,1,20.23,9,1,0,,,,,130.093
CID_80932,Industrial,80932,C20H28Sn,387.1,,0,0,0.0,CCCC[Sn](CCCC)(C1=CC=CC=C1)C2=CC=CC=C2,PubChem,,,,Structure_PubChem,387.155,4.8498,0,0,0.0,21,2,8,,,,,387.155
CID_81312,Industrial,81312,C7H9O3P,172.12,-0.1,2,3,57.5,C1=CC=C(C=C1)CP(=O)(O)O,PubChem,,,,Structure_PubChem,172.12,1.3643,2,1,57.53,11,1,2,,,,,172.12
CID_81784,Industrial,81784,C10H12O3,180.20,2.4,0,3,35.5,CCOC(=O)C1=CC=CC=C1OC,PubChem,,,,Structure_PubChem,180.203,1.8719,0,3,35.53,13,1,3,,,,,180.203
CID_81828,Industrial,81828,C12H18,162.27,4.4,0,0,0.0,CCC1=CC=C(C=C1)C(C)(C)C,PubChem,,,,Structure_PubChem,162.276,3.5465,0,0,0.0,12,1,1,,,,,162.276
CID_82138,Industrial,82138,C8H8Cl2Si,203.14,,0,0,0.0,C=C[Si](C1=CC=CC=C1)(Cl)Cl,PubChem,,,,Structure_PubChem,203.144,2.5386,0,0,0.0,11,1,2,,,,,203.144
CID_82139,Industrial,82139,C9H10Cl2Si,217.16,,0,0,0.0,C=CC[Si](C1=CC=CC=C1)(Cl)Cl,PubChem,,,,Structure_PubChem,217.171,2.9994,0,0,0.0,12,1,3,,,,,217.171
CID_82452,Industrial,82452,C9H12O2,152.19,1.3,2,2,40.5,C1=CC(=CC=C1CCCO)O,PubChem,,,,Structure_PubChem,152.193,1.3171,2,2,40.46,11,1,3,,,,,152.193
CID_83063,Industrial,83063,C10H10O3,178.18,1.3,0,3,43.4,CC(=O)C1=CC=C(C=C1)OC(=O)C,PubChem,,,,Structure_PubChem,178.187,1.8145,0,3,43.37,13,1,2,,,,,178.187
CID_83261,Industrial,83261,C10H16As2,286.08,,0,0,0.0,C[As](C)C1=CC=CC=C1[As](C)C,PubChem,,,,Structure_PubChem,286.082,1.6094,0,0,0.0,12,1,2,,,,,286.082
CID_84398,Industrial,84398,C13H18,174.28,4.4,0,0,0.0,CC=CC1=C(C=CC(=C1)C(C)C)C,PubChem,,,,Structure_PubChem,174.287,4.1515,0,0,0.0,13,1,2,,,,,174.287
CID_84820,Industrial,84820,C14H22,190.32,5,0,0,0.0,CCC1=CC(=CC(=C1)C(C)C)C(C)C,PubChem,,,,Structure_PubChem,190.33,4.4958,0,0,0.0,14,1,3,,,,,190.33
CID_85171,Industrial,85171,C7H7FS,142.20,2.3,1,2,1.0,C1=CC(=CC=C1CS)F,PubChem,,,,Structure_PubChem,142.198,2.2555,1,1,0.0,9,1,1,,,,,142.198
CID_86895,Industrial,86895,C15H22,202.33,5.5,0,0,0.0,CC1=CC=C(C=C1)[C@@]2(CCCC2(C)C)C,PubChem,,,,Structure_PubChem,202.341,4.4628,0,0,0.0,15,2,1,,,,,202.341
CID_87042,Industrial,87042,C9H11ClSi,182.72,,0,0,0.0,C[Si](C=C)(C1=CC=CC=C1)Cl,PubChem,,,,Structure_PubChem,182.726,2.4329,0,0,0.0,11,1,2,,,,,182.726
CID_87250,Industrial,87250,C13H10O3,214.22,3.2,1,3,46.5,C1=CC=C(C=C1)OC(=O)C2=CC=C(C=C2)O,PubChem,,,,Structure_PubChem,214.22,2.6114,1,3,46.53,16,2,2,,,,,214.22
CID_87253,Industrial,87253,C12H10O3Se2,360.1,,0,3,43.4,C1=CC=C(C=C1)[Se](=O)O[Se](=O)C2=CC=CC=C2,PubChem,,,,Structure_PubChem,360.129,0.6548,0,3,43.37,17,2,4,,,,,360.129
CID_88025,Industrial,88025,C8H8,112.20,2.9,0,0,0.0,[2H]C1=C(C(=C(C(=C1[2H])[2H])C(=C([2H])[2H])[2H])[2H])[2H],PubChem,,,,Structure_PubChem,112.2008,2.3296,0,0,0.0,8,1,1,,,,,112.2008
CID_88345,Industrial,88345,C11H16O,164.24,4,1,1,20.2,CCCCCC1=CC(=CC=C1)O,PubChem,,,,Structure_PubChem,164.248,3.1249,1,1,20.23,12,1,4,,,,,164.248
CID_88492,Industrial,88492,C12H10SSn,304.98,,0,1,32.1,C1=CC=C(C=C1)[Sn](=S)C2=CC=CC=C2,PubChem,,,,Structure_PubChem,304.99,1.9898,0,1,0.0,14,2,2,,,,,304.99
CID_89965,Industrial,89965,C6H5IO2,236.01,1.3,2,2,40.5,C1=CC(=C(C=C1O)I)O,PubChem,,,,Structure_PubChem,236.008,1.7024,2,2,40.46,9,1,0,,,,,236.008
CID_90232,Industrial,90232,C11H14O3,194.23,3.2,0,3,35.5,CCOC1=CC=C(C=C1)C(=O)OCC,PubChem,,,,Structure_PubChem,194.23,2.262,0,3,35.53,14,1,4,,,,,194.23
CID_90479,Industrial,90479,C11H16NO4PS,289.29,2.4,1,6,103.0,CC(C)OC(=O)C1=CC=CC=C1OP(=S)(N)OC,PubChem,,,,Structure_PubChem,289.293,2.4602,1,5,70.78,18,1,5,,,,,289.293
CID_90596,Industrial,90596,C9H12S,152.26,3.2,1,1,1.0,C1=CC=C(C=C1)CCCS,PubChem,,,,Structure_PubChem,152.262,2.549,1,1,0.0,10,1,3,,,,,152.262
CID_91481,Industrial,91481,C18H15Sn+,350.0,,0,0,0.0,C1=CC=C(C=C1)[Sn+](C2=CC=CC=C2)C3=CC=CC=C3,PubChem,,,,Structure_PubChem,350.029,2.2028,0,0,0.0,19,3,3,,,,,350.029
CID_92078,Industrial,92078,C10H16SeSi,243.29,,0,0,0.0,C[Si](C)(C)C[Se]C1=CC=CC=C1,PubChem,,,,Structure_PubChem,243.284,2.3118,0,0,0.0,12,1,3,,,,,243.284
CID_92125,Industrial,92125,C6H5IO,220.01,2,0,1,17.1,C1=CC=C(C=C1)I=O,PubChem,,,,Structure_PubChem,220.009,2.1724,0,1,17.07,8,1,1,,,,,220.009
CID_92139,Industrial,92139,C15H22,202.33,5.4,0,0,0.0,CC1=CC=C(C=C1)C(C)CCC=C(C)C,PubChem,,,,Structure_PubChem,202.341,4.8449,0,0,0.0,15,1,4,,,,,202.341
CID_92244,Industrial,92244,C36H28Cu2O16,843.7,,0,16,266.0,CC(=O)OC1=CC=CC=C1C(=O)[O-].CC(=O)OC1=CC=CC=C1C(=O)[O-].CC(=O)OC1=CC=CC=C1C(=O)[O-].CC(=O)OC1=CC=CC=C1C(=O)[O-].[Cu+2].[Cu+2],PubChem,,,,Structure_PubChem,843.696,-0.1034,0,16,265.72,54,4,8,,,,,843.696
CID_93029,Industrial,93029,C9H10O,134.17,2.6,1,1,20.2,CC=CC1=CC=CC=C1O,PubChem,,,,Structure_PubChem,134.178,2.4253,1,1,20.23,10,1,1,,,,,134.178
CID_93144,Industrial,93144,C10H14O,150.22,3.3,1,1,20.2,CC(C)CC1=CC=CC=C1O,PubChem,,,,Structure_PubChem,150.221,2.5907,1,1,20.23,11,1,2,,,,,150.221
CID_94097,Industrial,94097,C11H10O6,238.19,1.2,1,6,89.9,CC(=O)OC1=C(C=C(C=C1)C(=O)O)OC(=O)C,PubChem,,,,Structure_PubChem,238.195,1.2354,1,5,89.9,17,1,3,,,,,238.195
CID_94242,Industrial,94242,C9H9Cl,152.62,3.2,0,0,0.0,C1=CC=C(C=C1)C=CCCl,PubChem,,,,Structure_PubChem,152.624,2.9386,0,0,0.0,10,1,2,,,,,152.624
CID_94392,Industrial,94392,C6H4F2O,130.09,2,1,3,20.2,C1=CC(=C(C(=C1)F)O)F,PubChem,,,,Structure_PubChem,130.093,1.6704,1,1,20.23,9,1,0,,,,,130.093
CID_94525,Industrial,94525,C16H12O3,252.26,3.5,0,3,35.5,COC1=CC=CC2=C1C(=O)C=C(O2)C3=CC=CC=C3,PubChem,,,,Structure_PubChem,252.269,3.4686,0,3,39.44,19,3,2,,,,,252.269
CID_94911,Industrial,94911,C7H9AsO3,216.07,,2,3,57.5,C1=CC=C(C=C1)C[As](=O)(O)O,PubChem,,,,Structure_PubChem,216.068,0.1223,2,1,57.53,11,1,2,,,,,216.068
CID_94952,Industrial,94952,C6H4F2O,130.09,2,1,3,20.2,C1=CC(=C(C=C1F)O)F,PubChem,,,,Structure_PubChem,130.093,1.6704,1,1,20.23,9,1,0,,,,,130.093
CID_95334,Industrial,95334,C10H11N,145.20,2.5,0,1,23.8,CCC(C#N)C1=CC=CC=C1,PubChem,,,,Structure_PubChem,145.205,2.7038,0,1,23.79,11,1,2,,,,,145.205
CID_95695,Industrial,95695,C8H8O3,152.15,1.8,1,3,46.5,COC1=CC(=C(C=C1)O)C=O,PubChem,,,,Structure_PubChem,152.149,1.2133,1,3,46.53,11,1,2,,,,,152.149
CID_95955,Industrial,95955,C14H14Se2,340.2,,0,0,0.0,C1=CC=C(C=C1)C[Se][Se]CC2=CC=CC=C2,PubChem,,,,Structure_PubChem,340.186,2.7102,0,0,0.0,16,2,5,,,,,340.186
CID_96294,Industrial,96294,C11H16O,164.24,4,1,1,20.2,CC(C)CCC1=CC=C(C=C1)O,PubChem,,,,Structure_PubChem,164.248,2.9808,1,1,20.23,12,1,3,,,,,164.248
CID_96382,Industrial,96382,C9H5N,127.14,2.2,0,1,23.8,C1=CC=C(C=C1)C#CC#N,PubChem,,,,Structure_PubChem,127.146,1.5617,0,1,23.79,10,1,0,,,,,127.146
CID_96489,Industrial,96489,C8H9F,124.15,3.1,0,1,0.0,CC1=C(C(=CC=C1)F)C,PubChem,,,,Structure_PubChem,124.158,2.4425,0,0,0.0,9,1,0,,,,,124.158
CID_96580,Industrial,96580,C8H4O4,164.11,1.5,1,4,63.6,C1=CC2=C(C(=C1)O)C(=O)OC2=O,PubChem,,,,Structure_PubChem,164.116,0.7028,1,4,63.6,12,2,0,,,,,164.116
CID_97141,Industrial,97141,C16H12O4,268.26,3.4,1,4,55.8,COC1=CC=C(C=C1)C2=C(C(=O)C3=CC=CC=C3O2)O,PubChem,,,,Structure_PubChem,268.268,3.1742,1,4,59.67,20,3,2,,,,,268.268
CID_97799,Industrial,97799,C12H15N,173.25,3.6,0,1,23.8,CCCCC(C#N)C1=CC=CC=C1,PubChem,,,,Structure_PubChem,173.259,3.484,0,1,23.79,13,1,4,,,,,173.259
CID_98361,Industrial,98361,C11H16,148.24,4.5,0,0,0.0,CC(C)C(C)C1=CC=CC=C1,PubChem,,,,Structure_PubChem,148.249,3.4461,0,0,0.0,11,1,2,,,,,148.249
CID_99382,Industrial,99382,C8H5I,228.03,3.3,0,0,0.0,C1=CC=C(C=C1)C#CI,PubChem,,,,Structure_PubChem,228.032,2.4306,0,0,0.0,9,1,0,,,,,228.032
CID_99613,Industrial,99613,C16H14O7,318.28,3.6,4,7,124.0,CC1=CC(=CC(=C1C(=O)OC2=CC(=C(C(=C2)C)C(=O)O)O)O)O,PubChem,,,,Structure_PubChem,318.281,2.3376,4,6,124.29,23,2,3,,,,,318.281
CID_100657,Industrial,100657,C12H10Te2,409.4,,0,0,0.0,C1=CC=C(C=C1)[Te][Te]C2=CC=CC=C2,PubChem,,,,Structure_PubChem,409.412,0.9608,0,0,0.0,14,2,3,,,,,409.412
CID_100768,Industrial,100768,C13H14O3,218.25,2.7,1,3,46.5,CC(=O)C1=C(C=C2C(=C1)C=CC(O2)(C)C)O,PubChem,,,,Structure_PubChem,218.252,2.779,1,3,46.53,16,2,1,,,,,218.252
CID_101236,Industrial,101236,C18H14,230.3,5.4,0,0,0.0,C1=CC=C(C=C1)C(=C2C=CC=C2)C3=CC=CC=C3,PubChem,,,,Structure_PubChem,230.31,4.6145,0,0,0.0,18,3,2,,,,,230.31
CID_101330,Industrial,101330,C13H16O3,220.26,4.2,1,3,46.5,C1CCC(CC1)OC(=O)C2=CC=CC=C2O,PubChem,,,,Structure_PubChem,220.268,2.8817,1,3,46.53,16,2,2,,,,,220.268
CID_101450,Industrial,101450,C8H7NSe,196.12,,0,1,23.8,C1=CC=C(C=C1)C[Se]C#N,PubChem,,,,Structure_PubChem,196.111,1.3719,0,1,23.79,10,1,2,,,,,196.111
CID_101757,Industrial,101757,C7H7ClHg,327.17,,0,0,0.0,CC1=CC=C(C=C1)[Hg]Cl,PubChem,,,,Structure_PubChem,327.176,1.8566,0,0,0.0,9,1,1,,,,,327.176
CID_101840,Industrial,101840,C6H5IO2,236.01,1.5,0,2,34.1,C1=CC=C(C=C1)I(=O)=O,PubChem,,,,Structure_PubChem,236.008,2.0536,0,2,34.14,9,1,1,,,,,236.008
CID_101872,Industrial,101872,C11H14,146.23,3.9,0,0,0.0,CCCC=CC1=CC=CC=C1,PubChem,,,,Structure_PubChem,146.233,3.4999,0,0,0.0,11,1,3,,,,,146.233
CID_101983,Industrial,101983,C7H8,95.16,2.7,0,0,0.0,[2H]C([2H])([2H])C1=CC=CC=C1,PubChem,,,,Structure_PubChem,95.1593,1.995,0,0,0.0,7,1,0,,,,,95.1593
CID_102138,Industrial,102138,C2H6O,52.11,-0.1,1,1,20.2,[2H]C([2H])([2H])C([2H])([2H])O[2H],PubChem,,,,Structure_PubChem,52.1056,-0.0014,1,1,20.23,3,0,1,,,,,52.1056
CID_102228,Industrial,102228,C12H10I2,408.02,,0,1,0.0,C1=CC=C(C=C1)[I+]C2=CC=CC=C2.[I-],PubChem,,,,Structure_PubChem,408.02,-3.181,0,0,0.0,14,2,2,,,,,408.02
CID_102363,Industrial,102363,C12H20IP,322.16,,0,1,0.0,CC[P+](CC)(CC)C1=CC=CC=C1.[I-],PubChem,,,,Structure_PubChem,322.17,0.3932,0,0,0.0,14,1,4,,,,,322.17
CID_110629,Industrial,110629,C10H12O,148.20,3.5,1,1,20.2,CC(=C)CC1=CC=C(C=C1)O,PubChem,,,,Structure_PubChem,148.205,2.5108,1,1,20.23,11,1,2,,,,,148.205
CID_117640,Industrial,117640,C11H14O3,194.23,2.4,1,3,46.5,CC(C)(C)OC(=O)C1=CC=C(C=C1)O,PubChem,,,,Structure_PubChem,194.23,2.3475,1,3,46.53,14,1,1,,,,,194.23
CID_117702,Industrial,117702,C13H14O4,234.25,,3,4,77.8,C=O.C1=CC=C(C=C1)O.C1=CC(=CC(=C1)O)O,PubChem,,,,Structure_PubChem,234.251,2.3051,3,4,77.76,17,2,0,,,,,234.251
CID_119032,Industrial,119032,C16H13NO7,331.28,2.9,0,7,108.0,CC(=O)OC1=CC=CC=C1C(=O)OC2=CC=CC(=C2)CO[N+](=O)[O-],PubChem,,,,Structure_PubChem,331.28,2.5394,0,7,104.97,24,2,6,,,,,331.28
CID_119757,Industrial,119757,C15H24O,220.35,5.9,1,1,20.2,CC(C)CCCCCCC1=CC=CC=C1O,PubChem,,,,Structure_PubChem,220.356,4.5412,1,1,20.23,16,1,7,,,,,220.356
CID_120337,Industrial,120337,C8H10AsCl,216.54,,0,0,0.0,CC[As](C1=CC=CC=C1)Cl,PubChem,,,,Structure_PubChem,216.543,2.1438,0,0,0.0,10,1,2,,,,,216.543
CID_120463,Industrial,120463,C10H6,126.15,2.4,0,0,0.0,C#CC1=CC=C(C=C1)C#C,PubChem,,,,Structure_PubChem,126.158,1.6492,0,0,0.0,10,1,0,,,,,126.158
CID_122842,Industrial,122842,C14H14S3,278.5,4.3,0,3,75.9,C1=CC=C(C=C1)CSSSCC2=CC=CC=C2,PubChem,,,,Structure_PubChem,278.467,5.4164,0,3,0.0,17,2,6,,,,,278.467
CID_123046,Industrial,123046,C5H5P,96.07,-0.3,0,0,0.0,C1=CC=PC=C1,PubChem,,,,Structure_PubChem,96.069,2.2667,0,0,0.0,6,1,0,,,,,96.069
CID_123051,Industrial,123051,C6H4F2O,130.09,2,1,3,20.2,C1=CC(=C(C=C1F)F)O,PubChem,,,,Structure_PubChem,130.093,1.6704,1,1,20.23,9,1,0,,,,,130.093
CID_123088,Industrial,123088,C10H12,132.20,3.6,0,0,0.0,CCC=CC1=CC=CC=C1,PubChem,,,,Structure_PubChem,132.206,3.1098,0,0,0.0,10,1,2,,,,,132.206
CID_123093,Industrial,123093,C2H6O,47.07,-0.1,1,1,20.2,[2H]OCC,PubChem,,,,Structure_PubChem,47.0751,-0.0014,1,1,20.23,3,0,1,,,,,47.0751
CID_123095,Industrial,123095,C9H14Sn,240.92,,0,0,0.0,C[Sn](C)(C)C1=CC=CC=C1,PubChem,,,,Structure_PubChem,240.922,2.2318,0,0,0.0,10,1,1,,,,,240.922
CID_123097,Industrial,123097,C6H6,79.12,2.1,0,0,0.0,[2H]C1=CC=CC=C1,PubChem,,,,Structure_PubChem,79.1201,1.6866,0,0,0.0,6,1,0,,,,,79.1201
CID_123113,Industrial,123113,CH4O,33.048,-0.5,1,1,20.2,[2H]OC,PubChem,,,,Structure_PubChem,33.0481,-0.3915,1,1,20.23,2,0,0,,,,,33.0481
CID_123132,Industrial,123132,CH4O,35.060,-0.5,1,1,20.2,[2H]C([2H])([2H])O,PubChem,,,,Structure_PubChem,35.0603,-0.3915,1,1,20.23,2,0,0,,,,,35.0603
CID_123153,Industrial,123153,C6H3F3O,148.08,1.9,1,4,20.2,C1=C(C(=CC(=C1F)F)F)O,PubChem,,,,Structure_PubChem,148.083,1.8095,1,1,20.23,10,1,0,,,,,148.083
CID_123157,Industrial,123157,C2H5O,45.06,-0.1,1,1,20.2,C[CH]O,PubChem,,,,Structure_PubChem,45.061,0.5406,1,1,20.23,3,0,0,,,,,45.061
CID_123174,Industrial,123174,C6H3F3O,148.08,1.9,1,4,20.2,C1=CC(=C(C(=C1O)F)F)F,PubChem,,,,Structure_PubChem,148.083,1.8095,1,1,20.23,10,1,0,,,,,148.083
CID_123212,Industrial,123212,C10H14O,150.22,3.4,1,1,20.2,CC(C)CC1=CC=C(C=C1)O,PubChem,,,,Structure_PubChem,150.221,2.5907,1,1,20.23,11,1,2,,,,,150.221
CID_123295,Industrial,123295,C6H6O,100.15,1.5,1,1,20.2,[2H]C1=C(C(=C(C(=C1[2H])[2H])O[2H])[2H])[2H],PubChem,,,,Structure_PubChem,100.1496,1.3922,1,1,20.23,7,1,1,,,,,100.1496
CID_123446,Industrial,123446,C6H5BrSe,235.98,,0,0,0.0,C1=CC=C(C=C1)[Se]Br,PubChem,,,,Structure_PubChem,235.97,1.326,0,0,0.0,8,1,1,,,,,235.97
CID_129564,Industrial,129564,C12H11PS2,250.3,4.7,1,2,33.1,C1=CC=C(C=C1)P(=S)(C2=CC=CC=C2)S,PubChem,,,,Structure_PubChem,250.328,2.9617,1,1,0.0,15,2,2,,,,,250.328
CID_130447,Industrial,130447,C8H10O2Se,217.13,,0,2,34.1,CC[Se](=O)(=O)C1=CC=CC=C1,PubChem,,,,Structure_PubChem,217.126,1.2167,0,2,34.14,11,1,2,,,,,217.126
CID_134526,Industrial,134526,CH4O,34.035,-0.5,1,1,20.2,[14CH3]O,PubChem,,,,Structure_PubChem,34.0342,-0.3915,1,1,20.23,2,0,0,,,,,34.0342
CID_135269,Industrial,135269,C12H14O4,222.24,2.6,1,4,63.6,CCCCC(=O)OC1=CC=CC=C1C(=O)O,PubChem,,,,Structure_PubChem,222.24,2.4804,1,3,63.6,16,1,5,,,,,222.24
CID_135442,Industrial,135442,C8H8O,120.15,2.3,1,1,20.2,C=CC1=CC=CC=C1O,PubChem,,,,Structure_PubChem,120.151,2.0352,1,1,20.23,9,1,1,,,,,120.151
CID_136132,Industrial,136132,C5H5As,140.01,,0,0,0.0,C1=CC=[As]C=C1,PubChem,,,,Structure_PubChem,140.017,0.5763,0,0,0.0,6,1,0,,,,,140.017
CID_136295,Industrial,136295,C7H7FO,126.13,1.4,1,2,20.2,CC1=C(C=CC(=C1)F)O,PubChem,,,,Structure_PubChem,126.13,1.8397,1,1,20.23,9,1,0,,,,,126.13
CID_136374,Industrial,136374,C9H11Br,199.09,4.2,0,0,0.0,CCCC1=CC=C(C=C1)Br,PubChem,,,,Structure_PubChem,199.091,3.4016,0,0,0.0,10,1,2,,,,,199.091
CID_136678,Industrial,136678,C6H5BCl2,158.82,,0,0,0.0,B(C1=CC=CC=C1)(Cl)Cl,PubChem,,,,Structure_PubChem,158.824,1.8594,0,0,0.0,9,1,1,,,,,158.824
CID_136810,Industrial,136810,C14H22,190.32,5.8,0,0,0.0,CC(C)(C)C1=CC(=CC=C1)C(C)(C)C,PubChem,,,,Structure_PubChem,190.33,4.2816,0,0,0.0,14,1,0,,,,,190.33
CID_136851,Industrial,136851,C12H10BrP,265.08,4,0,0,0.0,C1=CC=C(C=C1)P(C2=CC=CC=C2)Br,PubChem,,,,Structure_PubChem,265.09,3.4292,0,0,0.0,14,2,2,,,,,265.09
CID_136902,Industrial,136902,C10H14Si,162.30,,0,0,0.0,C[Si](C)(C=C)C1=CC=CC=C1,PubChem,,,,Structure_PubChem,162.308,2.3272,0,0,0.0,11,1,2,,,,,162.308
CID_137030,Industrial,137030,C12H10,164.27,4,0,0,0.0,[2H]C1=C(C(=C(C(=C1[2H])[2H])C2=C(C(=C(C(=C2[2H])[2H])[2H])[2H])[2H])[2H])[2H],PubChem,,,,Structure_PubChem,164.273,3.3536,0,0,0.0,12,2,1,,,,,164.273
CID_137121,Industrial,137121,C9H14Ge,194.84,,0,0,0.0,C[Ge](C)(C)C1=CC=CC=C1,PubChem,,,,Structure_PubChem,194.821,2.2318,0,0,0.0,10,1,1,,,,,194.821
CID_137238,Industrial,137238,C2H6O,48.08,-0.1,1,1,20.2,[2H]C([2H])(C)O,PubChem,,,,Structure_PubChem,48.0812,-0.0014,1,1,20.23,3,0,0,,,,,48.0812
CID_137435,Industrial,137435,C7H7ClHg,327.17,,0,0,0.0,C1=CC=C(C=C1)C[Hg]Cl,PubChem,,,,Structure_PubChem,327.176,2.4229,0,0,0.0,9,1,2,,,,,327.176
CID_137519,Industrial,137519,C6H3F2I,239.99,2.8,0,2,0.0,C1=CC(=C(C=C1F)F)I,PubChem,,,,Structure_PubChem,239.99,2.5694,0,0,0.0,9,1,0,,,,,239.99
CID_137524,Industrial,137524,C10H10,130.19,3.9,0,0,0.0,C=CC(=C)C1=CC=CC=C1,PubChem,,,,Structure_PubChem,130.19,2.8858,0,0,0.0,10,1,2,,,,,130.19
CID_137545,Industrial,137545,C10H10,130.19,2.5,0,0,0.0,CC=C=CC1=CC=CC=C1,PubChem,,,,Structure_PubChem,130.19,2.8748,0,0,0.0,10,1,1,,,,,130.19
CID_137580,Industrial,137580,C7H7O,107.13,2.1,0,1,9.2,COC1=CC=[C]C=C1,PubChem,,,,Structure_PubChem,107.132,1.4954,0,1,9.23,8,1,1,,,,,107.132
CID_137699,Industrial,137699,C15H15P,226.25,3.7,0,0,0.0,C=CCP(C1=CC=CC=C1)C2=CC=CC=C2,PubChem,,,,Structure_PubChem,226.259,3.3053,0,0,0.0,16,2,4,,,,,226.259
CID_138415,Industrial,138415,C8H6O,118.13,1.8,1,1,20.2,C#CC1=CC=CC=C1O,PubChem,,,,Structure_PubChem,118.135,1.3735,1,1,20.23,9,1,0,,,,,118.135
CID_138500,Industrial,138500,C10H12O3,180.20,3.1,1,3,46.5,CCCOC1=CC=C(C=C1)C(=O)O,PubChem,,,,Structure_PubChem,180.203,2.1736,1,2,46.53,13,1,4,,,,,180.203
CID_138852,Industrial,138852,CH4O,35.060,-0.5,1,1,20.2,[2H]C([2H])O[2H],PubChem,,,,Structure_PubChem,35.0603,-0.3915,1,1,20.23,2,0,0,,,,,35.0603
CID_139144,Industrial,139144,C8H6O,118.13,1.8,1,1,20.2,C#CC1=CC(=CC=C1)O,PubChem,,,,Structure_PubChem,118.135,1.3735,1,1,20.23,9,1,0,,,,,118.135
CID_139982,Industrial,139982,C3H5O,57.07,0.6,0,1,17.1,CC[C]=O,PubChem,,,,Structure_PubChem,57.072,0.5061,0,1,17.07,4,0,1,,,,,57.072
CID_141850,Industrial,141850,C8H10S,138.23,2.4,1,1,1.0,CC(C1=CC=CC=C1)S,PubChem,,,,Structure_PubChem,138.235,2.6774,1,1,0.0,9,1,1,,,,,138.235
CID_143713,Industrial,143713,C7H7IO,234.03,2.6,1,1,20.2,CC1=C(C=CC(=C1)I)O,PubChem,,,,Structure_PubChem,234.036,2.3052,1,1,20.23,9,1,0,,,,,234.036
CID_144783,Industrial,144783,C7H5P,120.09,1.4,0,0,0.0,C1=CC=C(C=C1)C#P,PubChem,,,,Structure_PubChem,120.091,2.4044,0,0,0.0,8,1,0,,,,,120.091
CID_146492,Industrial,146492,C16H12O3,252.26,3.5,0,3,35.5,COC1=CC=CC=C1C2=CC(=O)C3=CC=CC=C3O2,PubChem,,,,Structure_PubChem,252.269,3.4686,0,3,39.44,19,3,2,,,,,252.269
CID_151254,Industrial,151254,C6H6BIO2,247.83,,2,2,40.5,B(C1=CC=C(C=C1)I)(O)O,PubChem,,,,Structure_PubChem,247.828,-0.029,2,2,40.46,10,1,1,,,,,247.828
CID_152256,Industrial,152256,C6H3I3O2,487.80,3.2,2,2,40.5,C1=C(C(=C(C(=C1I)O)I)O)I,PubChem,,,,Structure_PubChem,487.8,2.9116,2,2,40.46,11,1,0,,,,,487.8
CID_152926,Industrial,152926,C7H7BF4,177.94,,0,5,0.0,[B-](F)(F)(F)F.C1=CC=C[CH+]C=C1,PubChem,,,,Structure_PubChem,177.937,3.2677,0,0,0.0,12,1,0,,,,,177.937
CID_154871,Industrial,154871,C13H14O5,250.25,1,0,5,69.7,CC(=O)C1=CC(=C(C=C1)OC(=O)C)COC(=O)C,PubChem,,,,Structure_PubChem,250.25,1.8776,0,5,69.67,18,1,4,,,,,250.25
CID_154994,Industrial,154994,C2H6O,48.061,-0.1,1,1,20.2,C[14CH2]O,PubChem,,,,Structure_PubChem,48.0612,-0.0014,1,1,20.23,3,0,0,,,,,48.0612
CID_156703,Industrial,156703,C14H12O,196.24,3.9,1,1,20.2,C1=CC=C(C=C1)C=CC2=CC(=CC=C2)O,PubChem,,,,Structure_PubChem,196.249,3.5626,1,1,20.23,15,2,2,,,,,196.249
CID_157032,Industrial,157032,C13H9FO3,232.21,3.1,1,4,46.5,C1=CC=C(C=C1)OC2=C(C=CC(=C2)C(=O)O)F,PubChem,,,,Structure_PubChem,232.21,3.3162,1,2,46.53,17,2,3,,,,,232.21
CID_159316,Industrial,159316,C6H6Cl4S2,284.1,,0,2,50.6,C1=CC=CC=C1.S(SCl)Cl.ClCl,PubChem,,,,Structure_PubChem,284.06,5.741,0,2,0.0,12,1,1,,,,,284.06
CID_160458,Industrial,160458,C6H5FO2,128.10,1.9,2,3,40.5,C1=CC(=C(C=C1F)O)O,PubChem,,,,Structure_PubChem,128.102,1.2369,2,2,40.46,9,1,0,,,,,128.102
CID_161220,Industrial,161220,C6H6O5S,190.18,0.6,2,5,92.2,C1=CC(=CC=C1O)OS(=O)(=O)O,PubChem,,,,Structure_PubChem,190.176,0.5738,2,4,83.83,12,1,2,,,,,190.176
CID_161860,Industrial,161860,C15H10O3,238.24,3.2,1,3,46.5,C1=CC=C(C(=C1)C2=CC(=O)C3=CC=CC=C3O2)O,PubChem,,,,Structure_PubChem,238.242,3.1656,1,3,50.44,18,3,1,,,,,238.242
CID_162626,Industrial,162626,C12H16O3,208.25,4.3,1,3,46.5,CCC(C)COC(=O)C1=CC=CC=C1O,PubChem,,,,Structure_PubChem,208.257,2.5951,1,3,46.53,15,1,4,,,,,208.257
CID_164578,Industrial,164578,C8H5F3O3,206.12,3.5,2,6,57.5,C1=CC(=C(C=C1C(F)(F)F)O)C(=O)O,PubChem,,,,Structure_PubChem,206.119,2.1092,2,2,57.53,14,1,1,,,,,206.119
CID_164736,Industrial,164736,C6H5HgI,404.60,,0,0,0.0,C1=CC=C(C=C1)[Hg]I,PubChem,,,,Structure_PubChem,404.6,1.7444,0,0,0.0,8,1,1,,,,,404.6
CID_164927,Industrial,164927,C2H5ClHgO,281.10,,1,1,20.2,C(C[Hg]Cl)O,PubChem,,,,Structure_PubChem,281.104,0.6333,1,1,20.23,5,0,2,,,,,281.104
CID_168643,Industrial,168643,C14H22O,206.32,5.1,1,1,20.2,CC(C)CCCCCC1=CC=C(C=C1)O,PubChem,,,,Structure_PubChem,206.329,4.1511,1,1,20.23,15,1,6,,,,,206.329
CID_169069,Industrial,169069,C7H7F6P,236.09,,0,7,0.0,C1=CC=C[CH+]C=C1.F[P-](F)(F)(F)(F)F,PubChem,,,,Structure_PubChem,236.095,5.3501,0,0,0.0,14,1,0,,,,,236.095
CID_171144,Industrial,171144,C18H30O,262.4,7.8,1,1,20.2,CCCCCCCCCCCCC1=CC=CC=C1O,PubChem,,,,Structure_PubChem,262.437,5.8556,1,1,20.23,19,1,11,,,,,262.437
CID_171610,Industrial,171610,C3H5O+,57.07,0.6,0,1,17.1,CC[C+]=O,PubChem,,,,Structure_PubChem,57.072,0.5061,0,1,17.07,4,0,1,,,,,57.072
CID_175673,Industrial,175673,C6H8O3,128.13,,3,3,60.7,C1=CC=C(C=C1)O.OO,PubChem,,,,Structure_PubChem,128.127,1.4096,3,3,60.69,9,1,0,,,,,128.127
CID_175684,Industrial,175684,C11H18O3,198.26,,2,3,57.5,CCCCO.C=O.C1=CC=C(C=C1)O,PubChem,,,,Structure_PubChem,198.262,1.9861,2,3,57.53,14,1,2,,,,,198.262
CID_176925,Industrial,176925,C15H12O3,240.25,2.5,1,3,46.5,C1C(OC2=CC=CC=C2C1=O)C3=CC=CC=C3O,PubChem,,,,Structure_PubChem,240.258,3.0987,1,3,46.53,18,3,1,,,,,240.258
CID_181620,Industrial,181620,C10H6O4,190.15,1.8,1,4,63.6,C1=CC=C2C(=C1)C(=O)C(=CO2)C(=O)O,PubChem,,,,Structure_PubChem,190.154,1.4912,1,3,67.51,14,2,1,,,,,190.154
CID_181975,Industrial,181975,C6H4ClFO,146.54,2.5,1,2,20.2,C1=CC(=C(C=C1Cl)F)O,PubChem,,,,Structure_PubChem,146.548,2.1847,1,1,20.23,9,1,0,,,,,146.548
CID_182362,Industrial,182362,C15H10O4,254.24,3.3,2,4,66.8,C1=CC(=CC=C1C2=CC(=O)C3=C(O2)C=CC(=C3)O)O,PubChem,,,,Structure_PubChem,254.241,2.8712,2,4,70.67,19,3,1,,,,,254.241
CID_182387,Industrial,182387,C7H7FO,126.13,1.8,1,2,20.2,CC1=CC(=C(C=C1)F)O,PubChem,,,,Structure_PubChem,126.13,1.8397,1,1,20.23,9,1,0,,,,,126.13
CID_185712,Industrial,185712,C10H14ClP,200.64,3.3,0,0,0.0,CC(C)(C)P(C1=CC=CC=C1)Cl,PubChem,,,,Structure_PubChem,200.649,3.7461,0,0,0.0,12,1,1,,,,,200.649
CID_196193,Industrial,196193,C5H14OSb+,211.92,,1,1,20.2,C[Sb+](C)(C)CCO,PubChem,,,,Structure_PubChem,211.926,1.3169,1,1,20.23,7,0,2,,,,,211.926
CID_197817,Industrial,197817,C12H10Br2Sn,432.72,,0,0,0.0,C1=CC=C(C=C1)[Sn](C2=CC=CC=C2)(Br)Br,PubChem,,,,Structure_PubChem,432.731,3.0328,0,0,0.0,15,2,2,,,,,432.731
CID_197904,Industrial,197904,C12H12CrI-,335.12,,0,1,0.0,C1=CC=CC=C1.C1=CC=CC=C1.[Cr].[I-],PubChem,,,,Structure_PubChem,335.128,0.3747,0,0,0.0,14,2,0,,,,,335.128
CID_200231,Industrial,200231,C19H34ClP,328.9,,0,1,0.0,CCCC[P+](CCCC)(CCCC)CC1=CC=CC=C1.[Cl-],PubChem,,,,Structure_PubChem,328.908,3.6085,0,0,0.0,21,1,11,,,,,328.908
CID_200241,Industrial,200241,C14H22O,206.32,5.4,1,1,20.2,CCCCC(CC)CC1=CC=CC=C1O,PubChem,,,,Structure_PubChem,206.329,4.1511,1,1,20.23,15,1,6,,,,,206.329
CID_201887,Industrial,201887,C10H12O3,180.20,3.6,2,3,57.5,CC(C)C1=C(C(=CC=C1)C(=O)O)O,PubChem,,,,Structure_PubChem,180.203,2.2138,2,2,57.53,13,1,2,,,,,180.203
CID_203113,Industrial,203113,C7H9AsO2,200.07,,1,2,37.3,C[As](=O)(C1=CC=CC=C1)O,PubChem,,,,Structure_PubChem,200.069,0.3884,1,1,37.3,10,1,1,,,,,200.069
CID_207421,Industrial,207421,C15H20BrP,311.20,,0,1,0.0,C=CC[P+](CC=C)(CC=C)C1=CC=CC=C1.[Br-],PubChem,,,,Structure_PubChem,311.203,0.8915,0,0,0.0,17,1,7,,,,,311.203
CID_214691,Industrial,214691,C6H7O4P,174.09,-0.4,3,4,77.8,C1=CC(=CC(=C1)P(=O)(O)O)O,PubChem,,,,Structure_PubChem,174.092,0.1952,3,2,77.76,11,1,1,,,,,174.092
CID_214694,Industrial,214694,C6H7O4P,174.09,0.2,3,4,77.8,C1=CC(=CC=C1O)P(=O)(O)O,PubChem,,,,Structure_PubChem,174.092,0.1952,3,2,77.76,11,1,1,,,,,174.092
CID_220327,Industrial,220327,C7H5NOS,151.19,2.1,1,3,69.3,C1=CC(=CC=C1O)SC#N,PubChem,,,,Structure_PubChem,151.19,1.9654,1,3,44.02,10,1,1,,,,,151.19
CID_221644,Industrial,221644,C11H14O3,194.23,3.1,0,3,35.5,CCOC1=CC=CC=C1C(=O)OCC,PubChem,,,,Structure_PubChem,194.23,2.262,0,3,35.53,14,1,4,,,,,194.23
CID_221736,Industrial,221736,C10H12O,148.20,3.1,1,1,20.2,C/C=C/CC1=CC=C(C=C1)O,PubChem,,,,Structure_PubChem,148.205,2.5108,1,1,20.23,11,1,2,,,,,148.205
CID_223084,Industrial,223084,C6H3F2I,239.99,2.8,0,2,0.0,C1=CC(=C(C=C1F)I)F,PubChem,,,,Structure_PubChem,239.99,2.5694,0,0,0.0,9,1,0,,,,,239.99
CID_223106,Industrial,223106,C8H4F6,214.11,3.8,0,6,0.0,C1=CC(=CC(=C1)C(F)(F)F)C(F)(F)F,PubChem,,,,Structure_PubChem,214.108,3.7242,0,0,0.0,14,1,0,,,,,214.108
CID_223335,Industrial,223335,C6H7AsO5,234.04,,4,5,98.0,C1=CC(=C(C=C1O)O)[As](=O)(O)O,PubChem,,,,Structure_PubChem,234.039,-1.3412,4,3,97.99,12,1,1,,,,,234.039
CID_229015,Industrial,229015,C15H10O3,238.24,3.2,1,3,46.5,C1=CC=C2C(=C1)C(=O)C=C(O2)C3=CC(=CC=C3)O,PubChem,,,,Structure_PubChem,238.242,3.1656,1,3,50.44,18,3,1,,,,,238.242
CID_229016,Industrial,229016,C15H10O3,238.24,3.2,1,3,46.5,C1=CC=C2C(=C1)C(=O)C=C(O2)C3=CC=C(C=C3)O,PubChem,,,,Structure_PubChem,238.242,3.1656,1,3,50.44,18,3,1,,,,,238.242
CID_230477,Industrial,230477,C6H8B2O4,165.75,,4,4,80.9,B(C1=CC(=CC=C1)B(O)O)(O)O,PubChem,,,,Structure_PubChem,165.75,-2.9538,4,4,80.92,12,1,2,,,,,165.75
CID_230478,Industrial,230478,C6H8B2O4,165.75,,4,4,80.9,B(C1=CC=C(C=C1)B(O)O)(O)O,PubChem,,,,Structure_PubChem,165.75,-2.9538,4,4,80.92,12,1,2,,,,,165.75
CID_231496,Industrial,231496,C8H9Cl,140.61,3,0,0,0.0,C1=CC=C(C=C1)CCCl,PubChem,,,,Structure_PubChem,140.613,2.4679,0,0,0.0,9,1,2,,,,,140.613
CID_234138,Industrial,234138,C10H11OP,178.17,1.2,0,1,17.1,C1C=CCP1(=O)C2=CC=CC=C2,PubChem,,,,Structure_PubChem,178.171,2.2448,0,1,17.07,12,2,1,,,,,178.171
CID_237671,Industrial,237671,C12H11AsO3,278.13,,2,3,57.5,C1=CC=C(C=C1)[As](=O)(C2=CC=C(C=C2)O)O,PubChem,,,,Structure_PubChem,278.139,0.3714,2,2,57.53,16,2,2,,,,,278.139
CID_237672,Industrial,237672,C12H11AsO4,294.13,,3,4,77.8,C1=CC=C(C(=C1)O)[As](=O)(C2=CC=C(C=C2)O)O,PubChem,,,,Structure_PubChem,294.138,0.077,3,3,77.76,17,2,2,,,,,294.138
CID_238189,Industrial,238189,C6H7AsO4,218.04,,3,4,77.8,C1=CC=C(C(=C1)O)[As](=O)(O)O,PubChem,,,,Structure_PubChem,218.04,-1.0468,3,2,77.76,11,1,1,,,,,218.04
CID_239746,Industrial,239746,C12H10O2S2,250.3,3.7,2,4,91.1,C1=CC=C(C(=C1)O)SSC2=CC=CC=C2O,PubChem,,,,Structure_PubChem,250.344,3.8972,2,4,40.46,16,2,3,,,,,250.344
CID_240147,Industrial,240147,C6H6OS,126.18,1.1,2,2,21.2,C1=CC(=CC=C1O)S,PubChem,,,,Structure_PubChem,126.18,1.6809,2,2,20.23,8,1,0,,,,,126.18
CID_245696,Industrial,245696,C8H9IO,248.06,3.4,1,1,20.2,C1=CC(=CC=C1CCI)O,PubChem,,,,Structure_PubChem,248.063,2.3697,1,1,20.23,10,1,2,,,,,248.063
CID_252324,Industrial,252324,C9H10,118.18,3.2,0,0,0.0,C/C=C\C1=CC=CC=C1,PubChem,,,,Structure_PubChem,118.179,2.7197,0,0,0.0,9,1,1,,,,,118.179
CID_252325,Industrial,252325,C9H10,118.18,3.2,0,0,0.0,C/C=C/C1=CC=CC=C1,PubChem,,,,Structure_PubChem,118.179,2.7197,0,0,0.0,9,1,1,,,,,118.179
CID_258550,Industrial,258550,C11H14,146.23,4.1,0,0,0.0,CC1=C(C=C(C=C1)C(=C)C)C,PubChem,,,,Structure_PubChem,146.233,3.3365,0,0,0.0,11,1,1,,,,,146.233
CID_259632,Industrial,259632,C15H14O4,258.27,3.2,2,4,66.8,COC1=CC=C(C=C1)CC(=O)C2=C(C=C(C=C2)O)O,PubChem,,,,Structure_PubChem,258.273,2.5318,2,4,66.76,19,2,4,,,,,258.273
CID_262887,Industrial,262887,C12H20Si,192.37,,0,0,0.0,CC[Si](CC)(CC)C1=CC=CC=C1,PubChem,,,,Structure_PubChem,192.378,3.4021,0,0,0.0,13,1,4,,,,,192.378
CID_265699,Industrial,265699,C17H14O5,298.29,3.3,1,5,65.0,COC1=CC=C(C=C1)C2=C(C(=O)C3=C(O2)C=C(C=C3)OC)O,PubChem,,,,Structure_PubChem,298.294,3.1828,1,5,68.9,22,3,3,,,,,298.294
CID_268208,Industrial,268208,C18H14O4,294.3,3.2,0,4,52.6,CC1=C(C(=O)C2=C(O1)C=C(C=C2)OC(=O)C)C3=CC=CC=C3,PubChem,,,,Structure_PubChem,294.306,3.6937,0,4,56.51,22,3,2,,,,,294.306
CID_274386,Industrial,274386,C16H18,210.31,4.3,0,0,0.0,CC(C)C(C1=CC=CC=C1)C2=CC=CC=C2,PubChem,,,,Structure_PubChem,210.32,4.4745,0,0,0.0,16,2,3,,,,,210.32
CID_280665,Industrial,280665,C12H10O2S2,250.3,3.7,2,4,91.1,C1=CC(=CC=C1O)SSC2=CC=C(C=C2)O,PubChem,,,,Structure_PubChem,250.344,3.8972,2,4,40.46,16,2,3,,,,,250.344
CID_283502,Industrial,283502,C7H7Cl2OP,209.01,2.4,0,1,17.1,C1=CC=C(C=C1)P(=O)(CCl)Cl,PubChem,,,,Structure_PubChem,209.012,3.0251,0,1,17.07,11,1,2,,,,,209.012
CID_285645,Industrial,285645,C6H6BFO2,139.92,,2,3,40.5,B(C1=CC=C(C=C1)F)(O)O,PubChem,,,,Structure_PubChem,139.922,-0.4945,2,2,40.46,10,1,1,,,,,139.922
CID_288571,Industrial,288571,C6H5Cl2I,274.91,4.2,0,0,0.0,C1=CC=C(C=C1)I(Cl)Cl,PubChem,,,,Structure_PubChem,274.916,3.6702,0,0,0.0,9,1,1,,,,,274.916
CID_292336,Industrial,292336,C6H5Cl2OPS,227.05,4.5,0,2,41.3,C1=CC=C(C=C1)OP(=S)(Cl)Cl,PubChem,,,,Structure_PubChem,227.052,3.7675,0,2,9.23,11,1,2,,,,,227.052
CID_292611,Industrial,292611,C12H19P,194.25,3.3,0,0,0.0,CCCP(CCC)C1=CC=CC=C1,PubChem,,,,Structure_PubChem,194.258,3.6138,0,0,0.0,13,1,5,,,,,194.258
CID_299579,Industrial,299579,C6H7O3Sb,248.88,,2,3,57.5,C1=CC=C(C=C1)[Sb](=O)(O)O,PubChem,,,,Structure_PubChem,248.879,-0.7524,2,1,57.53,10,1,1,,,,,248.879
CID_301276,Industrial,301276,C7H9O4P,188.12,0.7,1,4,55.8,COP(=O)(O)OC1=CC=CC=C1,PubChem,,,,Structure_PubChem,188.119,1.8122,1,3,55.76,12,1,3,,,,,188.119
CID_301718,Industrial,301718,C21H21Sb,395.2,,0,0,0.0,CC1=CC=CC=C1[Sb](C2=CC=CC=C2C)C3=CC=CC=C3C,PubChem,,,,Structure_PubChem,395.159,3.1281,0,0,0.0,22,3,3,,,,,395.159
CID_302628,Industrial,302628,C7H7FO,126.13,2,1,2,20.2,CC1=C(C=CC=C1F)O,PubChem,,,,Structure_PubChem,126.13,1.8397,1,1,20.23,9,1,0,,,,,126.13
CID_305982,Industrial,305982,C12H10OSe,249.18,,0,1,17.1,C1=CC=C(C=C1)[Se](=O)C2=CC=CC=C2,PubChem,,,,Structure_PubChem,249.171,1.2228,0,1,17.07,14,2,2,,,,,249.171
CID_308444,Industrial,308444,C6H5FO3S,176.17,1.3,1,4,62.8,C1=CC(=CC=C1O)S(=O)(=O)F,PubChem,,,,Structure_PubChem,176.168,1.0504,1,3,54.37,11,1,1,,,,,176.168
CID_316170,Industrial,316170,C7H8O3S,172.20,1.2,0,3,51.8,CS(=O)(=O)OC1=CC=CC=C1,PubChem,,,,Structure_PubChem,172.205,1.025,0,3,43.37,11,1,2,,,,,172.205
CID_316378,Industrial,316378,C14H23P,222.31,3.5,0,0,0.0,CC(C)(C)P(C1=CC=CC=C1)C(C)(C)C,PubChem,,,,Structure_PubChem,222.312,4.3908,0,0,0.0,15,1,1,,,,,222.312
CID_320767,Industrial,320767,C14H22Si2,246.49,,0,0,0.0,C[Si](C)(C=C)C1=CC=C(C=C1)[Si](C)(C)C=C,PubChem,,,,Structure_PubChem,246.502,2.9678,0,0,0.0,16,1,4,,,,,246.502
CID_325521,Industrial,325521,C8H9BrSe,264.03,,0,0,0.0,C1=CC=C(C=C1)[Se]CCBr,PubChem,,,,Structure_PubChem,264.024,1.8293,0,0,0.0,10,1,3,,,,,264.024
CID_338733,Industrial,338733,C15H24O,220.35,5.6,1,1,20.2,CC(C)CCCCCCC1=CC=C(C=C1)O,PubChem,,,,Structure_PubChem,220.356,4.5412,1,1,20.23,16,1,7,,,,,220.356
CID_342221,Industrial,342221,C12H10O5,234.20,1.3,1,5,72.8,COC1=CC2=C(C=C1)C(=CC(=O)O2)CC(=O)O,PubChem,,,,Structure_PubChem,234.207,1.4287,1,4,76.74,17,2,3,,,,,234.207
CID_342533,Industrial,342533,C17H12O4,280.27,3.4,0,4,52.6,COC1=CC2=C(C=C1)C=C(C(=O)O2)C(=O)C3=CC=CC=C3,PubChem,,,,Structure_PubChem,280.279,3.0326,0,4,56.51,21,3,3,,,,,280.279
CID_357585,Industrial,357585,C9H14IP,280.09,,0,1,0.0,C[P+](C)(C)C1=CC=CC=C1.[I-],PubChem,,,,Structure_PubChem,280.089,-0.7771,0,0,0.0,11,1,1,,,,,280.089
CID_386462,Industrial,386462,C14H13P,212.23,3.1,0,0,0.0,C1=CC=C(C=C1)P2C3C=CC=CC2C=C3,PubChem,,,,Structure_PubChem,212.232,3.2268,0,0,0.0,15,3,1,,,,,212.232
CID_415627,Industrial,415627,C9H10O,134.17,2.6,1,1,20.2,CC=CC1=CC=C(C=C1)O,PubChem,,,,Structure_PubChem,134.178,2.4253,1,1,20.23,10,1,1,,,,,134.178
CID_426855,Industrial,426855,C2H5HgIO,372.56,,1,1,20.2,C(C[Hg]I)O,PubChem,,,,Structure_PubChem,372.555,0.8295,1,1,20.23,5,0,2,,,,,372.555
CID_429021,Industrial,429021,C7H5F3Hg,346.70,,0,3,0.0,C1=CC=C(C=C1)[Hg]C(F)(F)F,PubChem,,,,Structure_PubChem,346.701,1.9142,0,0,0.0,11,1,1,,,,,346.701
CID_432526,Industrial,432526,C2H5HgO,245.65,,1,1,20.2,C(C[Hg])O,PubChem,,,,Structure_PubChem,245.651,-0.0562,1,1,20.23,4,0,1,,,,,245.651
CID_442360,Industrial,442360,C15H22,202.33,5.4,0,0,0.0,CC1=CC=C(C=C1)[C@H](C)CCC=C(C)C,PubChem,,,,Structure_PubChem,202.341,4.8449,0,0,0.0,15,1,4,,,,,202.341
CID_447913,Industrial,447913,C2H8OS,80.15,,2,2,21.2,CCO.S,PubChem,,,,Structure_PubChem,80.152,0.1114,1,1,20.23,4,0,0,,,,,80.152
CID_450336,Industrial,450336,C18H15OP,278.3,4.3,1,1,20.2,C1=CC=C(C=C1)P(C2=CC=CC=C2)C3=CC=CC=C3O,PubChem,,,,Structure_PubChem,278.291,3.1504,1,1,20.23,20,3,3,,,,,278.291
CID_450515,Industrial,450515,CH4O,31.043,-0.5,1,1,20.2,[11CH3]O,PubChem,,,,Structure_PubChem,31.0424,-0.3915,1,1,20.23,2,0,0,,,,,31.0424
CID_450528,Industrial,450528,C2H6O,45.069,-0.1,1,1,20.2,C[11CH2]O,PubChem,,,,Structure_PubChem,45.0694,-0.0014,1,1,20.23,3,0,0,,,,,45.0694
CID_450529,Industrial,450529,C3H8O,59.10,0.3,1,1,20.2,CC[11CH2]O,PubChem,,,,Structure_PubChem,59.0964,0.3887,1,1,20.23,4,0,1,,,,,59.0964
CID_451245,Industrial,451245,C3H6O,57.08,-0.1,0,1,17.1,C[11C](=O)C,PubChem,,,,Structure_PubChem,57.0804,0.5953,0,1,17.07,4,0,0,,,,,57.0804
CID_451253,Industrial,451253,C3H6O,57.08,-0.1,0,1,17.1,CC(=O)[11CH3],PubChem,,,,Structure_PubChem,57.0804,0.5953,0,1,17.07,4,0,0,,,,,57.0804
CID_455313,Industrial,455313,C15H10O4,254.24,3,2,4,66.8,C1=CC=C(C(=C1)C2=C(C(=O)C3=CC=CC=C3O2)O)O,PubChem,,,,Structure_PubChem,254.241,2.8712,2,4,70.67,19,3,1,,,,,254.241
CID_479504,Industrial,479504,C15H12O6,288.25,3.3,4,6,115.0,C1=CC(=C(C(=C1)C(=O)O)O)CC2=C(C(=CC=C2)C(=O)O)O,PubChem,,,,Structure_PubChem,288.255,2.085,4,4,115.06,21,2,4,,,,,288.255
CID_517892,Industrial,517892,C11H14,146.23,4.3,0,0,0.0,C=CCCCC1=CC=CC=C1,PubChem,,,,Structure_PubChem,146.233,3.1953,0,0,0.0,11,1,4,,,,,146.233
CID_517988,Industrial,517988,C6H3F3O,148.08,1.9,1,4,20.2,C1=CC(=C(C(=C1F)O)F)F,PubChem,,,,Structure_PubChem,148.083,1.8095,1,1,20.23,10,1,0,,,,,148.083
CID_519451,Industrial,519451,C2H6O,49.09,-0.1,1,1,20.2,[2H]C([2H])([2H])CO,PubChem,,,,Structure_PubChem,49.0873,-0.0014,1,1,20.23,3,0,0,,,,,49.0873
CID_519541,Industrial,519541,C8H8O3,152.15,1.2,1,3,46.5,COC1=C(C=CC(=C1)O)C=O,PubChem,,,,Structure_PubChem,152.149,1.2133,1,3,46.53,11,1,2,,,,,152.149
CID_519794,Industrial,519794,C12H22Si2,222.47,,0,0,0.0,C[Si](C)(C)C1=CC=CC=C1[Si](C)(C)C,PubChem,,,,Structure_PubChem,222.48,2.777,0,0,0.0,14,1,2,,,,,222.48
CID_519869,Industrial,519869,C8H8O4,168.15,2,2,4,66.8,COC(=O)C1=C(C=CC=C1O)O,PubChem,,,,Structure_PubChem,168.148,0.8844,2,4,66.76,12,1,1,,,,,168.148
CID_519974,Industrial,519974,C6H3F3O,148.08,1.9,1,4,20.2,C1=C(C=C(C(=C1F)O)F)F,PubChem,,,,Structure_PubChem,148.083,1.8095,1,1,20.23,10,1,0,,,,,148.083
CID_520216,Industrial,520216,C6H5FS,128.17,2.2,1,2,1.0,C1=CC=C(C(=C1)F)S,PubChem,,,,Structure_PubChem,128.171,2.1144,1,1,0.0,8,1,0,,,,,128.171
CID_521817,Industrial,521817,C18H22,238.4,5.9,0,0,0.0,CCC(C1=CC=CC=C1)C(CC)C2=CC=CC=C2,PubChem,,,,Structure_PubChem,238.374,5.374,0,0,0.0,18,2,5,,,,,238.374
CID_522062,Industrial,522062,C6H6S2,142.2,2.2,2,2,2.0,C1=CC(=CC(=C1)S)S,PubChem,,,,Structure_PubChem,142.248,2.264,2,2,0.0,8,1,0,,,,,142.248
CID_522220,Industrial,522220,C3H6O,64.12,-0.1,0,1,17.1,[2H]C([2H])([2H])C(=O)C([2H])([2H])[2H],PubChem,,,,Structure_PubChem,64.1166,0.5953,0,1,17.07,4,0,0,,,,,64.1166
CID_522654,Industrial,522654,C7H4F4O,180.10,2.1,1,5,20.2,C1=CC(=C(C=C1C(F)(F)F)F)O,PubChem,,,,Structure_PubChem,180.1,2.5501,1,1,20.23,12,1,0,,,,,180.1
CID_555340,Industrial,555340,C7H5NSe,182.09,,0,1,23.8,C1=CC=C(C=C1)[Se]C#N,PubChem,,,,Structure_PubChem,182.084,0.4972,0,1,23.79,9,1,1,,,,,182.084
CID_560879,Industrial,560879,C10H12O,148.20,2.3,1,1,20.2,CC(=CC1=CC=CC=C1)CO,PubChem,,,,Structure_PubChem,148.205,2.0822,1,1,20.23,11,1,2,,,,,148.205
CID_575975,Industrial,575975,C6H5Cl,117.59,2.9,0,0,0.0,[2H]C1=C(C(=C(C(=C1[2H])[2H])Cl)[2H])[2H],PubChem,,,,Structure_PubChem,117.5895,2.34,0,0,0.0,7,1,0,,,,,117.5895
CID_581766,Industrial,581766,C6H5FO2,128.10,0.9,2,3,40.5,C1=CC(=C(C=C1O)F)O,PubChem,,,,Structure_PubChem,128.102,1.2369,2,2,40.46,9,1,0,,,,,128.102
CID_584247,Industrial,584247,C9H10O,134.17,3,1,1,20.2,CC(=C)C1=CC=C(C=C1)O,PubChem,,,,Structure_PubChem,134.178,2.4253,1,1,20.23,10,1,1,,,,,134.178
CID_586424,Industrial,586424,C8H10S2,170.3,2.1,2,2,2.0,C1=CC(=CC(=C1)CS)CS,PubChem,,,,Structure_PubChem,170.302,2.5462,2,2,0.0,10,1,2,,,,,170.302
CID_595499,Industrial,595499,C6H5F2OP,162.07,2.6,0,3,17.1,C1=CC=C(C=C1)P(=O)(F)F,PubChem,,,,Structure_PubChem,162.075,2.444,0,1,17.07,10,1,1,,,,,162.075
CID_596344,Industrial,596344,C10H12O4,196.20,2.3,1,4,55.8,CC1=CC(=CC(=C1C(=O)OC)O)OC,PubChem,,,,Structure_PubChem,196.202,1.4958,1,4,55.76,14,1,2,,,,,196.202
CID_597388,Industrial,597388,C12H20O2Si,224.37,,1,2,29.5,CC(C)(C)[Si](C)(C)OC1=CC=C(C=C1)O,PubChem,,,,Structure_PubChem,224.376,3.7762,1,2,29.46,15,1,2,,,,,224.376
CID_605472,Industrial,605472,C6H4BrFO,191.00,2.6,1,2,20.2,C1=CC(=C(C=C1F)Br)O,PubChem,,,,Structure_PubChem,190.999,2.2938,1,1,20.23,9,1,0,,,,,190.999
CID_607632,Industrial,607632,C18H32Sn,367.2,,0,0,0.0,CCCC[Sn](CCCC)(CCCC)C1=CC=CC=C1,PubChem,,,,Structure_PubChem,367.165,5.7427,0,0,0.0,19,1,10,,,,,367.165
CID_616037,Industrial,616037,C13H13PS,232.28,4.2,0,1,32.1,CP(=S)(C1=CC=CC=C1)C2=CC=CC=C2,PubChem,,,,Structure_PubChem,232.288,2.7467,0,1,0.0,15,2,2,,,,,232.288
CID_616392,Industrial,616392,C7H7IO,234.03,2.6,1,1,20.2,CC1=CC(=C(C=C1)O)I,PubChem,,,,Structure_PubChem,234.036,2.3052,1,1,20.23,9,1,0,,,,,234.036
CID_616738,Industrial,616738,C6H5IO2,236.01,1.9,2,2,40.5,C1=CC(=C(C=C1O)O)I,PubChem,,,,Structure_PubChem,236.008,1.7024,2,2,40.46,9,1,0,,,,,236.008
CID_616833,Industrial,616833,C6H5IO2,236.01,1.9,2,2,40.5,C1=CC(=C(C(=C1)O)I)O,PubChem,,,,Structure_PubChem,236.008,1.7024,2,2,40.46,9,1,0,,,,,236.008
CID_619834,Industrial,619834,C16H12O3,252.26,3.5,0,3,35.5,COC1=CC=CC(=C1)C2=CC(=O)C3=CC=CC=C3O2,PubChem,,,,Structure_PubChem,252.269,3.4686,0,3,39.44,19,3,2,,,,,252.269
CID_620234,Industrial,620234,C6H4ClIO,254.45,3.1,1,1,20.2,C1=CC(=C(C=C1Cl)I)O,PubChem,,,,Structure_PubChem,254.454,2.6502,1,1,20.23,9,1,0,,,,,254.454
CID_637759,Industrial,637759,C10H10O,146.19,2.1,0,1,17.1,CC(=O)/C=C/C1=CC=CC=C1,PubChem,,,,Structure_PubChem,146.189,2.2888,0,1,17.07,11,1,2,,,,,146.189
CID_638088,Industrial,638088,C14H12,180.24,4.8,0,0,0.0,C1=CC=C(C=C1)/C=C/C2=CC=CC=C2,PubChem,,,,Structure_PubChem,180.25,3.857,0,0,0.0,14,2,2,,,,,180.25
CID_639658,Industrial,639658,C9H9Cl,152.62,3.2,0,0,0.0,C1=CC=C(C=C1)/C=C/CCl,PubChem,,,,Structure_PubChem,152.624,2.9386,0,0,0.0,10,1,2,,,,,152.624
CID_641683,Industrial,641683,C16H14,206.28,5.5,0,0,0.0,C1=CC=C(C=C1)/C=C/C=C/C2=CC=CC=C2,PubChem,,,,Structure_PubChem,206.288,4.4132,0,0,0.0,16,2,3,,,,,206.288
CID_641785,Industrial,641785,C16H14O4,270.28,3.5,2,4,66.8,COC1=CC(=CC(=C1C(=O)/C=C/C2=CC=CC=C2)O)O,PubChem,,,,Structure_PubChem,270.284,3.0025,2,4,66.76,20,2,4,,,,,270.284
CID_656900,Industrial,656900,C6H5IS,236.08,3.4,1,1,1.0,C1=CC(=CC=C1S)I,PubChem,,,,Structure_PubChem,236.077,2.5799,1,1,0.0,8,1,0,,,,,236.077
CID_656942,Industrial,656942,C5H16O,92.18,,1,1,20.2,C.CC.CCO,PubChem,,,,Structure_PubChem,92.182,1.6609,1,1,20.23,6,0,0,,,,,92.182
CID_659558,Industrial,659558,C12H11O3P,234.19,2.2,2,3,57.5,C1=CC=C(C=C1)P(=O)(C2=CC=CC=C2O)O,PubChem,,,,Structure_PubChem,234.191,1.6134,2,2,57.53,16,2,2,,,,,234.191
CID_666890,Industrial,666890,C16H14O6,302.28,3,2,6,93.1,COC(=O)C1=CC=C(C=C1)OCC(=O)C2=C(C=C(C=C2)O)O,PubChem,,,,Structure_PubChem,302.282,2.1461,2,6,93.06,22,2,5,,,,,302.282
CID_676293,Industrial,676293,C17H14O4,282.29,3.9,0,4,44.8,COC1=CC2=C(C=C1)OC(=CC2=O)C3=CC(=CC=C3)OC,PubChem,,,,Structure_PubChem,282.295,3.4772,0,4,48.67,21,3,3,,,,,282.295
CID_676296,Industrial,676296,C16H12O4,268.26,3.4,1,4,55.8,COC1=CC=CC(=C1)C2=C(C(=O)C3=CC=CC=C3O2)O,PubChem,,,,Structure_PubChem,268.268,3.1742,1,4,59.67,20,3,2,,,,,268.268
CID_676307,Industrial,676307,C16H12O4,268.26,3.6,1,4,55.8,COC1=CC2=C(C=C1)C(=O)C=C(O2)C3=CC=C(C=C3)O,PubChem,,,,Structure_PubChem,268.268,3.1742,1,4,59.67,20,3,2,,,,,268.268
CID_688659,Industrial,688659,C15H10O4,254.24,3,2,4,66.8,C1=CC=C(C=C1)C2=C(C(=O)C3=C(O2)C=CC(=C3)O)O,PubChem,,,,Structure_PubChem,254.241,2.8712,2,4,70.67,19,3,1,,,,,254.241
CID_688715,Industrial,688715,C15H10O4,254.24,3,2,4,66.8,C1=CC=C2C(=C1)C(=O)C(=C(O2)C3=CC=C(C=C3)O)O,PubChem,,,,Structure_PubChem,254.241,2.8712,2,4,70.67,19,3,1,,,,,254.241
CID_734154,Industrial,734154,C10H10O3,178.18,1.8,1,3,46.5,COC1=CC=CC=C1/C=C/C(=O)O,PubChem,,,,Structure_PubChem,178.187,1.793,1,2,46.53,13,1,3,,,,,178.187
CID_776315,Industrial,776315,C12H10O4,218.20,2.5,1,4,59.7,COC1=CC=CC=C1C2=CC=C(O2)C(=O)O,PubChem,,,,Structure_PubChem,218.208,2.6534,1,3,59.67,16,2,3,,,,,218.208
CID_821362,Industrial,821362,C11H12O4,208.21,1.8,2,4,66.8,CC1(CC(=O)C2=C(C=C(C=C2O1)O)O)C,PubChem,,,,Structure_PubChem,208.213,1.8416,2,4,66.76,15,2,0,,,,,208.213
CID_821388,Industrial,821388,C9H10O4,182.17,2.6,2,4,66.8,CCOC(=O)C1=C(C=C(C=C1)O)O,PubChem,,,,Structure_PubChem,182.175,1.2745,2,4,66.76,13,1,2,,,,,182.175
CID_843705,Industrial,843705,C8H7F3O,176.14,3,1,4,20.2,C1=CC(=CC(=C1)O)CC(F)(F)F,PubChem,,,,Structure_PubChem,176.137,2.497,1,1,20.23,12,1,1,,,,,176.137
CID_1550846,Industrial,1550846,C9H7N,129.16,2,0,1,23.8,C1=CC=C(C=C1)/C=C/C#N,PubChem,,,,Structure_PubChem,129.162,2.2234,0,1,23.79,10,1,1,,,,,129.162
CID_1585264,Industrial,1585264,C12H13N,171.24,3.3,0,1,23.8,C/C(=C\C#N)/CCC1=CC=CC=C1,PubChem,,,,Structure_PubChem,171.243,3.0891,0,1,23.79,13,1,3,,,,,171.243
CID_1622530,Industrial,1622530,C10H10O3,178.18,1.8,1,3,46.5,COC1=CC=CC=C1/C=C\C(=O)O,PubChem,,,,Structure_PubChem,178.187,1.793,1,2,46.53,13,1,3,,,,,178.187
CID_2723968,Industrial,2723968,C6H5Br,162.04,3,0,0,0.0,[2H]C1=C(C(=C(C(=C1[2H])[2H])Br)[2H])[2H],PubChem,,,,Structure_PubChem,162.0405,2.4491,0,0,0.0,7,1,0,,,,,162.0405
CID_2724444,Industrial,2724444,C6H3F2I,239.99,2.8,0,2,0.0,C1=CC(=C(C=C1I)F)F,PubChem,,,,Structure_PubChem,239.99,2.5694,0,0,0.0,9,1,0,,,,,239.99
CID_2724523,Industrial,2724523,C6H4ClFO,146.54,2.8,1,2,20.2,C1=CC(=C(C=C1O)F)Cl,PubChem,,,,Structure_PubChem,146.548,2.1847,1,1,20.23,9,1,0,,,,,146.548
CID_2724600,Industrial,2724600,C6H4BrFO,191.00,2.6,1,2,20.2,C1=CC(=C(C=C1F)O)Br,PubChem,,,,Structure_PubChem,190.999,2.2938,1,1,20.23,9,1,0,,,,,190.999
CID_2724689,Industrial,2724689,C6H5ISe,282.98,,0,0,0.0,C1=CC=C(C=C1)[Se]I,PubChem,,,,Structure_PubChem,282.97,1.3661,0,0,0.0,8,1,1,,,,,282.97
CID_2724981,Industrial,2724981,C6H4BrFO,191.00,2.6,1,2,20.2,C1=CC(=C(C=C1Br)F)O,PubChem,,,,Structure_PubChem,190.999,2.2938,1,1,20.23,9,1,0,,,,,190.999
CID_2733229,Industrial,2733229,C15H20Si,228.40,,0,0,0.0,C=CC[Si](CC=C)(CC=C)C1=CC=CC=C1,PubChem,,,,Structure_PubChem,228.411,3.9004,0,0,0.0,16,1,7,,,,,228.411
CID_2733311,Industrial,2733311,C6H3F3O,148.08,1.9,1,4,20.2,C1=C(C=C(C(=C1O)F)F)F,PubChem,,,,Structure_PubChem,148.083,1.8095,1,1,20.23,10,1,0,,,,,148.083
CID_2733352,Industrial,2733352,C7H7ClMg,150.89,,0,2,0.0,[CH2-]C1=CC=CC=C1.[Mg+2].[Cl-],PubChem,,,,Structure_PubChem,150.891,-1.508,0,0,0.0,9,1,0,,,,,150.891
CID_2733416,Industrial,2733416,C12H15P,190.22,2.8,0,0,0.0,C=CCP(CC=C)C1=CC=CC=C1,PubChem,,,,Structure_PubChem,190.226,3.1658,0,0,0.0,13,1,5,,,,,190.226
CID_2733986,Industrial,2733986,C6H6BFO2,139.92,,2,3,40.5,B(C1=CC(=CC=C1)F)(O)O,PubChem,,,,Structure_PubChem,139.922,-0.4945,2,2,40.46,10,1,1,,,,,139.922
CID_2734333,Industrial,2734333,C6H5BF2O2,157.91,,2,4,40.5,B(C1=C(C(=CC=C1)F)F)(O)O,PubChem,,,,Structure_PubChem,157.912,-0.3554,2,2,40.46,11,1,1,,,,,157.912
CID_2734334,Industrial,2734334,C6H5BF2O2,157.91,,2,4,40.5,B(C1=C(C=C(C=C1)F)F)(O)O,PubChem,,,,Structure_PubChem,157.912,-0.3554,2,2,40.46,11,1,1,,,,,157.912
CID_2734335,Industrial,2734335,C6H5BF2O2,157.91,,2,4,40.5,B(C1=C(C=CC(=C1)F)F)(O)O,PubChem,,,,Structure_PubChem,157.912,-0.3554,2,2,40.46,11,1,1,,,,,157.912
CID_2734336,Industrial,2734336,C6H5BF2O2,157.91,,2,4,40.5,B(C1=C(C=CC=C1F)F)(O)O,PubChem,,,,Structure_PubChem,157.912,-0.3554,2,2,40.46,11,1,1,,,,,157.912
CID_2734337,Industrial,2734337,C6H5BF2O2,157.91,,2,4,40.5,B(C1=CC(=C(C=C1)F)F)(O)O,PubChem,,,,Structure_PubChem,157.912,-0.3554,2,2,40.46,11,1,1,,,,,157.912
CID_2734352,Industrial,2734352,C8H11BO2,149.98,,2,2,40.5,B(C1=CC=C(C=C1)CC)(O)O,PubChem,,,,Structure_PubChem,149.986,-0.0712,2,2,40.46,11,1,2,,,,,149.986
CID_2734354,Industrial,2734354,C6H6BFO2,139.92,,2,3,40.5,B(C1=CC=CC=C1F)(O)O,PubChem,,,,Structure_PubChem,139.922,-0.4945,2,2,40.46,10,1,1,,,,,139.922
CID_2734359,Industrial,2734359,C6H7BO3,137.93,,3,3,60.7,B(C1=CC(=CC=C1)O)(O)O,PubChem,,,,Structure_PubChem,137.931,-0.928,3,3,60.69,10,1,1,,,,,137.931
CID_2734360,Industrial,2734360,C6H7BO3,137.93,,3,3,60.7,B(C1=CC=C(C=C1)O)(O)O,PubChem,,,,Structure_PubChem,137.931,-0.928,3,3,60.69,10,1,1,,,,,137.931
CID_2734362,Industrial,2734362,C6H6BIO2,247.83,,2,2,40.5,B(C1=CC(=CC=C1)I)(O)O,PubChem,,,,Structure_PubChem,247.828,-0.029,2,2,40.46,10,1,1,,,,,247.828
CID_2734387,Industrial,2734387,C7H6BF3O2,189.93,,2,5,40.5,B(C1=CC=CC=C1C(F)(F)F)(O)O,PubChem,,,,Structure_PubChem,189.929,0.3852,2,2,40.46,13,1,1,,,,,189.929
CID_2734388,Industrial,2734388,C7H6BF3O2,189.93,,2,5,40.5,B(C1=CC(=CC=C1)C(F)(F)F)(O)O,PubChem,,,,Structure_PubChem,189.929,0.3852,2,2,40.46,13,1,1,,,,,189.929
CID_2734389,Industrial,2734389,C7H6BF3O2,189.93,,2,5,40.5,B(C1=CC=C(C=C1)C(F)(F)F)(O)O,PubChem,,,,Structure_PubChem,189.929,0.3852,2,2,40.46,13,1,1,,,,,189.929
CID_2734622,Industrial,2734622,C12H17BO3,220.07,,1,3,38.7,B1(OC(C(O1)(C)C)(C)C)C2=CC=CC=C2O,PubChem,,,,Structure_PubChem,220.077,1.6914,1,3,38.69,16,2,1,,,,,220.077
CID_2734623,Industrial,2734623,C12H17BO3,220.07,,1,3,38.7,B1(OC(C(O1)(C)C)(C)C)C2=CC(=CC=C2)O,PubChem,,,,Structure_PubChem,220.077,1.6914,1,3,38.69,16,2,1,,,,,220.077
CID_2734624,Industrial,2734624,C12H17BO3,220.07,,1,3,38.7,B1(OC(C(O1)(C)C)(C)C)C2=CC=C(C=C2)O,PubChem,,,,Structure_PubChem,220.077,1.6914,1,3,38.69,16,2,1,,,,,220.077
CID_2736157,Industrial,2736157,C12H10O2S2,250.3,3.7,2,4,91.1,C1=CC(=CC(=C1)SSC2=CC=CC(=C2)O)O,PubChem,,,,Structure_PubChem,250.344,3.8972,2,4,40.46,16,2,3,,,,,250.344
CID_2736167,Industrial,2736167,C6H6O2S,142.18,0.9,3,3,41.5,C1=CC(=C(C=C1O)S)O,PubChem,,,,Structure_PubChem,142.179,1.3865,3,3,40.46,9,1,0,,,,,142.179
CID_2736613,Industrial,2736613,C6H6OS,126.18,1.3,2,2,21.2,C1=CC(=CC(=C1)S)O,PubChem,,,,Structure_PubChem,126.18,1.6809,2,2,20.23,8,1,0,,,,,126.18
CID_2737096,Industrial,2737096,C6H3FI2,347.89,3.3,0,1,0.0,C1=CC(=C(C=C1I)F)I,PubChem,,,,Structure_PubChem,347.896,3.0349,0,0,0.0,9,1,0,,,,,347.896
CID_2737394,Industrial,2737394,C7H7FO,126.13,1.4,1,2,20.2,CC1=C(C=CC(=C1)O)F,PubChem,,,,Structure_PubChem,126.13,1.8397,1,1,20.23,9,1,0,,,,,126.13
CID_2737586,Industrial,2737586,C7H4F4O,180.10,2.6,1,5,20.2,C1=CC(=C(C(=C1)O)F)C(F)(F)F,PubChem,,,,Structure_PubChem,180.1,2.5501,1,1,20.23,12,1,0,,,,,180.1
CID_2751537,Industrial,2751537,C12H10OTe,297.8,,0,1,17.1,C1=CC=C(C=C1)[Te](=O)C2=CC=CC=C2,PubChem,,,,Structure_PubChem,297.811,1.2228,0,1,17.07,14,2,2,,,,,297.811
CID_2760714,Industrial,2760714,C6H2F3I,257.98,2.9,0,3,0.0,C1=C(C=C(C(=C1F)I)F)F,PubChem,,,,Structure_PubChem,257.98,2.7085,0,0,0.0,10,1,0,,,,,257.98
CID_2760715,Industrial,2760715,C6H2F3I,257.98,2.9,0,3,0.0,C1=C(C=C(C(=C1F)F)F)I,PubChem,,,,Structure_PubChem,257.98,2.7085,0,0,0.0,10,1,0,,,,,257.98
CID_2773454,Industrial,2773454,C6H7BO3,137.93,,3,3,60.7,B(C1=CC=CC=C1O)(O)O,PubChem,,,,Structure_PubChem,137.931,-0.928,3,3,60.69,10,1,1,,,,,137.931
CID_2773717,Industrial,2773717,C10H15O4P,230.20,1.4,1,4,55.8,CCOP(=O)(C1=CC=CC(=C1)O)OCC,PubChem,,,,Structure_PubChem,230.2,2.2836,1,4,55.76,15,1,5,,,,,230.2
CID_2773718,Industrial,2773718,C10H15O4P,230.20,1.4,1,4,55.8,CCOP(=O)(C1=CC=C(C=C1)O)OCC,PubChem,,,,Structure_PubChem,230.2,2.2836,1,4,55.76,15,1,5,,,,,230.2
CID_2774254,Industrial,2774254,C6H3FI2,347.89,3.3,0,1,0.0,C1=CC(=C(C=C1F)I)I,PubChem,,,,Structure_PubChem,347.896,3.0349,0,0,0.0,9,1,0,,,,,347.896
CID_2774616,Industrial,2774616,C7H7FO,126.13,2.1,1,2,20.2,CC1=C(C=C(C=C1)F)O,PubChem,,,,Structure_PubChem,126.13,1.8397,1,1,20.23,9,1,0,,,,,126.13
CID_2777943,Industrial,2777943,C6H3F3O,148.08,2,1,4,20.2,C1=C(C=C(C(=C1F)F)F)O,PubChem,,,,Structure_PubChem,148.083,1.8095,1,1,20.23,10,1,0,,,,,148.083
CID_2778221,Industrial,2778221,C6H3F2I,239.99,2.8,0,2,0.0,C1=C(C=C(C=C1F)I)F,PubChem,,,,Structure_PubChem,239.99,2.5694,0,0,0.0,9,1,0,,,,,239.99
CID_2778485,Industrial,2778485,C7H7FO,126.13,1.8,1,2,20.2,CC1=CC(=C(C=C1)O)F,PubChem,,,,Structure_PubChem,126.13,1.8397,1,1,20.23,9,1,0,,,,,126.13
CID_2779201,Industrial,2779201,C6H5F5OS,220.16,4.8,1,6,21.2,C1=CC(=CC(=C1)S(F)(F)(F)(F)F)O,PubChem,,,,Structure_PubChem,220.162,4.0496,1,1,20.23,13,1,1,,,,,220.162
CID_2779203,Industrial,2779203,C6H5F5OS,220.16,4.8,1,6,21.2,C1=CC(=CC=C1O)S(F)(F)(F)(F)F,PubChem,,,,Structure_PubChem,220.162,4.0496,1,1,20.23,13,1,1,,,,,220.162
CID_2782674,Industrial,2782674,C7H8BFO2,153.95,,2,3,40.5,B(C1=CC(=C(C=C1)C)F)(O)O,PubChem,,,,Structure_PubChem,153.949,-0.1861,2,2,40.46,11,1,1,,,,,153.949
CID_2782738,Industrial,2782738,C6H3F2I,239.99,2.8,0,2,0.0,C1=CC(=C(C(=C1)F)I)F,PubChem,,,,Structure_PubChem,239.99,2.5694,0,0,0.0,9,1,0,,,,,239.99
CID_2783132,Industrial,2783132,C7H8BFO2,153.95,,2,3,40.5,B(C1=C(C=C(C=C1)C)F)(O)O,PubChem,,,,Structure_PubChem,153.949,-0.1861,2,2,40.46,11,1,1,,,,,153.949
CID_2794249,Industrial,2794249,C6H7NO,109.13,1.4,1,2,35.3,C1=CC=C(C=C1)ON,PubChem,,,,Structure_PubChem,109.128,0.9391,1,2,35.25,8,1,1,,,,,109.128
CID_2828393,Industrial,2828393,C18H15O2P,294.3,2.5,1,2,37.3,C1=CC=C(C=C1)P(=O)(C2=CC=CC=C2)C3=CC=C(C=C3)O,PubChem,,,,Structure_PubChem,294.29,3.0316,1,2,37.3,21,3,3,,,,,294.29
CID_3010347,Industrial,3010347,C6H5O4S-,173.17,0.2,1,4,85.8,C1=CC(=CC=C1O)S(=O)(=O)[O-],PubChem,,,,Structure_PubChem,173.169,0.2963,1,4,77.43,11,1,1,,,,,173.169
CID_3011495,Industrial,3011495,C8H7F,122.14,2.6,0,1,0.0,C=C(C1=CC=CC=C1)F,PubChem,,,,Structure_PubChem,122.142,2.6268,0,0,0.0,9,1,1,,,,,122.142
CID_3013921,Industrial,3013921,C8H8O,120.15,2.6,1,1,20.2,C=CC1=CC(=CC=C1)O,PubChem,,,,Structure_PubChem,120.151,2.0352,1,1,20.23,9,1,1,,,,,120.151
CID_3032548,Industrial,3032548,C7H8OSi,136.22,,0,1,17.1,C[Si](=O)C1=CC=CC=C1,PubChem,,,,Structure_PubChem,136.226,0.9454,0,1,17.07,9,1,1,,,,,136.226
CID_3032831,Industrial,3032831,C16H26O,234.38,6.7,1,1,20.2,CCCCCCCCCCC1=CC=CC=C1O,PubChem,,,,Structure_PubChem,234.383,5.0754,1,1,20.23,17,1,9,,,,,234.383
CID_3082127,Industrial,3082127,C9H6OS3,226.3,2.4,1,4,103.0,C1=CC(=CC=C1C2=CC(=S)SS2)O,PubChem,,,,Structure_PubChem,226.347,3.9117,1,4,20.23,13,2,1,,,,,226.347
CID_3083581,Industrial,3083581,C12H12O4,220.22,2.5,1,4,55.8,CC1=CC(=O)C2=C(C(=C(C=C2O1)OC)C)O,PubChem,,,,Structure_PubChem,220.224,2.124,1,4,59.67,16,2,1,,,,,220.224
CID_3083613,Industrial,3083613,C12H10,154.21,3.4,0,0,0.0,CC#CC#CCC1=CC=CC=C1,PubChem,,,,Structure_PubChem,154.212,2.2558,0,0,0.0,12,1,1,,,,,154.212
CID_3083879,Industrial,3083879,C6H6O5S,190.18,0.4,2,5,92.2,C1=CC=C(C(=C1)O)OS(=O)(=O)O,PubChem,,,,Structure_PubChem,190.176,0.5738,2,4,83.83,12,1,2,,,,,190.176
CID_3251198,Industrial,3251198,C12H14,158.24,3.8,0,0,0.0,CC#CCCCC1=CC=CC=C1,PubChem,,,,Structure_PubChem,158.244,3.0326,0,0,0.0,12,1,3,,,,,158.244
CID_3316562,Industrial,3316562,C6H4Cl4P2,279.8,4.2,0,0,0.0,C1=CC=C(C(=C1)P(Cl)Cl)P(Cl)Cl,PubChem,,,,Structure_PubChem,279.858,4.5162,0,0,0.0,12,1,2,,,,,279.858
CID_3328702,Industrial,3328702,C18H15OP,278.3,4.3,1,1,20.2,C1=CC=C(C=C1)P(C2=CC=CC=C2)C3=CC=C(C=C3)O,PubChem,,,,Structure_PubChem,278.291,3.1504,1,1,20.23,20,3,3,,,,,278.291
CID_3359842,Industrial,3359842,C24H20OSi,352.5,,1,1,20.2,C1=CC=C(C=C1)[Si](C2=CC=CC=C2)(C3=CC=CC=C3)C4=CC=C(C=C4)O,PubChem,,,,Structure_PubChem,352.509,2.7696,1,1,20.23,26,4,4,,,,,352.509
CID_3434975,Industrial,3434975,C9H7O4-,179.15,1.8,0,4,66.4,CC(=O)OC1=CC=CC=C1C(=O)[O-],PubChem,,,,Structure_PubChem,179.151,-0.0246,0,4,66.43,13,1,2,,,,,179.151
CID_3549669,Industrial,3549669,C7H7FO,126.13,2,1,2,20.2,CC1=CC(=CC(=C1)F)O,PubChem,,,,Structure_PubChem,126.13,1.8397,1,1,20.23,9,1,0,,,,,126.13
CID_3563366,Industrial,3563366,C5H5Li,72.1,,0,1,0.0,[Li+].[CH-]1C=CC=C1,PubChem,,,,Structure_PubChem,72.036,-1.5905,0,0,0.0,6,1,0,,,,,72.036
CID_3646533,Industrial,3646533,C15H14O4,258.27,2.7,1,4,55.8,CC1=CCC2=C(C=C3C(=C2O)C(=O)C=C(O3)C)OC1,PubChem,,,,Structure_PubChem,258.273,2.6882,1,4,59.67,19,3,0,,,,,258.273
CID_3732650,Industrial,3732650,C2H7O+,47.08,-0.1,1,0,1.0,CC[OH2+],PubChem,,,,Structure_PubChem,47.077,-0.2691,0,0,22.9,3,0,0,,,,,47.077
CID_3734338,Industrial,3734338,C8H10S,138.23,3,1,1,1.0,CCC1=CC=CC=C1S,PubChem,,,,Structure_PubChem,138.235,2.5377,1,1,0.0,9,1,1,,,,,138.235
CID_3810857,Industrial,3810857,C3H9O+,61.10,0.3,1,0,1.0,CCC[OH2+],PubChem,,,,Structure_PubChem,61.104,0.121,0,0,22.9,4,0,1,,,,,61.104
CID_3815158,Industrial,3815158,C7H5F3OS,194.18,3.3,1,5,45.5,C1=CC(=CC=C1O)SC(F)(F)F,PubChem,,,,Structure_PubChem,194.177,3.0041,1,2,20.23,12,1,1,,,,,194.177
CID_4080658,Industrial,4080658,C10H12Si,160.29,,0,0,0.0,C[Si](C)(C#C)C1=CC=CC=C1,PubChem,,,,Structure_PubChem,160.292,1.7744,0,0,0.0,11,1,1,,,,,160.292
CID_4100860,Industrial,4100860,C10H15BO2,178.04,,2,2,40.5,B(C1=CC=C(C=C1)CCCC)(O)O,PubChem,,,,Structure_PubChem,178.04,0.709,2,2,40.46,13,1,4,,,,,178.04
CID_4110039,Industrial,4110039,C6H5NaS,132.16,,0,1,1.0,C1=CC=C(C=C1)[S-].[Na+],PubChem,,,,Structure_PubChem,132.163,-1.4036,0,1,0.0,8,1,0,,,,,132.163
CID_4117656,Industrial,4117656,C7H9P,124.12,1.5,0,0,0.0,CPC1=CC=CC=C1,PubChem,,,,Structure_PubChem,124.123,1.6202,0,0,0.0,8,1,1,,,,,124.123
CID_4183961,Industrial,4183961,C18H15O4P,326.3,3,3,4,77.8,C1=CC(=CC=C1O)P(=O)(C2=CC=C(C=C2)O)C3=CC=C(C=C3)O,PubChem,,,,Structure_PubChem,326.288,2.4428,3,4,77.76,23,3,3,,,,,326.288
CID_4188606,Industrial,4188606,C7H8ClP,158.56,2.3,0,0,0.0,CP(C1=CC=CC=C1)Cl,PubChem,,,,Structure_PubChem,158.568,2.5774,0,0,0.0,9,1,1,,,,,158.568
CID_4346365,Industrial,4346365,C6H8P2,142.07,1,0,0,0.0,C1=CC=C(C(=C1)P)P,PubChem,,,,Structure_PubChem,142.078,0.6874,0,0,0.0,8,1,0,,,,,142.078
CID_4379756,Industrial,4379756,C6H5NaO4S,196.16,,1,4,85.8,C1=CC(=CC=C1O)S(=O)(=O)[O-].[Na+],PubChem,,,,Structure_PubChem,196.159,-2.6997,1,4,77.43,12,1,1,,,,,196.159
CID_4443518,Industrial,4443518,C7H7BrZn,236.4,,0,1,0.0,[CH2-]C1=CC=CC=C1.[Zn+]Br,PubChem,,,,Structure_PubChem,236.427,2.7119,0,0,0.0,9,1,0,,,,,236.427
CID_4445035,Industrial,4445035,C6H5NaO,116.09,,0,1,23.1,C1=CC=C(C=C1)[O-].[Na+],PubChem,,,,Structure_PubChem,116.095,-2.2358,0,1,23.06,8,1,0,,,,,116.095
CID_4541084,Industrial,4541084,C7H6I2O,359.93,3.2,1,1,20.2,CC1=CC(=C(C(=C1)I)O)I,PubChem,,,,Structure_PubChem,359.932,2.9098,1,1,20.23,10,1,0,,,,,359.932
CID_4568796,Industrial,4568796,C10H15P,166.20,2.5,0,0,0.0,CC(C)(C)PC1=CC=CC=C1,PubChem,,,,Structure_PubChem,166.204,2.7889,0,0,0.0,11,1,1,,,,,166.204
CID_4589192,Industrial,4589192,C15H25BO2,248.17,,2,2,40.5,B(C1=CC=C(C=C1)CCCCCCCCC)(O)O,PubChem,,,,Structure_PubChem,248.175,2.6595,2,2,40.46,18,1,9,,,,,248.175
CID_4691729,Industrial,4691729,C6H6S2,142.2,2.1,2,2,2.0,C1=CC(=CC=C1S)S,PubChem,,,,Structure_PubChem,142.248,2.264,2,2,0.0,8,1,0,,,,,142.248
CID_5036604,Industrial,5036604,C11H10O4,206.19,2.1,2,4,66.8,CC1=CC(=O)C2=C(O1)C=C(C(=C2O)C)O,PubChem,,,,Structure_PubChem,206.197,1.821,2,4,70.67,15,2,0,,,,,206.197
CID_5133468,Industrial,5133468,C12H10O3,202.21,2.2,0,3,35.5,C=CCOC1=CC(=O)OC2=CC=CC=C21,PubChem,,,,Structure_PubChem,202.209,2.3578,0,3,39.44,15,2,3,,,,,202.209
CID_5280442,Industrial,5280442,C16H12O5,284.26,2.1,2,5,76.0,COC1=CC=C(C=C1)C2=CC(=O)C3=C(C=C(C=C3O2)O)O,PubChem,,,,Structure_PubChem,284.267,2.8798,2,5,79.9,21,3,2,,,,,284.267
CID_5280443,Industrial,5280443,C15H10O5,270.24,1.7,3,5,87.0,C1=CC(=CC=C1C2=CC(=O)C3=C(C=C(C=C3O2)O)O)O,PubChem,,,,Structure_PubChem,270.24,2.5768,3,5,90.9,20,3,1,,,,,270.24
CID_5280535,Industrial,5280535,C9H10O2,150.17,1.3,2,2,40.5,C1=CC(=CC=C1/C=C/CO)O,PubChem,,,,Structure_PubChem,150.177,1.3977,2,2,40.46,11,1,2,,,,,150.177
CID_5280567,Industrial,5280567,C10H8O3,176.17,1.9,1,3,46.5,CC1=CC(=O)OC2=C1C=CC(=C2)O,PubChem,,,,Structure_PubChem,176.171,1.807,1,3,50.44,13,2,0,,,,,176.171
CID_5280863,Industrial,5280863,C15H10O6,286.24,1.9,4,6,107.0,C1=CC(=CC=C1C2=C(C(=O)C3=C(C=C(C=C3O2)O)O)O)O,PubChem,,,,Structure_PubChem,286.239,2.2824,4,6,111.13,21,3,1,,,,,286.239
CID_5281343,Industrial,5281343,C9H6O4,178.14,1.4,2,4,66.8,C1=COC2=CC(=CC(=C2C1=O)O)O,PubChem,,,,Structure_PubChem,178.143,1.2042,2,4,70.67,13,2,0,,,,,178.143
CID_5281419,Industrial,5281419,C25H26O5,406.5,5.8,2,5,83.8,CC(C)CC(=O)C1=C(C2=C(C(=C1O)CC=C(C)C)OC(=O)C=C2C3=CC=CC=C3)O,PubChem,,,,Structure_PubChem,406.478,5.6087,2,5,87.74,30,3,6,,,,,406.478
CID_5281426,Industrial,5281426,C9H6O3,162.14,1.6,1,3,46.5,C1=CC(=CC2=C1C=CC(=O)O2)O,PubChem,,,,Structure_PubChem,162.144,1.4986,1,3,50.44,12,2,0,,,,,162.144
CID_5281601,Industrial,5281601,C17H14O5,298.29,2.4,1,5,65.0,COC1=CC=C(C=C1)C2=CC(=O)C3=C(C=C(C=C3O2)OC)O,PubChem,,,,Structure_PubChem,298.294,3.1828,1,5,68.9,22,3,3,,,,,298.294
CID_5281607,Industrial,5281607,C15H10O4,254.24,2.1,2,4,66.8,C1=CC=C(C=C1)C2=CC(=O)C3=C(C=C(C=C3O2)O)O,PubChem,,,,Structure_PubChem,254.241,2.8712,2,4,70.67,19,3,1,,,,,254.241
CID_5281610,Industrial,5281610,C15H10O6,286.24,1.9,4,6,107.0,C1=CC=C(C(=C1)C2=C(C(=O)C3=C(C=C(C=C3O2)O)O)O)O,PubChem,,,,Structure_PubChem,286.239,2.2824,4,6,111.13,21,3,1,,,,,286.239
CID_5281611,Industrial,5281611,C15H10O5,270.24,2.7,3,5,87.0,C1=CC(=CC=C1C2=C(C(=O)C3=C(O2)C=C(C=C3)O)O)O,PubChem,,,,Structure_PubChem,270.24,2.5768,3,5,90.9,20,3,1,,,,,270.24
CID_5281616,Industrial,5281616,C15H10O5,270.24,2.3,3,5,87.0,C1=CC=C(C=C1)C2=C(C(=O)C3=C(C=C(C=C3O2)O)O)O,PubChem,,,,Structure_PubChem,270.24,2.5768,3,5,90.9,20,3,1,,,,,270.24
CID_5281617,Industrial,5281617,C16H12O5,284.26,2.1,2,5,76.0,COC1=CC(=C2C(=C1)OC(=CC2=O)C3=CC=C(C=C3)O)O,PubChem,,,,Structure_PubChem,284.267,2.8798,2,5,79.9,21,3,2,,,,,284.267
CID_5281670,Industrial,5281670,C15H10O7,302.23,1.5,5,7,127.0,C1=CC(=C(C=C1O)O)C2=C(C(=O)C3=C(C=C(C=C3O2)O)O)O,PubChem,,,,Structure_PubChem,302.238,1.988,5,7,131.36,22,3,1,,,,,302.238
CID_5281894,Industrial,5281894,C15H10O3,238.24,3.6,1,3,46.5,C1=CC=C(C=C1)C2=CC(=O)C3=C(O2)C=C(C=C3)O,PubChem,,,,Structure_PubChem,238.242,3.1656,1,3,50.44,18,3,1,,,,,238.242
CID_5281954,Industrial,5281954,C16H12O4,268.26,2.4,1,4,55.8,COC1=CC(=C2C(=C1)OC(=CC2=O)C3=CC=CC=C3)O,PubChem,,,,Structure_PubChem,268.268,3.1742,1,4,59.67,20,3,2,,,,,268.268
CID_5282073,Industrial,5282073,C15H10O4,254.24,3.3,2,4,66.8,C1=CC(=CC=C1C2=CC(=O)C3=C(O2)C=C(C=C3)O)O,PubChem,,,,Structure_PubChem,254.241,2.8712,2,4,70.67,19,3,1,,,,,254.241
CID_5282219,Industrial,5282219,C27H30O6,450.5,6.2,1,6,82.1,CC(=CCOC1=CC=C(C=C1)/C=C/C(=O)C2=C(C=C(C=C2)OCC=C(C)C)OCC(=O)O)C,PubChem,,,,Structure_PubChem,450.531,5.7361,1,5,82.06,33,2,12,,,,,450.531
CID_5282240,Industrial,5282240,C15H14O2,226.27,4.1,2,2,40.5,C/C(=C\C1=CC=C(C=C1)O)/C2=CC=C(C=C2)O,PubChem,,,,Structure_PubChem,226.275,3.6583,2,2,40.46,17,2,2,,,,,226.275
CID_5282363,Industrial,5282363,C14H12O2,212.24,3.5,2,2,40.5,C1=CC(=CC=C1/C=C/C2=CC=C(C=C2)O)O,PubChem,,,,Structure_PubChem,212.248,3.2682,2,2,40.46,16,2,2,,,,,212.248
CID_5284490,Industrial,5284490,C8H7Cl,138.59,2.9,0,0,0.0,C1=CC=C(C=C1)/C=C/Cl,PubChem,,,,Structure_PubChem,138.597,2.8961,0,0,0.0,9,1,1,,,,,138.597
CID_5284650,Industrial,5284650,C14H12O,196.24,4.1,1,1,20.2,C1=CC=C(C=C1)/C=C/C2=CC=C(C=C2)O,PubChem,,,,Structure_PubChem,196.249,3.5626,1,1,20.23,15,2,2,,,,,196.249
CID_5289613,Industrial,5289613,C12H10O5,234.20,2,1,5,72.8,CCOC(=O)C1=CC2=C(C=C(C=C2)O)OC1=O,PubChem,,,,Structure_PubChem,234.207,1.6753,1,5,76.74,17,2,2,,,,,234.207
CID_5314126,Industrial,5314126,C8H7Br,183.04,2.9,0,0,0.0,C1=CC=C(C=C1)/C=C/Br,PubChem,,,,Structure_PubChem,183.048,3.0522,0,0,0.0,9,1,1,,,,,183.048
CID_5315244,Industrial,5315244,C19H26O12,446.4,-2.5,6,12,185.0,COC(=O)C1=CC=CC=C1O[C@H]2[C@@H]([C@H]([C@@H]([C@H](O2)CO[C@H]3[C@@H]([C@H]([C@@H](CO3)O)O)O)O)O)O,PubChem,,,,Structure_PubChem,446.405,-2.8848,6,12,184.6,31,3,6,,,,,446.405
CID_5316793,Industrial,5316793,C16H14O4,270.28,3.5,2,4,66.8,COC1=CC(=C(C(=C1)O)C(=O)/C=C/C2=CC=CC=C2)O,PubChem,,,,Structure_PubChem,270.284,3.0025,2,4,66.76,20,2,4,,,,,270.284
CID_5318562,Industrial,5318562,C11H10O4,206.19,2.1,2,4,66.8,CC1=CC(=O)C2=C(C=C(C(=C2O1)C)O)O,PubChem,,,,Structure_PubChem,206.197,1.821,2,4,70.67,15,2,0,,,,,206.197
CID_5319000,Industrial,5319000,C20H18O4,322.4,5.2,2,4,66.8,CC(=CCC1=CC2=C(C=C1O)OC(=CC2=O)C3=CC=C(C=C3)O)C,PubChem,,,,Structure_PubChem,322.36,4.3799,2,4,70.67,24,3,3,,,,,322.36
CID_5319235,Industrial,5319235,C12H12O3,204.22,2.8,1,3,46.5,CC1(C=CC2=C(O1)C=CC(=C2)C(=O)O)C,PubChem,,,,Structure_PubChem,204.225,2.569,1,2,46.53,15,2,1,,,,,204.225
CID_5319380,Industrial,5319380,C24H22O5,390.4,4.9,1,5,72.8,CC(C)C(=O)C1=C2C(=C3C(=C1O)C(=CC(=O)O3)C4=CC=CC=C4)C=CC(O2)(C)C,PubChem,,,,Structure_PubChem,390.435,5.1885,1,5,76.74,29,4,3,,,,,390.435
CID_5319688,Industrial,5319688,C16H14O4,270.28,3,2,4,66.8,COC1=C(C=CC(=C1)O)C(=O)/C=C/C2=CC=C(C=C2)O,PubChem,,,,Structure_PubChem,270.284,3.0025,2,4,66.76,20,2,4,,,,,270.284
CID_5320693,Industrial,5320693,C16H12O4,268.26,3.6,1,4,55.8,COC1=CC=C(C=C1)C2=CC(=O)C3=C(O2)C=C(C=C3)O,PubChem,,,,Structure_PubChem,268.268,3.1742,1,4,59.67,20,3,2,,,,,268.268
CID_5321439,Industrial,5321439,C18H24O,256.4,6.1,1,1,20.2,CC(=CCCC(C)(C=C)/C=C/C1=CC=C(C=C1)O)C,PubChem,,,,Structure_PubChem,256.389,5.3441,1,1,20.23,19,1,6,,,,,256.389
CID_5322064,Industrial,5322064,C15H10O5,270.24,1.7,3,5,87.0,C1=CC=C(C(=C1)C2=CC(=O)C3=C(C=C(C=C3O2)O)O)O,PubChem,,,,Structure_PubChem,270.24,2.5768,3,5,90.9,20,3,1,,,,,270.24
CID_5322246,Industrial,5322246,C12H12O3,204.22,2.9,1,3,46.5,CCCC1=CC(=O)OC2=C1C=CC(=C2)O,PubChem,,,,Structure_PubChem,204.225,2.4511,1,3,50.44,15,2,2,,,,,204.225
CID_5324648,Industrial,5324648,C12H10O4,218.20,1.7,1,4,63.6,CC1=CC(=O)OC2=C1C=CC(=C2C(=O)C)O,PubChem,,,,Structure_PubChem,218.208,2.0096,1,4,67.51,16,2,1,,,,,218.208
CID_5328811,Industrial,5328811,C9H7NO,145.16,2,1,2,44.0,C1=CC(=CC=C1/C=C/C#N)O,PubChem,,,,Structure_PubChem,145.161,1.929,1,2,44.02,11,1,1,,,,,145.161
CID_5331295,Industrial,5331295,C16H14O3,254.28,3.9,1,3,46.5,COC1=CC=C(C=C1)/C=C/C(=O)C2=CC=CC=C2O,PubChem,,,,Structure_PubChem,254.285,3.2969,1,3,46.53,19,2,4,,,,,254.285
CID_5354284,Industrial,5354284,C10H8O4,192.17,1.1,2,4,66.8,CC1=CC(=O)OC2=CC(=CC(=C12)O)O,PubChem,,,,Structure_PubChem,192.17,1.5126,2,4,70.67,14,2,0,,,,,192.17
CID_5354448,Industrial,5354448,C12H14O,174.24,3.1,0,1,17.1,CC(C)C(=O)/C=C/C1=CC=CC=C1,PubChem,,,,Structure_PubChem,174.243,2.9249,0,1,17.07,13,1,3,,,,,174.243
CID_5355469,Industrial,5355469,C18H18O5,314.3,3.8,1,5,65.0,COC1=CC=C(C=C1)/C=C/C(=O)C2=C(C=C(C=C2OC)OC)O,PubChem,,,,Structure_PubChem,314.337,3.3141,1,5,64.99,23,2,6,,,,,314.337
CID_5355888,Industrial,5355888,C16H14O4,270.28,3.5,2,4,66.8,COC1=CC=C(C=C1)/C=C/C(=O)C2=C(C=CC(=C2)O)O,PubChem,,,,Structure_PubChem,270.284,3.0025,2,4,66.76,20,2,4,,,,,270.284
CID_5356088,Industrial,5356088,C8H6Cl2,173.04,3.4,0,0,0.0,C1=CC=C(C=C1)/C(=C\Cl)/Cl,PubChem,,,,Structure_PubChem,173.042,3.4626,0,0,0.0,10,1,1,,,,,173.042
CID_5356112,Industrial,5356112,C21H30O,298.5,7.6,1,1,20.2,C=CC/C=C/C/C=C/CCCCCCCC1=CC(=CC=C1)O,PubChem,,,,Structure_PubChem,298.47,6.3539,1,1,20.23,22,1,12,,,,,298.47
CID_5356121,Industrial,5356121,C17H16O4,284.31,3.8,1,4,55.8,COC1=CC(=C(C(=C1)OC)C(=O)/C=C/C2=CC=CC=C2)O,PubChem,,,,Structure_PubChem,284.311,3.3055,1,4,55.76,21,2,5,,,,,284.311
CID_5356732,Industrial,5356732,C10H12,132.20,3.5,0,0,0.0,C/C=C/CC1=CC=CC=C1,PubChem,,,,Structure_PubChem,132.206,2.8052,0,0,0.0,10,1,2,,,,,132.206
CID_5356785,Industrial,5356785,C14H12,180.24,4.8,0,0,0.0,C1=CC=C(C=C1)/C=C\C2=CC=CC=C2,PubChem,,,,Structure_PubChem,180.25,3.857,0,0,0.0,14,2,2,,,,,180.25
CID_5357402,Industrial,5357402,C18H15Sn,350.0,,0,0,0.0,C1=CC=C(C=C1)[Sn](C2=CC=CC=C2)C3=CC=CC=C3,PubChem,,,,Structure_PubChem,350.029,2.2028,0,0,0.0,19,3,3,,,,,350.029
CID_5357488,Industrial,5357488,C17H16O4,284.31,4,1,4,55.8,COC1=CC=C(C=C1)/C=C/C(=O)C2=C(C=C(C=C2)OC)O,PubChem,,,,Structure_PubChem,284.311,3.3055,1,4,55.76,21,2,5,,,,,284.311
CID_5359485,Industrial,5359485,C14H10O5,258.23,2.9,3,5,87.0,CC1=CC(=CC2=C1C3=C(C(=CC(=C3)O)O)C(=O)O2)O,PubChem,,,,Structure_PubChem,258.229,2.3714,3,5,90.9,19,3,0,,,,,258.229
CID_5370618,Industrial,5370618,C11H14,146.23,3.9,0,0,0.0,CCC/C=C/C1=CC=CC=C1,PubChem,,,,Structure_PubChem,146.233,3.4999,0,0,0.0,11,1,3,,,,,146.233
CID_5370622,Industrial,5370622,C10H12,132.20,3.6,0,0,0.0,CC/C=C/C1=CC=CC=C1,PubChem,,,,Structure_PubChem,132.206,3.1098,0,0,0.0,10,1,2,,,,,132.206
CID_5370638,Industrial,5370638,C16H16,208.30,4.8,0,0,0.0,C1=CC=C(C=C1)C/C=C/CC2=CC=CC=C2,PubChem,,,,Structure_PubChem,208.304,4.028,0,0,0.0,16,2,4,,,,,208.304
CID_5370646,Industrial,5370646,C11H12O,160.21,2.1,0,1,17.1,C/C(=C\C1=CC=CC=C1)/C(=O)C,PubChem,,,,Structure_PubChem,160.216,2.6789,0,1,17.07,12,1,2,,,,,160.216
CID_5371102,Industrial,5371102,C13H16O3,220.26,4.4,1,3,46.5,CC/C=C\CCOC(=O)C1=CC=CC=C1O,PubChem,,,,Structure_PubChem,220.268,2.9053,1,3,46.53,16,1,5,,,,,220.268
CID_5371758,Industrial,5371758,C10H10,130.19,3.6,0,0,0.0,C=C/C=C/C1=CC=CC=C1,PubChem,,,,Structure_PubChem,130.19,2.8858,0,0,0.0,10,1,2,,,,,130.19
CID_5375252,Industrial,5375252,C10H8O4,192.17,0.8,2,4,66.8,CC1=CC(=O)C2=C(C=C(C=C2O1)O)O,PubChem,,,,Structure_PubChem,192.17,1.5126,2,4,70.67,14,2,0,,,,,192.17
CID_5375465,Industrial,5375465,C14H12O,196.24,3.9,1,1,20.2,C1=CC=C(C=C1)/C=C/C2=CC(=CC=C2)O,PubChem,,,,Structure_PubChem,196.249,3.5626,1,1,20.23,15,2,2,,,,,196.249
CID_5376036,Industrial,5376036,C13H8O3,212.20,3.6,1,3,46.5,C1=CC=C2C(=C1)C(=O)C3=C(C=CC=C3O2)O,PubChem,,,,Structure_PubChem,212.204,2.6518,1,3,50.44,16,3,0,,,,,212.204
CID_5376733,Industrial,5376733,C18H16,232.3,6.1,0,0,0.0,C1=CC=C(C=C1)/C=C/C=C/C=C/C2=CC=CC=C2,PubChem,,,,Structure_PubChem,232.326,4.9694,0,0,0.0,18,2,4,,,,,232.326
CID_5380645,Industrial,5380645,C16H14O3,254.28,4.1,1,3,46.5,COC1=CC(=C(C=C1)C(=O)/C=C/C2=CC=CC=C2)O,PubChem,,,,Structure_PubChem,254.285,3.2969,1,3,46.53,19,2,4,,,,,254.285
CID_5380976,Industrial,5380976,C16H12O3,252.26,3.1,1,3,46.5,CC1=C(C(=O)C2=C(O1)C=C(C=C2)O)C3=CC=CC=C3,PubChem,,,,Structure_PubChem,252.269,3.474,1,3,50.44,19,3,1,,,,,252.269
CID_5391140,Industrial,5391140,C15H10O4,254.24,3.3,2,4,66.8,C1=CC(=CC(=C1)O)C2=CC(=O)C3=C(O2)C=C(C=C3)O,PubChem,,,,Structure_PubChem,254.241,2.8712,2,4,70.67,19,3,1,,,,,254.241
CID_5391149,Industrial,5391149,C15H10O4,254.24,3.3,2,4,66.8,C1=CC=C(C(=C1)C2=CC(=O)C3=C(O2)C=C(C=C3)O)O,PubChem,,,,Structure_PubChem,254.241,2.8712,2,4,70.67,19,3,1,,,,,254.241
CID_5391151,Industrial,5391151,C16H12O3,252.26,3.6,1,3,46.5,CC1=C(OC2=C(C1=O)C=CC(=C2)O)C3=CC=CC=C3,PubChem,,,,Structure_PubChem,252.269,3.474,1,3,50.44,19,3,1,,,,,252.269
CID_5393151,Industrial,5393151,C15H10O4,254.24,2.6,2,4,66.8,C1=CC=C(C=C1)C2=C(C(=O)C3=C(C=CC=C3O2)O)O,PubChem,,,,Structure_PubChem,254.241,2.8712,2,4,70.67,19,3,1,,,,,254.241
CID_5393152,Industrial,5393152,C15H10O4,254.24,3,2,4,66.8,C1=CC=C(C=C1)C2=C(C(=O)C3=C(O2)C=C(C=C3)O)O,PubChem,,,,Structure_PubChem,254.241,2.8712,2,4,70.67,19,3,1,,,,,254.241
CID_5393176,Industrial,5393176,C15H10O3,238.24,3.2,1,3,46.5,C1=CC=C(C=C1)C2=CC3=C(C=C(C=C3)O)OC2=O,PubChem,,,,Structure_PubChem,238.242,3.1656,1,3,50.44,18,3,1,,,,,238.242
CID_5411574,Industrial,5411574,C11H8O4,204.18,1.8,1,4,63.6,CC(=O)C1=C(C=CC2=C1OC(=O)C=C2)O,PubChem,,,,Structure_PubChem,204.181,1.7012,1,4,67.51,15,2,1,,,,,204.181
CID_5412990,Industrial,5412990,C11H10O3,190.19,2.3,1,3,46.5,CC1=C(C(=O)OC2=C1C=CC(=C2)O)C,PubChem,,,,Structure_PubChem,190.198,2.1154,1,3,50.44,14,2,0,,,,,190.198
CID_5462907,Industrial,5462907,C10H12,132.20,3.6,0,0,0.0,CC/C=C\C1=CC=CC=C1,PubChem,,,,Structure_PubChem,132.206,3.1098,0,0,0.0,10,1,2,,,,,132.206
CID_5463403,Industrial,5463403,C9H10O,134.17,2.6,1,1,20.2,C/C=C/C1=CC=CC=C1O,PubChem,,,,Structure_PubChem,134.178,2.4253,1,1,20.23,10,1,1,,,,,134.178
CID_5463415,Industrial,5463415,C12H13N,171.24,3.4,0,1,23.8,CCC/C=C(\C#N)/C1=CC=CC=C1,PubChem,,,,Structure_PubChem,171.243,3.3937,0,1,23.79,13,1,3,,,,,171.243
CID_5463804,Industrial,5463804,C12H13N,171.24,3.1,0,1,23.8,CC(CC1=CC=CC=C1)(C=C)C#N,PubChem,,,,Structure_PubChem,171.243,2.945,0,1,23.79,13,1,3,,,,,171.243
CID_5468522,Industrial,5468522,C18H24O,256.4,6.1,1,1,20.2,CC(=CCC[C@@](C)(C=C)/C=C/C1=CC=C(C=C1)O)C,PubChem,,,,Structure_PubChem,256.389,5.3441,1,1,20.23,19,1,6,,,,,256.389
CID_5470819,Industrial,5470819,C13H16O,188.26,4.2,1,1,20.2,CC(C)(C=C)/C=C/C1=CC=C(C=C1)O,PubChem,,,,Structure_PubChem,188.27,3.6176,1,1,20.23,14,1,3,,,,,188.27
CID_5474441,Industrial,5474441,C9H10O,134.17,2.6,1,1,20.2,C/C=C/C1=CC=C(C=C1)O,PubChem,,,,Structure_PubChem,134.178,2.4253,1,1,20.23,10,1,1,,,,,134.178
CID_5481961,Industrial,5481961,C20H18O6,354.4,3.6,4,6,107.0,CC(=CCC1=C(OC2=CC(=CC(=C2C1=O)O)O)C3=C(C=C(C=C3)O)O)C,PubChem,,,,Structure_PubChem,354.358,3.7911,4,6,111.13,26,3,3,,,,,354.358
CID_5481970,Industrial,5481970,C15H10O6,286.24,1.4,4,6,107.0,C1=CC(=C(C=C1O)O)C2=CC(=O)C3=C(C=C(C=C3O2)O)O,PubChem,,,,Structure_PubChem,286.239,2.2824,4,6,111.13,21,3,1,,,,,286.239
CID_5489487,Industrial,5489487,C22H28O5,372.5,5.5,2,5,83.8,CCCC1=CC(=O)OC2=C1C(=C(C(=C2C(=O)CC(C)C)O)CC=C(C)C)O,PubChem,,,,Structure_PubChem,372.461,4.8942,2,5,87.74,27,2,7,,,,,372.461
CID_5704879,Industrial,5704879,C14H12O,196.24,3.8,1,1,20.2,C1=CC=C(C=C1)/C=C/C2=CC=CC=C2O,PubChem,,,,Structure_PubChem,196.249,3.5626,1,1,20.23,15,2,2,,,,,196.249
CID_5708783,Industrial,5708783,C12H12O,172.22,2.7,0,1,17.1,CC(=O)/C=C/C=C/C1=CC=CC=C1,PubChem,,,,Structure_PubChem,172.227,2.845,0,1,17.07,13,1,3,,,,,172.227
CID_5711223,Industrial,5711223,C16H14O4,270.28,3.7,2,4,66.8,COC1=CC=C(C=C1)/C=C/C(=O)C2=C(C=C(C=C2)O)O,PubChem,,,,Structure_PubChem,270.284,3.0025,2,4,66.76,20,2,4,,,,,270.284
CID_5748555,Industrial,5748555,C25H26O5,406.5,5.8,2,5,83.8,CC(C)CC(=O)C1=C(C(=C(C2=C1OC(=O)C=C2C3=CC=CC=C3)O)CC=C(C)C)O,PubChem,,,,Structure_PubChem,406.478,5.6087,2,5,87.74,30,3,6,,,,,406.478
CID_5791138,Industrial,5791138,C9H10O,134.17,2.6,1,1,20.2,C/C=C\C1=CC=C(C=C1)O,PubChem,,,,Structure_PubChem,134.178,2.4253,1,1,20.23,10,1,1,,,,,134.178
CID_5793914,Industrial,5793914,C15H14O,210.27,4.1,1,1,20.2,C1=CC=C(C=C1)/C=C/CC2=CC=C(C=C2)O,PubChem,,,,Structure_PubChem,210.276,3.6481,1,1,20.23,16,2,3,,,,,210.276
CID_5961410,Industrial,5961410,C20H20O3,308.4,5.4,1,3,46.5,CC(=CCOC1=CC(=C(C=C1)C(=O)/C=C/C2=CC=CC=C2)O)C,PubChem,,,,Structure_PubChem,308.377,4.6333,1,3,46.53,23,2,6,,,,,308.377
CID_6021887,Industrial,6021887,C13H16O3,220.26,4.4,1,3,46.5,CC/C=C/CCOC(=O)C1=CC=CC=C1O,PubChem,,,,Structure_PubChem,220.268,2.9053,1,3,46.53,16,1,5,,,,,220.268
CID_6161915,Industrial,6161915,C16H14O4,270.28,3.5,2,4,66.8,COC1=CC=CC=C1/C=C/C(=O)C2=C(C=C(C=C2)O)O,PubChem,,,,Structure_PubChem,270.284,3.0025,2,4,66.76,20,2,4,,,,,270.284
CID_6293081,Industrial,6293081,C17H16O5,300.30,3.5,2,5,76.0,COC1=CC(=C(C(=C1)OC)C(=O)/C=C/C2=CC=C(C=C2)O)O,PubChem,,,,Structure_PubChem,300.31,3.0111,2,5,75.99,22,2,5,,,,,300.31
CID_6327116,Industrial,6327116,C6H6O2P+,141.08,0.9,1,2,37.3,C1=CC=C(C=C1)[P+](=O)O,PubChem,,,,Structure_PubChem,141.086,1.0466,1,1,37.3,9,1,1,,,,,141.086
CID_6327322,Industrial,6327322,C7H8ClSi,155.67,,0,0,0.0,C[Si](C1=CC=CC=C1)Cl,PubChem,,,,Structure_PubChem,155.68,1.7537,0,0,0.0,9,1,1,,,,,155.68
CID_6327324,Industrial,6327324,C6H5Cl2Si,176.09,,0,0,0.0,C1=CC=C(C=C1)[Si](Cl)Cl,PubChem,,,,Structure_PubChem,176.098,1.8594,0,0,0.0,9,1,1,,,,,176.098
CID_6327527,Industrial,6327527,C7H7Se,170.10,,0,0,0.0,CC1=CC=CC=C1[Se],PubChem,,,,Structure_PubChem,170.093,0.7888,0,0,0.0,8,1,0,,,,,170.093
CID_6327539,Industrial,6327539,C6H5ClSi,140.64,,0,0,0.0,C1=CC=C(C=C1)[Si]Cl,PubChem,,,,Structure_PubChem,140.645,1.1699,0,0,0.0,8,1,1,,,,,140.645
CID_6327608,Industrial,6327608,C6H5Se,156.07,,0,0,0.0,C1=CC=C(C=C1)[Se],PubChem,,,,Structure_PubChem,156.066,0.4804,0,0,0.0,7,1,0,,,,,156.066
CID_6327628,Industrial,6327628,C6H5Si,105.19,,0,0,0.0,C1=CC=C(C=C1)[Si],PubChem,,,,Structure_PubChem,105.192,0.4804,0,0,0.0,7,1,0,,,,,105.192
CID_6327655,Industrial,6327655,C7H8Si,120.22,,0,0,0.0,C[Si]C1=CC=CC=C1,PubChem,,,,Structure_PubChem,120.227,1.0642,0,0,0.0,8,1,1,,,,,120.227
CID_6327656,Industrial,6327656,C8H11Si,135.26,,0,0,0.0,C[Si](C)C1=CC=CC=C1,PubChem,,,,Structure_PubChem,135.262,1.648,0,0,0.0,9,1,1,,,,,135.262
CID_6327659,Industrial,6327659,C12H10Si,182.29,,0,0,0.0,C1=CC=C(C=C1)[Si]C2=CC=CC=C2,PubChem,,,,Structure_PubChem,182.298,1.3416,0,0,0.0,13,2,2,,,,,182.298
CID_6327689,Industrial,6327689,C12H10As,229.13,,0,0,0.0,C1=CC=C(C=C1)[As]C2=CC=CC=C2,PubChem,,,,Structure_PubChem,229.134,1.3416,0,0,0.0,13,2,2,,,,,229.134
CID_6328729,Industrial,6328729,C10H16Si2,192.40,,0,0,0.0,C[Si](C)C1=CC=C(C=C1)[Si](C)C,PubChem,,,,Structure_PubChem,192.41,1.6094,0,0,0.0,12,1,2,,,,,192.41
CID_6329252,Industrial,6329252,C9H11Si,147.27,,0,0,0.0,C[Si](C=C)C1=CC=CC=C1,PubChem,,,,Structure_PubChem,147.273,1.7434,0,0,0.0,10,1,2,,,,,147.273
CID_6333379,Industrial,6333379,C7H7Se,170.10,,0,0,0.0,CC1=CC=C(C=C1)[Se],PubChem,,,,Structure_PubChem,170.093,0.7888,0,0,0.0,8,1,0,,,,,170.093
CID_6364799,Industrial,6364799,C16H12O2,236.26,3.3,0,2,26.3,C1/C(=C\C2=CC=CC=C2)/C(=O)C3=CC=CC=C3O1,PubChem,,,,Structure_PubChem,236.27,3.3453,0,2,26.3,18,3,1,,,,,236.27
CID_6364990,Industrial,6364990,C6H5NaO2P+,163.07,,0,2,40.1,C1=CC=C(C=C1)[P+](=O)[O-].[Na+],PubChem,,,,Structure_PubChem,163.068,-2.5814,0,2,40.13,10,1,1,,,,,163.068
CID_6372315,Industrial,6372315,C12H14,158.24,4.2,0,0,0.0,CC(=C/C=C/C1=CC=CC=C1)C,PubChem,,,,Structure_PubChem,158.244,3.666,0,0,0.0,12,1,2,,,,,158.244
CID_6393846,Industrial,6393846,C10H12O,148.20,2.3,1,1,20.2,C/C(=C\C1=CC=CC=C1)/CO,PubChem,,,,Structure_PubChem,148.205,2.0822,1,1,20.23,11,1,2,,,,,148.205
CID_6396630,Industrial,6396630,C6H5F2P,146.07,2.6,0,2,0.0,C1=CC=C(C=C1)P(F)F,PubChem,,,,Structure_PubChem,146.076,2.5628,0,0,0.0,9,1,1,,,,,146.076
CID_6432319,Industrial,6432319,C3H5O,57.07,-0.1,0,1,17.1,CC(=O)[CH2],PubChem,,,,Structure_PubChem,57.072,0.4095,0,1,17.07,4,0,0,,,,,57.072
CID_6432324,Industrial,6432324,C3H7O,59.09,0.3,1,1,20.2,[CH2]CCO,PubChem,,,,Structure_PubChem,59.088,0.2029,1,1,20.23,4,0,1,,,,,59.088
CID_6432439,Industrial,6432439,C2H5O,45.06,-0.1,1,1,20.2,[CH2]CO,PubChem,,,,Structure_PubChem,45.061,-0.1872,1,1,20.23,3,0,0,,,,,45.061
CID_6442188,Industrial,6442188,C15H14O,210.27,4.2,1,1,20.2,CC1=CC=C(C=C1)/C=C/C2=CC=C(C=C2)O,PubChem,,,,Structure_PubChem,210.276,3.871,1,1,20.23,16,2,2,,,,,210.276
CID_6912034,Industrial,6912034,C3H6O,59.09,-0.1,0,1,17.1,[2H]CC(=O)C,PubChem,,,,Structure_PubChem,59.0861,0.5953,0,1,17.07,4,0,0,,,,,59.0861
CID_9548678,Industrial,9548678,C14H12O,196.24,4.1,1,1,20.2,C1=CC=C(C=C1)/C=C\C2=CC=C(C=C2)O,PubChem,,,,Structure_PubChem,196.249,3.5626,1,1,20.23,15,2,2,,,,,196.249
CID_9818919,Industrial,9818919,C16H13NO7,331.28,2.9,0,7,108.0,CC(=O)OC1=CC=CC=C1C(=O)OC2=CC=C(C=C2)CO[N+](=O)[O-],PubChem,,,,Structure_PubChem,331.28,2.5394,0,7,104.97,24,2,6,,,,,331.28
CID_9837937,Industrial,9837937,C15H10O4,254.24,2.8,2,4,66.8,C1=CC(=CC=C1/C=C/2\C3=C(C=C(C=C3)O)OC2=O)O,PubChem,,,,Structure_PubChem,254.241,2.5574,2,4,66.76,19,3,1,,,,,254.241
CID_9838158,Industrial,9838158,C15H20O4,264.32,5.2,2,4,74.6,CCCCCCCC(=O)C1=CC(=C(C=C1)O)C(=O)O,PubChem,,,,Structure_PubChem,264.321,3.6336,2,3,74.6,19,1,8,,,,,264.321
CID_9905405,Industrial,9905405,C15H22N2O6,326.34,,4,8,153.0,CC(=O)OC1=CC=CC=C1C(=O)O.C(CCN)CC(C(=O)O)N,PubChem,,,,Structure_PubChem,326.349,0.8374,4,6,152.94,23,1,7,,,,,326.349
CID_9942464,Industrial,9942464,C6H5F5S,204.16,5.2,0,5,1.0,C1=CC=C(C=C1)S(F)(F)(F)(F)F,PubChem,,,,Structure_PubChem,204.163,4.344,0,0,0.0,12,1,1,,,,,204.163
CID_10014185,Industrial,10014185,C16H24O,232.36,5.8,1,1,20.2,CCCCCC/C=C/CCC1=CC=C(C=C1)O,PubChem,,,,Structure_PubChem,232.367,4.8514,1,1,20.23,17,1,8,,,,,232.367
CID_10057438,Industrial,10057438,C3H5FO,75.07,0.3,0,2,17.1,CC(=O)C[18F],PubChem,,,,Structure_PubChem,75.0729,0.5449,0,1,17.07,5,0,1,,,,,75.0729
CID_10171417,Industrial,10171417,C6H4FIO,238.00,2.3,1,2,20.2,C1=CC(=C(C=C1F)I)O,PubChem,,,,Structure_PubChem,237.999,2.1359,1,1,20.23,9,1,0,,,,,237.999
CID_10176507,Industrial,10176507,C7H5F3OS,194.18,3.3,1,5,45.5,C1=CC=C(C(=C1)O)SC(F)(F)F,PubChem,,,,Structure_PubChem,194.177,3.0041,1,2,20.23,12,1,1,,,,,194.177
CID_10262345,Industrial,10262345,C14H20O,204.31,4.7,1,1,20.2,CCCC/C=C/CCC1=CC=C(C=C1)O,PubChem,,,,Structure_PubChem,204.313,4.0712,1,1,20.23,15,1,6,,,,,204.313
CID_10263365,Industrial,10263365,C16H24O,232.36,5.8,1,1,20.2,CCCCC/C=C/CCCC1=CC=C(C=C1)O,PubChem,,,,Structure_PubChem,232.367,4.8514,1,1,20.23,17,1,8,,,,,232.367
CID_10285773,Industrial,10285773,C2H6O,48.07,-0.1,1,1,20.2,CC[18OH],PubChem,,,,Structure_PubChem,48.0692,-0.0014,1,1,20.23,3,0,0,,,,,48.0692
CID_10405322,Industrial,10405322,C6H4I2O,345.90,2.9,1,1,20.2,C1=CC(=C(C(=C1)I)O)I,PubChem,,,,Structure_PubChem,345.905,2.6014,1,1,20.23,9,1,0,,,,,345.905
CID_10421515,Industrial,10421515,C7H7IO,234.03,2.5,1,1,20.2,CC1=C(C=CC(=C1)O)I,PubChem,,,,Structure_PubChem,234.036,2.3052,1,1,20.23,9,1,0,,,,,234.036
CID_10448266,Industrial,10448266,C6H5ClHg,313.15,,0,1,0.0,C1=CC=C(C=C1)[Hg+].[Cl-],PubChem,,,,Structure_PubChem,313.149,-2.1373,0,0,0.0,8,1,0,,,,,313.149
CID_10558640,Industrial,10558640,C6H5FO2,128.10,1.4,2,3,40.5,C1=CC(=C(C=C1O)O)F,PubChem,,,,Structure_PubChem,128.102,1.2369,2,2,40.46,9,1,0,,,,,128.102
CID_10678246,Industrial,10678246,C6H5FO2,128.10,1.3,2,3,40.5,C1=CC(=C(C(=C1)O)F)O,PubChem,,,,Structure_PubChem,128.102,1.2369,2,2,40.46,9,1,0,,,,,128.102
CID_10820672,Industrial,10820672,C6H4F2O2,146.09,1.4,2,4,40.5,C1=C(C(=CC(=C1O)F)F)O,PubChem,,,,Structure_PubChem,146.092,1.376,2,2,40.46,10,1,0,,,,,146.092
CID_10844515,Industrial,10844515,C6H4F2O2,146.09,1.4,2,4,40.5,C1=CC(=C(C(=C1O)F)O)F,PubChem,,,,Structure_PubChem,146.092,1.376,2,2,40.46,10,1,0,,,,,146.092
CID_10855399,Industrial,10855399,C8H8,107.17,2.9,0,0,0.0,[2H]C(=C([2H])C1=CC=CC=C1)[2H],PubChem,,,,Structure_PubChem,107.1703,2.3296,0,0,0.0,8,1,1,,,,,107.1703
CID_10856328,Industrial,10856328,C6H5ClO3S,192.62,2,0,3,51.8,C1=CC=C(C=C1)OS(=O)(=O)Cl,PubChem,,,,Structure_PubChem,192.623,1.549,0,3,43.37,11,1,2,,,,,192.623
CID_10891676,Industrial,10891676,C3H5ClHgO,293.11,,0,1,17.1,CC(=O)C[Hg]Cl,PubChem,,,,Structure_PubChem,293.115,1.23,0,1,17.07,6,0,2,,,,,293.115
CID_10898650,Industrial,10898650,C7H7Li,98.1,,0,1,0.0,[Li+].[CH2-]C1=CC=CC=C1,PubChem,,,,Structure_PubChem,98.074,-1.1272,0,0,0.0,8,1,0,,,,,98.074
CID_10914234,Industrial,10914234,C14H11IO,322.14,4.5,1,1,20.2,C1=CC(=CC(=C1)I)/C=C/C2=CC=C(C=C2)O,PubChem,,,,Structure_PubChem,322.145,4.1672,1,1,20.23,16,2,2,,,,,322.145
CID_10930334,Industrial,10930334,C30H58Sn2,656.2,,0,0,0.0,CCCC[Sn](CCCC)(CCCC)C1=CC=C(C=C1)[Sn](CCCC)(CCCC)CCCC,PubChem,,,,Structure_PubChem,656.216,9.7988,0,0,0.0,32,1,20,,,,,656.216
CID_10946274,Industrial,10946274,C18H28O3,292.4,7.3,2,3,57.5,CCCCCCCCCCCC1=C(C(=CC=C1)O)C(=O)O,PubChem,,,,Structure_PubChem,292.419,5.1637,2,2,57.53,21,1,11,,,,,292.419
CID_10954891,Industrial,10954891,C9H6CrO3,214.14,,0,3,3.0,[C-]#[O+].[C-]#[O+].[C-]#[O+].C1=CC=CC=C1.[Cr],PubChem,,,,Structure_PubChem,214.14,1.5716,0,0,59.7,13,1,0,,,,,214.14
CID_10962144,Industrial,10962144,C12H12Cl4Ru2,500.2,,0,0,0.0,C1=CC=CC=C1.C1=CC=CC=C1.Cl[Ru]Cl.Cl[Ru]Cl,PubChem,,,,Structure_PubChem,500.18,6.1262,0,0,0.0,18,2,0,,,,,500.18
CID_10975459,Industrial,10975459,C6H5LiS,116.1,,0,1,1.0,[Li+].C1=CC=C(C=C1)[S-],PubChem,,,,Structure_PubChem,116.114,-1.4036,0,1,0.0,8,1,0,,,,,116.114
CID_10986776,Industrial,10986776,C12H14O,174.24,3.6,1,1,20.2,C1CC=CC(C1)C2=CC=CC=C2O,PubChem,,,,Structure_PubChem,174.243,3.2159,1,1,20.23,13,2,1,,,,,174.243
CID_10997068,Industrial,10997068,CH4ClCuO,131.04,,1,1,20.2,CO.Cl[Cu],PubChem,,,,Structure_PubChem,131.041,0.2955,1,1,20.23,4,0,0,,,,,131.041
CID_11007810,Industrial,11007810,C3H6O,59.07,-0.1,0,1,17.1,C[13C](=O)C,PubChem,,,,Structure_PubChem,59.0724,0.5953,0,1,17.07,4,0,0,,,,,59.0724
CID_11008040,Industrial,11008040,C6H5ClS,144.62,2.8,0,1,25.3,C1=CC=C(C=C1)SCl,PubChem,,,,Structure_PubChem,144.626,2.9325,0,1,0.0,8,1,1,,,,,144.626
CID_11018996,Industrial,11018996,C11H12,144.21,3.9,0,0,0.0,C=C/C=C/CC1=CC=CC=C1,PubChem,,,,Structure_PubChem,144.217,2.9713,0,0,0.0,11,1,3,,,,,144.217
CID_11030308,Industrial,11030308,C6H7NO3S,173.19,0.6,1,4,77.8,C1=CC=C(C=C1)OS(=O)(=O)N,PubChem,,,,Structure_PubChem,173.193,0.2689,1,3,69.39,11,1,2,,,,,173.193
CID_11042360,Industrial,11042360,C12H10KP,224.28,,0,1,0.0,C1=CC=C(C=C1)[P-]C2=CC=CC=C2.[K+],PubChem,,,,Structure_PubChem,224.284,-0.4124,0,0,0.0,14,2,2,,,,,224.284
CID_11073333,Industrial,11073333,CH4O,38.066,-0.5,1,1,20.2,[3H]C([3H])([3H])O,PubChem,,,,Structure_PubChem,38.0661,-0.3915,1,1,20.23,2,0,0,,,,,38.0661
CID_11085696,Industrial,11085696,C7H7IO,234.03,2.6,1,1,20.2,CC1=CC(=C(C=C1)I)O,PubChem,,,,Structure_PubChem,234.036,2.3052,1,1,20.23,9,1,0,,,,,234.036
CID_11094532,Industrial,11094532,CH4O,34.050,-0.5,1,1,20.2,[3H]CO,PubChem,,,,Structure_PubChem,34.05,-0.3915,1,1,20.23,2,0,0,,,,,34.05
CID_11126172,Industrial,11126172,C3H6O,60.07,-0.1,0,1,17.1,C[14C](=O)C,PubChem,,,,Structure_PubChem,60.0722,0.5953,0,1,17.07,4,0,0,,,,,60.0722
CID_11130460,Industrial,11130460,C14H16Sn,302.99,,0,0,0.0,C[Sn](C)(C1=CC=CC=C1)C2=CC=CC=C2,PubChem,,,,Structure_PubChem,302.993,2.5092,0,0,0.0,15,2,2,,,,,302.993
CID_11205710,Industrial,11205710,CH4O,33.035,-0.5,1,1,20.2,[13CH3]O,PubChem,,,,Structure_PubChem,33.0344,-0.3915,1,1,20.23,2,0,0,,,,,33.0344
CID_11206621,Industrial,11206621,C14H12O2,212.24,3.5,2,2,40.5,C1=CC=C(C(=C1)/C=C/C2=CC=CC=C2O)O,PubChem,,,,Structure_PubChem,212.248,3.2682,2,2,40.46,16,2,2,,,,,212.248
CID_11213424,Industrial,11213424,C6H4FSe,174.06,,0,1,0.0,C1=CC(=CC=C1F)[Se],PubChem,,,,Structure_PubChem,174.056,0.6195,0,0,0.0,8,1,0,,,,,174.056
CID_11266523,Industrial,11266523,C21H30O,298.5,7.6,1,1,20.2,C=CC/C=C\C/C=C\CCCCCCCC1=CC(=CC=C1)O,PubChem,,,,Structure_PubChem,298.47,6.3539,1,1,20.23,22,1,12,,,,,298.47
CID_11309472,Industrial,11309472,C6H6,84.068,2.1,0,0,0.0,[13CH]1=[13CH][13CH]=[13CH][13CH]=[13CH]1,PubChem,,,,Structure_PubChem,84.0681,1.6866,0,0,0.0,6,1,0,,,,,84.0681
CID_11332416,Industrial,11332416,C6H6,83.14,2.1,0,0,0.0,[2H]C1=CC(=C(C(=C1[2H])[2H])[2H])[2H],PubChem,,,,Structure_PubChem,83.1445,1.6866,0,0,0.0,6,1,0,,,,,83.1445
CID_11349817,Industrial,11349817,C25H26O4,390.5,6.3,2,4,66.8,CC(=CCC1=CC2=C(C=C1O)OC(=CC2=O)C3=CC(=C(C=C3)O)CC=C(C)C)C,PubChem,,,,Structure_PubChem,390.479,5.8886,2,4,70.67,29,3,5,,,,,390.479
CID_11424093,Industrial,11424093,C6H5ClO3S,192.62,1.5,1,3,62.8,C1=CC(=CC=C1O)S(=O)(=O)Cl,PubChem,,,,Structure_PubChem,192.623,1.3197,1,3,54.37,11,1,1,,,,,192.623
CID_11426472,Industrial,11426472,C7H6BrI,296.93,3.4,0,0,0.0,C1=CC=C(C(=C1)CBr)I,PubChem,,,,Structure_PubChem,296.933,3.1861,0,0,0.0,9,1,1,,,,,296.933
CID_11434908,Industrial,11434908,C3H6O,61.057,-0.1,0,1,17.1,[13CH3][13C](=O)[13CH3],PubChem,,,,Structure_PubChem,61.0571,0.5953,0,1,17.07,4,0,0,,,,,61.0571
CID_11572816,Industrial,11572816,C7H4F3IO,288.01,3.1,1,4,20.2,C1=CC(=C(C=C1C(F)(F)F)I)O,PubChem,,,,Structure_PubChem,288.006,3.0156,1,1,20.23,12,1,0,,,,,288.006
CID_11587026,Industrial,11587026,C18H16O2,264.3,4.8,2,2,40.5,C1=CC(=CC=C1/C=C/C=C/C=C/C2=CC=C(C=C2)O)O,PubChem,,,,Structure_PubChem,264.324,4.3806,2,2,40.46,20,2,4,,,,,264.324
CID_11636788,Industrial,11636788,C3H6O,60.08,-0.1,0,1,17.1,CC(=[18O])C,PubChem,,,,Structure_PubChem,60.0802,0.5953,0,1,17.07,4,0,0,,,,,60.0802
CID_11644907,Industrial,11644907,C15H10O6,286.24,0,3,6,104.0,C1=CC(C=CC1=O)(C2=CC(=O)C3=C(C=C(C=C3O2)O)O)O,PubChem,,,,Structure_PubChem,286.239,1.0869,3,6,107.97,21,3,1,,,,,286.239
CID_11658299,Industrial,11658299,C9H8O,132.16,2.2,1,1,20.2,C#CCC1=CC=CC=C1O,PubChem,,,,Structure_PubChem,132.162,1.5679,1,1,20.23,10,1,1,,,,,132.162
CID_11750116,Industrial,11750116,C25H26O5,406.5,5.9,2,5,83.8,CCC(C)C(=O)C1=C(C(=C(C2=C1OC(=O)C=C2C3=CC=CC=C3)O)CC=C(C)C)O,PubChem,,,,Structure_PubChem,406.478,5.6087,2,5,87.74,30,3,6,,,,,406.478
CID_11760302,Industrial,11760302,C6H2F2I2,365.89,3.4,0,2,0.0,C1=CC(=C(C(=C1I)F)F)I,PubChem,,,,Structure_PubChem,365.886,3.174,0,0,0.0,10,1,0,,,,,365.886
CID_11788253,Industrial,11788253,CH4O,37.059,-0.5,1,1,20.2,[2H][13C]([2H])([2H])O[2H],PubChem,,,,Structure_PubChem,37.0588,-0.3915,1,1,20.23,2,0,0,,,,,37.0588
CID_11789364,Industrial,11789364,C6H5KS,148.27,,0,1,1.0,C1=CC=C(C=C1)[S-].[K+],PubChem,,,,Structure_PubChem,148.271,-1.4036,0,1,0.0,8,1,0,,,,,148.271
CID_11815295,Industrial,11815295,C6H5LiO,100.1,,0,1,23.1,[Li+].C1=CC=C(C=C1)[O-],PubChem,,,,Structure_PubChem,100.046,-2.2358,0,1,23.06,8,1,0,,,,,100.046
CID_11815823,Industrial,11815823,C7H8,97.17,2.7,0,0,0.0,[2H]C1=C(C(=C(C(=C1[2H])[2H])C)[2H])[2H],PubChem,,,,Structure_PubChem,97.1715,1.995,0,0,0.0,7,1,0,,,,,97.1715
CID_11820250,Industrial,11820250,C14H20O,204.31,5,1,1,20.2,CCC/C=C/CCCC1=CC=C(C=C1)O,PubChem,,,,Structure_PubChem,204.313,4.0712,1,1,20.23,15,1,6,,,,,204.313
CID_12197630,Industrial,12197630,C4H6O2,92.13,-1.3,0,2,34.1,[2H]C([2H])([2H])C(=O)C(=O)C([2H])([2H])[2H],PubChem,,,,Structure_PubChem,92.1266,0.1644,0,2,34.14,6,0,1,,,,,92.1266
CID_12200356,Industrial,12200356,C4H8O,73.11,0.3,0,1,17.1,[2H]C(C)C(=O)C,PubChem,,,,Structure_PubChem,73.1131,0.9854,0,1,17.07,5,0,1,,,,,73.1131
CID_12200359,Industrial,12200359,C4H8O,75.12,0.3,0,1,17.1,[2H]C([2H])([2H])CC(=O)C,PubChem,,,,Structure_PubChem,75.1253,0.9854,0,1,17.07,5,0,1,,,,,75.1253
CID_12200360,Industrial,12200360,C4H8O,73.11,0.3,0,1,17.1,[2H]CC(=O)CC,PubChem,,,,Structure_PubChem,73.1131,0.9854,0,1,17.07,5,0,1,,,,,73.1131
CID_12201030,Industrial,12201030,C3H8O,62.11,0.3,1,1,20.2,[2H]C([2H])(C)CO,PubChem,,,,Structure_PubChem,62.1082,0.3887,1,1,20.23,4,0,1,,,,,62.1082
CID_12201031,Industrial,12201031,C3H8O,62.09,0.3,1,1,20.2,CC[14CH2]O,PubChem,,,,Structure_PubChem,62.0882,0.3887,1,1,20.23,4,0,1,,,,,62.0882
CID_12201032,Industrial,12201032,C3H8O,67.14,0.3,1,1,20.2,[2H]C([2H])([2H])C([2H])([2H])C([2H])([2H])O,PubChem,,,,Structure_PubChem,67.1387,0.3887,1,1,20.23,4,0,1,,,,,67.1387
CID_12201035,Industrial,12201035,C3H8O,62.11,0.3,1,1,20.2,[2H]C(C)C([2H])O,PubChem,,,,Structure_PubChem,62.1082,0.3887,1,1,20.23,4,0,1,,,,,62.1082
CID_12201037,Industrial,12201037,C3H8O,61.10,0.3,1,1,20.2,[2H]C(CC)O,PubChem,,,,Structure_PubChem,61.1021,0.3887,1,1,20.23,4,0,1,,,,,61.1021
CID_12201038,Industrial,12201038,C3H8O,62.11,0.3,1,1,20.2,[2H]C([2H])(CC)O,PubChem,,,,Structure_PubChem,62.1082,0.3887,1,1,20.23,4,0,1,,,,,62.1082
CID_12201039,Industrial,12201039,C3H8O,61.09,0.3,1,1,20.2,CC[13CH2]O,PubChem,,,,Structure_PubChem,61.0884,0.3887,1,1,20.23,4,0,1,,,,,61.0884
CID_12201040,Industrial,12201040,C3H8O,63.11,0.3,1,1,20.2,[2H]C([2H])([2H])CCO,PubChem,,,,Structure_PubChem,63.1143,0.3887,1,1,20.23,4,0,1,,,,,63.1143
CID_12201043,Industrial,12201043,C3H8O,61.10,0.3,1,1,20.2,[2H]OCCC,PubChem,,,,Structure_PubChem,61.1021,0.3887,1,1,20.23,4,0,2,,,,,61.1021
CID_12201670,Industrial,12201670,CH4O,33.048,-0.5,1,1,20.2,[2H]CO,PubChem,,,,Structure_PubChem,33.0481,-0.3915,1,1,20.23,2,0,0,,,,,33.0481
CID_12201671,Industrial,12201671,CH4O,34.050,-0.5,1,1,20.2,[3H]OC,PubChem,,,,Structure_PubChem,34.05,-0.3915,1,1,20.23,2,0,0,,,,,34.05
CID_12201672,Industrial,12201672,CH4O,34.042,-0.5,1,1,20.2,C[18OH],PubChem,,,,Structure_PubChem,34.0422,-0.3915,1,1,20.23,2,0,0,,,,,34.0422
CID_12201679,Industrial,12201679,C2H6O,48.08,-0.1,1,1,20.2,[2H]C(C)O[2H],PubChem,,,,Structure_PubChem,48.0812,-0.0014,1,1,20.23,3,0,1,,,,,48.0812
CID_12201681,Industrial,12201681,C2H6O,48.08,-0.1,1,1,20.2,[3H]C(C)O,PubChem,,,,Structure_PubChem,48.077,-0.0014,1,1,20.23,3,0,0,,,,,48.077
CID_12201684,Industrial,12201684,C2H6O,47.061,-0.1,1,1,20.2,C[13CH2]O,PubChem,,,,Structure_PubChem,47.0614,-0.0014,1,1,20.23,3,0,0,,,,,47.0614
CID_12201685,Industrial,12201685,C2H6O,48.08,-0.1,1,1,20.2,[3H]OCC,PubChem,,,,Structure_PubChem,48.077,-0.0014,1,1,20.23,3,0,1,,,,,48.077
CID_12201686,Industrial,12201686,C2H6O,48.08,-0.1,1,1,20.2,[2H]CC([2H])O,PubChem,,,,Structure_PubChem,48.0812,-0.0014,1,1,20.23,3,0,0,,,,,48.0812
CID_12201687,Industrial,12201687,C2H6O,47.07,-0.1,1,1,20.2,[2H]C(C)O,PubChem,,,,Structure_PubChem,47.0751,-0.0014,1,1,20.23,3,0,0,,,,,47.0751
CID_12201690,Industrial,12201690,C2H6O,48.08,-0.1,1,1,20.2,[2H]C([2H])CO,PubChem,,,,Structure_PubChem,48.0812,-0.0014,1,1,20.23,3,0,0,,,,,48.0812
CID_12201693,Industrial,12201693,C2H6O,51.10,-0.1,1,1,20.2,[2H]C([2H])([2H])C([2H])([2H])O,PubChem,,,,Structure_PubChem,51.0995,-0.0014,1,1,20.23,3,0,0,,,,,51.0995
CID_12201694,Industrial,12201694,C2H6O,48.054,-0.1,1,1,20.2,[13CH3][13CH2]O,PubChem,,,,Structure_PubChem,48.0537,-0.0014,1,1,20.23,3,0,0,,,,,48.0537
CID_12201695,Industrial,12201695,C2H6O,47.061,-0.1,1,1,20.2,[13CH3]CO,PubChem,,,,Structure_PubChem,47.0614,-0.0014,1,1,20.23,3,0,0,,,,,47.0614
CID_12201698,Industrial,12201698,C2H6O,50.09,-0.1,1,1,20.2,[2H]C([2H])([2H])CO[2H],PubChem,,,,Structure_PubChem,50.0934,-0.0014,1,1,20.23,3,0,1,,,,,50.0934
CID_12204136,Industrial,12204136,C6H5Br,158.01,3,0,0,0.0,[2H]C1=CC=C(C=C1)Br,PubChem,,,,Structure_PubChem,158.0161,2.4491,0,0,0.0,7,1,0,,,,,158.0161
CID_12205409,Industrial,12205409,C6H6O,95.12,1.5,1,1,20.2,[2H]OC1=CC=CC=C1,PubChem,,,,Structure_PubChem,95.1191,1.3922,1,1,20.23,7,1,1,,,,,95.1191
CID_12205416,Industrial,12205416,C6H6O,95.10,1.5,1,1,20.2,C1=CC=[13C](C=C1)O,PubChem,,,,Structure_PubChem,95.1054,1.3922,1,1,20.23,7,1,0,,,,,95.1054
CID_12205419,Industrial,12205419,C6H6O,99.14,1.5,1,1,20.2,[2H]C1=C(C(=C(C(=C1[2H])[2H])O)[2H])[2H],PubChem,,,,Structure_PubChem,99.1435,1.3922,1,1,20.23,7,1,0,,,,,99.1435
CID_12292573,Industrial,12292573,C9H10O2,150.17,1.3,2,2,40.5,C1=CC=C(C(=C1)/C=C/CO)O,PubChem,,,,Structure_PubChem,150.177,1.3977,2,2,40.46,11,1,2,,,,,150.177
CID_12294034,Industrial,12294034,C9H5F7O,262.12,3.8,1,8,20.2,C1=CC(=CC=C1C(C(C(F)(F)F)(F)F)(F)F)O,PubChem,,,,Structure_PubChem,262.124,3.6816,1,1,20.23,17,1,2,,,,,262.124
CID_12306720,Industrial,12306720,C24H30O7,430.5,7.7,4,7,124.0,CCCCCC1=C(C(=CC(=C1)O)O)C(=O)OC2=CC(=C(C(=C2)O)C(=O)O)CCCCC,PubChem,,,,Structure_PubChem,430.497,5.1862,4,6,124.29,31,2,11,,,,,430.497
CID_12321377,Industrial,12321377,C14H22O,206.32,5.6,1,1,20.2,CCCCCCCCC1=CC(=CC=C1)O,PubChem,,,,Structure_PubChem,206.329,4.2952,1,1,20.23,15,1,7,,,,,206.329
CID_12399551,Industrial,12399551,C12H12Si,186.32,,0,0,0.0,[2H][Si]([2H])(C1=CC=CC=C1)C2=CC=CC=C2,PubChem,,,,Structure_PubChem,186.3262,0.8062,0,0,0.0,13,2,2,,,,,186.3262
CID_12410949,Industrial,12410949,C10H14O,150.22,3.2,1,1,20.2,CC(C)CC1=CC(=CC=C1)O,PubChem,,,,Structure_PubChem,150.221,2.5907,1,1,20.23,11,1,2,,,,,150.221
CID_12441264,Industrial,12441264,C3H5O-,57.07,0.6,0,2,17.1,CC[C-]=O,PubChem,,,,Structure_PubChem,57.072,0.5061,0,1,17.07,4,0,1,,,,,57.072
CID_12461034,Industrial,12461034,C3H7O,59.09,0.3,1,1,20.2,CC([CH2])O,PubChem,,,,Structure_PubChem,59.088,0.2013,1,1,20.23,4,0,0,,,,,59.088
CID_12482992,Industrial,12482992,C6H7OP,126.09,1.1,1,1,20.2,C1=CC=C(C(=C1)O)P,PubChem,,,,Structure_PubChem,126.095,0.8926,1,1,20.23,8,1,0,,,,,126.095
CID_12518138,Industrial,12518138,C2H5FO,66.07,-0.8,1,2,20.2,[2H]C([2H])(CF)O,PubChem,,,,Structure_PubChem,66.0712,-0.0518,1,1,20.23,4,0,1,,,,,66.0712
CID_12543517,Industrial,12543517,C3H7O,59.09,0.3,1,1,20.2,CC[CH]O,PubChem,,,,Structure_PubChem,59.088,0.9307,1,1,20.23,4,0,1,,,,,59.088
CID_12543519,Industrial,12543519,C3H7O+,59.09,-0.1,1,0,1.0,CC(=[OH+])C,PubChem,,,,Structure_PubChem,59.088,0.5711,0,0,21.4,4,0,0,,,,,59.088
CID_12582127,Industrial,12582127,C14H16OSi,228.36,,1,1,20.2,C[Si](C)(C1=CC=CC=C1)C2=CC=C(C=C2)O,PubChem,,,,Structure_PubChem,228.367,2.2148,1,1,20.23,16,2,2,,,,,228.367
CID_12589036,Industrial,12589036,C4H7O,71.10,0.3,0,1,17.1,CC(=O)C[CH2],PubChem,,,,Structure_PubChem,71.099,0.7996,0,1,17.07,5,0,1,,,,,71.099
CID_12640471,Industrial,12640471,C6H5F2O2P,178.07,2.3,0,4,26.3,C1=CC=C(C=C1)OP(=O)(F)F,PubChem,,,,Structure_PubChem,178.074,3.1125,0,2,26.3,11,1,2,,,,,178.074
CID_12658778,Industrial,12658778,C6H5FO2,128.10,0.6,2,3,40.5,C1=C(C=C(C=C1O)F)O,PubChem,,,,Structure_PubChem,128.102,1.2369,2,2,40.46,9,1,0,,,,,128.102
CID_12660727,Industrial,12660727,CH5O+,33.050,-0.5,1,0,1.0,C[OH2+],PubChem,,,,Structure_PubChem,33.05,-0.6592,0,0,22.9,2,0,0,,,,,33.05
CID_12666459,Industrial,12666459,C12H10BiCl,398.64,,0,0,0.0,C1=CC=C(C=C1)[Bi](C2=CC=CC=C2)Cl,PubChem,,,,Structure_PubChem,398.645,2.0311,0,0,0.0,14,2,2,,,,,398.645
CID_12812205,Industrial,12812205,CH4O,34.054,-0.5,1,1,20.2,[2H]C([2H])O,PubChem,,,,Structure_PubChem,34.0542,-0.3915,1,1,20.23,2,0,0,,,,,34.0542
CID_12871006,Industrial,12871006,C12H10PSe+,264.15,,0,0,0.0,C1=CC=C(C=C1)[P+](=[Se])C2=CC=CC=C2,PubChem,,,,Structure_PubChem,264.146,2.2028,0,0,0.0,14,2,2,,,,,264.146
CID_12934390,Industrial,12934390,C11H8O4,204.18,1.5,1,4,63.6,CC1=CC(=O)OC2=C1C=CC(=C2C=O)O,PubChem,,,,Structure_PubChem,204.181,1.6195,1,4,67.51,15,2,1,,,,,204.181
CID_12969351,Industrial,12969351,C3H8O,63.11,0.3,1,1,20.2,[2H]C(C)C([2H])([2H])O,PubChem,,,,Structure_PubChem,63.1143,0.3887,1,1,20.23,4,0,1,,,,,63.1143
CID_12998934,Industrial,12998934,C8H8,106.16,2.9,0,0,0.0,[2H]C(=CC1=CC=CC=C1)[2H],PubChem,,,,Structure_PubChem,106.1642,2.3296,0,0,0.0,8,1,1,,,,,106.1642
CID_12998939,Industrial,12998939,C8H8,105.15,2.9,0,0,0.0,[2H]C(=C)C1=CC=CC=C1,PubChem,,,,Structure_PubChem,105.1581,2.3296,0,0,0.0,8,1,1,,,,,105.1581
CID_12998940,Industrial,12998940,C8H8,109.18,2.9,0,0,0.0,[2H]C1=C(C(=C(C(=C1[2H])[2H])C=C)[2H])[2H],PubChem,,,,Structure_PubChem,109.1825,2.3296,0,0,0.0,8,1,1,,,,,109.1825
CID_13001278,Industrial,13001278,C3H6O,61.10,-0.1,0,1,17.1,[2H]C([2H])([2H])C(=O)C,PubChem,,,,Structure_PubChem,61.0983,0.5953,0,1,17.07,4,0,0,,,,,61.0983
CID_13001281,Industrial,13001281,C3H6O,60.065,-0.1,0,1,17.1,[13CH3]C(=O)[13CH3],PubChem,,,,Structure_PubChem,60.0647,0.5953,0,1,17.07,4,0,0,,,,,60.0647
CID_13005248,Industrial,13005248,C6H14OSn,220.88,,0,1,17.1,CC(=O)C[Sn](C)(C)C,PubChem,,,,Structure_PubChem,220.888,1.9136,0,1,17.07,8,0,2,,,,,220.888
CID_13013009,Industrial,13013009,C10H12O3,180.20,3.7,1,3,46.5,CCOC(=O)C1=C(C=C(C=C1)C)O,PubChem,,,,Structure_PubChem,180.203,1.8773,1,3,46.53,13,1,2,,,,,180.203
CID_13124174,Industrial,13124174,C3H8AsO,135.02,,1,1,20.2,C[As]CCO,PubChem,,,,Structure_PubChem,135.018,0.1493,1,1,20.23,5,0,2,,,,,135.018
CID_13235410,Industrial,13235410,C10H8O3,176.17,2,1,3,46.5,CC1=CC2=C(C=C(C=C2)O)OC1=O,PubChem,,,,Structure_PubChem,176.171,1.807,1,3,50.44,13,2,0,,,,,176.171
CID_13580884,Industrial,13580884,C4H7GeO,143.73,,0,1,17.1,CC(=O)CC[Ge],PubChem,,,,Structure_PubChem,143.709,0.5523,0,1,17.07,6,0,2,,,,,143.709
CID_13721360,Industrial,13721360,C6H5IS,236.08,3.4,1,1,1.0,C1=CC(=CC(=C1)I)S,PubChem,,,,Structure_PubChem,236.077,2.5799,1,1,0.0,8,1,0,,,,,236.077
CID_13740150,Industrial,13740150,C7H7BrO,187.03,1.9,1,1,20.2,C1=CC(=CC(=C1)O)CBr,PubChem,,,,Structure_PubChem,187.036,2.2871,1,1,20.23,9,1,1,,,,,187.036
CID_13976585,Industrial,13976585,C3H4OSe,135.03,,0,1,17.1,CC(=O)C=[Se],PubChem,,,,Structure_PubChem,135.024,-0.4539,0,1,17.07,5,0,1,,,,,135.024
CID_14004325,Industrial,14004325,C2H7O+,47.08,0.1,1,0,1.0,C[OH+]C,PubChem,,,,Structure_PubChem,47.077,-0.226,0,0,12.8,3,0,0,,,,,47.077
CID_14034812,Industrial,14034812,C19H20O6,344.4,3.8,1,6,74.2,COC1=CC(=C(C=C1)/C=C/C(=O)C2=C(C=C(C=C2OC)OC)O)OC,PubChem,,,,Structure_PubChem,344.363,3.3227,1,6,74.22,25,2,7,,,,,344.363
CID_14292285,Industrial,14292285,C4H7O,71.10,0.3,0,1,17.1,C[CH]C(=O)C,PubChem,,,,Structure_PubChem,71.099,0.7996,0,1,17.07,5,0,1,,,,,71.099
CID_14699146,Industrial,14699146,C8H9ClSe,219.58,,0,0,0.0,C1=CC=C(C=C1)[Se]CCCl,PubChem,,,,Structure_PubChem,219.573,1.6732,0,0,0.0,10,1,3,,,,,219.573
CID_15064466,Industrial,15064466,C2H6OSe,125.04,,1,1,20.2,C(C[SeH])O,PubChem,,,,Structure_PubChem,125.029,-0.7022,1,1,20.23,4,0,1,,,,,125.029
CID_15089720,Industrial,15089720,C3H8OSe,139.07,,1,1,20.2,C[Se]CCO,PubChem,,,,Structure_PubChem,139.056,0.1493,1,1,20.23,5,0,2,,,,,139.056
CID_15505783,Industrial,15505783,C6H4I2O,345.90,2.9,1,1,20.2,C1=C(C=C(C=C1I)I)O,PubChem,,,,Structure_PubChem,345.905,2.6014,1,1,20.23,9,1,0,,,,,345.905
CID_15579745,Industrial,15579745,C6H6OSe,173.08,,1,1,20.2,C1=CC=C(C=C1)[Se]O,PubChem,,,,Structure_PubChem,173.073,-0.0766,1,1,20.23,8,1,1,,,,,173.073
CID_15655139,Industrial,15655139,C3H7O-,59.09,0.3,1,2,20.2,CC[CH-]O,PubChem,,,,Structure_PubChem,59.088,0.9307,1,1,20.23,4,0,1,,,,,59.088
CID_15691179,Industrial,15691179,CH4AgO,139.910,,1,1,20.2,CO.[Ag],PubChem,,,,Structure_PubChem,139.91,-0.394,1,1,20.23,3,0,0,,,,,139.91
CID_15714852,Industrial,15714852,C2H6O,50.09,-0.1,1,1,20.2,[2H]C([2H])C([2H])([2H])O,PubChem,,,,Structure_PubChem,50.0934,-0.0014,1,1,20.23,3,0,0,,,,,50.0934
CID_15878909,Industrial,15878909,C6H5O3PZn,221.5,,0,3,63.2,C1=CC=C(C=C1)P(=O)([O-])[O-].[Zn+2],PubChem,,,,Structure_PubChem,221.467,-0.7769,0,3,63.19,11,1,1,,,,,221.467
CID_16204922,Industrial,16204922,C19H15NaO4,330.3,,0,4,66.4,CC(=O)CC(C1=CC=CC=C1)C2=C(C3=CC=CC=C3OC2=O)[O-].[Na+],PubChem,,,,Structure_PubChem,330.315,-0.0184,0,4,70.34,24,3,4,,,,,330.315
CID_16211297,Industrial,16211297,C2H6OTl,250.45,,1,1,20.2,CCO.[Tl],PubChem,,,,Structure_PubChem,250.452,-0.3822,1,1,20.23,4,0,0,,,,,250.452
CID_16211537,Industrial,16211537,C2H6OSb,167.83,,1,1,20.2,CCO.[Sb],PubChem,,,,Structure_PubChem,167.829,-0.3822,1,1,20.23,4,0,0,,,,,167.829
CID_16212095,Industrial,16212095,CH4CuO,95.59,,1,1,20.2,CO.[Cu],PubChem,,,,Structure_PubChem,95.588,-0.394,1,1,20.23,3,0,0,,,,,95.588
CID_16212165,Industrial,16212165,C2H6OZr,137.29,,1,1,20.2,CCO.[Zr],PubChem,,,,Structure_PubChem,137.293,-0.0039,1,1,20.23,4,0,0,,,,,137.293
CID_16212167,Industrial,16212167,C2H6NbO,138.97,,1,1,20.2,CCO.[Nb],PubChem,,,,Structure_PubChem,138.975,-0.0039,1,1,20.23,4,0,0,,,,,138.975
CID_16212250,Industrial,16212250,C6H6,81.13,2.1,0,0,0.0,[2H]C1=CC(=CC(=C1)[2H])[2H],PubChem,,,,Structure_PubChem,81.1323,1.6866,0,0,0.0,6,1,0,,,,,81.1323
CID_16212443,Industrial,16212443,CH4OTa,212.990,,1,1,20.2,CO.[Ta],PubChem,,,,Structure_PubChem,212.99,-0.394,1,1,20.23,3,0,0,,,,,212.99
CID_16212923,Industrial,16212923,C7H8O,116.19,2,1,1,20.2,[2H]C1=C(C(=C(C(=C1[2H])O[2H])[2H])C([2H])([2H])[2H])[2H],PubChem,,,,Structure_PubChem,116.1888,1.7006,1,1,20.23,8,1,1,,,,,116.1888
CID_16212924,Industrial,16212924,C7H8O,116.19,1.9,1,1,20.2,[2H]C1=C(C(=C(C(=C1C([2H])([2H])[2H])[2H])[2H])O[2H])[2H],PubChem,,,,Structure_PubChem,116.1888,1.7006,1,1,20.23,8,1,1,,,,,116.1888
CID_16212938,Industrial,16212938,C6H5ClO,132.58,2.1,1,1,20.2,[2H]C1=C(C(=C(C(=C1[2H])O)Cl)[2H])[2H],PubChem,,,,Structure_PubChem,132.5824,2.0456,1,1,20.23,8,1,0,,,,,132.5824
CID_16213377,Industrial,16213377,C4H8O,77.14,0.3,0,1,17.1,[2H]C([2H])([2H])C(=O)C([2H])([2H])C,PubChem,,,,Structure_PubChem,77.1375,0.9854,0,1,17.07,5,0,1,,,,,77.1375
CID_16213475,Industrial,16213475,C3H8O,68.14,0.3,1,1,20.2,[2H]C([2H])([2H])C([2H])([2H])C([2H])([2H])O[2H],PubChem,,,,Structure_PubChem,68.1448,0.3887,1,1,20.23,4,0,2,,,,,68.1448
CID_16682742,Industrial,16682742,C6H6O3Sb,247.87,,1,3,19.5,C1=CC=C2C(=C1)O[Sb]O2.O,PubChem,,,,Structure_PubChem,247.871,0.1673,0,2,49.96,10,2,0,,,,,247.871
CID_16682829,Industrial,16682829,C12H20OSn,299.00,,0,1,9.2,CC[Sn](CC)(CC)OC1=CC=CC=C1,PubChem,,,,Structure_PubChem,299.002,4.0706,0,1,9.23,14,1,5,,,,,299.002
CID_16682924,Industrial,16682924,C6H5HgNO3,339.70,,0,3,55.1,C1=CC=C(C=C1)[Hg]O[N+](=O)[O-],PubChem,,,,Structure_PubChem,339.7,0.5177,0,3,52.37,11,1,3,,,,,339.7
CID_16683071,Industrial,16683071,C19H32O3Sn,427.2,,1,3,46.5,CCCC[Sn](CCCC)(CCCC)OC(=O)C1=CC=CC=C1O,PubChem,,,,Structure_PubChem,427.173,5.8948,1,3,46.53,23,1,11,,,,,427.173
CID_16683761,Industrial,16683761,C6H7BHgO3,338.52,,2,3,49.7,B(O)(O)O[Hg]C1=CC=CC=C1,PubChem,,,,Structure_PubChem,338.521,-0.7045,2,3,49.69,11,1,3,,,,,338.521
CID_16689236,Industrial,16689236,C8H8,105.15,2.9,0,0,0.0,[2H]C=CC1=CC=CC=C1,PubChem,,,,Structure_PubChem,105.1581,2.3296,0,0,0.0,8,1,1,,,,,105.1581
CID_16760658,Industrial,16760658,C7H5NaO3,160.10,,1,3,60.4,C1=CC=C(C(=C1)C(=O)[O-])O.[Na+],PubChem,,,,Structure_PubChem,160.104,-3.2403,1,3,60.36,11,1,1,,,,,160.104
CID_17815360,Industrial,17815360,C3H6Cl2CoO,187.92,,0,3,17.1,CC(=O)C.[Cl-].[Cl-].[Co+2],PubChem,,,,Structure_PubChem,187.919,-5.3992,0,1,17.07,7,0,0,,,,,187.919
CID_17841408,Industrial,17841408,C3H8OS,92.16,,1,2,18.1,CC(=O)C.S,PubChem,,,,Structure_PubChem,92.163,0.7081,0,1,17.07,5,0,0,,,,,92.163
CID_17859945,Industrial,17859945,C2H5IO,171.96,0.7,1,1,20.2,CC(O)I,PubChem,,,,Structure_PubChem,171.965,0.7597,1,1,20.23,4,0,0,,,,,171.965
CID_17930804,Industrial,17930804,C3H6O2Zr,165.30,,0,2,34.1,CC(=O)C.O=[Zr],PubChem,,,,Structure_PubChem,165.303,0.474,0,2,34.14,6,0,0,,,,,165.303
CID_17997429,Industrial,17997429,C5H15OZr,182.39,,1,4,20.2,[CH3-].[CH3-].[CH3-].CCO.[Zr+3],PubChem,,,,Structure_PubChem,182.398,1.347,1,1,20.23,7,0,0,,,,,182.398
CID_17997442,Industrial,17997442,C5H15OTi,139.04,,1,4,20.2,[CH3-].[CH3-].[CH3-].CCO.[Ti+3],PubChem,,,,Structure_PubChem,139.041,1.347,1,1,20.23,7,0,0,,,,,139.041
CID_18319150,Industrial,18319150,C19H30O3,306.4,7.9,1,3,46.5,CCCCCCC(CCCC)COC(=O)C1=CC=CC=C1O,PubChem,,,,Structure_PubChem,306.446,5.3258,1,3,46.53,22,1,11,,,,,306.446
CID_18324365,Industrial,18324365,CH6OS,66.13,,2,2,21.2,CO.S,PubChem,,,,Structure_PubChem,66.125,-0.2787,1,1,20.23,3,0,0,,,,,66.125
CID_18336951,Industrial,18336951,CH4OW,215.88,,1,1,20.2,CO.[W],PubChem,,,,Structure_PubChem,215.882,-0.394,1,1,20.23,3,0,0,,,,,215.882
CID_18352105,Industrial,18352105,C2H6ClOTi-,129.39,,1,2,20.2,CCO.[Cl-].[Ti],PubChem,,,,Structure_PubChem,129.389,-2.9999,1,1,20.23,5,0,0,,,,,129.389
CID_18356450,Industrial,18356450,C6H14O,102.17,,0,1,17.1,CCC.CC(=O)C,PubChem,,,,Structure_PubChem,102.177,2.0116,0,1,17.07,7,0,0,,,,,102.177
CID_18366337,Industrial,18366337,C3H8O2,76.09,,1,2,18.1,CC(=O)C.O,PubChem,,,,Structure_PubChem,76.095,-0.2294,0,1,48.57,5,0,0,,,,,76.095
CID_18401257,Industrial,18401257,C6H4BrFO,191.00,2.4,1,2,20.2,C1=CC(=C(C(=C1)Br)F)O,PubChem,,,,Structure_PubChem,190.999,2.2938,1,1,20.23,9,1,0,,,,,190.999
CID_18533253,Industrial,18533253,C6H9B3O6,209.6,,6,6,121.0,B(C1=CC(=CC(=C1)B(O)O)B(O)O)(O)O,PubChem,,,,Structure_PubChem,209.568,-5.274,6,6,121.38,15,1,3,,,,,209.568
CID_18615965,Industrial,18615965,C6H5IO2,236.01,1.9,2,2,40.5,C1=CC(=C(C(=C1)I)O)O,PubChem,,,,Structure_PubChem,236.008,1.7024,2,2,40.46,9,1,0,,,,,236.008
CID_18655806,Industrial,18655806,C2H6O,58.12,-0.1,1,1,20.2,[3H]C([3H])([3H])C([3H])([3H])O[3H],PubChem,,,,Structure_PubChem,58.1173,-0.0014,1,1,20.23,3,0,1,,,,,58.1173
CID_18674518,Industrial,18674518,CH6O,34.058,,1,1,20.2,[HH].CO,PubChem,,,,Structure_PubChem,34.058,-0.1455,1,1,20.23,2,0,0,,,,,34.058
CID_18680436,Industrial,18680436,C3H6OSi,86.16,,0,1,17.1,CC(=O)C.[Si],PubChem,,,,Structure_PubChem,86.166,0.2145,0,1,17.07,5,0,0,,,,,86.166
CID_18680643,Industrial,18680643,C3H6AlO+3,85.06,,0,1,17.1,CC(=O)C.[Al+3],PubChem,,,,Structure_PubChem,85.062,0.2145,0,1,17.07,5,0,0,,,,,85.062
CID_18680645,Industrial,18680645,CH4CuO+,95.59,,1,1,20.2,CO.[Cu+],PubChem,,,,Structure_PubChem,95.588,-0.394,1,1,20.23,3,0,0,,,,,95.588
CID_18681192,Industrial,18681192,C3H10O2,78.11,,2,2,40.5,CCO.CO,PubChem,,,,Structure_PubChem,78.111,-0.3929,2,2,40.46,5,0,0,,,,,78.111
CID_18683341,Industrial,18683341,CH4Ac2O,486.097,,1,1,20.2,CO.[Ac].[Ac],PubChem,,,,Structure_PubChem,486.042,-0.3915,1,1,20.23,4,0,0,,,,,486.042
CID_18688269,Industrial,18688269,C2H6Cl3OZr,243.64,,1,1,20.2,CCO.Cl[Zr](Cl)Cl,PubChem,,,,Structure_PubChem,243.652,2.0646,1,1,20.23,7,0,0,,,,,243.652
CID_18688292,Industrial,18688292,C2H6Br3OZr,377.00,,1,1,20.2,CCO.Br[Zr](Br)Br,PubChem,,,,Structure_PubChem,377.005,2.5329,1,1,20.23,7,0,0,,,,,377.005
CID_18688487,Industrial,18688487,C2H6I3OZr,518.00,,1,1,20.2,CCO.[Zr](I)(I)I,PubChem,,,,Structure_PubChem,518.005,2.6532,1,1,20.23,7,0,0,,,,,518.005
CID_18709481,Industrial,18709481,C2H6AcO,273.10,,1,1,20.2,CCO.[Ac],PubChem,,,,Structure_PubChem,273.069,-0.0014,1,1,20.23,4,0,0,,,,,273.069
CID_18724721,Industrial,18724721,CH4OW2,399.7,,1,1,20.2,CO.[W].[W],PubChem,,,,Structure_PubChem,399.722,-0.3965,1,1,20.23,4,0,0,,,,,399.722
CID_18730076,Industrial,18730076,C13H20O,192.30,5.1,1,1,20.2,CCC(CC)CCC1=CC=C(C=C1)O,PubChem,,,,Structure_PubChem,192.302,3.761,1,1,20.23,14,1,5,,,,,192.302
CID_18755757,Industrial,18755757,C3H10O,62.11,,1,1,20.2,C.CCO,PubChem,,,,Structure_PubChem,62.112,0.6347,1,1,20.23,4,0,0,,,,,62.112
CID_18795346,Industrial,18795346,CH4OSi,60.127,,1,1,20.2,CO.[Si],PubChem,,,,Structure_PubChem,60.128,-0.7723,1,1,20.23,3,0,0,,,,,60.128
CID_18795569,Industrial,18795569,C6H5O4S-,173.17,0.7,0,4,74.8,C1=CC=C(C=C1)OS(=O)(=O)[O-],PubChem,,,,Structure_PubChem,173.169,0.5256,0,4,66.43,11,1,2,,,,,173.169
CID_18955232,Industrial,18955232,C3H6MgO+2,82.38,,0,1,17.1,CC(=O)C.[Mg+2],PubChem,,,,Structure_PubChem,82.385,0.2145,0,1,17.07,5,0,0,,,,,82.385
CID_19004818,Industrial,19004818,CH4CuO+2,95.59,,1,1,20.2,CO.[Cu+2],PubChem,,,,Structure_PubChem,95.588,-0.394,1,1,20.23,3,0,0,,,,,95.588
CID_19019200,Industrial,19019200,CH4CoO+2,90.975,,1,1,20.2,CO.[Co+2],PubChem,,,,Structure_PubChem,90.975,-0.394,1,1,20.23,3,0,0,,,,,90.975
CID_19035278,Industrial,19035278,CH4OTi,79.909,,1,1,20.2,CO.[Ti],PubChem,,,,Structure_PubChem,79.909,-0.394,1,1,20.23,3,0,0,,,,,79.909
CID_19044839,Industrial,19044839,C3H7ClO,94.54,,1,1,17.1,CC(=O)C.Cl,PubChem,,,,Structure_PubChem,94.541,1.0171,0,1,17.07,5,0,0,,,,,94.541
CID_19096565,Industrial,19096565,C2H8O2,64.08,,2,2,21.2,CCO.O,PubChem,,,,Structure_PubChem,64.084,-0.8261,1,1,51.73,4,0,0,,,,,64.084
CID_19096914,Industrial,19096914,C3H6FeO+2,113.92,,0,1,17.1,CC(=O)C.[Fe+2],PubChem,,,,Structure_PubChem,113.925,0.5928,0,1,17.07,5,0,0,,,,,113.925
CID_19359348,Industrial,19359348,C2H5FO,64.06,0.4,1,2,20.2,CC(O)F,PubChem,,,,Structure_PubChem,64.059,0.2942,1,1,20.23,4,0,0,,,,,64.059
CID_19365559,Industrial,19365559,C2H10NO+,64.11,,2,1,21.2,CCO.[NH4+],PubChem,,,,Structure_PubChem,64.108,0.3748,2,1,56.73,4,0,0,,,,,64.108
CID_19367424,Industrial,19367424,C2H6ClOZr-,172.74,,1,2,20.2,CCO.[Cl-].[Zr],PubChem,,,,Structure_PubChem,172.746,-2.9999,1,1,20.23,5,0,0,,,,,172.746
CID_19371238,Industrial,19371238,CH4OTa,212.990,,1,1,20.2,CO.[Ta],PubChem,,,,Structure_PubChem,212.99,-0.394,1,1,20.23,3,0,0,,,,,212.99
CID_19383028,Industrial,19383028,C2H7O4W,278.91,,2,4,74.6,CCO.O[W](=O)=O,PubChem,,,,Structure_PubChem,278.914,-0.7985,2,3,74.6,7,0,0,,,,,278.914
CID_19437367,Industrial,19437367,C2H8O,48.08,,1,1,20.2,C.CO,PubChem,,,,Structure_PubChem,48.085,0.2446,1,1,20.23,3,0,0,,,,,48.085
CID_19438254,Industrial,19438254,C4H12O,76.14,,1,1,20.2,CC.CCO,PubChem,,,,Structure_PubChem,76.139,1.0248,1,1,20.23,5,0,0,,,,,76.139
CID_19595568,Industrial,19595568,CH5O2-,49.049,,2,2,21.2,CO.[OH-],PubChem,,,,Structure_PubChem,49.049,-0.5683,1,2,50.23,3,0,0,,,,,49.049
CID_19604749,Industrial,19604749,C3H6ArO,98.0,,0,1,17.1,CC(=O)C.[Ar],PubChem,,,,Structure_PubChem,98.028,0.5953,0,1,17.07,5,0,0,,,,,98.028
CID_19604753,Industrial,19604753,C2H7O+,47.08,,2,1,20.2,[H+].CCO,PubChem,,,,Structure_PubChem,47.077,0.1111,1,1,20.23,3,0,0,,,,,47.077
CID_19604756,Industrial,19604756,C4H10O,74.12,,0,1,17.1,C.CC(=O)C,PubChem,,,,Structure_PubChem,74.123,1.2314,0,1,17.07,5,0,0,,,,,74.123
CID_19604759,Industrial,19604759,CH4ArO,71.9,,1,1,20.2,CO.[Ar],PubChem,,,,Structure_PubChem,71.99,-0.3915,1,1,20.23,3,0,0,,,,,71.99
CID_19697277,Industrial,19697277,CH4OPb,239,,1,1,20.2,CO.[Pb],PubChem,,,,Structure_PubChem,239.242,-0.7723,1,1,20.23,3,0,0,,,,,239.242
CID_19782899,Industrial,19782899,C2H6OPt+2,241.15,,1,1,20.2,CCO.[Pt+2],PubChem,,,,Structure_PubChem,241.147,-0.0039,1,1,20.23,4,0,0,,,,,241.147
CID_19891118,Industrial,19891118,C3H6I2OZn,377.3,,0,3,17.1,CC(=O)C.[Zn+2].[I-].[I-],PubChem,,,,Structure_PubChem,377.278,-5.3992,0,1,17.07,7,0,0,,,,,377.278
CID_19892735,Industrial,19892735,C2H6Br3OV-3,336.72,,1,4,20.2,CCO.[V].[Br-].[Br-].[Br-],PubChem,,,,Structure_PubChem,336.725,-8.9919,1,1,20.23,7,0,0,,,,,336.725
CID_19893184,Industrial,19893184,C2H6FeO+2,101.91,,1,1,20.2,CCO.[Fe+2],PubChem,,,,Structure_PubChem,101.914,-0.0039,1,1,20.23,4,0,0,,,,,101.914
CID_19911080,Industrial,19911080,C13H20O,192.30,4.5,1,1,20.2,CC(C)CCCCC1=CC=C(C=C1)O,PubChem,,,,Structure_PubChem,192.302,3.761,1,1,20.23,14,1,5,,,,,192.302
CID_19956501,Industrial,19956501,C2H6HfO,224.55,,1,1,20.2,CCO.[Hf],PubChem,,,,Structure_PubChem,224.559,-0.0039,1,1,20.23,4,0,0,,,,,224.559
CID_19956502,Industrial,19956502,C2H6OV,97.01,,1,1,20.2,CCO.[V],PubChem,,,,Structure_PubChem,97.013,-0.0039,1,1,20.23,4,0,0,,,,,97.013
CID_19978503,Industrial,19978503,C2H6O3V,129.01,,1,3,54.4,CCO.O=[V]=O,PubChem,,,,Structure_PubChem,129.011,-0.2415,1,3,54.37,6,0,0,,,,,129.011
CID_20030487,Industrial,20030487,C2H6OY,134.97,,1,1,20.2,CCO.[Y],PubChem,,,,Structure_PubChem,134.975,-0.0039,1,1,20.23,4,0,0,,,,,134.975
CID_20042752,Industrial,20042752,C2H6Cl3OV-3,203.36,,1,4,20.2,CCO.[Cl-].[Cl-].[Cl-].[V],PubChem,,,,Structure_PubChem,203.372,-8.9919,1,1,20.23,7,0,0,,,,,203.372
CID_20055232,Industrial,20055232,C17H24O3,276.4,5.4,1,3,46.5,C[C@@H]1CC[C@H]([C@@H](C1)OC(=O)C2=CC=CC=C2O)C(C)C,PubChem,,,,Structure_PubChem,276.376,4.0098,1,3,46.53,20,2,3,,,,,276.376
CID_20065204,Industrial,20065204,C3H8Cl2O,131.00,,2,1,17.1,CC(=O)C.Cl.Cl,PubChem,,,,Structure_PubChem,131.002,1.4389,0,1,17.07,6,0,0,,,,,131.002
CID_20079746,Industrial,20079746,CH4OZn+2,97.4,,1,1,20.2,CO.[Zn+2],PubChem,,,,Structure_PubChem,97.432,-0.394,1,1,20.23,3,0,0,,,,,97.432
CID_20199498,Industrial,20199498,CH5ClO,68.50,,2,2,20.2,[H+].CO.[Cl-],PubChem,,,,Structure_PubChem,68.503,-3.275,1,1,20.23,3,0,0,,,,,68.503
CID_20259910,Industrial,20259910,C15H18,198.30,,0,0,0.0,CCC.C1=CC=C(C=C1)C2=CC=CC=C2,PubChem,,,,Structure_PubChem,198.309,4.7699,0,0,0.0,15,2,1,,,,,198.309
CID_20265630,Industrial,20265630,C2H9OP,80.07,,1,1,20.2,CCO.P,PubChem,,,,Structure_PubChem,80.067,0.0567,1,1,20.23,4,0,0,,,,,80.067
CID_20267117,Industrial,20267117,CH4BrNaO,134.94,,1,2,20.2,CO.[Na+].[Br-],PubChem,,,,Structure_PubChem,134.936,-6.3835,1,1,20.23,4,0,0,,,,,134.936
CID_20277083,Industrial,20277083,C3H6O2Ti,121.95,,0,2,34.1,CC(=O)C.O=[Ti],PubChem,,,,Structure_PubChem,121.946,0.474,0,2,34.14,6,0,0,,,,,121.946
CID_20280139,Industrial,20280139,C2H9Cl3O,155.45,,4,1,20.2,CCO.Cl.Cl.Cl,PubChem,,,,Structure_PubChem,155.452,1.264,1,1,20.23,6,0,0,,,,,155.452
CID_20315675,Industrial,20315675,C2H6OZn,111.4,,1,1,20.2,CCO.[Zn],PubChem,,,,Structure_PubChem,111.459,-0.0039,1,1,20.23,4,0,0,,,,,111.459
CID_20401441,Industrial,20401441,C3H7ClO,94.54,,1,2,17.1,[H+].CC(=O)C.[Cl-],PubChem,,,,Structure_PubChem,94.541,-2.2882,0,1,17.07,5,0,0,,,,,94.541
CID_20452018,Industrial,20452018,CH4O3V,114.982,,1,3,54.4,CO.O=[V]=O,PubChem,,,,Structure_PubChem,114.984,-0.6316,1,3,54.37,5,0,0,,,,,114.984
CID_20488062,Industrial,20488062,C6H6O,94.11,,1,1,23.1,[H+].C1=CC=C(C=C1)[O-],PubChem,,,,Structure_PubChem,94.113,0.8727,0,1,23.06,7,1,0,,,,,94.113
CID_20514519,Industrial,20514519,CH4OU,270.071,,1,1,20.2,CO.[U],PubChem,,,,Structure_PubChem,270.071,-0.3915,1,1,20.23,3,0,0,,,,,270.071
CID_20529831,Industrial,20529831,CH4AgO+,139.910,,1,1,20.2,CO.[Ag+],PubChem,,,,Structure_PubChem,139.91,-0.394,1,1,20.23,3,0,0,,,,,139.91
CID_20533548,Industrial,20533548,CH7Cl3O,141.42,,4,1,20.2,CO.Cl.Cl.Cl,PubChem,,,,Structure_PubChem,141.425,0.8739,1,1,20.23,5,0,0,,,,,141.425
CID_20536027,Industrial,20536027,C2H6Cl3OV,203.36,,1,1,20.2,CCO.Cl[V](Cl)Cl,PubChem,,,,Structure_PubChem,203.372,2.0646,1,1,20.23,7,0,0,,,,,203.372
CID_20563158,Industrial,20563158,C5H14O,90.16,,1,1,20.2,CCC.CCO,PubChem,,,,Structure_PubChem,90.166,1.4149,1,1,20.23,6,0,0,,,,,90.166
CID_20573881,Industrial,20573881,C6H6O5S,190.18,0.7,2,5,92.2,C1=CC(=CC(=C1)OS(=O)(=O)O)O,PubChem,,,,Structure_PubChem,190.176,0.5738,2,4,83.83,12,1,2,,,,,190.176
CID_20597151,Industrial,20597151,C3H5O+,57.07,-0.1,0,1,17.1,CC(=O)[CH2+],PubChem,,,,Structure_PubChem,57.072,0.4095,0,1,17.07,4,0,0,,,,,57.072
CID_20640354,Industrial,20640354,CH5NaO,56.040,,1,2,20.2,[H-].CO.[Na+],PubChem,,,,Structure_PubChem,56.04,-3.275,1,1,20.23,3,0,0,,,,,56.04
CID_20642215,Industrial,20642215,C3H8OW,243.94,,1,3,20.2,[CH3-].[CH2-]CO.[W+2],PubChem,,,,Structure_PubChem,243.936,0.2606,1,1,20.23,5,0,0,,,,,243.936
CID_20672732,Industrial,20672732,C4H9OW-,256.95,,0,2,17.1,[CH3-].CC(=O)C.[W],PubChem,,,,Structure_PubChem,256.955,1.0431,0,1,17.07,6,0,0,,,,,256.955
CID_20701241,Industrial,20701241,C3H8BO,70.91,,1,1,20.2,[B](C)C(C)O,PubChem,,,,Structure_PubChem,70.908,0.077,1,1,20.23,5,0,1,,,,,70.908
CID_20728915,Industrial,20728915,CH4CmO,279.112,,1,1,20.2,CO.[Cm],PubChem,,,,Structure_PubChem,279.042,-0.3915,1,1,20.23,3,0,0,,,,,279.042
CID_20748889,Industrial,20748889,C3H7AcO-,286.11,,1,2,20.2,[CH2-]CCO.[Ac],PubChem,,,,Structure_PubChem,286.088,0.2029,1,1,20.23,5,0,1,,,,,286.088
CID_20758769,Industrial,20758769,C4H7KO,110.20,,0,2,17.1,CC(=O)C[CH2-].[K+],PubChem,,,,Structure_PubChem,110.197,-2.1964,0,1,17.07,6,0,1,,,,,110.197
CID_20760012,Industrial,20760012,CH4OV,82.983,,1,1,20.2,CO.[V],PubChem,,,,Structure_PubChem,82.986,-0.394,1,1,20.23,3,0,0,,,,,82.986
CID_20763063,Industrial,20763063,CH4OPr,172.950,,1,1,20.2,CO.[Pr],PubChem,,,,Structure_PubChem,172.95,-0.3915,1,1,20.23,3,0,0,,,,,172.95
CID_20775677,Industrial,20775677,C2H5BO,55.87,,1,1,20.2,[B]C(C)O,PubChem,,,,Structure_PubChem,55.873,-0.5068,1,1,20.23,4,0,0,,,,,55.873
CID_20835718,Industrial,20835718,C2H6OSb+3,167.83,,1,1,20.2,CCO.[Sb+3],PubChem,,,,Structure_PubChem,167.829,-0.3822,1,1,20.23,4,0,0,,,,,167.829
CID_20836008,Industrial,20836008,C10H15BO,162.04,,1,1,20.2,B(CCCC)(C1=CC=CC=C1)O,PubChem,,,,Structure_PubChem,162.041,1.6775,1,1,20.23,12,1,4,,,,,162.041
CID_20836019,Industrial,20836019,C2H6GeO,118.70,,1,1,20.2,CCO.[Ge],PubChem,,,,Structure_PubChem,118.679,-0.3822,1,1,20.23,4,0,0,,,,,118.679
CID_21014882,Industrial,21014882,C3H6O2,74.08,-0.6,0,1,24.1,CC(=[O+][O-])C,PubChem,,,,Structure_PubChem,74.079,-0.5937,0,1,34.36,5,0,0,,,,,74.079
CID_21115439,Industrial,21115439,C2H6OTi+4,93.94,,1,1,20.2,CCO.[Ti+4],PubChem,,,,Structure_PubChem,93.936,-0.0039,1,1,20.23,4,0,0,,,,,93.936
CID_21123871,Industrial,21123871,C2H6NbO+5,138.97,,1,1,20.2,CCO.[Nb+5],PubChem,,,,Structure_PubChem,138.975,-0.0039,1,1,20.23,4,0,0,,,,,138.975
CID_21123887,Industrial,21123887,C2H6OTa+5,227.02,,1,1,20.2,CCO.[Ta+5],PubChem,,,,Structure_PubChem,227.017,-0.0039,1,1,20.23,4,0,0,,,,,227.017
CID_21124342,Industrial,21124342,CH4LiO+,39.0,,1,1,20.2,[Li+].CO,PubChem,,,,Structure_PubChem,38.983,-3.3875,1,1,20.23,3,0,0,,,,,38.983
CID_21124345,Industrial,21124345,CH4OTi+4,79.909,,1,1,20.2,CO.[Ti+4],PubChem,,,,Structure_PubChem,79.909,-0.394,1,1,20.23,3,0,0,,,,,79.909
CID_21253762,Industrial,21253762,CH4NaO+,55.032,,1,1,20.2,CO.[Na+],PubChem,,,,Structure_PubChem,55.032,-3.3875,1,1,20.23,3,0,0,,,,,55.032
CID_21282719,Industrial,21282719,C2H7ClO4,130.53,,2,4,74.6,CCO.OCl(=O)=O,PubChem,,,,Structure_PubChem,130.527,-2.9364,2,4,86.58,7,0,0,,,,,130.527
CID_21283464,Industrial,21283464,C3H6OPb,265,,0,1,17.1,CC(=O)C.[Pb],PubChem,,,,Structure_PubChem,265.28,0.2145,0,1,17.07,5,0,0,,,,,265.28
CID_21307476,Industrial,21307476,C2H6OSm-2,196.4,,1,3,20.2,[CH3-].[CH2-]O.[Sm],PubChem,,,,Structure_PubChem,196.429,0.6008,1,1,20.23,4,0,0,,,,,196.429
CID_21311900,Industrial,21311900,C2H7ClO,82.53,,2,2,20.2,[H+].CCO.[Cl-],PubChem,,,,Structure_PubChem,82.53,-2.8849,1,1,20.23,4,0,0,,,,,82.53
CID_21349889,Industrial,21349889,CH4AcO,259.070,,1,1,20.2,CO.[Ac],PubChem,,,,Structure_PubChem,259.042,-0.3915,1,1,20.23,3,0,0,,,,,259.042
CID_21387950,Industrial,21387950,C3H6O2S,106.15,,0,3,66.2,CC(=O)C.O=S,PubChem,,,,Structure_PubChem,106.146,0.259,0,3,34.14,6,0,0,,,,,106.146
CID_21410667,Industrial,21410667,C12H11O5P,266.19,1,2,5,76.0,C1=CC=C(C=C1)OP(=O)(O)OC2=CC=C(C=C2)O,PubChem,,,,Structure_PubChem,266.189,2.9504,2,4,75.99,18,2,4,,,,,266.189
CID_21465816,Industrial,21465816,C3H7FO,78.09,,1,2,17.1,[H+].CC(=O)C.[F-],PubChem,,,,Structure_PubChem,78.086,-2.2882,0,1,17.07,5,0,0,,,,,78.086
CID_21480214,Industrial,21480214,C2H6NaO+,69.06,,1,1,20.2,CCO.[Na+],PubChem,,,,Structure_PubChem,69.059,-2.9974,1,1,20.23,4,0,0,,,,,69.059
CID_21553713,Industrial,21553713,C3H7KO2,114.18,,1,2,18.1,CC(=O)C.[OH-].[K+],PubChem,,,,Structure_PubChem,114.185,-2.5775,0,2,47.07,6,0,0,,,,,114.185
CID_21555752,Industrial,21555752,CH5BrO,112.95,,2,1,20.2,CO.Br,PubChem,,,,Structure_PubChem,112.954,0.1864,1,1,20.23,3,0,0,,,,,112.954
CID_21584890,Industrial,21584890,C3H7LiO,66.1,,1,2,20.2,[Li+].CC[CH-]O,PubChem,,,,Structure_PubChem,66.029,-2.0653,1,1,20.23,5,0,1,,,,,66.029
CID_21609659,Industrial,21609659,C3H8O,66.13,0.3,1,1,20.2,[2H]C(C([2H])([2H])C([2H])([2H])[2H])O,PubChem,,,,Structure_PubChem,66.1326,0.3887,1,1,20.23,4,0,1,,,,,66.1326
CID_21621281,Industrial,21621281,C2H6CrO,98.06,,1,1,20.2,CCO.[Cr],PubChem,,,,Structure_PubChem,98.065,-0.0039,1,1,20.23,4,0,0,,,,,98.065
CID_21640522,Industrial,21640522,C2H6O2V,113.01,,1,2,37.3,CCO.O=[V],PubChem,,,,Structure_PubChem,113.012,-0.1227,1,2,37.3,5,0,0,,,,,113.012
CID_21680430,Industrial,21680430,C18H18O6,330.3,3.4,2,6,85.2,COC1=CC(=C(C=C1)/C=C/C(=O)C2=C(C=C(C=C2OC)O)O)OC,PubChem,,,,Structure_PubChem,330.336,3.0197,2,6,85.22,24,2,6,,,,,330.336
CID_21705897,Industrial,21705897,CH7NO,49.073,,2,2,21.2,CO.N,PubChem,,,,Structure_PubChem,49.073,-0.2295,2,2,55.23,3,0,0,,,,,49.073
CID_21707933,Industrial,21707933,C6H4F2O2,146.09,1.4,2,4,40.5,C1=C(C=C(C(=C1O)O)F)F,PubChem,,,,Structure_PubChem,146.092,1.376,2,2,40.46,10,1,0,,,,,146.092
CID_21887872,Industrial,21887872,C2H7ClO,82.53,,2,1,20.2,CCO.Cl,PubChem,,,,Structure_PubChem,82.53,0.4204,1,1,20.23,4,0,0,,,,,82.53
CID_21893726,Industrial,21893726,CH5ClO,68.50,,2,1,20.2,CO.Cl,PubChem,,,,Structure_PubChem,68.503,0.0303,1,1,20.23,3,0,0,,,,,68.503
CID_21904636,Industrial,21904636,C6H4BrFO,191.00,2.4,1,2,20.2,C1=C(C=C(C=C1F)Br)O,PubChem,,,,Structure_PubChem,190.999,2.2938,1,1,20.23,9,1,0,,,,,190.999
CID_21946064,Industrial,21946064,C2H5NaO,68.05,,1,2,20.2,[CH2-]CO.[Na+],PubChem,,,,Structure_PubChem,68.051,-3.1832,1,1,20.23,4,0,0,,,,,68.051
CID_21946426,Industrial,21946426,C2H7KO2,102.17,,2,2,21.2,CCO.[OH-].[K+],PubChem,,,,Structure_PubChem,102.174,-3.1742,1,2,50.23,5,0,0,,,,,102.174
CID_21958396,Industrial,21958396,CH4ClNaO,90.48,,1,2,20.2,CO.[Na+].[Cl-],PubChem,,,,Structure_PubChem,90.485,-6.3835,1,1,20.23,4,0,0,,,,,90.485
CID_21960562,Industrial,21960562,CH6O3,66.057,,3,3,60.7,CO.OO,PubChem,,,,Structure_PubChem,66.056,-0.3741,3,3,60.69,4,0,0,,,,,66.056
CID_21971815,Industrial,21971815,C3H8O2,84.14,,1,2,18.1,[2H]C([2H])([2H])C(=O)C([2H])([2H])[2H].[2H]O[2H],PubChem,,,,Structure_PubChem,84.1438,-0.2294,0,1,48.57,5,0,0,,,,,84.1438
CID_21982811,Industrial,21982811,C2H8Cl2O,118.99,,3,1,20.2,CCO.Cl.Cl,PubChem,,,,Structure_PubChem,118.991,0.8422,1,1,20.23,5,0,0,,,,,118.991
CID_21987814,Industrial,21987814,C2H4OSe,123.02,,1,1,20.2,C(C=[Se])O,PubChem,,,,Structure_PubChem,123.013,-1.0506,1,1,20.23,4,0,1,,,,,123.013
CID_21997081,Industrial,21997081,C6H12O2,116.16,,0,2,34.1,CC(=O)C.CC(=O)C,PubChem,,,,Structure_PubChem,116.16,1.1906,0,2,34.14,8,0,0,,,,,116.16
CID_22015205,Industrial,22015205,C2H6Cl2MgO,141.28,,1,3,20.2,CCO.[Mg+2].[Cl-].[Cl-],PubChem,,,,Structure_PubChem,141.28,-6.3742,1,1,20.23,6,0,0,,,,,141.28
CID_22020247,Industrial,22020247,C3H9NO,75.11,,1,2,18.1,CC(=O)C.N,PubChem,,,,Structure_PubChem,75.111,0.7573,1,2,52.07,5,0,0,,,,,75.111
CID_22020343,Industrial,22020343,C2H9NO,63.10,,2,2,21.2,CCO.N,PubChem,,,,Structure_PubChem,63.1,0.1606,2,2,55.23,4,0,0,,,,,63.1
CID_22051955,Industrial,22051955,CH4ClLiO,74.5,,1,2,20.2,[Li+].CO.[Cl-],PubChem,,,,Structure_PubChem,74.436,-6.3835,1,1,20.23,4,0,0,,,,,74.436
CID_22061591,Industrial,22061591,C8H10Cl2,177.07,,0,0,0.0,CCl.C1=CC=C(C=C1)CCl,PubChem,,,,Structure_PubChem,177.074,3.2804,0,0,0.0,10,1,1,,,,,177.074
CID_22081986,Industrial,22081986,CH4FeO,87.89,,1,1,20.2,CO.[Fe],PubChem,,,,Structure_PubChem,87.887,-0.394,1,1,20.23,3,0,0,,,,,87.887
CID_22082883,Industrial,22082883,C3H9O+,61.10,0.4,1,0,1.0,CC[OH+]C,PubChem,,,,Structure_PubChem,61.104,0.1641,0,0,12.8,4,0,1,,,,,61.104
CID_22085552,Industrial,22085552,CH4OY,120.948,,1,1,20.2,CO.[Y],PubChem,,,,Structure_PubChem,120.948,-0.394,1,1,20.23,3,0,0,,,,,120.948
CID_22160860,Industrial,22160860,C6H4BrIO,298.90,2.9,1,1,20.2,C1=CC(=C(C=C1I)Br)O,PubChem,,,,Structure_PubChem,298.905,2.7593,1,1,20.23,9,1,0,,,,,298.905
CID_22223333,Industrial,22223333,C2H6ClLiO,88.5,,1,2,20.2,[Li+].CCO.[Cl-],PubChem,,,,Structure_PubChem,88.463,-5.9934,1,1,20.23,5,0,0,,,,,88.463
CID_22242641,Industrial,22242641,CH6O2,50.057,,2,2,21.2,CO.O,PubChem,,,,Structure_PubChem,50.057,-1.2162,1,1,51.73,3,0,0,,,,,50.057
CID_22251708,Industrial,22251708,C2H6F3OTi,150.93,,1,4,20.2,CCO.F[Ti](F)F,PubChem,,,,Structure_PubChem,150.93,1.2567,1,1,20.23,7,0,0,,,,,150.93
CID_22421315,Industrial,22421315,C2H6Cl2OV,167.91,,1,1,20.2,CCO.Cl[V]Cl,PubChem,,,,Structure_PubChem,167.919,1.3751,1,1,20.23,6,0,0,,,,,167.919
CID_22470360,Industrial,22470360,CH6Cl2O,104.96,,3,1,20.2,CO.Cl.Cl,PubChem,,,,Structure_PubChem,104.964,0.4521,1,1,20.23,4,0,0,,,,,104.964
CID_22476647,Industrial,22476647,C3H7O+,59.09,,1,1,17.1,[H+].CC(=O)C,PubChem,,,,Structure_PubChem,59.088,0.7078,0,1,17.07,4,0,0,,,,,59.088
CID_22476939,Industrial,22476939,CH4MnO,86.980,,1,1,20.2,CO.[Mn],PubChem,,,,Structure_PubChem,86.98,-0.394,1,1,20.23,3,0,0,,,,,86.98
CID_22476948,Industrial,22476948,C2H6FeO,101.91,,1,1,20.2,CCO.[Fe],PubChem,,,,Structure_PubChem,101.914,-0.0039,1,1,20.23,4,0,0,,,,,101.914
CID_22476971,Industrial,22476971,C2H6Br3OTi,333.65,,1,1,20.2,CCO.[Ti](Br)(Br)Br,PubChem,,,,Structure_PubChem,333.648,2.5329,1,1,20.23,7,0,0,,,,,333.648
CID_22476973,Industrial,22476973,CH4ClMnO-,122.43,,1,2,20.2,CO.[Cl-].[Mn],PubChem,,,,Structure_PubChem,122.433,-3.39,1,1,20.23,4,0,0,,,,,122.433
CID_22476993,Industrial,22476993,C2H6FeO+2,101.91,,1,1,20.2,CCO.[Fe+2],PubChem,,,,Structure_PubChem,101.914,-0.0039,1,1,20.23,4,0,0,,,,,101.914
CID_22477019,Industrial,22477019,CH4NiO,90.735,,1,1,20.2,CO.[Ni],PubChem,,,,Structure_PubChem,90.735,-0.394,1,1,20.23,3,0,0,,,,,90.735
CID_22477046,Industrial,22477046,C2H6ClCoO-,140.45,,1,2,20.2,CCO.[Cl-].[Co],PubChem,,,,Structure_PubChem,140.455,-2.9999,1,1,20.23,5,0,0,,,,,140.455
CID_22477078,Industrial,22477078,CH4CoO,90.975,,1,1,20.2,CO.[Co],PubChem,,,,Structure_PubChem,90.975,-0.394,1,1,20.23,3,0,0,,,,,90.975
CID_22477081,Industrial,22477081,CH4ClCoO-,126.43,,1,2,20.2,CO.[Cl-].[Co],PubChem,,,,Structure_PubChem,126.428,-3.39,1,1,20.23,4,0,0,,,,,126.428
CID_22477089,Industrial,22477089,C2H6MnO,101.01,,1,1,20.2,CCO.[Mn],PubChem,,,,Structure_PubChem,101.007,-0.0039,1,1,20.23,4,0,0,,,,,101.007
CID_22477107,Industrial,22477107,C2H6CoO,105.00,,1,1,20.2,CCO.[Co],PubChem,,,,Structure_PubChem,105.002,-0.0039,1,1,20.23,4,0,0,,,,,105.002
CID_22477125,Industrial,22477125,CH4FeO+2,87.89,,1,1,20.2,CO.[Fe+2],PubChem,,,,Structure_PubChem,87.887,-0.394,1,1,20.23,3,0,0,,,,,87.887
CID_22477130,Industrial,22477130,C2H6ClMnO-,136.46,,1,2,20.2,CCO.[Cl-].[Mn],PubChem,,,,Structure_PubChem,136.46,-2.9999,1,1,20.23,5,0,0,,,,,136.46
CID_22477147,Industrial,22477147,CH4ClNiO-,126.19,,1,2,20.2,CO.[Cl-].[Ni],PubChem,,,,Structure_PubChem,126.188,-3.39,1,1,20.23,4,0,0,,,,,126.188
CID_22485300,Industrial,22485300,C3H10O,62.11,,1,1,20.2,CC.CO,PubChem,,,,Structure_PubChem,62.112,0.6347,1,1,20.23,4,0,0,,,,,62.112
CID_22485360,Industrial,22485360,C8H7F3O,176.14,3.2,1,4,20.2,C1=CC(=CC=C1CC(F)(F)F)O,PubChem,,,,Structure_PubChem,176.137,2.497,1,1,20.23,12,1,1,,,,,176.137
CID_22508308,Industrial,22508308,C2H6OPb,253,,1,1,20.2,CCO.[Pb],PubChem,,,,Structure_PubChem,253.269,-0.3822,1,1,20.23,4,0,0,,,,,253.269
CID_22561295,Industrial,22561295,C2H8O,48.08,,1,1,20.2,[HH].CCO,PubChem,,,,Structure_PubChem,48.085,0.2446,1,1,20.23,3,0,0,,,,,48.085
CID_22617438,Industrial,22617438,C5H12O,88.15,,0,1,17.1,CC.CC(=O)C,PubChem,,,,Structure_PubChem,88.15,1.6215,0,1,17.07,6,0,0,,,,,88.15
CID_22639179,Industrial,22639179,C7H16O,116.20,,0,1,17.1,CCCC.CC(=O)C,PubChem,,,,Structure_PubChem,116.204,2.4017,0,1,17.07,8,0,1,,,,,116.204
CID_22670857,Industrial,22670857,CH5O+,33.050,,2,1,20.2,[H+].CO,PubChem,,,,Structure_PubChem,33.05,-0.279,1,1,20.23,2,0,0,,,,,33.05
CID_22708472,Industrial,22708472,CH5FO,52.048,,2,2,20.2,CO.F,PubChem,,,,Structure_PubChem,52.048,-0.239,1,1,20.23,3,0,0,,,,,52.048
CID_22743359,Industrial,22743359,C2H6OTi,93.94,,1,1,20.2,CCO.[Ti],PubChem,,,,Structure_PubChem,93.936,-0.0039,1,1,20.23,4,0,0,,,,,93.936
CID_22895164,Industrial,22895164,C3H4O+2,56.06,-0.1,0,1,17.1,[CH2+]C(=O)[CH2+],PubChem,,,,Structure_PubChem,56.064,0.2237,0,1,17.07,4,0,0,,,,,56.064
CID_22899116,Industrial,22899116,C2H5OSe,124.03,,1,1,20.2,C(C[Se])O,PubChem,,,,Structure_PubChem,124.021,-0.4345,1,1,20.23,4,0,1,,,,,124.021
CID_22928729,Industrial,22928729,C6H4ClIO,254.45,3.4,1,1,20.2,C1=CC(=C(C=C1O)I)Cl,PubChem,,,,Structure_PubChem,254.454,2.6502,1,1,20.23,9,1,0,,,,,254.454
CID_22951805,Industrial,22951805,C2H6OW,229.91,,1,3,20.2,[CH3-].[CH2-]O.[W+2],PubChem,,,,Structure_PubChem,229.909,0.5983,1,1,20.23,4,0,0,,,,,229.909
CID_22951807,Industrial,22951807,C2H7OW-,230.92,,1,2,20.2,[CH3-].CO.[W],PubChem,,,,Structure_PubChem,230.917,0.0563,1,1,20.23,4,0,0,,,,,230.917
CID_22954420,Industrial,22954420,C4H13AcO2-,320.17,,2,3,21.2,C[CH2-].CCO.O.[Ac],PubChem,,,,Structure_PubChem,320.146,0.0143,1,1,51.73,7,0,0,,,,,320.146
CID_22963271,Industrial,22963271,C5H10OW,269.97,,0,3,17.1,C[CH2-].CC(=O)[CH2-].[W+2],PubChem,,,,Structure_PubChem,269.974,1.2474,0,1,17.07,7,0,0,,,,,269.974
CID_22963275,Industrial,22963275,C3H7O2W-,258.93,,1,3,18.1,CC(=O)[CH2-].O.[W],PubChem,,,,Structure_PubChem,258.927,-0.4177,0,1,48.57,6,0,0,,,,,258.927
CID_22963276,Industrial,22963276,C4H8OW,255.95,,0,3,17.1,[CH3-].CC(=O)[CH2-].[W+2],PubChem,,,,Structure_PubChem,255.947,0.8573,0,1,17.07,6,0,0,,,,,255.947
CID_22975963,Industrial,22975963,CH4OYb,205.09,,1,1,20.2,CO.[Yb],PubChem,,,,Structure_PubChem,205.082,-0.3915,1,1,20.23,3,0,0,,,,,205.082
CID_22986368,Industrial,22986368,C2H7OY-,135.98,,1,2,20.2,[CH3-].CO.[Y],PubChem,,,,Structure_PubChem,135.983,0.0563,1,1,20.23,4,0,0,,,,,135.983
CID_23002992,Industrial,23002992,C2H7BrO,126.98,,2,1,20.2,CCO.Br,PubChem,,,,Structure_PubChem,126.981,0.5765,1,1,20.23,4,0,0,,,,,126.981
CID_23218663,Industrial,23218663,C2H5BO,55.87,,1,1,20.2,[B]CCO,PubChem,,,,Structure_PubChem,55.873,-0.4345,1,1,20.23,4,0,1,,,,,55.873
CID_23262207,Industrial,23262207,C2H6O,47.07,-0.1,1,1,20.2,[2H]CCO,PubChem,,,,Structure_PubChem,47.0751,-0.0014,1,1,20.23,3,0,0,,,,,47.0751
CID_23262232,Industrial,23262232,C2H6O,49.09,-0.1,1,1,20.2,[2H]CC([2H])([2H])O,PubChem,,,,Structure_PubChem,49.0873,-0.0014,1,1,20.23,3,0,0,,,,,49.0873
CID_23262246,Industrial,23262246,C2H6O,50.09,-0.1,1,1,20.2,[2H]C(C([2H])([2H])[2H])O,PubChem,,,,Structure_PubChem,50.0934,-0.0014,1,1,20.23,3,0,0,,,,,50.0934
CID_23286247,Industrial,23286247,C2H6LiO+,53.0,,1,1,20.2,[Li+].CCO,PubChem,,,,Structure_PubChem,53.01,-2.9974,1,1,20.23,4,0,0,,,,,53.01
CID_23296991,Industrial,23296991,CH4OZr,123.26,,1,1,20.2,CO.[Zr],PubChem,,,,Structure_PubChem,123.266,-0.394,1,1,20.23,3,0,0,,,,,123.266
CID_23347748,Industrial,23347748,C2H6I3OTi-,474.65,,1,2,20.2,CCO.[Ti].I[I-]I,PubChem,,,,Structure_PubChem,474.648,-1.2285,1,1,20.23,7,0,0,,,,,474.648
CID_23349396,Industrial,23349396,C16H20O2Si,272.41,,2,2,40.5,CC[Si](CC)(C1=CC=C(C=C1)O)C2=CC=C(C=C2)O,PubChem,,,,Structure_PubChem,272.42,2.7006,2,2,40.46,19,2,4,,,,,272.42
CID_23383586,Industrial,23383586,C3H8AcO,287.12,,1,1,20.2,CCCO.[Ac],PubChem,,,,Structure_PubChem,287.096,0.3887,1,1,20.23,5,0,1,,,,,287.096
CID_23390360,Industrial,23390360,C3H5BO,67.88,,0,1,17.1,[B]CC(=O)C,PubChem,,,,Structure_PubChem,67.884,0.1622,0,1,17.07,5,0,1,,,,,67.884
CID_23448372,Industrial,23448372,C2H6OW,229.91,,1,1,20.2,CCO.[W],PubChem,,,,Structure_PubChem,229.909,-0.0039,1,1,20.23,4,0,0,,,,,229.909
CID_23448611,Industrial,23448611,C2H6OTa,227.02,,1,1,20.2,CCO.[Ta],PubChem,,,,Structure_PubChem,227.017,-0.0039,1,1,20.23,4,0,0,,,,,227.017
CID_23502500,Industrial,23502500,C2H7OZn-,112.5,,1,2,20.2,[CH3-].CO.[Zn],PubChem,,,,Structure_PubChem,112.467,0.0563,1,1,20.23,4,0,0,,,,,112.467
CID_23504327,Industrial,23504327,CH4HeO,36.045,,1,1,20.2,[He].CO,PubChem,,,,Structure_PubChem,36.045,-0.3915,1,1,20.23,3,0,0,,,,,36.045
CID_23506463,Industrial,23506463,C2H6OZr,137.29,,1,1,20.2,CCO.[Zr],PubChem,,,,Structure_PubChem,137.293,-0.0039,1,1,20.23,4,0,0,,,,,137.293
CID_23545590,Industrial,23545590,CH4La2O,309.853,,1,1,20.2,CO.[La].[La],PubChem,,,,Structure_PubChem,309.854,-0.3915,1,1,20.23,4,0,0,,,,,309.854
CID_23546008,Industrial,23546008,C3H5BrOZn,202.4,,0,2,17.1,CC(=O)[CH2-].[Zn+]Br,PubChem,,,,Structure_PubChem,202.366,1.2526,0,1,17.07,6,0,0,,,,,202.366
CID_23549540,Industrial,23549540,C3H7O+,59.09,0.3,1,1,20.2,CC([CH2+])O,PubChem,,,,Structure_PubChem,59.088,0.2013,1,1,20.23,4,0,0,,,,,59.088
CID_23559741,Industrial,23559741,CH4O,32.042,-0.5,1,1,1.0,[CH2-][OH2+],PubChem,,,,Structure_PubChem,32.042,-0.4974,0,0,22.9,2,0,0,,,,,32.042
CID_23586611,Industrial,23586611,C2H5BO-,55.87,,1,2,20.2,[B-]CCO,PubChem,,,,Structure_PubChem,55.873,-0.4345,1,1,20.23,4,0,1,,,,,55.873
CID_23591700,Industrial,23591700,C3H5OWZn-,306.3,,0,2,17.1,CC(=O)[CH2-].[Zn].[W],PubChem,,,,Structure_PubChem,306.302,0.4045,0,1,17.07,6,0,0,,,,,306.302
CID_23596543,Industrial,23596543,C3H9OY-,150.01,,1,2,20.2,[CH3-].CCO.[Y],PubChem,,,,Structure_PubChem,150.01,0.4464,1,1,20.23,5,0,0,,,,,150.01
CID_23615177,Industrial,23615177,C2H6AuClO,278.49,,1,2,20.2,CCO.[Cl-].[Au+],PubChem,,,,Structure_PubChem,278.489,-2.9999,1,1,20.23,5,0,0,,,,,278.489
CID_23662303,Industrial,23662303,CH4IKO,198.045,,1,2,20.2,CO.[K+].[I-],PubChem,,,,Structure_PubChem,198.044,-6.3835,1,1,20.23,4,0,0,,,,,198.044
CID_23664627,Industrial,23664627,C7H5KO3,176.21,,1,3,60.4,C1=CC=C(C(=C1)C(=O)[O-])O.[K+],PubChem,,,,Structure_PubChem,176.212,-3.2403,1,3,60.36,11,1,1,,,,,176.212
CID_23670670,Industrial,23670670,C6H5KO,132.20,,0,1,23.1,C1=CC=C(C=C1)[O-].[K+],PubChem,,,,Structure_PubChem,132.203,-2.2358,0,1,23.06,8,1,0,,,,,132.203
CID_23675248,Industrial,23675248,C6H5BF3K,184.01,,0,4,0.0,[B-](C1=CC=CC=C1)(F)(F)F.[K+],PubChem,,,,Structure_PubChem,184.01,-1.255,0,0,0.0,11,1,1,,,,,184.01
CID_23676698,Industrial,23676698,C6H5KO4S,212.27,,1,4,85.8,C1=CC(=CC=C1O)S(=O)(=O)[O-].[K+],PubChem,,,,Structure_PubChem,212.267,-2.6997,1,4,77.43,12,1,1,,,,,212.267
CID_23677644,Industrial,23677644,C6H4BF4K,202.00,,0,5,0.0,[B-](C1=CC=C(C=C1)F)(F)(F)F.[K+],PubChem,,,,Structure_PubChem,202.0,-1.1159,0,0,0.0,12,1,1,,,,,202.0
CID_23677731,Industrial,23677731,C6H5KO2P+,179.17,,0,2,40.1,C1=CC=C(C=C1)[P+](=O)[O-].[K+],PubChem,,,,Structure_PubChem,179.176,-2.5814,0,2,40.13,10,1,1,,,,,179.176
CID_23677741,Industrial,23677741,C6H3BF5K,219.99,,0,6,0.0,[B-](C1=C(C=CC=C1F)F)(F)(F)F.[K+],PubChem,,,,Structure_PubChem,219.99,-0.9768,0,0,0.0,13,1,1,,,,,219.99
CID_23678854,Industrial,23678854,C6H5KO4S,212.27,,0,4,74.8,C1=CC=C(C=C1)OS(=O)(=O)[O-].[K+],PubChem,,,,Structure_PubChem,212.267,-2.4704,0,4,66.43,12,1,2,,,,,212.267
CID_23680029,Industrial,23680029,C3H5NaO,80.06,,0,2,17.1,CC(=O)[CH2-].[Na+],PubChem,,,,Structure_PubChem,80.062,-2.5865,0,1,17.07,5,0,0,,,,,80.062
CID_23681143,Industrial,23681143,C6H11NaO4,170.14,,3,4,26.1,C1=CC=C(C=C1)[O-].O.O.O.[Na+],PubChem,,,,Structure_PubChem,170.14,-4.7099,0,1,117.56,11,1,0,,,,,170.14
CID_23681821,Industrial,23681821,C3H7NaO2,98.08,,1,2,18.1,CC(=O)C.[OH-].[Na+],PubChem,,,,Structure_PubChem,98.077,-2.5775,0,2,47.07,6,0,0,,,,,98.077
CID_23683247,Industrial,23683247,CH4BrLiO,118.9,,1,2,20.2,[Li+].CO.[Br-],PubChem,,,,Structure_PubChem,118.887,-6.3835,1,1,20.23,4,0,0,,,,,118.887
CID_23686460,Industrial,23686460,C2H7LiO2,70.0,,2,2,21.2,[Li+].CCO.[OH-],PubChem,,,,Structure_PubChem,70.017,-3.1742,1,2,50.23,5,0,0,,,,,70.017
CID_23688160,Industrial,23688160,C6H4BF3IK,309.91,,0,4,0.0,[B-](C1=CC=C(C=C1)I)(F)(F)F.[K+],PubChem,,,,Structure_PubChem,309.906,-0.6504,0,0,0.0,12,1,1,,,,,309.906
CID_23688909,Industrial,23688909,C6H5KO3,164.20,,2,3,63.5,C1=CC(=C(C(=C1)[O-])O)O.[K+],PubChem,,,,Structure_PubChem,164.201,-2.8246,2,3,63.52,10,1,0,,,,,164.201
CID_23689386,Industrial,23689386,CH5KO2,88.148,,2,2,21.2,CO.[OH-].[K+],PubChem,,,,Structure_PubChem,88.147,-3.5643,1,2,50.23,4,0,0,,,,,88.147
CID_23692425,Industrial,23692425,C2H7NaO2,86.07,,2,2,21.2,CCO.[OH-].[Na+],PubChem,,,,Structure_PubChem,86.066,-3.1742,1,2,50.23,5,0,0,,,,,86.066
CID_23697350,Industrial,23697350,C6H4BF4K,202.00,,0,5,0.0,[B-](C1=CC(=CC=C1)F)(F)(F)F.[K+],PubChem,,,,Structure_PubChem,202.0,-1.1159,0,0,0.0,12,1,1,,,,,202.0
CID_23703546,Industrial,23703546,C3H5LiO,64.0,,0,2,17.1,[Li+].CC(=O)[CH2-],PubChem,,,,Structure_PubChem,64.013,-2.5865,0,1,17.07,5,0,0,,,,,64.013
CID_23706063,Industrial,23706063,C2H6ClNaO,104.51,,1,2,20.2,CCO.[Na+].[Cl-],PubChem,,,,Structure_PubChem,104.512,-5.9934,1,1,20.23,5,0,0,,,,,104.512
CID_23706212,Industrial,23706212,C19H15KO4,346.4,,0,4,66.4,CC(=O)CC(C1=CC=CC=C1)C2=C(C3=CC=CC=C3OC2=O)[O-].[K+],PubChem,,,,Structure_PubChem,346.423,-0.0184,0,4,70.34,24,3,4,,,,,346.423
CID_23708710,Industrial,23708710,C3H6ClNaO,116.52,,0,2,17.1,CC(=O)C.[Na+].[Cl-],PubChem,,,,Structure_PubChem,116.523,-5.3967,0,1,17.07,6,0,0,,,,,116.523
CID_23710472,Industrial,23710472,C2H6BrLiO,132.9,,1,2,20.2,[Li+].CCO.[Br-],PubChem,,,,Structure_PubChem,132.914,-5.9934,1,1,20.23,5,0,0,,,,,132.914
CID_23714421,Industrial,23714421,C2H9KO3,120.19,,3,3,22.2,CCO.O.[OH-].[K+],PubChem,,,,Structure_PubChem,120.189,-3.9989,1,2,81.73,6,0,0,,,,,120.189
CID_23717829,Industrial,23717829,CH5LiO2,56.0,,2,2,21.2,[Li+].CO.[OH-],PubChem,,,,Structure_PubChem,55.99,-3.5643,1,2,50.23,4,0,0,,,,,55.99
CID_23721981,Industrial,23721981,CH5NaO2,72.039,,2,2,21.2,CO.[OH-].[Na+],PubChem,,,,Structure_PubChem,72.039,-3.5643,1,2,50.23,4,0,0,,,,,72.039
CID_24942626,Industrial,24942626,CH4CoO,90.975,,1,1,20.2,CO.[Co],PubChem,,,,Structure_PubChem,90.975,-0.394,1,1,20.23,3,0,0,,,,,90.975
CID_25113691,Industrial,25113691,C20H32O,288.5,7.9,1,1,20.2,CCCCCCCCC/C=C/CCCC1=CC=C(C=C1)O,PubChem,,,,Structure_PubChem,288.475,6.4118,1,1,20.23,21,1,12,,,,,288.475
CID_25200202,Industrial,25200202,CH4MnO,86.980,,1,1,20.2,CO.[Mn],PubChem,,,,Structure_PubChem,86.98,-0.394,1,1,20.23,3,0,0,,,,,86.98
CID_25200210,Industrial,25200210,C2H6OTi,93.94,,1,1,20.2,CCO.[Ti],PubChem,,,,Structure_PubChem,93.936,-0.0039,1,1,20.23,4,0,0,,,,,93.936
CID_44151932,Industrial,44151932,C13H12CaO3,256.31,,0,3,63.2,C=O.C1=CC=C(C=C1)[O-].C1=CC=C(C=C1)[O-].[Ca+2],PubChem,,,,Structure_PubChem,256.314,0.9547,0,3,63.19,17,2,0,,,,,256.314
CID_44269748,Industrial,44269748,C14H11FO,214.23,3.7,1,2,20.2,C1=CC=C(C=C1)/C=C(/C2=CC=C(C=C2)O)\F,PubChem,,,,Structure_PubChem,214.239,3.8598,1,1,20.23,16,2,2,,,,,214.239
CID_44269760,Industrial,44269760,C15H14O,210.27,4.5,1,1,20.2,C/C(=C/C1=CC=C(C=C1)O)/C2=CC=CC=C2,PubChem,,,,Structure_PubChem,210.276,3.9527,1,1,20.23,16,2,2,,,,,210.276
CID_44395086,Industrial,44395086,C6H7AsO3,202.04,,2,3,49.7,C1=CC=C(C=C1)O[As](O)O,PubChem,,,,Structure_PubChem,202.041,0.0349,2,3,49.69,10,1,2,,,,,202.041
CID_44459223,Industrial,44459223,C6H6FNO3S,191.18,0.9,1,5,77.8,C1=CC(=CC=C1OS(=O)(=O)N)F,PubChem,,,,Structure_PubChem,191.183,0.408,1,3,69.39,12,1,2,,,,,191.183
CID_44459431,Industrial,44459431,C6H6INO3S,299.09,1.4,1,4,77.8,C1=CC(=CC=C1OS(=O)(=O)N)I,PubChem,,,,Structure_PubChem,299.089,0.8735,1,3,69.39,12,1,2,,,,,299.089
CID_44560845,Industrial,44560845,C19H18,246.3,5.8,0,0,0.0,C1=CC=C(C=C1)C/C=C/C=C/C=C/C2=CC=CC=C2,PubChem,,,,Structure_PubChem,246.353,5.0549,0,0,0.0,19,2,5,,,,,246.353
CID_44593649,Industrial,44593649,C6H5AsNa2O3,246.00,,0,3,63.2,C1=CC=C(C=C1)[As](=O)([O-])[O-].[Na+].[Na+],PubChem,,,,Structure_PubChem,246.005,-8.0084,0,3,63.19,12,1,1,,,,,246.005
CID_44629933,Industrial,44629933,C6H8BNaO3,161.93,,3,4,60.7,[B-](C1=CC=CC=C1)(O)(O)O.[Na+],PubChem,,,,Structure_PubChem,161.929,-4.1866,3,3,60.69,11,1,1,,,,,161.929
CID_45051570,Industrial,45051570,C2H6AlO,73.05,,1,1,20.2,CCO.[Al],PubChem,,,,Structure_PubChem,73.051,-0.3822,1,1,20.23,4,0,0,,,,,73.051
CID_45051805,Industrial,45051805,C2H6MgO,70.37,,1,1,20.2,CCO.[Mg],PubChem,,,,Structure_PubChem,70.374,-0.3822,1,1,20.23,4,0,0,,,,,70.374
CID_45051806,Industrial,45051806,CH4KO,71.140,,1,1,20.2,CO.[K],PubChem,,,,Structure_PubChem,71.14,-0.7723,1,1,20.23,3,0,0,,,,,71.14
CID_45051891,Industrial,45051891,C2H6KO,85.17,,1,1,20.2,CCO.[K],PubChem,,,,Structure_PubChem,85.167,-0.3822,1,1,20.23,4,0,0,,,,,85.167
CID_45051896,Industrial,45051896,CH4MgO,56.35,,1,1,20.2,CO.[Mg],PubChem,,,,Structure_PubChem,56.347,-0.7723,1,1,20.23,3,0,0,,,,,56.347
CID_45051902,Industrial,45051902,C2H6OTa,227.02,,1,1,20.2,CCO.[Ta],PubChem,,,,Structure_PubChem,227.017,-0.0039,1,1,20.23,4,0,0,,,,,227.017
CID_45051909,Industrial,45051909,CH4LiO,39.0,,1,1,20.2,[Li].CO,PubChem,,,,Structure_PubChem,38.983,-0.7723,1,1,20.23,3,0,0,,,,,38.983
CID_45051968,Industrial,45051968,C2H6LiO,53.0,,1,1,20.2,[Li].CCO,PubChem,,,,Structure_PubChem,53.01,-0.3822,1,1,20.23,4,0,0,,,,,53.01
CID_45052200,Industrial,45052200,C6H5ClO,132.58,2.4,1,1,20.2,[2H]C1=C(C(=C(C(=C1O)[2H])[2H])Cl)[2H],PubChem,,,,Structure_PubChem,132.5824,2.0456,1,1,20.23,8,1,0,,,,,132.5824
CID_45105304,Industrial,45105304,C7H7ClHg,327.17,,0,1,0.0,CC1=CC=C(C=C1)[Hg+].[Cl-],PubChem,,,,Structure_PubChem,327.176,-1.8289,0,0,0.0,9,1,0,,,,,327.176
CID_45358110,Industrial,45358110,C17H22O,242.36,5.6,1,1,20.2,CC(=CCCC(C=C)/C=C/C1=CC=C(C=C1)O)C,PubChem,,,,Structure_PubChem,242.362,4.954,1,1,20.23,18,1,6,,,,,242.362
CID_49818473,Industrial,49818473,C18H15BOP,289.1,,1,1,20.2,[B].C1=CC=C(C=C1)P(C2=CC=CC=C2)C3=CC=C(C=C3)O,PubChem,,,,Structure_PubChem,289.103,2.7696,1,1,20.23,21,3,3,,,,,289.103
CID_49822606,Industrial,49822606,C2H6Cl3OTi,200.29,,1,1,20.2,CCO.Cl[Ti](Cl)Cl,PubChem,,,,Structure_PubChem,200.295,2.0646,1,1,20.23,7,0,0,,,,,200.295
CID_49822618,Industrial,49822618,C2H6Cl2OTi,164.84,,1,1,20.2,CCO.Cl[Ti]Cl,PubChem,,,,Structure_PubChem,164.842,1.3751,1,1,20.23,6,0,0,,,,,164.842
CID_53233771,Industrial,53233771,C6H8O4,144.12,,4,4,61.7,C1=C(C=C(C=C1O)O)O.O,PubChem,,,,Structure_PubChem,144.126,-0.0213,3,3,92.19,10,1,0,,,,,144.126
CID_53446933,Industrial,53446933,C2H7IO,173.98,,1,1,1.0,CC[OH2+].[I-],PubChem,,,,Structure_PubChem,173.981,-3.2651,0,0,22.9,4,0,0,,,,,173.981
CID_53629015,Industrial,53629015,C6H5Li,84.1,,0,0,0.0,[Li].C1=CC=[C]C=C1,PubChem,,,,Structure_PubChem,84.047,1.106,0,0,0.0,7,1,0,,,,,84.047
CID_53629521,Industrial,53629521,C7H5BiO4,362.09,,1,4,64.2,C1=CC=C(C(=C1)C(=O)[O-])[O-].[OH-].[Bi+3],PubChem,,,,Structure_PubChem,362.093,-1.4339,0,4,93.19,12,1,1,,,,,362.093
CID_53675983,Industrial,53675983,C3H8O,62.10,0.3,1,1,20.2,[3H]CCCO,PubChem,,,,Structure_PubChem,62.104,0.3887,1,1,20.23,4,0,1,,,,,62.104
CID_53675984,Industrial,53675984,C3H8O,61.10,0.3,1,1,20.2,[H][C@]([2H])(CC)O,PubChem,,,,Structure_PubChem,61.1021,0.3887,1,1,20.23,4,0,1,,,,,61.1021
CID_53675985,Industrial,53675985,C3H8O,61.10,0.3,1,1,20.2,[2H]CCCO,PubChem,,,,Structure_PubChem,61.1021,0.3887,1,1,20.23,4,0,1,,,,,61.1021
CID_53737323,Industrial,53737323,C3H6O,62.10,-0.1,0,1,17.1,[2H]CC(=O)C([2H])([2H])[2H],PubChem,,,,Structure_PubChem,62.1044,0.5953,0,1,17.07,4,0,0,,,,,62.1044
CID_53737324,Industrial,53737324,C3H6O,60.09,-0.1,0,1,17.1,[3H]CC(=O)C,PubChem,,,,Structure_PubChem,60.088,0.5953,0,1,17.07,4,0,0,,,,,60.088
CID_53737325,Industrial,53737325,C3H6O,60.09,-0.1,0,1,17.1,[2H]C([2H])C(=O)C,PubChem,,,,Structure_PubChem,60.0922,0.5953,0,1,17.07,4,0,0,,,,,60.0922
CID_53737326,Industrial,53737326,C3H6O,63.11,-0.1,0,1,17.1,[2H]C([2H])C(=O)C([2H])([2H])[2H],PubChem,,,,Structure_PubChem,63.1105,0.5953,0,1,17.07,4,0,0,,,,,63.1105
CID_54031105,Industrial,54031105,C2H6O,48.08,-0.1,1,1,20.2,[3H]CCO,PubChem,,,,Structure_PubChem,48.077,-0.0014,1,1,20.23,3,0,0,,,,,48.077
CID_54467428,Industrial,54467428,CH5O+,35.062,-0.5,1,0,1.0,[2H][O+]([2H])C,PubChem,,,,Structure_PubChem,35.0622,-0.6592,0,0,22.9,2,0,0,,,,,35.0622
CID_54609879,Industrial,54609879,C6H6PbS,317,,1,1,1.0,C1=CC=C(C=C1)S.[Pb],PubChem,,,,Structure_PubChem,317.381,1.5945,1,1,0.0,8,1,0,,,,,317.381
CID_54675839,Industrial,54675839,C7H5O4-,153.11,2.3,2,4,80.6,C1=CC(=C(C=C1O)C(=O)O)[O-],PubChem,,,,Structure_PubChem,153.113,0.164,2,3,80.59,11,1,1,,,,,153.113
CID_54675850,Industrial,54675850,C7H5O3-,137.11,2.4,1,3,60.4,C1=CC=C(C(=C1)C(=O)O)[O-],PubChem,,,,Structure_PubChem,137.114,0.4584,1,2,60.36,10,1,1,,,,,137.114
CID_54676038,Industrial,54676038,C19H12O6,336.3,2.6,2,6,93.1,C1=CC=C2C(=C1)C(=C(C(=O)O2)CC3=C(C4=CC=CC=C4OC3=O)O)O,PubChem,,,,Structure_PubChem,336.299,2.9014,2,6,100.88,25,4,2,,,,,336.299
CID_54678486,Industrial,54678486,C19H16O4,308.3,2.7,1,4,63.6,CC(=O)CC(C1=CC=CC=C1)C2=C(C3=CC=CC=C3OC2=O)O,PubChem,,,,Structure_PubChem,308.333,3.6096,1,4,67.51,23,3,4,,,,,308.333
CID_54679300,Industrial,54679300,C24H30O3,366.5,6.9,1,3,46.5,CC(=CCC/C(=C/CC/C(=C/CC1=C(C2=CC=CC=C2OC1=O)O)/C)/C)C,PubChem,,,,Structure_PubChem,366.501,6.4603,1,3,50.44,27,2,8,,,,,366.501
CID_54679630,Industrial,54679630,C9H6O4,178.14,0.9,2,4,66.8,C1=CC2=C(C=C1O)OC(=O)C=C2O,PubChem,,,,Structure_PubChem,178.143,1.2042,2,4,70.67,13,2,0,,,,,178.143
CID_54680692,Industrial,54680692,C18H16O3,280.3,3.6,1,3,46.5,CCC(C1=CC=CC=C1)C2=C(C3=CC=CC=C3OC2=O)O,PubChem,,,,Structure_PubChem,280.323,4.0405,1,3,50.44,21,3,3,,,,,280.323
CID_54682930,Industrial,54682930,C9H6O3,162.14,1.3,1,3,46.5,C1=CC=C2C(=C1)C(=CC(=O)O2)O,PubChem,,,,Structure_PubChem,162.144,1.4986,1,3,50.44,12,2,0,,,,,162.144
CID_54684589,Industrial,54684589,C14H10MgO6,298.53,,2,6,121.0,C1=CC=C(C(=C1)C(=O)O)[O-].C1=CC=C(C(=C1)C(=O)O)[O-].[Mg+2],PubChem,,,,Structure_PubChem,298.533,0.536,2,4,120.72,21,2,2,,,,,298.533
CID_54684598,Industrial,54684598,C19H16O4,308.3,2.7,1,4,63.6,CC(=O)C[C@H](C1=CC=CC=C1)C2=C(C3=CC=CC=C3OC2=O)O,PubChem,,,,Structure_PubChem,308.333,3.6096,1,4,67.51,23,3,4,,,,,308.333
CID_54684619,Industrial,54684619,C14H10O6Sr,361.8,,2,6,121.0,C1=CC=C(C(=C1)C(=O)O)[O-].C1=CC=C(C(=C1)C(=O)O)[O-].[Sr+2],PubChem,,,,Structure_PubChem,361.848,0.536,2,4,120.72,21,2,2,,,,,361.848
CID_54686112,Industrial,54686112,C16H12O3,252.26,2.7,1,3,46.5,C1=CC=C(C=C1)CC2=C(C3=CC=CC=C3OC2=O)O,PubChem,,,,Structure_PubChem,252.269,3.0894,1,3,50.44,19,3,2,,,,,252.269
CID_54686349,Industrial,54686349,C10H8O3,176.17,1.6,1,3,46.5,CC1=CC2=C(C=C1)OC(=O)C=C2O,PubChem,,,,Structure_PubChem,176.171,1.807,1,3,50.44,13,2,0,,,,,176.171
CID_54688261,Industrial,54688261,C19H16O4,308.3,2.7,1,4,63.6,CC(=O)C[C@@H](C1=CC=CC=C1)C2=C(C3=CC=CC=C3OC2=O)O,PubChem,,,,Structure_PubChem,308.333,3.6096,1,4,67.51,23,3,4,,,,,308.333
CID_54688870,Industrial,54688870,C15H10O3,238.24,2.5,1,3,46.5,C1=CC=C(C=C1)C2=C(C3=CC=CC=C3OC2=O)O,PubChem,,,,Structure_PubChem,238.242,3.1656,1,3,50.44,18,3,1,,,,,238.242
CID_54689800,Industrial,54689800,C17H14O5,298.29,1.8,1,5,76.7,CC(=O)CC(C1=CC=CO1)C2=C(C3=CC=CC=C3OC2=O)O,PubChem,,,,Structure_PubChem,298.294,3.2026,1,5,80.65,22,3,4,,,,,298.294
CID_54693468,Industrial,54693468,C14H10O6Zn,339.6,,2,6,121.0,C1=CC=C(C(=C1)C(=O)O)[O-].C1=CC=C(C(=C1)C(=O)O)[O-].[Zn+2],PubChem,,,,Structure_PubChem,339.618,0.9143,2,4,120.72,21,2,2,,,,,339.618
CID_54697583,Industrial,54697583,C7H9NO3,155.15,,2,3,61.4,C1=CC=C(C(=C1)C(=O)O)[O-].[NH4+],PubChem,,,,Structure_PubChem,155.153,0.8346,2,2,96.86,11,1,1,,,,,155.153
CID_54718618,Industrial,54718618,C21H14F6O5,460.3,5.5,1,11,72.8,CC(C(F)(F)F)(C(F)(F)F)OC(=O)C1=CC=C(C=C1)CC2=C(C3=CC=CC=C3OC2=O)O,PubChem,,,,Structure_PubChem,460.326,5.1295,1,5,76.74,32,3,4,,,,,460.326
CID_54723704,Industrial,54723704,C19H18O4,310.3,2.6,2,4,66.8,C[C@H](C[C@@H](C1=CC=CC=C1)C2=C(C3=CC=CC=C3OC2=O)O)O,PubChem,,,,Structure_PubChem,310.349,3.4014,2,4,70.67,23,3,4,,,,,310.349
CID_54736486,Industrial,54736486,C19H18O4,310.3,2.6,2,4,66.8,C[C@@H](C[C@H](C1=CC=CC=C1)C2=C(C3=CC=CC=C3OC2=O)O)O,PubChem,,,,Structure_PubChem,310.349,3.4014,2,4,70.67,23,3,4,,,,,310.349
CID_56845858,Industrial,56845858,C3H8O,65.13,0.3,1,1,20.2,[2H]C([2H])([2H])CC([2H])([2H])O,PubChem,,,,Structure_PubChem,65.1265,0.3887,1,1,20.23,4,0,1,,,,,65.1265
CID_57417196,Industrial,57417196,C3H7O,59.09,0.3,1,1,20.2,C[CH]CO,PubChem,,,,Structure_PubChem,59.088,0.2029,1,1,20.23,4,0,1,,,,,59.088
CID_57418895,Industrial,57418895,C3H6OTi,105.95,,0,1,17.1,CC(=O)C.[Ti],PubChem,,,,Structure_PubChem,105.947,0.5928,0,1,17.07,5,0,0,,,,,105.947
CID_57419690,Industrial,57419690,C4H12O2,92.14,,2,2,40.5,CCO.CCO,PubChem,,,,Structure_PubChem,92.138,-0.0028,2,2,40.46,6,0,0,,,,,92.138
CID_57420538,Industrial,57420538,C2H5AmO-,288.12,,1,2,20.2,[CH2-]CO.[Am],PubChem,,,,Structure_PubChem,288.061,-0.1872,1,1,20.23,4,0,0,,,,,288.061
CID_57422096,Industrial,57422096,C3H6FeO,113.92,,0,1,17.1,CC(=O)C.[Fe],PubChem,,,,Structure_PubChem,113.925,0.5928,0,1,17.07,5,0,0,,,,,113.925
CID_57440315,Industrial,57440315,C3H6LiO,65.0,,0,1,17.1,[Li].CC(=O)C,PubChem,,,,Structure_PubChem,65.021,0.2145,0,1,17.07,5,0,0,,,,,65.021
CID_57443785,Industrial,57443785,C2H14O5,118.13,,5,5,24.2,CCO.O.O.O.O,PubChem,,,,Structure_PubChem,118.129,-3.3002,1,1,146.23,7,0,0,,,,,118.129
CID_57448736,Industrial,57448736,CH4IrO,224.26,,1,1,20.2,CO.[Ir],PubChem,,,,Structure_PubChem,224.259,-0.394,1,1,20.23,3,0,0,,,,,224.259
CID_57449354,Industrial,57449354,C3H6OY,146.98,,0,1,17.1,CC(=O)C.[Y],PubChem,,,,Structure_PubChem,146.986,0.5928,0,1,17.07,5,0,0,,,,,146.986
CID_57469866,Industrial,57469866,CH4OSn,150.75,,1,1,20.2,CO.[Sn],PubChem,,,,Structure_PubChem,150.753,-0.7723,1,1,20.23,3,0,0,,,,,150.753
CID_57471554,Industrial,57471554,C3H6InO,172.90,,0,1,17.1,CC(=O)C.[In],PubChem,,,,Structure_PubChem,172.898,0.2145,0,1,17.07,5,0,0,,,,,172.898
CID_57474511,Industrial,57474511,CH4O2Sn,166.75,,1,2,37.3,CO.O=[Sn],PubChem,,,,Structure_PubChem,166.752,-0.8911,1,2,37.3,4,0,0,,,,,166.752
CID_57481241,Industrial,57481241,C2H5O+,45.06,-0.1,1,1,20.2,[CH2+]CO,PubChem,,,,Structure_PubChem,45.061,-0.1872,1,1,20.23,3,0,0,,,,,45.061
CID_57486026,Industrial,57486026,C2H7OU-,285.11,,1,2,20.2,[CH3-].CO.[U],PubChem,,,,Structure_PubChem,285.106,0.0588,1,1,20.23,4,0,0,,,,,285.106
CID_57493457,Industrial,57493457,C3H6MgO,82.38,,0,1,17.1,CC(=O)C.[Mg],PubChem,,,,Structure_PubChem,82.385,0.2145,0,1,17.07,5,0,0,,,,,82.385
CID_57493458,Industrial,57493458,C3H6CaO+2,98.16,,0,1,17.1,CC(=O)C.[Ca+2],PubChem,,,,Structure_PubChem,98.158,0.2145,0,1,17.07,5,0,0,,,,,98.158
CID_57493459,Industrial,57493459,C3H6BaO,195.41,,0,1,17.1,CC(=O)C.[Ba],PubChem,,,,Structure_PubChem,195.408,0.2145,0,1,17.07,5,0,0,,,,,195.408
CID_57498073,Industrial,57498073,CH8O3,68.07,,3,3,22.2,CO.O.O,PubChem,,,,Structure_PubChem,68.072,-2.0409,1,1,83.23,4,0,0,,,,,68.072
CID_57498539,Industrial,57498539,C2H10O3,82.10,,3,3,22.2,CCO.O.O,PubChem,,,,Structure_PubChem,82.099,-1.6508,1,1,83.23,5,0,0,,,,,82.099
CID_57511387,Industrial,57511387,C3H5Cl3OTi,211.29,,0,2,17.1,CC(=O)[CH2-].Cl[Ti+](Cl)Cl,PubChem,,,,Structure_PubChem,211.298,2.4755,0,1,17.07,8,0,0,,,,,211.298
CID_57515981,Industrial,57515981,C3H6O,58.08,0.3,1,1,20.2,[CH]CCO,PubChem,,,,Structure_PubChem,58.08,0.0799,1,1,20.23,4,0,1,,,,,58.08
CID_57516097,Industrial,57516097,C3H5ClOTi,140.39,,0,2,17.1,CC(=O)[CH2-].Cl[Ti+],PubChem,,,,Structure_PubChem,140.392,1.0965,0,1,17.07,6,0,0,,,,,140.392
CID_57518764,Industrial,57518764,C2H5FO,64.06,0.4,1,2,20.2,C[C@@H](O)F,PubChem,,,,Structure_PubChem,64.059,0.2942,1,1,20.23,4,0,0,,,,,64.059
CID_57557885,Industrial,57557885,C3H7ORh2-,264.90,,1,2,20.2,CC[CH-]O.[Rh].[Rh],PubChem,,,,Structure_PubChem,264.9,0.9257,1,1,20.23,6,0,1,,,,,264.9
CID_57592548,Industrial,57592548,C3H5OUV-,346.04,,0,2,17.1,CC(=O)[CH2-].[V].[U],PubChem,,,,Structure_PubChem,346.045,0.407,0,1,17.07,6,0,0,,,,,346.045
CID_57675570,Industrial,57675570,CH4O,36.058,-0.5,1,1,20.2,[3H]C([3H])O,PubChem,,,,Structure_PubChem,36.0581,-0.3915,1,1,20.23,2,0,0,,,,,36.0581
CID_57685281,Industrial,57685281,C3H5ClOZn,157.9,,0,2,17.1,CC(=O)[CH2-].Cl[Zn+],PubChem,,,,Structure_PubChem,157.915,1.0965,0,1,17.07,6,0,0,,,,,157.915
CID_57712487,Industrial,57712487,C2H8O2Y,152.99,,2,2,21.2,CCO.O.[Y],PubChem,,,,Structure_PubChem,152.99,-0.8286,1,1,51.73,5,0,0,,,,,152.99
CID_57777127,Industrial,57777127,C2H6BOY,145.79,,1,1,20.2,[B].CCO.[Y],PubChem,,,,Structure_PubChem,145.787,-0.3847,1,1,20.23,5,0,0,,,,,145.787
CID_57789495,Industrial,57789495,C4H7OV2-,172.98,,0,2,17.1,CCC(=O)[CH2-].[V].[V],PubChem,,,,Structure_PubChem,172.987,0.7946,0,1,17.07,7,0,1,,,,,172.987
CID_57792114,Industrial,57792114,CH4ORh,134.947,,1,1,20.2,CO.[Rh],PubChem,,,,Structure_PubChem,134.948,-0.394,1,1,20.23,3,0,0,,,,,134.948
CID_57840034,Industrial,57840034,C3H5ORe-,243.28,,0,2,17.1,CC(=O)[CH2-].[Re],PubChem,,,,Structure_PubChem,243.279,0.407,0,1,17.07,5,0,0,,,,,243.279
CID_57920847,Industrial,57920847,C3H7ORf-,326.21,,1,2,20.2,[CH2-]CCO.[Rf],PubChem,,,,Structure_PubChem,326.088,0.2029,1,1,20.23,5,0,1,,,,,326.088
CID_57925423,Industrial,57925423,C3H5OY-,145.98,,0,2,17.1,CC(=O)[CH2-].[Y],PubChem,,,,Structure_PubChem,145.978,0.407,0,1,17.07,5,0,0,,,,,145.978
CID_57952979,Industrial,57952979,CH5OSZn-,130.5,,2,2,21.2,CO.[SH-].[Zn],PubChem,,,,Structure_PubChem,130.507,-0.6641,1,2,20.23,4,0,0,,,,,130.507
CID_57967987,Industrial,57967987,C4H7IrO-,263.31,,0,2,17.1,CCC(=O)[CH2-].[Ir],PubChem,,,,Structure_PubChem,263.316,0.7971,0,1,17.07,6,0,1,,,,,263.316
CID_57993879,Industrial,57993879,C2H5OW-,228.90,,1,2,20.2,[CH2-]CO.[W],PubChem,,,,Structure_PubChem,228.901,-0.1897,1,1,20.23,4,0,0,,,,,228.901
CID_58012840,Industrial,58012840,C3H3O2Rf-,338.18,,0,3,34.1,CC(=O)[C-]=O.[Rf],PubChem,,,,Structure_PubChem,338.055,-0.3149,0,2,34.14,6,0,1,,,,,338.055
CID_58065568,Industrial,58065568,C2H7LaO-,185.98,,1,2,20.2,[CH3-].CO.[La],PubChem,,,,Structure_PubChem,185.983,0.0588,1,1,20.23,4,0,0,,,,,185.983
CID_58066890,Industrial,58066890,C3H6O,60.065,-0.1,0,1,17.1,C[13C](=O)[13CH3],PubChem,,,,Structure_PubChem,60.0647,0.5953,0,1,17.07,4,0,0,,,,,60.0647
CID_58066898,Industrial,58066898,C3H6O,59.07,-0.1,0,1,17.1,CC(=O)[13CH3],PubChem,,,,Structure_PubChem,59.0724,0.5953,0,1,17.07,4,0,0,,,,,59.0724
CID_58066902,Industrial,58066902,C4H8O,74.12,0.3,0,1,17.1,[2H]C([2H])(C)C(=O)C,PubChem,,,,Structure_PubChem,74.1192,0.9854,0,1,17.07,5,0,1,,,,,74.1192
CID_58066917,Industrial,58066917,C3H8O,64.12,0.3,1,1,20.2,[2H]C([2H])(C)C([2H])([2H])O,PubChem,,,,Structure_PubChem,64.1204,0.3887,1,1,20.23,4,0,1,,,,,64.1204
CID_58067074,Industrial,58067074,C2H5O+,47.07,-0.1,1,1,20.2,[3H][C+](C)O,PubChem,,,,Structure_PubChem,47.069,0.5406,1,1,20.23,3,0,0,,,,,47.069
CID_58101896,Industrial,58101896,C4H10OY-2,163.03,,1,3,20.2,C[CH2-].[CH2-]CO.[Y],PubChem,,,,Structure_PubChem,163.029,0.6507,1,1,20.23,6,0,0,,,,,163.029
CID_58139843,Industrial,58139843,CH4KOV,122.082,,1,1,20.2,CO.[K].[V],PubChem,,,,Structure_PubChem,122.084,-0.7748,1,1,20.23,4,0,0,,,,,122.084
CID_58148307,Industrial,58148307,C4H4O,68.07,0.3,0,1,17.1,[CH]CC(=O)[CH],PubChem,,,,Structure_PubChem,68.075,0.3678,0,1,17.07,5,0,1,,,,,68.075
CID_58150844,Industrial,58150844,C3H8O,64.11,0.3,1,1,20.2,[2H][13C]([2H])(CC)O[2H],PubChem,,,,Structure_PubChem,64.1067,0.3887,1,1,20.23,4,0,2,,,,,64.1067
CID_58150845,Industrial,58150845,C2H6O,50.080,-0.1,1,1,20.2,[2H][13C]([2H])(C)O[2H],PubChem,,,,Structure_PubChem,50.0797,-0.0014,1,1,20.23,3,0,1,,,,,50.0797
CID_58159131,Industrial,58159131,C2H6O,47.07,-0.1,1,1,20.2,[1H]C([2H])(C)O,PubChem,,,,Structure_PubChem,47.0749,-0.0014,1,1,20.23,3,0,0,,,,,47.0749
CID_58175755,Industrial,58175755,C2H4ORf,311.17,,1,1,20.2,[CH]CO.[Rf],PubChem,,,,Structure_PubChem,311.053,-0.3102,1,1,20.23,4,0,0,,,,,311.053
CID_58175756,Industrial,58175756,C2H4O,44.05,-0.1,1,1,20.2,[CH]CO,PubChem,,,,Structure_PubChem,44.053,-0.3102,1,1,20.23,3,0,0,,,,,44.053
CID_58200879,Industrial,58200879,C4H12OU,314.17,,1,3,20.2,[CH3-].[CH3-].CCO.[U+2],PubChem,,,,Structure_PubChem,314.168,0.8992,1,1,20.23,6,0,0,,,,,314.168
CID_58218910,Industrial,58218910,C3H3OW5-,974.3,,0,2,17.1,CC(=O)[C-]=[W].[W]=[W].[W]=[W],PubChem,,,,Structure_PubChem,974.256,-0.2086,0,1,17.07,9,0,1,,,,,974.256
CID_58233034,Industrial,58233034,C2H6O,47.07,-0.1,1,1,20.2,CC[17OH],PubChem,,,,Structure_PubChem,47.0691,-0.0014,1,1,20.23,3,0,0,,,,,47.0691
CID_58262263,Industrial,58262263,CH4O,35.056,-0.5,1,1,20.2,[2H]CO[3H],PubChem,,,,Structure_PubChem,35.0562,-0.3915,1,1,20.23,2,0,0,,,,,35.0562
CID_58309265,Industrial,58309265,C3H4OY2-2,233.87,,0,3,17.1,[CH2-]C(=O)[CH2-].[Y].[Y],PubChem,,,,Structure_PubChem,233.876,0.2187,0,1,17.07,6,0,0,,,,,233.876
CID_58311935,Industrial,58311935,C4H8O,74.11,0.3,0,1,17.1,[3H]CC(=O)CC,PubChem,,,,Structure_PubChem,74.115,0.9854,0,1,17.07,5,0,1,,,,,74.115
CID_58389344,Industrial,58389344,CH6O2Zr2,232.50,,2,2,21.2,CO.O.[Zr].[Zr],PubChem,,,,Structure_PubChem,232.505,-1.2212,1,1,51.73,5,0,0,,,,,232.505
CID_58537853,Industrial,58537853,C3H8ORf2W-2,778.18,,1,3,20.2,[CH3-].C[CH-]O.[W].[Rf].[Rf],PubChem,,,,Structure_PubChem,777.936,0.9884,1,1,20.23,7,0,0,,,,,777.936
CID_58567575,Industrial,58567575,C3H6NOY-2,160.99,,1,3,18.1,CC(=O)[CH2-].[NH-].[Y],PubChem,,,,Structure_PubChem,160.993,0.9099,0,1,49.07,6,0,0,,,,,160.993
CID_58581270,Industrial,58581270,C2H7OY2-,224.89,,1,2,20.2,[CH3-].CO.[Y].[Y],PubChem,,,,Structure_PubChem,224.889,0.0538,1,1,20.23,5,0,0,,,,,224.889
CID_58582269,Industrial,58582269,C4H7ORb,156.57,,0,2,17.1,C[CH-]C(=O)C.[Rb+],PubChem,,,,Structure_PubChem,156.567,-2.1964,0,1,17.07,6,0,1,,,,,156.567
CID_58596556,Industrial,58596556,C3H7O-,59.09,0.3,1,2,20.2,CC([CH2-])O,PubChem,,,,Structure_PubChem,59.088,0.2013,1,1,20.23,4,0,0,,,,,59.088
CID_58623009,Industrial,58623009,C4H7OV-,122.04,,0,2,17.1,CC(=O)C[CH2-].[V],PubChem,,,,Structure_PubChem,122.043,0.7971,0,1,17.07,6,0,1,,,,,122.043
CID_58647020,Industrial,58647020,C4H7OY-,160.00,,0,2,17.1,CC(=O)C[CH2-].[Y],PubChem,,,,Structure_PubChem,160.005,0.7971,0,1,17.07,6,0,1,,,,,160.005
CID_58666169,Industrial,58666169,C2H5OY-,133.97,,1,2,20.2,C[CH-]O.[Y],PubChem,,,,Structure_PubChem,133.967,0.5381,1,1,20.23,4,0,0,,,,,133.967
CID_58687527,Industrial,58687527,C3H7OZn,124.5,,1,1,20.2,C[CH]CO.[Zn],PubChem,,,,Structure_PubChem,124.478,0.2004,1,1,20.23,5,0,1,,,,,124.478
CID_58698037,Industrial,58698037,C3H7ORf-,326.21,,1,2,20.2,[CH3-].C=CO.[Rf],PubChem,,,,Structure_PubChem,326.088,1.1382,1,1,20.23,5,0,0,,,,,326.088
CID_58707511,Industrial,58707511,C5H6OW4-2,817.5,,0,3,17.1,C[C-]=[W].CC(=O)[C-]=[W].[W]=[W],PubChem,,,,Structure_PubChem,817.462,0.0287,0,1,17.07,10,0,1,,,,,817.462
CID_58707518,Industrial,58707518,C4H6OW5-2,989.3,,0,3,17.1,[CH3-].CC(=O)[C-]=[W].[W]=[W].[W]=[W],PubChem,,,,Structure_PubChem,989.291,0.2417,0,1,17.07,10,0,1,,,,,989.291
CID_58713858,Industrial,58713858,C3H7OY2-,236.90,,1,2,20.2,[CH3-].[CH]CO.[Y].[Y],PubChem,,,,Structure_PubChem,236.9,0.1351,1,1,20.23,6,0,0,,,,,236.9
CID_58746949,Industrial,58746949,C3H5OYZn-,211.4,,0,2,17.1,CC(=O)[CH2-].[Zn].[Y],PubChem,,,,Structure_PubChem,211.368,0.4045,0,1,17.07,6,0,0,,,,,211.368
CID_58750502,Industrial,58750502,CH4O,33.042,-0.5,1,1,20.2,C[17OH],PubChem,,,,Structure_PubChem,33.0421,-0.3915,1,1,20.23,2,0,0,,,,,33.0421
CID_58766117,Industrial,58766117,CH6O2Y,138.963,,2,2,21.2,CO.O.[Y],PubChem,,,,Structure_PubChem,138.963,-1.2187,1,1,51.73,4,0,0,,,,,138.963
CID_58792692,Industrial,58792692,C3H5GaO,126.79,,0,1,17.1,CC(=O)C[Ga],PubChem,,,,Structure_PubChem,126.795,0.1622,0,1,17.07,5,0,1,,,,,126.795
CID_58806985,Industrial,58806985,C4H7O+,71.10,0.3,0,1,17.1,CCC(=O)[CH2+],PubChem,,,,Structure_PubChem,71.099,0.7996,0,1,17.07,5,0,1,,,,,71.099
CID_58823059,Industrial,58823059,C3H10O2Y,167.02,,2,2,40.5,CCO.CO.[Y],PubChem,,,,Structure_PubChem,167.017,-0.3954,2,2,40.46,6,0,0,,,,,167.017
CID_58831297,Industrial,58831297,C2H7OTi-,94.94,,1,2,20.2,[CH3-].CO.[Ti],PubChem,,,,Structure_PubChem,94.944,0.0563,1,1,20.23,4,0,0,,,,,94.944
CID_58870573,Industrial,58870573,C5H10LrO-2,352.25,,0,3,17.1,[CH3-].C[CH-]C(=O)C.[Lr],PubChem,,,,Structure_PubChem,348.134,1.2499,0,1,17.07,7,0,1,,,,,348.134
CID_58904831,Industrial,58904831,C3H5BrMgO,161.28,,0,3,17.1,CC(=O)[CH2-].[Mg+2].[Br-],PubChem,,,,Structure_PubChem,161.281,-2.9673,0,1,17.07,6,0,0,,,,,161.281
CID_58929451,Industrial,58929451,C3H7OY-,147.99,,1,2,20.2,C[CH-]CO.[Y],PubChem,,,,Structure_PubChem,147.994,0.2004,1,1,20.23,5,0,1,,,,,147.994
CID_58931493,Industrial,58931493,C3H5OU-,295.10,,0,2,17.1,CC(=O)[CH2-].[U],PubChem,,,,Structure_PubChem,295.101,0.4095,0,1,17.07,5,0,0,,,,,295.101
CID_58942634,Industrial,58942634,C3H7F2ORf-,364.21,,1,4,20.2,[CH3-].C(C(O)F)F.[Rf],PubChem,,,,Structure_PubChem,364.084,0.6941,1,1,20.23,7,0,1,,,,,364.084
CID_58942950,Industrial,58942950,C2H6LiNbO,145.9,,1,1,20.2,[Li].CCO.[Nb],PubChem,,,,Structure_PubChem,145.916,-0.3847,1,1,20.23,5,0,0,,,,,145.916
CID_58942951,Industrial,58942951,CH4BaOTi,217.24,,1,1,20.2,CO.[Ti].[Ba],PubChem,,,,Structure_PubChem,217.237,-0.7748,1,1,20.23,4,0,0,,,,,217.237
CID_58942962,Industrial,58942962,CH4LiOTa,220.0,,1,1,20.2,[Li].CO.[Ta],PubChem,,,,Structure_PubChem,219.931,-0.7748,1,1,20.23,4,0,0,,,,,219.931
CID_58942965,Industrial,58942965,C2H6OTaTi,274.88,,1,1,20.2,CCO.[Ti].[Ta],PubChem,,,,Structure_PubChem,274.884,-0.0064,1,1,20.23,5,0,0,,,,,274.884
CID_58942969,Industrial,58942969,C2H6BaOTi,231.26,,1,1,20.2,CCO.[Ti].[Ba],PubChem,,,,Structure_PubChem,231.264,-0.3847,1,1,20.23,5,0,0,,,,,231.264
CID_58942974,Industrial,58942974,CH4OTaTi,260.857,,1,1,20.2,CO.[Ti].[Ta],PubChem,,,,Structure_PubChem,260.857,-0.3965,1,1,20.23,4,0,0,,,,,260.857
CID_58942984,Industrial,58942984,CH4LiNbO,131.9,,1,1,20.2,[Li].CO.[Nb],PubChem,,,,Structure_PubChem,131.889,-0.7748,1,1,20.23,4,0,0,,,,,131.889
CID_58943009,Industrial,58943009,C2H6LiOTa,234.0,,1,1,20.2,[Li].CCO.[Ta],PubChem,,,,Structure_PubChem,233.958,-0.3847,1,1,20.23,5,0,0,,,,,233.958
CID_58943010,Industrial,58943010,C2H6NbO,138.97,,1,1,20.2,CCO.[Nb],PubChem,,,,Structure_PubChem,138.975,-0.0039,1,1,20.23,4,0,0,,,,,138.975
CID_58987118,Industrial,58987118,C2H5FORf,331.18,,1,2,20.2,CC(O)F.[Rf],PubChem,,,,Structure_PubChem,331.059,0.2942,1,1,20.23,5,0,0,,,,,331.059
CID_59007804,Industrial,59007804,C2H5OW-,228.90,,1,2,20.2,C[CH-]O.[W],PubChem,,,,Structure_PubChem,228.901,0.5381,1,1,20.23,4,0,0,,,,,228.901
CID_59011702,Industrial,59011702,C3H8OY-2,149.00,,1,3,20.2,[CH3-].[CH2-]CO.[Y],PubChem,,,,Structure_PubChem,149.002,0.2606,1,1,20.23,5,0,0,,,,,149.002
CID_59013976,Industrial,59013976,C4H7OW-,254.94,,0,2,17.1,CCC(=O)[CH2-].[W],PubChem,,,,Structure_PubChem,254.939,0.7971,0,1,17.07,6,0,1,,,,,254.939
CID_59061846,Industrial,59061846,C2H4AcO,271.08,,1,1,20.2,[CH]CO.[Ac],PubChem,,,,Structure_PubChem,271.053,-0.3102,1,1,20.23,4,0,0,,,,,271.053
CID_59069844,Industrial,59069844,C3H8AcO,291.15,,1,1,20.2,[2H]C([2H])(C)C([2H])([2H])O.[Ac],PubChem,,,,Structure_PubChem,291.1204,0.3887,1,1,20.23,5,0,1,,,,,291.1204
CID_59069845,Industrial,59069845,C3H8AcO,289.14,,1,1,20.2,[2H]C(C)C([2H])O.[Ac],PubChem,,,,Structure_PubChem,289.1082,0.3887,1,1,20.23,5,0,1,,,,,289.1082
CID_59069896,Industrial,59069896,C4H4O2,84.07,-1.3,0,2,34.1,CC(=O)C(=O)[CH],PubChem,,,,Structure_PubChem,84.074,-0.1444,0,2,34.14,6,0,1,,,,,84.074
CID_59074331,Industrial,59074331,C4H7ORh-,174.00,,0,2,17.1,C[CH-]C(=O)C.[Rh],PubChem,,,,Structure_PubChem,174.005,0.7971,0,1,17.07,6,0,1,,,,,174.005
CID_59088215,Industrial,59088215,CH4O,36.053,-0.5,1,1,20.2,[2H][13C]([2H])([2H])O,PubChem,,,,Structure_PubChem,36.0527,-0.3915,1,1,20.23,2,0,0,,,,,36.0527
CID_59089641,Industrial,59089641,C2H4OTi,91.92,,1,1,20.2,[CH]CO.[Ti],PubChem,,,,Structure_PubChem,91.92,-0.3127,1,1,20.23,4,0,0,,,,,91.92
CID_59096442,Industrial,59096442,C2H6O,46.07,-0.1,1,1,20.2,[1H]OCC,PubChem,,,,Structure_PubChem,46.0688,-0.0014,1,1,20.23,3,0,1,,,,,46.0688
CID_59097177,Industrial,59097177,C2H6O,50.09,-0.1,1,1,20.2,[2H]C(C[3H])O[2H],PubChem,,,,Structure_PubChem,50.0893,-0.0014,1,1,20.23,3,0,1,,,,,50.0893
CID_59129593,Industrial,59129593,C3H5OY3-,323.79,,0,2,17.1,CC(=O)[CH2-].[Y].[Y].[Y],PubChem,,,,Structure_PubChem,323.79,0.402,0,1,17.07,7,0,0,,,,,323.79
CID_59129601,Industrial,59129601,C3H5OY2-,234.88,,0,2,17.1,CC(=O)[CH2-].[Y].[Y],PubChem,,,,Structure_PubChem,234.884,0.4045,0,1,17.07,6,0,0,,,,,234.884
CID_59171036,Industrial,59171036,C2H7NOY-2,149.99,,2,3,21.2,C[CH-]O.[NH2-].[Y],PubChem,,,,Structure_PubChem,149.99,1.2552,1,1,53.73,5,0,0,,,,,149.99
CID_59239977,Industrial,59239977,C4H7OW-,254.94,,0,2,17.1,CC(=O)C[CH2-].[W],PubChem,,,,Structure_PubChem,254.939,0.7971,0,1,17.07,6,0,1,,,,,254.939
CID_59260540,Industrial,59260540,C2H5ORf2-,579.30,,1,2,20.2,C[CH-]O.[Rf].[Rf],PubChem,,,,Structure_PubChem,579.061,0.5406,1,1,20.23,5,0,0,,,,,579.061
CID_59293901,Industrial,59293901,C3H7OU-,297.12,,1,2,20.2,CC[CH-]O.[U],PubChem,,,,Structure_PubChem,297.117,0.9307,1,1,20.23,5,0,1,,,,,297.117
CID_59303760,Industrial,59303760,C4H6O,70.09,0.3,0,1,17.1,CCC(=O)[CH],PubChem,,,,Structure_PubChem,70.091,0.6766,0,1,17.07,5,0,1,,,,,70.091
CID_59347993,Industrial,59347993,C2H3OU-,281.07,,1,2,20.2,[CH][CH-]O.[U],PubChem,,,,Structure_PubChem,281.074,0.2318,1,1,20.23,4,0,0,,,,,281.074
CID_59359569,Industrial,59359569,C4H5O2+,85.08,-1.3,0,2,34.1,CC(=O)C(=O)[CH2+],PubChem,,,,Structure_PubChem,85.082,-0.0214,0,2,34.14,6,0,1,,,,,85.082
CID_59404817,Industrial,59404817,C2H5NaO,68.05,,1,2,20.2,C[CH-]O.[Na+],PubChem,,,,Structure_PubChem,68.051,-2.4554,1,1,20.23,4,0,0,,,,,68.051
CID_59428690,Industrial,59428690,C3H5ORb,142.54,,0,2,17.1,CC(=O)[CH2-].[Rb+],PubChem,,,,Structure_PubChem,142.54,-2.5865,0,1,17.07,5,0,0,,,,,142.54
CID_59437188,Industrial,59437188,C2H5OU-,283.09,,1,2,20.2,C[CH-]O.[U],PubChem,,,,Structure_PubChem,283.09,0.5406,1,1,20.23,4,0,0,,,,,283.09
CID_59448321,Industrial,59448321,C2H5OY-,133.97,,1,2,20.2,[CH-].CO.[Y],PubChem,,,,Structure_PubChem,133.967,-0.1897,1,1,20.23,4,0,0,,,,,133.967
CID_59547475,Industrial,59547475,C3H7ORb,144.55,,1,2,20.2,C[CH-]CO.[Rb+],PubChem,,,,Structure_PubChem,144.556,-2.7931,1,1,20.23,5,0,1,,,,,144.556
CID_59550703,Industrial,59550703,C3H5KO,96.17,,0,2,17.1,CC(=O)[CH2-].[K+],PubChem,,,,Structure_PubChem,96.17,-2.5865,0,1,17.07,5,0,0,,,,,96.17
CID_59594988,Industrial,59594988,C4H7O+,71.10,0.3,0,1,17.1,CC(=O)C[CH2+],PubChem,,,,Structure_PubChem,71.099,0.7996,0,1,17.07,5,0,1,,,,,71.099
CID_59600111,Industrial,59600111,C3H7ORf6-,1661.82,,1,2,20.2,[CH2-]CCO.[Rf].[Rf].[Rf].[Rf].[Rf].[Rf],PubChem,,,,Structure_PubChem,1661.088,0.2029,1,1,20.23,10,0,1,,,,,1661.088
CID_59620569,Industrial,59620569,C2H5FO,65.07,-0.8,1,2,20.2,[2H]OCCF,PubChem,,,,Structure_PubChem,65.0651,-0.0518,1,1,20.23,4,0,2,,,,,65.0651
CID_59628149,Industrial,59628149,C3H7ORf3-,860.45,,1,2,20.2,C[CH-]CO.[Rf].[Rf].[Rf],PubChem,,,,Structure_PubChem,860.088,0.2029,1,1,20.23,7,0,1,,,,,860.088
CID_59655669,Industrial,59655669,CH4CuO,95.59,,1,1,20.2,CO.[Cu],PubChem,,,,Structure_PubChem,95.588,-0.394,1,1,20.23,3,0,0,,,,,95.588
CID_59714796,Industrial,59714796,C2H6OU,284.10,,1,3,20.2,[CH3-].[CH2-]O.[U+2],PubChem,,,,Structure_PubChem,284.098,0.6008,1,1,20.23,4,0,0,,,,,284.098
CID_59725238,Industrial,59725238,C4H7ORf-,338.22,,0,2,17.1,CC(=O)C[CH2-].[Rf],PubChem,,,,Structure_PubChem,338.099,0.7996,0,1,17.07,6,0,1,,,,,338.099
CID_59736567,Industrial,59736567,C3H5OZn-,122.5,,0,2,17.1,CC(=O)[CH2-].[Zn],PubChem,,,,Structure_PubChem,122.462,0.407,0,1,17.07,5,0,0,,,,,122.462
CID_59779197,Industrial,59779197,C3H8O,62.10,0.3,1,1,20.2,[3H]OCCC,PubChem,,,,Structure_PubChem,62.104,0.3887,1,1,20.23,4,0,2,,,,,62.104
CID_59780688,Industrial,59780688,C4H8OY-2,161.01,,0,3,17.1,[CH3-].CC(=O)[CH2-].[Y],PubChem,,,,Structure_PubChem,161.013,0.8573,0,1,17.07,6,0,0,,,,,161.013
CID_59804550,Industrial,59804550,CH4Np2O,506.138,,1,1,20.2,CO.[Np].[Np],PubChem,,,,Structure_PubChem,506.042,-0.3915,1,1,20.23,4,0,0,,,,,506.042
CID_59804551,Industrial,59804551,CH4NpO,269.090,,1,1,20.2,CO.[Np],PubChem,,,,Structure_PubChem,269.042,-0.3915,1,1,20.23,3,0,0,,,,,269.042
CID_59847918,Industrial,59847918,C2H7OZr-,138.30,,1,2,20.2,[CH3-].CO.[Zr],PubChem,,,,Structure_PubChem,138.301,0.0563,1,1,20.23,4,0,0,,,,,138.301
CID_59847919,Industrial,59847919,C2H7HfO-,225.56,,1,2,20.2,[CH3-].CO.[Hf],PubChem,,,,Structure_PubChem,225.567,0.0563,1,1,20.23,4,0,0,,,,,225.567
CID_59849382,Industrial,59849382,C3H7OY9-,859.24,,1,2,20.2,C[CH-]CO.[Y].[Y].[Y].[Y].[Y].[Y].[Y].[Y].[Y],PubChem,,,,Structure_PubChem,859.242,0.1804,1,1,20.23,13,0,1,,,,,859.242
CID_59856509,Industrial,59856509,CH4MnO,88.988,,1,1,20.2,[3H]CO.[Mn],PubChem,,,,Structure_PubChem,88.988,-0.394,1,1,20.23,3,0,0,,,,,88.988
CID_59866972,Industrial,59866972,C10H16OSi,180.32,,1,1,20.2,CC[Si](C)(C)C1=CC=C(C=C1)O,PubChem,,,,Structure_PubChem,180.323,2.3275,1,1,20.23,12,1,2,,,,,180.323
CID_59869934,Industrial,59869934,C3H8OY-2,149.00,,1,3,20.2,[CH3-].C[CH-]O.[Y],PubChem,,,,Structure_PubChem,149.002,0.9884,1,1,20.23,5,0,0,,,,,149.002
CID_59870194,Industrial,59870194,C2H5OY-,133.97,,1,2,20.2,[CH2-]CO.[Y],PubChem,,,,Structure_PubChem,133.967,-0.1897,1,1,20.23,4,0,0,,,,,133.967
CID_59870681,Industrial,59870681,C4H7OV-,122.04,,0,2,17.1,C[CH-]C(=O)C.[V],PubChem,,,,Structure_PubChem,122.043,0.7971,0,1,17.07,6,0,1,,,,,122.043
CID_59872038,Industrial,59872038,C3H9OW-,244.94,,1,2,20.2,[CH3-].CCO.[W],PubChem,,,,Structure_PubChem,244.944,0.4464,1,1,20.23,5,0,0,,,,,244.944
CID_59880288,Industrial,59880288,C4H8O,74.11,0.3,0,1,17.1,[3H]C(C)C(=O)C,PubChem,,,,Structure_PubChem,74.115,0.9854,0,1,17.07,5,0,1,,,,,74.115
CID_59883542,Industrial,59883542,C4H7OW-,254.94,,0,2,17.1,C[CH-]C(=O)C.[W],PubChem,,,,Structure_PubChem,254.939,0.7971,0,1,17.07,6,0,1,,,,,254.939
CID_59890321,Industrial,59890321,C3H4OW2-2,423.7,,0,3,17.1,[CH2-]C(=O)[CH2-].[W].[W],PubChem,,,,Structure_PubChem,423.744,0.2187,0,1,17.07,6,0,0,,,,,423.744
CID_59895930,Industrial,59895930,C2H5OV-,96.00,,1,2,20.2,[CH2-]CO.[V],PubChem,,,,Structure_PubChem,96.005,-0.1897,1,1,20.23,4,0,0,,,,,96.005
CID_59902735,Industrial,59902735,CH4OV24,1255.64,,1,1,20.2,[2H]CO.[V].[V].[V].[V].[V].[V].[V].[V].[V].[V].[V].[V].[V].[V].[V].[V].[V].[V].[V].[V].[V].[V].[V].[V],PubChem,,,,Structure_PubChem,1255.7041,-0.4515,1,1,20.23,26,0,0,,,,,1255.7041
CID_59902736,Industrial,59902736,CH4OV16,848.11,,1,1,20.2,[2H]CO.[V].[V].[V].[V].[V].[V].[V].[V].[V].[V].[V].[V].[V].[V].[V].[V],PubChem,,,,Structure_PubChem,848.1521,-0.4315,1,1,20.23,18,0,0,,,,,848.1521
CID_59904256,Industrial,59904256,C4H7ORf-,338.22,,0,2,17.1,C[CH-]C(=O)C.[Rf],PubChem,,,,Structure_PubChem,338.099,0.7996,0,1,17.07,6,0,1,,,,,338.099
CID_59906276,Industrial,59906276,C2H5AcO-,272.09,,1,2,20.2,[CH2-]CO.[Ac],PubChem,,,,Structure_PubChem,272.061,-0.1872,1,1,20.23,4,0,0,,,,,272.061
CID_59918826,Industrial,59918826,C4H7OReRf-,524.43,,0,2,17.1,C[CH-]C(=O)C.[Re].[Rf],PubChem,,,,Structure_PubChem,524.306,0.7971,0,1,17.07,7,0,1,,,,,524.306
CID_59923831,Industrial,59923831,C2H6KO-,85.17,,1,3,20.2,[CH3-].[CH2-]O.[K+],PubChem,,,,Structure_PubChem,85.167,-2.3952,1,1,20.23,4,0,0,,,,,85.167
CID_59924564,Industrial,59924564,C2H6OY-2,134.97,,1,3,20.2,[CH3-].[CH2-]O.[Y],PubChem,,,,Structure_PubChem,134.975,0.5983,1,1,20.23,4,0,0,,,,,134.975
CID_59928326,Industrial,59928326,C2H6OY-2,134.97,,1,3,20.2,[CH3-].[CH2-]O.[Y],PubChem,,,,Structure_PubChem,134.975,0.5983,1,1,20.23,4,0,0,,,,,134.975
CID_59930162,Industrial,59930162,C4H7OY-,160.00,,0,2,17.1,CCC(=O)[CH2-].[Y],PubChem,,,,Structure_PubChem,160.005,0.7971,0,1,17.07,6,0,1,,,,,160.005
CID_59931656,Industrial,59931656,C4H7OY-,160.00,,0,2,17.1,C[CH-]C(=O)C.[Y],PubChem,,,,Structure_PubChem,160.005,0.7971,0,1,17.07,6,0,1,,,,,160.005
CID_59932040,Industrial,59932040,C2H7OY4-,402.70,,1,2,20.2,[CH3-].CO.[Y].[Y].[Y].[Y],PubChem,,,,Structure_PubChem,402.701,0.0488,1,1,20.23,7,0,0,,,,,402.701
CID_59938403,Industrial,59938403,C3H5OW-,240.91,,0,2,17.1,CC(=O)[CH2-].[W],PubChem,,,,Structure_PubChem,240.912,0.407,0,1,17.07,5,0,0,,,,,240.912
CID_59938464,Industrial,59938464,C3H8OUW,481.96,,1,3,20.2,[CH3-].C[CH-]O.[W].[U+2],PubChem,,,,Structure_PubChem,481.965,0.9884,1,1,20.23,6,0,0,,,,,481.965
CID_59938685,Industrial,59938685,C2H6ORe,232.28,,1,1,20.2,CCO.[Re],PubChem,,,,Structure_PubChem,232.276,-0.0039,1,1,20.23,4,0,0,,,,,232.276
CID_59939666,Industrial,59939666,C3H5OV-,108.01,,0,2,17.1,CC(=O)[CH2-].[V],PubChem,,,,Structure_PubChem,108.016,0.407,0,1,17.07,5,0,0,,,,,108.016
CID_59944118,Industrial,59944118,C2H6OV,99.02,,1,3,20.2,[3H][CH2-].[CH2-]O.[V+2],PubChem,,,,Structure_PubChem,99.021,0.5983,1,1,20.23,4,0,0,,,,,99.021
CID_59946276,Industrial,59946276,C4H6O,70.09,0.3,0,1,17.1,CC(=O)C[CH],PubChem,,,,Structure_PubChem,70.091,0.6766,0,1,17.07,5,0,1,,,,,70.091
CID_59951886,Industrial,59951886,C2H6ORf,313.19,,1,1,20.2,CCO.[Rf],PubChem,,,,Structure_PubChem,313.069,-0.0014,1,1,20.23,4,0,0,,,,,313.069
CID_59952166,Industrial,59952166,C3H6ORf,325.20,,1,1,20.2,[CH]CCO.[Rf],PubChem,,,,Structure_PubChem,325.08,0.0799,1,1,20.23,5,0,1,,,,,325.08
CID_59956196,Industrial,59956196,C2H5OUW-,466.93,,1,2,20.2,C[CH-]O.[W].[U],PubChem,,,,Structure_PubChem,466.93,0.5381,1,1,20.23,5,0,0,,,,,466.93
CID_59957361,Industrial,59957361,C3H5ORf-,324.19,,0,2,17.1,CC(=O)[CH2-].[Rf],PubChem,,,,Structure_PubChem,324.072,0.4095,0,1,17.07,5,0,0,,,,,324.072
CID_59957362,Industrial,59957362,C3H7ORf-,326.21,,1,2,20.2,CC([CH2-])O.[Rf],PubChem,,,,Structure_PubChem,326.088,0.2013,1,1,20.23,5,0,0,,,,,326.088
CID_59959488,Industrial,59959488,C3H6O,58.08,0.3,1,1,20.2,CC([CH])O,PubChem,,,,Structure_PubChem,58.08,0.0783,1,1,20.23,4,0,0,,,,,58.08
CID_59964293,Industrial,59964293,C3H3O2-,71.05,-0.4,0,3,34.1,CC(=O)[C-]=O,PubChem,,,,Structure_PubChem,71.055,-0.3149,0,2,34.14,5,0,1,,,,,71.055
CID_59964636,Industrial,59964636,CH4ORf,299.164,,1,1,20.2,CO.[Rf],PubChem,,,,Structure_PubChem,299.042,-0.3915,1,1,20.23,3,0,0,,,,,299.042
CID_59964836,Industrial,59964836,C3H5ORf-,324.19,,0,2,17.1,CC[C-]=O.[Rf],PubChem,,,,Structure_PubChem,324.072,0.5061,0,1,17.07,5,0,1,,,,,324.072
CID_59970762,Industrial,59970762,C3H8O,62.10,0.3,1,1,20.2,[3H]C(CC)O,PubChem,,,,Structure_PubChem,62.104,0.3887,1,1,20.23,4,0,1,,,,,62.104
CID_59975261,Industrial,59975261,C4H6O,70.09,0.3,0,1,17.1,C[CH]C(=O)[CH2],PubChem,,,,Structure_PubChem,70.091,0.6138,0,1,17.07,5,0,1,,,,,70.091
CID_59975587,Industrial,59975587,C2H5ORb,130.53,,1,2,20.2,[CH2-]CO.[Rb+],PubChem,,,,Structure_PubChem,130.529,-3.1832,1,1,20.23,4,0,0,,,,,130.529
CID_59976486,Industrial,59976486,C2H6GaO,115.79,,1,1,20.2,C[Ga]CO,PubChem,,,,Structure_PubChem,115.792,-0.3115,1,1,20.23,4,0,1,,,,,115.792
CID_59977916,Industrial,59977916,C2H5ORf-,312.18,,1,2,20.2,[CH2-]CO.[Rf],PubChem,,,,Structure_PubChem,312.061,-0.1872,1,1,20.23,4,0,0,,,,,312.061
CID_59987416,Industrial,59987416,C3H5OReRf-,510.40,,0,2,17.1,CC(=O)[CH2-].[Re].[Rf],PubChem,,,,Structure_PubChem,510.279,0.407,0,1,17.07,6,0,0,,,,,510.279
CID_59997956,Industrial,59997956,C2H5FORf,331.18,,1,2,20.2,C(CF)O.[Rf],PubChem,,,,Structure_PubChem,331.059,-0.0518,1,1,20.23,5,0,1,,,,,331.059
CID_60003132,Industrial,60003132,C3H7OY-,147.99,,1,2,20.2,CC[CH-]O.[Y],PubChem,,,,Structure_PubChem,147.994,0.9282,1,1,20.23,5,0,1,,,,,147.994
CID_60010979,Industrial,60010979,C3H8ORf,327.22,,1,1,20.2,CCCO.[Rf],PubChem,,,,Structure_PubChem,327.096,0.3887,1,1,20.23,5,0,1,,,,,327.096
CID_60012582,Industrial,60012582,C4H7OY3-,337.82,,0,2,17.1,CCC(=O)[CH2-].[Y].[Y].[Y],PubChem,,,,Structure_PubChem,337.817,0.7921,0,1,17.07,8,0,1,,,,,337.817
CID_60030004,Industrial,60030004,C3H8ORf-2,327.22,,1,3,20.2,C[CH2-].[CH2-]O.[Rf],PubChem,,,,Structure_PubChem,327.096,0.9909,1,1,20.23,5,0,0,,,,,327.096
CID_60044687,Industrial,60044687,C4H7ORe-,257.30,,0,2,17.1,CCC(=O)[CH2-].[Re],PubChem,,,,Structure_PubChem,257.306,0.7971,0,1,17.07,6,0,1,,,,,257.306
CID_60044722,Industrial,60044722,C4H7OV-,122.04,,0,2,17.1,CCC(=O)[CH2-].[V],PubChem,,,,Structure_PubChem,122.043,0.7971,0,1,17.07,6,0,1,,,,,122.043
CID_60057348,Industrial,60057348,C6H12OY-2,189.06,,0,3,17.1,CC[CH2-].CC(=O)[CH2-].[Y],PubChem,,,,Structure_PubChem,189.067,1.6375,0,1,17.07,8,0,0,,,,,189.067
CID_60074138,Industrial,60074138,C2H5O-,45.06,-0.1,1,2,20.2,[CH2-]CO,PubChem,,,,Structure_PubChem,45.061,-0.1872,1,1,20.23,3,0,0,,,,,45.061
CID_60101230,Industrial,60101230,C2H7AcO-,274.10,,1,2,20.2,[CH3-].CO.[Ac],PubChem,,,,Structure_PubChem,274.077,0.0588,1,1,20.23,4,0,0,,,,,274.077
CID_60104678,Industrial,60104678,C2H5CoO-,103.99,,1,2,20.2,[CH2-]CO.[Co],PubChem,,,,Structure_PubChem,103.994,-0.1897,1,1,20.23,4,0,0,,,,,103.994
CID_60104799,Industrial,60104799,C5H10OY-2,175.04,,0,3,17.1,C[CH2-].CC(=O)[CH2-].[Y],PubChem,,,,Structure_PubChem,175.04,1.2474,0,1,17.07,7,0,0,,,,,175.04
CID_60105139,Industrial,60105139,CH4ORe,218.249,,1,1,20.2,CO.[Re],PubChem,,,,Structure_PubChem,218.249,-0.394,1,1,20.23,3,0,0,,,,,218.249
CID_60112954,Industrial,60112954,C3H2O,54.05,-0.1,0,1,17.1,[CH]C(=O)[CH],PubChem,,,,Structure_PubChem,54.048,-0.0223,0,1,17.07,4,0,0,,,,,54.048
CID_60117014,Industrial,60117014,CH4OV6,337.691,,1,1,20.2,CO.[V].[V].[V].[V].[V].[V],PubChem,,,,Structure_PubChem,337.706,-0.4065,1,1,20.23,8,0,0,,,,,337.706
CID_60127938,Industrial,60127938,CH4O,32.042,-0.5,1,1,20.2,[1H]OC,PubChem,,,,Structure_PubChem,32.0418,-0.3915,1,1,20.23,2,0,0,,,,,32.0418
CID_60130942,Industrial,60130942,C2H6O,46.07,-0.1,1,1,1.0,C[CH-][OH2+],PubChem,,,,Structure_PubChem,46.069,-0.1073,0,0,22.9,3,0,0,,,,,46.069
CID_60205193,Industrial,60205193,C2H5FO,64.06,0.4,1,2,20.2,C[C@H](O)F,PubChem,,,,Structure_PubChem,64.059,0.2942,1,1,20.23,4,0,0,,,,,64.059
CID_66602278,Industrial,66602278,C6H6NaO,117.10,,1,1,20.2,C1=CC=C(C=C1)O.[Na],PubChem,,,,Structure_PubChem,117.103,1.0114,1,1,20.23,8,1,0,,,,,117.103
CID_67480918,Industrial,67480918,C14H18O3,234.29,4.5,1,3,46.5,CC/C=C\CC(C)OC(=O)C1=CC=CC=C1O,PubChem,,,,Structure_PubChem,234.295,3.2938,1,3,46.53,17,1,5,,,,,234.295
CID_71309207,Industrial,71309207,CH4O,32.031,-0.5,1,1,20.2,[12CH3]O,PubChem,,,,Structure_PubChem,32.031,-0.3915,1,1,20.23,2,0,0,,,,,32.031
CID_71309459,Industrial,71309459,C4H6O2,88.07,-1.3,0,2,34.1,[13CH3]C(=O)C(=O)[13CH3],PubChem,,,,Structure_PubChem,88.0747,0.1644,0,2,34.14,6,0,1,,,,,88.0747
CID_71309548,Industrial,71309548,C3H8O,63.073,0.3,1,1,20.2,[13CH3][13CH2][13CH2]O,PubChem,,,,Structure_PubChem,63.0731,0.3887,1,1,20.23,4,0,1,,,,,63.0731
CID_71309591,Industrial,71309591,C4H6O2,88.07,-1.3,0,2,34.1,C[13C](=O)[13C](=O)C,PubChem,,,,Structure_PubChem,88.0747,0.1644,0,2,34.14,6,0,1,,,,,88.0747
CID_71331219,Industrial,71331219,CH4AlO,59.023,,1,1,20.2,CO.[Al],PubChem,,,,Structure_PubChem,59.024,-0.7723,1,1,20.23,3,0,0,,,,,59.024
CID_71362589,Industrial,71362589,C3H5ClFO-,111.52,,0,3,17.1,CC(=O)CF.[Cl-],PubChem,,,,Structure_PubChem,111.523,-2.4511,0,1,17.07,6,0,1,,,,,111.523
CID_71372367,Industrial,71372367,C3H6LiO+,65.0,,0,1,17.1,[Li+].CC(=O)C,PubChem,,,,Structure_PubChem,65.021,-2.4007,0,1,17.07,5,0,0,,,,,65.021
CID_71410221,Industrial,71410221,CH6GeO,106.69,,1,1,20.2,C(O)[GeH3],PubChem,,,,Structure_PubChem,106.668,-1.6984,1,1,20.23,3,0,0,,,,,106.668
CID_71417207,Industrial,71417207,CH4FeO,87.89,,1,1,20.2,CO.[Fe],PubChem,,,,Structure_PubChem,87.887,-0.394,1,1,20.23,3,0,0,,,,,87.887
CID_71428646,Industrial,71428646,CH4CaO,72.12,,1,1,20.2,CO.[Ca],PubChem,,,,Structure_PubChem,72.12,-0.7723,1,1,20.23,3,0,0,,,,,72.12
CID_71459681,Industrial,71459681,C6H6AsNaO3,224.02,,1,3,60.4,C1=CC=C(C=C1)[As](=O)(O)[O-].[Na+],PubChem,,,,Structure_PubChem,224.023,-4.3804,1,2,60.36,11,1,1,,,,,224.023
CID_71720369,Industrial,71720369,C12H20OSi,208.37,,1,1,20.2,CC[Si](CC)(CC)C1=CC=C(C=C1)O,PubChem,,,,Structure_PubChem,208.377,3.1077,1,1,20.23,14,1,4,,,,,208.377
CID_72222103,Industrial,72222103,C7H7IO,234.03,2.6,1,1,20.2,CC1=C(C(=CC=C1)O)I,PubChem,,,,Structure_PubChem,234.036,2.3052,1,1,20.23,9,1,0,,,,,234.036
CID_72470430,Industrial,72470430,C2H6LiNbO,145.9,,1,1,20.2,[Li].CCO.[Nb],PubChem,,,,Structure_PubChem,145.916,-0.3847,1,1,20.23,5,0,0,,,,,145.916
CID_72601071,Industrial,72601071,C2H6ORe,232.28,,1,1,20.2,CCO.[Re],PubChem,,,,Structure_PubChem,232.276,-0.0039,1,1,20.23,4,0,0,,,,,232.276
CID_72649218,Industrial,72649218,CH4ORe,218.249,,1,1,20.2,CO.[Re],PubChem,,,,Structure_PubChem,218.249,-0.394,1,1,20.23,3,0,0,,,,,218.249
CID_73430669,Industrial,73430669,CH4OW,215.88,,1,1,20.2,CO.[W],PubChem,,,,Structure_PubChem,215.882,-0.394,1,1,20.23,3,0,0,,,,,215.882
CID_73458283,Industrial,73458283,C2H6AcO,273.10,,1,1,20.2,CCO.[Ac],PubChem,,,,Structure_PubChem,273.069,-0.0014,1,1,20.23,4,0,0,,,,,273.069
CID_73509589,Industrial,73509589,CH4OTi,79.909,,1,1,20.2,CO.[Ti],PubChem,,,,Structure_PubChem,79.909,-0.394,1,1,20.23,3,0,0,,,,,79.909
CID_73675197,Industrial,73675197,C2H6OY,134.97,,1,1,20.2,CCO.[Y],PubChem,,,,Structure_PubChem,134.975,-0.0039,1,1,20.23,4,0,0,,,,,134.975
CID_73681981,Industrial,73681981,CH4OU,270.071,,1,1,20.2,CO.[U],PubChem,,,,Structure_PubChem,270.071,-0.3915,1,1,20.23,3,0,0,,,,,270.071
CID_73682722,Industrial,73682722,C2H6Cl3OV,203.36,,1,1,20.2,CCO.Cl[V](Cl)Cl,PubChem,,,,Structure_PubChem,203.372,2.0646,1,1,20.23,7,0,0,,,,,203.372
CID_73705119,Industrial,73705119,CH4OV,82.983,,1,1,20.2,CO.[V],PubChem,,,,Structure_PubChem,82.986,-0.394,1,1,20.23,3,0,0,,,,,82.986
CID_73705380,Industrial,73705380,CH4OPr,172.950,,1,1,20.2,CO.[Pr],PubChem,,,,Structure_PubChem,172.95,-0.3915,1,1,20.23,3,0,0,,,,,172.95
CID_73864187,Industrial,73864187,CH4OY,120.948,,1,1,20.2,CO.[Y],PubChem,,,,Structure_PubChem,120.948,-0.394,1,1,20.23,3,0,0,,,,,120.948
CID_73988284,Industrial,73988284,CH4NiO,90.735,,1,1,20.2,CO.[Ni],PubChem,,,,Structure_PubChem,90.735,-0.394,1,1,20.23,3,0,0,,,,,90.735
CID_73988295,Industrial,73988295,C2H6MnO,101.01,,1,1,20.2,CCO.[Mn],PubChem,,,,Structure_PubChem,101.007,-0.0039,1,1,20.23,4,0,0,,,,,101.007
CID_73988298,Industrial,73988298,C2H6CoO,105.00,,1,1,20.2,CCO.[Co],PubChem,,,,Structure_PubChem,105.002,-0.0039,1,1,20.23,4,0,0,,,,,105.002
CID_74032993,Industrial,74032993,CH4OZr,123.26,,1,1,20.2,CO.[Zr],PubChem,,,,Structure_PubChem,123.266,-0.394,1,1,20.23,3,0,0,,,,,123.266
CID_74053264,Industrial,74053264,C2H6OW,229.91,,1,1,20.2,CCO.[W],PubChem,,,,Structure_PubChem,229.909,-0.0039,1,1,20.23,4,0,0,,,,,229.909
CID_76210607,Industrial,76210607,CH4OPt,227.13,,1,1,20.2,CO.[Pt],PubChem,,,,Structure_PubChem,227.12,-0.394,1,1,20.23,3,0,0,,,,,227.12
CID_76606714,Industrial,76606714,CH4ORh,134.947,,1,1,20.2,CO.[Rh],PubChem,,,,Structure_PubChem,134.948,-0.394,1,1,20.23,3,0,0,,,,,134.948
CID_78070402,Industrial,78070402,CH4FeO2,103.89,,1,2,37.3,CO.O=[Fe],PubChem,,,,Structure_PubChem,103.886,-0.5128,1,2,37.3,4,0,0,,,,,103.886
CID_85604193,Industrial,85604193,C3H6CuO+,121.63,,0,1,17.1,CC(=O)C.[Cu+],PubChem,,,,Structure_PubChem,121.626,0.5928,0,1,17.07,5,0,0,,,,,121.626
CID_85613708,Industrial,85613708,C3H6AgO+,165.95,,0,1,17.1,CC(=O)C.[Ag+],PubChem,,,,Structure_PubChem,165.948,0.5928,0,1,17.07,5,0,0,,,,,165.948
CID_85694641,Industrial,85694641,C3H6CuO,121.63,,0,1,17.1,CC(=O)C.[Cu],PubChem,,,,Structure_PubChem,121.626,0.5928,0,1,17.07,5,0,0,,,,,121.626
CID_85694643,Industrial,85694643,C3H6CrO,110.08,,0,1,17.1,CC(=O)C.[Cr],PubChem,,,,Structure_PubChem,110.076,0.5928,0,1,17.07,5,0,0,,,,,110.076
CID_85699776,Industrial,85699776,C2H12O4,100.11,,4,4,23.2,CCO.O.O.O,PubChem,,,,Structure_PubChem,100.114,-2.4755,1,1,114.73,6,0,0,,,,,100.114
CID_85749397,Industrial,85749397,C3H5GeO,129.70,,0,1,17.1,CC(=O)C[Ge],PubChem,,,,Structure_PubChem,129.682,0.1622,0,1,17.07,5,0,1,,,,,129.682
CID_85767633,Industrial,85767633,CH4GdO,189.29,,1,1,20.2,CO.[Gd],PubChem,,,,Structure_PubChem,189.292,-0.3915,1,1,20.23,3,0,0,,,,,189.292
CID_85767642,Industrial,85767642,CH4LaO,170.947,,1,1,20.2,CO.[La],PubChem,,,,Structure_PubChem,170.948,-0.3915,1,1,20.23,3,0,0,,,,,170.948
CID_85767647,Industrial,85767647,CH4LaO,170.947,,1,1,20.2,CO.[La],PubChem,,,,Structure_PubChem,170.948,-0.3915,1,1,20.23,3,0,0,,,,,170.948
CID_85779255,Industrial,85779255,C3H6OZn+2,123.5,,0,1,17.1,CC(=O)C.[Zn+2],PubChem,,,,Structure_PubChem,123.47,0.5928,0,1,17.07,5,0,0,,,,,123.47
CID_85784537,Industrial,85784537,C2H5GeO,117.69,,1,1,20.2,C(C[Ge])O,PubChem,,,,Structure_PubChem,117.671,-0.4345,1,1,20.23,4,0,1,,,,,117.671
CID_85836815,Industrial,85836815,C3H10O3,94.11,,2,3,19.1,CC(=O)C.O.O,PubChem,,,,Structure_PubChem,94.11,-1.0541,0,1,80.07,6,0,0,,,,,94.11
CID_86165451,Industrial,86165451,C3H6CoO,117.01,,0,1,17.1,CC(=O)C.[Co],PubChem,,,,Structure_PubChem,117.013,0.5928,0,1,17.07,5,0,0,,,,,117.013
CID_86167554,Industrial,86167554,C2H4FO+,63.05,-0.8,1,2,20.2,C([CH+]F)O,PubChem,,,,Structure_PubChem,63.051,0.11,1,1,20.23,4,0,1,,,,,63.051
CID_86181734,Industrial,86181734,CH4OZn,97.4,,1,1,20.2,CO.[Zn],PubChem,,,,Structure_PubChem,97.432,-0.394,1,1,20.23,3,0,0,,,,,97.432
CID_86184134,Industrial,86184134,CH4OSc,76.998,,1,1,20.2,CO.[Sc],PubChem,,,,Structure_PubChem,76.998,-0.394,1,1,20.23,3,0,0,,,,,76.998
CID_86192230,Industrial,86192230,C3H6MnO,113.02,,0,1,17.1,CC(=O)C.[Mn],PubChem,,,,Structure_PubChem,113.018,0.5928,0,1,17.07,5,0,0,,,,,113.018
CID_86585260,Industrial,86585260,C2H6N2O,74.08,,1,3,67.8,CCO.N#N,PubChem,,,,Structure_PubChem,74.083,0.0288,1,3,67.81,5,0,0,,,,,74.083
CID_86591755,Industrial,86591755,CH7KO3,106.16,,3,3,22.2,CO.O.[OH-].[K+],PubChem,,,,Structure_PubChem,106.162,-4.389,1,2,81.73,5,0,0,,,,,106.162
CID_86604601,Industrial,86604601,C2H9ClO2,100.54,,3,2,21.2,CCO.O.Cl,PubChem,,,,Structure_PubChem,100.545,-0.4043,1,1,51.73,5,0,0,,,,,100.545
CID_86636928,Industrial,86636928,CH7NaO3,90.05,,3,3,22.2,CO.O.[OH-].[Na+],PubChem,,,,Structure_PubChem,90.054,-4.389,1,2,81.73,5,0,0,,,,,90.054
CID_86643649,Industrial,86643649,CH4OPd,138.46,,1,1,20.2,CO.[Pd],PubChem,,,,Structure_PubChem,138.462,-0.394,1,1,20.23,3,0,0,,,,,138.462
CID_86644797,Industrial,86644797,C3H7IO,185.99,,1,1,17.1,CC(=O)C.I,PubChem,,,,Structure_PubChem,185.992,1.2133,0,1,17.07,5,0,0,,,,,185.992
CID_86653488,Industrial,86653488,CH4NaO,55.032,,1,1,20.2,CO.[Na],PubChem,,,,Structure_PubChem,55.032,-0.7723,1,1,20.23,3,0,0,,,,,55.032
CID_86658592,Industrial,86658592,CH5IO,159.954,,2,1,20.2,CO.I,PubChem,,,,Structure_PubChem,159.954,0.2265,1,1,20.23,3,0,0,,,,,159.954
CID_86660805,Industrial,86660805,C3H8O,60.10,,0,1,17.1,[HH].CC(=O)C,PubChem,,,,Structure_PubChem,60.096,0.8413,0,1,17.07,4,0,0,,,,,60.096
CID_86664769,Industrial,86664769,C3H12O3,96.13,,3,3,41.5,CCO.CO.O,PubChem,,,,Structure_PubChem,96.126,-1.2176,2,2,71.96,6,0,0,,,,,96.126
CID_86671702,Industrial,86671702,CH4OZn,97.4,,1,1,20.2,CO.[Zn],PubChem,,,,Structure_PubChem,97.432,-0.394,1,1,20.23,3,0,0,,,,,97.432
CID_86677090,Industrial,86677090,CH4Cl2O,102.94,,1,1,20.2,CO.ClCl,PubChem,,,,Structure_PubChem,102.948,0.9875,1,1,20.23,4,0,0,,,,,102.948
CID_86727216,Industrial,86727216,CH7LiO3,74.0,,3,3,22.2,[Li+].CO.O.[OH-],PubChem,,,,Structure_PubChem,74.005,-4.389,1,2,81.73,5,0,0,,,,,74.005
CID_86733486,Industrial,86733486,CH7ClO2,86.52,,3,2,21.2,CO.O.Cl,PubChem,,,,Structure_PubChem,86.518,-0.7944,1,1,51.73,4,0,0,,,,,86.518
CID_86742833,Industrial,86742833,C2H6NaO,69.06,,1,1,20.2,CCO.[Na],PubChem,,,,Structure_PubChem,69.059,-0.3822,1,1,20.23,4,0,0,,,,,69.059
CID_86745698,Industrial,86745698,C2H6NiO,104.76,,1,1,20.2,CCO.[Ni],PubChem,,,,Structure_PubChem,104.762,-0.0039,1,1,20.23,4,0,0,,,,,104.762
CID_86746191,Industrial,86746191,C2H7KOS,118.24,,2,2,21.2,CCO.[SH-].[K+],PubChem,,,,Structure_PubChem,118.242,-3.2675,1,2,20.23,5,0,0,,,,,118.242
CID_86746192,Industrial,86746192,C2H8KOS,119.25,,2,2,21.2,CCO.S.[K],PubChem,,,,Structure_PubChem,119.25,-0.2694,1,1,20.23,5,0,0,,,,,119.25
CID_86748092,Industrial,86748092,CH4AgO2,155.910,,1,2,37.3,CO.O=[Ag],PubChem,,,,Structure_PubChem,155.909,-0.5128,1,2,37.3,4,0,0,,,,,155.909
CID_86756116,Industrial,86756116,C2H9NaO3,104.08,,3,3,22.2,CCO.O.[OH-].[Na+],PubChem,,,,Structure_PubChem,104.081,-3.9989,1,2,81.73,6,0,0,,,,,104.081
CID_87067195,Industrial,87067195,CH4NbO,124.948,,1,1,20.2,CO.[Nb],PubChem,,,,Structure_PubChem,124.948,-0.394,1,1,20.23,3,0,0,,,,,124.948
CID_87072283,Industrial,87072283,C3H6NdO,202.32,,0,1,17.1,CC(=O)C.[Nd],PubChem,,,,Structure_PubChem,202.32,0.5953,0,1,17.07,5,0,0,,,,,202.32
CID_87073783,Industrial,87073783,C4H11OZn-,140.5,,1,2,20.2,C[CH2-].CCO.[Zn],PubChem,,,,Structure_PubChem,140.521,0.8365,1,1,20.23,6,0,0,,,,,140.521
CID_87085418,Industrial,87085418,C2H7O3Ti,126.94,,2,3,57.5,CCO.O[Ti]=O,PubChem,,,,Structure_PubChem,126.942,-0.6797,2,2,57.53,6,0,0,,,,,126.942
CID_87087539,Industrial,87087539,C3H6OZr,149.30,,0,1,17.1,CC(=O)C.[Zr],PubChem,,,,Structure_PubChem,149.304,0.5928,0,1,17.07,5,0,0,,,,,149.304
CID_87087745,Industrial,87087745,CH4O3Pt,259.12,,1,3,54.4,CO.O=[Pt]=O,PubChem,,,,Structure_PubChem,259.118,-0.6316,1,3,54.37,5,0,0,,,,,259.118
CID_87112265,Industrial,87112265,CH4ClKO,106.59,,1,2,20.2,CO.[Cl-].[K+],PubChem,,,,Structure_PubChem,106.593,-6.3835,1,1,20.23,4,0,0,,,,,106.593
CID_87113958,Industrial,87113958,C3H6CeO,198.20,,0,1,17.1,CC(=O)C.[Ce],PubChem,,,,Structure_PubChem,198.196,0.5953,0,1,17.07,5,0,0,,,,,198.196
CID_87115453,Industrial,87115453,C3H6OW,241.92,,0,1,17.1,CC(=O)C.[W],PubChem,,,,Structure_PubChem,241.92,0.5928,0,1,17.07,5,0,0,,,,,241.92
CID_87115483,Industrial,87115483,C3H6OZn,123.5,,0,1,17.1,CC(=O)C.[Zn],PubChem,,,,Structure_PubChem,123.47,0.5928,0,1,17.07,5,0,0,,,,,123.47
CID_87115532,Industrial,87115532,C3H6OTa,239.03,,0,1,17.1,CC(=O)C.[Ta],PubChem,,,,Structure_PubChem,239.028,0.5928,0,1,17.07,5,0,0,,,,,239.028
CID_87118372,Industrial,87118372,C3H6OSr,145.70,,0,1,17.1,CC(=O)C.[Sr],PubChem,,,,Structure_PubChem,145.7,0.2145,0,1,17.07,5,0,0,,,,,145.7
CID_87124301,Industrial,87124301,CH4HfO,210.53,,1,1,20.2,CO.[Hf],PubChem,,,,Structure_PubChem,210.532,-0.394,1,1,20.23,3,0,0,,,,,210.532
CID_87136101,Industrial,87136101,C3H6NiO,116.77,,0,1,17.1,CC(=O)C.[Ni],PubChem,,,,Structure_PubChem,116.773,0.5928,0,1,17.07,5,0,0,,,,,116.773
CID_87139021,Industrial,87139021,CH4EuO,184.006,,1,1,20.2,CO.[Eu],PubChem,,,,Structure_PubChem,184.006,-0.3915,1,1,20.23,3,0,0,,,,,184.006
CID_87140001,Industrial,87140001,C3H6MoO,154.03,,0,1,17.1,CC(=O)C.[Mo],PubChem,,,,Structure_PubChem,154.02,0.5928,0,1,17.07,5,0,0,,,,,154.02
CID_87145326,Industrial,87145326,C3H6NbO,150.99,,0,1,17.1,CC(=O)C.[Nb],PubChem,,,,Structure_PubChem,150.986,0.5928,0,1,17.07,5,0,0,,,,,150.986
CID_87145436,Industrial,87145436,C3H6HfO,236.57,,0,1,17.1,CC(=O)C.[Hf],PubChem,,,,Structure_PubChem,236.57,0.5928,0,1,17.07,5,0,0,,,,,236.57
CID_87153730,Industrial,87153730,C3H6OYb,231.12,,0,1,17.1,CC(=O)C.[Yb],PubChem,,,,Structure_PubChem,231.12,0.5953,0,1,17.07,5,0,0,,,,,231.12
CID_87157837,Industrial,87157837,C3H6LaO,196.98,,0,1,17.1,CC(=O)C.[La],PubChem,,,,Structure_PubChem,196.986,0.5953,0,1,17.07,5,0,0,,,,,196.986
CID_87184954,Industrial,87184954,C2H6OZn,111.4,,1,1,20.2,CCO.[Zn],PubChem,,,,Structure_PubChem,111.459,-0.0039,1,1,20.23,4,0,0,,,,,111.459
CID_87201837,Industrial,87201837,CH4HgO,232.63,,1,1,20.2,CO.[Hg],PubChem,,,,Structure_PubChem,232.632,-0.394,1,1,20.23,3,0,0,,,,,232.632
CID_87215177,Industrial,87215177,C3H6HoO,223.01,,0,1,17.1,CC(=O)C.[Ho],PubChem,,,,Structure_PubChem,223.01,0.5953,0,1,17.07,5,0,0,,,,,223.01
CID_87220118,Industrial,87220118,C3H6OV,109.02,,0,1,17.1,CC(=O)C.[V],PubChem,,,,Structure_PubChem,109.024,0.5928,0,1,17.07,5,0,0,,,,,109.024
CID_87233356,Industrial,87233356,CH4O2Zr,139.26,,1,2,37.3,CO.O=[Zr],PubChem,,,,Structure_PubChem,139.265,-0.5128,1,2,37.3,4,0,0,,,,,139.265
CID_87233503,Industrial,87233503,CH5O3Ti,112.92,,2,3,57.5,CO.O[Ti]=O,PubChem,,,,Structure_PubChem,112.915,-1.0698,2,2,57.53,5,0,0,,,,,112.915
CID_87249809,Industrial,87249809,C5H11GaO,156.86,,0,1,17.1,CC(=O)C[Ga](C)C,PubChem,,,,Structure_PubChem,156.865,1.3298,0,1,17.07,7,0,2,,,,,156.865
CID_87258793,Industrial,87258793,C3H6OSc,103.03,,0,1,17.1,CC(=O)C.[Sc],PubChem,,,,Structure_PubChem,103.036,0.5928,0,1,17.07,5,0,0,,,,,103.036
CID_87266988,Industrial,87266988,C3H6INaO,207.97,,0,2,17.1,CC(=O)C.[Na+].[I-],PubChem,,,,Structure_PubChem,207.974,-5.3967,0,1,17.07,6,0,0,,,,,207.974
CID_87271796,Industrial,87271796,C3H6EuO,210.04,,0,1,17.1,CC(=O)C.[Eu],PubChem,,,,Structure_PubChem,210.044,0.5953,0,1,17.07,5,0,0,,,,,210.044
CID_87271839,Industrial,87271839,C3H6OTm,227.01,,0,1,17.1,CC(=O)C.[Tm],PubChem,,,,Structure_PubChem,227.014,0.5953,0,1,17.07,5,0,0,,,,,227.014
CID_87271847,Industrial,87271847,C3H6OSm,208.4,,0,1,17.1,CC(=O)C.[Sm],PubChem,,,,Structure_PubChem,208.44,0.5953,0,1,17.07,5,0,0,,,,,208.44
CID_87271919,Industrial,87271919,C3H6DyO,220.58,,0,1,17.1,CC(=O)C.[Dy],PubChem,,,,Structure_PubChem,220.58,0.5953,0,1,17.07,5,0,0,,,,,220.58
CID_87271920,Industrial,87271920,C3H6ErO,225.34,,0,1,17.1,CC(=O)C.[Er],PubChem,,,,Structure_PubChem,225.34,0.5953,0,1,17.07,5,0,0,,,,,225.34
CID_87271926,Industrial,87271926,C3H6GdO,215.33,,0,1,17.1,CC(=O)C.[Gd],PubChem,,,,Structure_PubChem,215.33,0.5953,0,1,17.07,5,0,0,,,,,215.33
CID_87271927,Industrial,87271927,C3H6OPm,202.99,,0,1,17.1,CC(=O)C.[Pm],PubChem,,,,Structure_PubChem,203.08,0.5953,0,1,17.07,5,0,0,,,,,203.08
CID_87272094,Industrial,87272094,C3H6OPr,198.99,,0,1,17.1,CC(=O)C.[Pr],PubChem,,,,Structure_PubChem,198.988,0.5953,0,1,17.07,5,0,0,,,,,198.988
CID_87282363,Industrial,87282363,C2H7IO,173.98,,2,1,20.2,CCO.I,PubChem,,,,Structure_PubChem,173.981,0.6166,1,1,20.23,4,0,0,,,,,173.981
CID_87302828,Industrial,87302828,C3H6O2V,125.02,,0,2,34.1,CC(=O)C.O=[V],PubChem,,,,Structure_PubChem,125.023,0.474,0,2,34.14,6,0,0,,,,,125.023
CID_87322778,Industrial,87322778,CH4HfO,210.53,,1,1,20.2,CO.[Hf],PubChem,,,,Structure_PubChem,210.532,-0.394,1,1,20.23,3,0,0,,,,,210.532
CID_87371342,Industrial,87371342,C4H8OZn,137.5,,0,3,17.1,[CH3-].CC(=O)[CH2-].[Zn+2],PubChem,,,,Structure_PubChem,137.497,0.8573,0,1,17.07,6,0,0,,,,,137.497
CID_87372704,Industrial,87372704,C5H11BiO,296.12,,0,1,17.1,CC(=O)C[Bi](C)C,PubChem,,,,Structure_PubChem,296.122,1.3298,0,1,17.07,7,0,2,,,,,296.122
CID_87383243,Industrial,87383243,CH4OPt,227.13,,1,1,20.2,CO.[Pt],PubChem,,,,Structure_PubChem,227.12,-0.394,1,1,20.23,3,0,0,,,,,227.12
CID_87415930,Industrial,87415930,C3H6AgO,165.95,,0,1,17.1,CC(=O)C.[Ag],PubChem,,,,Structure_PubChem,165.948,0.5928,0,1,17.07,5,0,0,,,,,165.948
CID_87420931,Industrial,87420931,C4H8OTi,119.97,,0,3,17.1,[CH3-].CC(=O)[CH2-].[Ti+2],PubChem,,,,Structure_PubChem,119.974,0.8573,0,1,17.07,6,0,0,,,,,119.974
CID_87451188,Industrial,87451188,CH4AuO,229.008,,1,1,20.2,CO.[Au],PubChem,,,,Structure_PubChem,229.009,-0.394,1,1,20.23,3,0,0,,,,,229.009
CID_87457906,Industrial,87457906,C3H6OPd,164.50,,0,1,17.1,CC(=O)C.[Pd],PubChem,,,,Structure_PubChem,164.5,0.5928,0,1,17.07,5,0,0,,,,,164.5
CID_87520315,Industrial,87520315,C3H5Cl2OTi-,175.84,,0,2,17.1,CC(=O)[CH2-].Cl[Ti]Cl,PubChem,,,,Structure_PubChem,175.845,1.786,0,1,17.07,7,0,0,,,,,175.845
CID_87524650,Industrial,87524650,CH4OPd,138.46,,1,1,20.2,CO.[Pd],PubChem,,,,Structure_PubChem,138.462,-0.394,1,1,20.23,3,0,0,,,,,138.462
CID_87535448,Industrial,87535448,C3H6OOs,248.3,,0,1,17.1,CC(=O)C.[Os],PubChem,,,,Structure_PubChem,248.31,0.5928,0,1,17.07,5,0,0,,,,,248.31
CID_87546866,Industrial,87546866,CH5CdClO,180.92,,2,1,20.2,CO.Cl.[Cd],PubChem,,,,Structure_PubChem,180.915,0.0278,1,1,20.23,4,0,0,,,,,180.915
CID_87586503,Industrial,87586503,C3H6BiO,267.06,,0,1,17.1,CC(=O)C.[Bi],PubChem,,,,Structure_PubChem,267.06,0.2145,0,1,17.07,5,0,0,,,,,267.06
CID_87606761,Industrial,87606761,C3H6Cl3OTi,212.30,,0,1,17.1,CC(=O)C.Cl[Ti](Cl)Cl,PubChem,,,,Structure_PubChem,212.306,2.6613,0,1,17.07,8,0,0,,,,,212.306
CID_87670850,Industrial,87670850,CH4CuOZn,161.0,,1,1,20.2,CO.[Cu].[Zn],PubChem,,,,Structure_PubChem,160.978,-0.3965,1,1,20.23,4,0,0,,,,,160.978
CID_87673116,Industrial,87673116,CH4CeO,172.158,,1,1,20.2,CO.[Ce],PubChem,,,,Structure_PubChem,172.158,-0.3915,1,1,20.23,3,0,0,,,,,172.158
CID_87675215,Industrial,87675215,CH5ClHfO,246.99,,2,1,20.2,CO.Cl.[Hf],PubChem,,,,Structure_PubChem,246.993,0.0278,1,1,20.23,4,0,0,,,,,246.993
CID_87683510,Industrial,87683510,CH4InO,146.860,,1,1,20.2,CO.[In],PubChem,,,,Structure_PubChem,146.86,-0.7723,1,1,20.23,3,0,0,,,,,146.86
CID_87694559,Industrial,87694559,C3H6LuO,233.05,,0,1,17.1,CC(=O)C.[Lu],PubChem,,,,Structure_PubChem,233.047,0.5953,0,1,17.07,5,0,0,,,,,233.047
CID_87708583,Industrial,87708583,CH4O2Zn,113.4,,1,2,21.2,CO.[O-2].[Zn+2],PubChem,,,,Structure_PubChem,113.431,-0.5128,1,1,48.73,4,0,0,,,,,113.431
CID_87708584,Industrial,87708584,CH4O2Zn,113.4,,1,2,37.3,CO.O=[Zn],PubChem,,,,Structure_PubChem,113.431,-0.5128,1,2,37.3,4,0,0,,,,,113.431
CID_87851459,Industrial,87851459,CH4OPtRu,328.2,,1,1,20.2,CO.[Ru].[Pt],PubChem,,,,Structure_PubChem,328.19,-0.3965,1,1,20.23,4,0,0,,,,,328.19
CID_87857778,Industrial,87857778,CH5ClOSb,190.26,,2,1,20.2,CO.Cl.[Sb],PubChem,,,,Structure_PubChem,190.263,-0.3505,1,1,20.23,4,0,0,,,,,190.263
CID_87919655,Industrial,87919655,C3H6ClOPt,288.61,,0,1,17.1,CC(=O)C.Cl[Pt],PubChem,,,,Structure_PubChem,288.611,1.2823,0,1,17.07,6,0,0,,,,,288.611
CID_87992125,Industrial,87992125,CH4ClFeO-,123.34,,1,2,20.2,CO.[Cl-].[Fe],PubChem,,,,Structure_PubChem,123.34,-3.39,1,1,20.23,4,0,0,,,,,123.34
CID_87992126,Industrial,87992126,CH5ClFeO,124.35,,2,1,20.2,CO.Cl.[Fe],PubChem,,,,Structure_PubChem,124.348,0.0278,1,1,20.23,4,0,0,,,,,124.348
CID_87992134,Industrial,87992134,CH5ClNiO,127.19,,2,1,20.2,CO.Cl.[Ni],PubChem,,,,Structure_PubChem,127.196,0.0278,1,1,20.23,4,0,0,,,,,127.196
CID_87992349,Industrial,87992349,CH5ClCoO,127.43,,2,1,20.2,CO.Cl.[Co],PubChem,,,,Structure_PubChem,127.436,0.0278,1,1,20.23,4,0,0,,,,,127.436
CID_87992390,Industrial,87992390,CH5ClMnO,123.44,,2,1,20.2,CO.Cl.[Mn],PubChem,,,,Structure_PubChem,123.441,0.0278,1,1,20.23,4,0,0,,,,,123.441
CID_88037238,Industrial,88037238,C3H6Er2O,392.60,,0,1,17.1,CC(=O)C.[Er].[Er],PubChem,,,,Structure_PubChem,392.6,0.5953,0,1,17.07,6,0,0,,,,,392.6
CID_88037239,Industrial,88037239,C3H6Lu2O,408.01,,0,1,17.1,CC(=O)C.[Lu].[Lu],PubChem,,,,Structure_PubChem,408.014,0.5953,0,1,17.07,6,0,0,,,,,408.014
CID_88037240,Industrial,88037240,C3H6Dy2O,383.08,,0,1,17.1,CC(=O)C.[Dy].[Dy],PubChem,,,,Structure_PubChem,383.08,0.5953,0,1,17.07,6,0,0,,,,,383.08
CID_88037246,Industrial,88037246,C3H6OTb2,375.93,,0,1,17.1,CC(=O)C.[Tb].[Tb],PubChem,,,,Structure_PubChem,375.93,0.5953,0,1,17.07,6,0,0,,,,,375.93
CID_88037247,Industrial,88037247,C3H6La2O,335.89,,0,1,17.1,CC(=O)C.[La].[La],PubChem,,,,Structure_PubChem,335.892,0.5953,0,1,17.07,6,0,0,,,,,335.892
CID_88037480,Industrial,88037480,C3H6OPm2,347.90,,0,1,17.1,CC(=O)C.[Pm].[Pm],PubChem,,,,Structure_PubChem,348.08,0.5953,0,1,17.07,6,0,0,,,,,348.08
CID_88037483,Industrial,88037483,C3H6OSm2,358.8,,0,1,17.1,CC(=O)C.[Sm].[Sm],PubChem,,,,Structure_PubChem,358.8,0.5953,0,1,17.07,6,0,0,,,,,358.8
CID_88037487,Industrial,88037487,C3H6Gd2O,372.58,,0,1,17.1,CC(=O)C.[Gd].[Gd],PubChem,,,,Structure_PubChem,372.58,0.5953,0,1,17.07,6,0,0,,,,,372.58
CID_88037613,Industrial,88037613,C3H6OPr2,339.89,,0,1,17.1,CC(=O)C.[Pr].[Pr],PubChem,,,,Structure_PubChem,339.896,0.5953,0,1,17.07,6,0,0,,,,,339.896
CID_88037618,Industrial,88037618,C3H6Eu2O,362.01,,0,1,17.1,CC(=O)C.[Eu].[Eu],PubChem,,,,Structure_PubChem,362.008,0.5953,0,1,17.07,6,0,0,,,,,362.008
CID_88037622,Industrial,88037622,C3H6Nb2O,243.89,,0,1,17.1,CC(=O)C.[Nb].[Nb],PubChem,,,,Structure_PubChem,243.892,0.5903,0,1,17.07,6,0,0,,,,,243.892
CID_88037763,Industrial,88037763,C3H6Ce2O,338.31,,0,1,17.1,CC(=O)C.[Ce].[Ce],PubChem,,,,Structure_PubChem,338.312,0.5953,0,1,17.07,6,0,0,,,,,338.312
CID_88037770,Industrial,88037770,C3H6OTa2,419.97,,0,1,17.1,CC(=O)C.[Ta].[Ta],PubChem,,,,Structure_PubChem,419.976,0.5903,0,1,17.07,6,0,0,,,,,419.976
CID_88037970,Industrial,88037970,C3H6Ho2O,387.94,,0,1,17.1,CC(=O)C.[Ho].[Ho],PubChem,,,,Structure_PubChem,387.94,0.5953,0,1,17.07,6,0,0,,,,,387.94
CID_88037988,Industrial,88037988,C3H6OTm2,395.95,,0,1,17.1,CC(=O)C.[Tm].[Tm],PubChem,,,,Structure_PubChem,395.948,0.5953,0,1,17.07,6,0,0,,,,,395.948
CID_88037990,Industrial,88037990,C3H6OTi2,153.81,,0,1,17.1,CC(=O)C.[Ti].[Ti],PubChem,,,,Structure_PubChem,153.814,0.5903,0,1,17.07,6,0,0,,,,,153.814
CID_88056841,Industrial,88056841,CH4O2Ta,228.989,,1,2,37.3,CO.O=[Ta],PubChem,,,,Structure_PubChem,228.989,-0.5128,1,2,37.3,4,0,0,,,,,228.989
CID_88075040,Industrial,88075040,C3H6Br3OTi,345.66,,0,1,17.1,CC(=O)C.[Ti](Br)(Br)Br,PubChem,,,,Structure_PubChem,345.659,3.1296,0,1,17.07,8,0,0,,,,,345.659
CID_88077615,Industrial,88077615,C3H5OZr-,148.29,,0,2,17.1,CC(=O)[CH2-].[Zr],PubChem,,,,Structure_PubChem,148.296,0.407,0,1,17.07,5,0,0,,,,,148.296
CID_88161322,Industrial,88161322,CH4BaO,169.37,,1,1,20.2,CO.[Ba],PubChem,,,,Structure_PubChem,169.37,-0.7723,1,1,20.23,3,0,0,,,,,169.37
CID_88178112,Industrial,88178112,CH4MoO2,143.99,,1,2,37.3,CO.O=[Mo],PubChem,,,,Structure_PubChem,143.981,-0.5128,1,2,37.3,4,0,0,,,,,143.981
CID_88179089,Industrial,88179089,C3H5ClCoO,151.46,,0,2,17.1,CC(=O)[CH2-].Cl[Co+],PubChem,,,,Structure_PubChem,151.458,1.0965,0,1,17.07,6,0,0,,,,,151.458
CID_88179090,Industrial,88179090,C3H6Cl2CoO,187.92,,0,1,17.1,CC(=O)C.Cl[Co]Cl,PubChem,,,,Structure_PubChem,187.919,1.9718,0,1,17.07,7,0,0,,,,,187.919
CID_88179263,Industrial,88179263,CH4MoO,127.99,,1,1,20.2,CO.[Mo],PubChem,,,,Structure_PubChem,127.982,-0.394,1,1,20.23,3,0,0,,,,,127.982
CID_88202767,Industrial,88202767,C7H14MgO,138.49,,0,3,17.1,CCC[CH2-].CC(=O)[CH2-].[Mg+2],PubChem,,,,Structure_PubChem,138.493,1.6493,0,1,17.07,9,0,1,,,,,138.493
CID_88202769,Industrial,88202769,C5H10MgO,110.44,,0,3,17.1,C[CH2-].CC(=O)[CH2-].[Mg+2],PubChem,,,,Structure_PubChem,110.439,0.8691,0,1,17.07,7,0,0,,,,,110.439
CID_88222844,Industrial,88222844,C3H6O4,106.08,,0,3,58.2,CC(=O)C.[O-][O+]=O,PubChem,,,,Structure_PubChem,106.077,-0.5267,0,3,68.5,7,0,0,,,,,106.077
CID_88240451,Industrial,88240451,C3H6ORu,159.1,,0,1,17.1,CC(=O)C.[Ru],PubChem,,,,Structure_PubChem,159.15,0.5928,0,1,17.07,5,0,0,,,,,159.15
CID_88285658,Industrial,88285658,CH5ClOZn,133.9,,2,1,20.2,CO.Cl.[Zn],PubChem,,,,Structure_PubChem,133.893,0.0278,1,1,20.23,4,0,0,,,,,133.893
CID_88294764,Industrial,88294764,CH5BrCoO,171.89,,2,1,20.2,CO.[Co].Br,PubChem,,,,Structure_PubChem,171.887,0.1839,1,1,20.23,4,0,0,,,,,171.887
CID_88301786,Industrial,88301786,CH4INaO,181.936,,1,2,20.2,CO.[Na+].[I-],PubChem,,,,Structure_PubChem,181.936,-6.3835,1,1,20.23,4,0,0,,,,,181.936
CID_88327182,Industrial,88327182,C3H6O2Ti2,169.81,,0,2,34.1,CC(=O)C.O=[Ti].[Ti],PubChem,,,,Structure_PubChem,169.813,0.4715,0,2,34.14,7,0,0,,,,,169.813
CID_88331728,Industrial,88331728,C4H6OS,102.16,,0,2,18.1,CC(=O)C.[C-]#[S+],PubChem,,,,Structure_PubChem,102.158,0.6742,0,1,17.07,6,0,0,,,,,102.158
CID_88339426,Industrial,88339426,C3H6CsO,190.98,,0,1,17.1,CC(=O)C.[Cs],PubChem,,,,Structure_PubChem,190.985,0.2145,0,1,17.07,5,0,0,,,,,190.985
CID_88357752,Industrial,88357752,C6H14O,102.17,,0,1,17.1,CC.CCC(=O)C,PubChem,,,,Structure_PubChem,102.177,2.0116,0,1,17.07,7,0,1,,,,,102.177
CID_88364038,Industrial,88364038,C3H5O2Pr2Zr-,446.11,,0,3,34.1,CC(=O)[CH2-].O=[Zr].[Pr].[Pr],PubChem,,,,Structure_PubChem,446.111,0.2882,0,2,34.14,8,0,0,,,,,446.111
CID_88367912,Industrial,88367912,C3H5OPd-,163.49,,0,2,17.1,CC(=O)[CH2-].[Pd],PubChem,,,,Structure_PubChem,163.492,0.407,0,1,17.07,5,0,0,,,,,163.492
CID_88394230,Industrial,88394230,C3H6Br2OZn,283.3,,0,1,17.1,CC(=O)C.[Zn](Br)Br,PubChem,,,,Structure_PubChem,283.278,2.284,0,1,17.07,7,0,0,,,,,283.278
CID_88422667,Industrial,88422667,C3H6I2OZn,377.3,,0,1,17.1,CC(=O)C.[Zn](I)I,PubChem,,,,Structure_PubChem,377.278,2.3642,0,1,17.07,7,0,0,,,,,377.278
CID_88437972,Industrial,88437972,CH5ClFeO,124.35,,2,1,20.2,CO.Cl.[Fe],PubChem,,,,Structure_PubChem,124.348,0.0278,1,1,20.23,4,0,0,,,,,124.348
CID_88460324,Industrial,88460324,C2H6OPb,253,,1,1,20.2,C[Pb]CO,PubChem,,,,Structure_PubChem,253.269,-0.3115,1,1,20.23,4,0,1,,,,,253.269
CID_88473196,Industrial,88473196,C6H7NO3,141.12,,2,4,69.9,C1=CC=C(C=C1)O.N(=O)O,PubChem,,,,Structure_PubChem,141.126,1.5342,2,3,69.89,10,1,0,,,,,141.126
CID_88502887,Industrial,88502887,C3H6ArHeO,102.0,,0,1,17.1,[He].CC(=O)C.[Ar],PubChem,,,,Structure_PubChem,102.031,0.5953,0,1,17.07,6,0,0,,,,,102.031
CID_88516120,Industrial,88516120,CH4NbO,124.948,,1,1,20.2,CO.[Nb],PubChem,,,,Structure_PubChem,124.948,-0.394,1,1,20.23,3,0,0,,,,,124.948
CID_88518969,Industrial,88518969,CH4Br2O,191.85,,1,1,20.2,CO.BrBr,PubChem,,,,Structure_PubChem,191.85,1.2997,1,1,20.23,4,0,0,,,,,191.85
CID_88644764,Industrial,88644764,C3H6AgFO,184.95,,0,2,17.1,CC(=O)C.[F-].[Ag+],PubChem,,,,Structure_PubChem,184.946,-2.4032,0,1,17.07,6,0,0,,,,,184.946
CID_88648201,Industrial,88648201,CH6O2Pd,156.48,,2,2,21.2,CO.O.[Pd],PubChem,,,,Structure_PubChem,156.477,-1.2187,1,1,51.73,4,0,0,,,,,156.477
CID_88675630,Industrial,88675630,CH6Br2O,193.87,,3,1,20.2,CO.Br.Br,PubChem,,,,Structure_PubChem,193.866,0.7643,1,1,20.23,4,0,0,,,,,193.866
CID_88678577,Industrial,88678577,C3H6BrLiO,145.0,,0,2,17.1,[Li+].CC(=O)C.[Br-],PubChem,,,,Structure_PubChem,144.925,-5.3967,0,1,17.07,6,0,0,,,,,144.925
CID_88687422,Industrial,88687422,C3H6IKO,224.08,,0,2,17.1,CC(=O)C.[K+].[I-],PubChem,,,,Structure_PubChem,224.082,-5.3967,0,1,17.07,6,0,0,,,,,224.082
CID_88708721,Industrial,88708721,CH4Cu2O,159.13,,1,1,20.2,CO.[Cu].[Cu],PubChem,,,,Structure_PubChem,159.134,-0.3965,1,1,20.23,4,0,0,,,,,159.134
CID_88726889,Industrial,88726889,CH4BaO2,185.37,,1,2,21.2,CO.[O-2].[Ba+2],PubChem,,,,Structure_PubChem,185.369,-0.8911,1,1,48.73,4,0,0,,,,,185.369
CID_88741583,Industrial,88741583,C3H6OTh,290.12,,0,1,17.1,CC(=O)C.[Th],PubChem,,,,Structure_PubChem,290.118,0.5953,0,1,17.07,5,0,0,,,,,290.118
CID_88759197,Industrial,88759197,C2H6OSn,164.78,,1,1,20.2,CCO.[Sn],PubChem,,,,Structure_PubChem,164.78,-0.3822,1,1,20.23,4,0,0,,,,,164.78
CID_88773175,Industrial,88773175,C3H6OU,296.11,,0,1,17.1,CC(=O)C.[U],PubChem,,,,Structure_PubChem,296.109,0.5953,0,1,17.07,5,0,0,,,,,296.109
CID_88777673,Industrial,88777673,C4H7OSn,189.81,,0,1,17.1,CC(=O)CC[Sn],PubChem,,,,Structure_PubChem,189.81,0.5523,0,1,17.07,6,0,2,,,,,189.81
CID_88779136,Industrial,88779136,C3H6ClHgO,294.12,,0,1,17.1,CC(=O)C.Cl[Hg],PubChem,,,,Structure_PubChem,294.123,1.2823,0,1,17.07,6,0,0,,,,,294.123
CID_88781642,Industrial,88781642,C3H5HgO,257.66,,0,1,17.1,CC(=O)C[Hg],PubChem,,,,Structure_PubChem,257.662,0.5405,0,1,17.07,5,0,1,,,,,257.662
CID_88814143,Industrial,88814143,CH4ClCuO,131.04,,1,2,20.2,CO.[Cl-].[Cu+],PubChem,,,,Structure_PubChem,131.041,-3.39,1,1,20.23,4,0,0,,,,,131.041
CID_88814151,Industrial,88814151,CH4BrCuO,175.49,,1,2,20.2,CO.[Cu+].[Br-],PubChem,,,,Structure_PubChem,175.492,-3.39,1,1,20.23,4,0,0,,,,,175.492
CID_88820404,Industrial,88820404,CH6KOS+,105.22,,2,2,21.2,CO.S.[K+],PubChem,,,,Structure_PubChem,105.223,-3.2747,1,1,20.23,4,0,0,,,,,105.223
CID_88828319,Industrial,88828319,C3H9OZn-,126.5,,1,2,20.2,[CH3-].CCO.[Zn],PubChem,,,,Structure_PubChem,126.494,0.4464,1,1,20.23,5,0,0,,,,,126.494
CID_88831434,Industrial,88831434,C3H5ORu,158.1,,0,2,17.1,CC(=O)[CH2-].[Ru+],PubChem,,,,Structure_PubChem,158.142,0.407,0,1,17.07,5,0,0,,,,,158.142
CID_88832552,Industrial,88832552,C3H6ClORu,194.6,,0,1,17.1,CC(=O)C.Cl[Ru],PubChem,,,,Structure_PubChem,194.603,1.2823,0,1,17.07,6,0,0,,,,,194.603
CID_88832553,Industrial,88832553,C3H5ClORu,193.6,,0,2,17.1,CC(=O)[CH2-].Cl[Ru+],PubChem,,,,Structure_PubChem,193.595,1.0965,0,1,17.07,6,0,0,,,,,193.595
CID_88832554,Industrial,88832554,C3H6Cl3ORu,265.5,,0,1,17.1,CC(=O)C.Cl[Ru](Cl)Cl,PubChem,,,,Structure_PubChem,265.509,2.6613,0,1,17.07,8,0,0,,,,,265.509
CID_88841756,Industrial,88841756,C3H5HfO-,235.56,,0,2,17.1,CC(=O)[CH2-].[Hf],PubChem,,,,Structure_PubChem,235.562,0.407,0,1,17.07,5,0,0,,,,,235.562
CID_88842595,Industrial,88842595,C3H5OTi-,104.94,,0,2,17.1,CC(=O)[CH2-].[Ti],PubChem,,,,Structure_PubChem,104.939,0.407,0,1,17.07,5,0,0,,,,,104.939
CID_88847840,Industrial,88847840,C3H6AuO,255.05,,0,1,17.1,CC(=O)C.[Au],PubChem,,,,Structure_PubChem,255.047,0.5928,0,1,17.07,5,0,0,,,,,255.047
CID_88850414,Industrial,88850414,C3H6OPt,253.16,,0,1,17.1,CC(=O)C.[Pt],PubChem,,,,Structure_PubChem,253.158,0.5928,0,1,17.07,5,0,0,,,,,253.158
CID_88850448,Industrial,88850448,C3H6IrO,250.30,,0,1,17.1,CC(=O)C.[Ir],PubChem,,,,Structure_PubChem,250.297,0.5928,0,1,17.07,5,0,0,,,,,250.297
CID_88921485,Industrial,88921485,C7H15GaO,184.92,,0,1,17.1,CC[Ga](CC)CC(=O)C,PubChem,,,,Structure_PubChem,184.919,2.11,0,1,17.07,9,0,4,,,,,184.919
CID_88925175,Industrial,88925175,C3H7BrO,138.99,,1,1,17.1,CC(=O)C.Br,PubChem,,,,Structure_PubChem,138.992,1.1732,0,1,17.07,5,0,0,,,,,138.992
CID_89021607,Industrial,89021607,CH4ORu,133.1,,1,1,20.2,CO.[Ru],PubChem,,,,Structure_PubChem,133.112,-0.394,1,1,20.23,3,0,0,,,,,133.112
CID_90002442,Industrial,90002442,C3H6FKO,116.18,,0,2,17.1,CC(=O)C.[F-].[K+],PubChem,,,,Structure_PubChem,116.176,-5.3967,0,1,17.07,6,0,0,,,,,116.176
CID_90174182,Industrial,90174182,C3H6Cl3MoO,260.4,,0,1,17.1,CC(=O)C.Cl[Mo](Cl)Cl,PubChem,,,,Structure_PubChem,260.379,2.6613,0,1,17.07,8,0,0,,,,,260.379
CID_90472171,Industrial,90472171,C4H8O,80.15,0.3,0,1,17.1,[2H]C([2H])([2H])C(=O)C([2H])([2H])C([2H])([2H])[2H],PubChem,,,,Structure_PubChem,80.1558,0.9854,0,1,17.07,5,0,1,,,,,80.1558
CID_90657089,Industrial,90657089,C3H14O3,98.14,,3,3,22.2,C.CCO.O.O,PubChem,,,,Structure_PubChem,98.142,-1.0147,1,1,83.23,6,0,0,,,,,98.142
CID_90963180,Industrial,90963180,C2H4O2,60.05,,1,2,21.2,CO.[C-]#[O+],PubChem,,,,Structure_PubChem,60.052,-0.429,1,1,40.13,4,0,0,,,,,60.052
CID_90980219,Industrial,90980219,C2H6O,47.07,-0.1,1,1,20.2,[H][C@]([2H])(C)O,PubChem,,,,Structure_PubChem,47.0751,-0.0014,1,1,20.23,3,0,0,,,,,47.0751
CID_91007443,Industrial,91007443,C3H6O,66.11,-0.1,0,1,17.1,[3H]CC(=O)C([3H])([3H])[3H],PubChem,,,,Structure_PubChem,66.1122,0.5953,0,1,17.07,4,0,0,,,,,66.1122
CID_91076884,Industrial,91076884,C3H9OP,93.08,,0,1,17.1,[2H]P.CC(=O)C,PubChem,,,,Structure_PubChem,93.0841,0.6534,0,1,17.07,5,0,0,,,,,93.0841
CID_91085530,Industrial,91085530,C2H8O,50.10,,1,1,20.2,[2H]C.[2H]OC,PubChem,,,,Structure_PubChem,50.0972,0.2446,1,1,20.23,3,0,0,,,,,50.0972
CID_91264631,Industrial,91264631,C3H7O2+,75.09,-0.1,1,1,21.2,CC(=[O+]O)C,PubChem,,,,Structure_PubChem,75.087,0.604,1,1,31.53,5,0,0,,,,,75.087
CID_91431114,Industrial,91431114,CH4F2O,70.039,,1,3,20.2,CO.FF,PubChem,,,,Structure_PubChem,70.038,0.4489,1,1,20.23,4,0,0,,,,,70.038
CID_91996027,Industrial,91996027,C3H7AlO,86.07,,0,1,17.1,CC(=O)C[AlH2],PubChem,,,,Structure_PubChem,86.07,-0.3732,0,1,17.07,5,0,1,,,,,86.07
CID_92003304,Industrial,92003304,CH4OSr,119.66,,1,1,20.2,CO.[Sr],PubChem,,,,Structure_PubChem,119.662,-0.7723,1,1,20.23,3,0,0,,,,,119.662
CID_92009023,Industrial,92009023,CH4ORb,117.510,,1,1,20.2,CO.[Rb],PubChem,,,,Structure_PubChem,117.51,-0.7723,1,1,20.23,3,0,0,,,,,117.51
CID_100918266,Industrial,100918266,CH4O,34.054,-0.5,1,1,20.2,[2H]CO[2H],PubChem,,,,Structure_PubChem,34.0542,-0.3915,1,1,20.23,2,0,0,,,,,34.0542
CID_100961596,Industrial,100961596,CH4O,34.041,-0.5,1,1,20.2,[2H]O[13CH3],PubChem,,,,Structure_PubChem,34.0405,-0.3915,1,1,20.23,2,0,0,,,,,34.0405
CID_101233907,Industrial,101233907,C4H8O,73.11,0.3,0,1,17.1,[2H]CCC(=O)C,PubChem,,,,Structure_PubChem,73.1131,0.9854,0,1,17.07,5,0,1,,,,,73.1131
CID_101282607,Industrial,101282607,C12H10Zn,219.6,,0,0,0.0,C1=CC=[C]C=C1.C1=CC=[C]C=C1.[Zn],PubChem,,,,Structure_PubChem,219.602,2.9711,0,0,0.0,13,2,0,,,,,219.602
CID_101636931,Industrial,101636931,C3H8O,61.10,0.3,1,1,20.2,[H][C@@]([2H])(CC)O,PubChem,,,,Structure_PubChem,61.1021,0.3887,1,1,20.23,4,0,1,,,,,61.1021
CID_101919279,Industrial,101919279,C2H6O,47.07,-0.1,1,1,20.2,[H][C@@]([2H])(C)O,PubChem,,,,Structure_PubChem,47.0751,-0.0014,1,1,20.23,3,0,0,,,,,47.0751
CID_102326871,Industrial,102326871,C17H16O2,252.31,4.4,2,2,40.5,C1=CC(=CC=C1/C=C\C/C=C\C2=CC=C(C=C2)O)O,PubChem,,,,Structure_PubChem,252.313,4.2145,2,2,40.46,19,2,4,,,,,252.313
CID_102397985,Industrial,102397985,C3H6O,62.10,-0.1,0,1,17.1,[2H]C([2H])C(=O)C([2H])[2H],PubChem,,,,Structure_PubChem,62.1044,0.5953,0,1,17.07,4,0,0,,,,,62.1044
CID_102601483,Industrial,102601483,C3H8O,61.10,0.3,1,1,20.2,[2H]C(C)CO,PubChem,,,,Structure_PubChem,61.1021,0.3887,1,1,20.23,4,0,1,,,,,61.1021
CID_117064400,Industrial,117064400,C2H6O,53.085,-0.1,1,1,20.2,[2H][13C]([2H])([2H])[13C]([2H])([2H])O,PubChem,,,,Structure_PubChem,53.0842,-0.0014,1,1,20.23,3,0,0,,,,,53.0842
CID_117064417,Industrial,117064417,C3H6O,65.11,-0.1,0,1,17.1,[2H]C([2H])([2H])[13C](=O)C([2H])([2H])[2H],PubChem,,,,Structure_PubChem,65.109,0.5953,0,1,17.07,4,0,0,,,,,65.109
CID_117064448,Industrial,117064448,CH4O,35.047,-0.5,1,1,20.2,[2H][13CH]([2H])O,PubChem,,,,Structure_PubChem,35.0466,-0.3915,1,1,20.23,2,0,0,,,,,35.0466
CID_118212070,Industrial,118212070,C7H6O3,138.12,,2,3,60.4,[H+].C1=CC=C(C(=C1)C(=O)O)[O-],PubChem,,,,Structure_PubChem,138.122,0.5709,1,2,60.36,10,1,1,,,,,138.122
CID_122394865,Industrial,122394865,C3H8OTe,187.7,,1,1,20.2,C[Te]CCO,PubChem,,,,Structure_PubChem,187.696,0.1493,1,1,20.23,5,0,2,,,,,187.696
CID_123831559,Industrial,123831559,CH4OS2,96.18,,1,3,84.4,CO.S=S,PubChem,,,,Structure_PubChem,96.176,-0.3963,1,3,20.23,4,0,0,,,,,96.176
CID_123977715,Industrial,123977715,CH4O3,64.041,,1,3,54.4,CO.O=O,PubChem,,,,Structure_PubChem,64.04,-0.3245,1,3,54.37,4,0,0,,,,,64.04
CID_129628456,Industrial,129628456,C2H5ORh-,147.97,,1,2,20.2,C[CH-]O.[Rh],PubChem,,,,Structure_PubChem,147.967,0.5381,1,1,20.23,4,0,0,,,,,147.967
CID_129629605,Industrial,129629605,C2H7FO,66.07,,2,2,20.2,CCO.F,PubChem,,,,Structure_PubChem,66.075,0.1511,1,1,20.23,4,0,0,,,,,66.075
CID_129644648,Industrial,129644648,C2H6CuO,109.61,,1,1,20.2,CCO.[Cu],PubChem,,,,Structure_PubChem,109.615,-0.0039,1,1,20.23,4,0,0,,,,,109.615
CID_129650089,Industrial,129650089,C2H6AgO,153.94,,1,1,20.2,CCO.[Ag],PubChem,,,,Structure_PubChem,153.937,-0.0039,1,1,20.23,4,0,0,,,,,153.937
CID_129652054,Industrial,129652054,C2H5OPd-,151.48,,1,2,20.2,[CH2-]CO.[Pd],PubChem,,,,Structure_PubChem,151.481,-0.1897,1,1,20.23,4,0,0,,,,,151.481
CID_129656941,Industrial,129656941,CH4AgO,139.910,,1,1,20.2,CO.[Ag],PubChem,,,,Structure_PubChem,139.91,-0.394,1,1,20.23,3,0,0,,,,,139.91
CID_129675668,Industrial,129675668,C2H6O2Ta,243.02,,1,2,37.3,CCO.O=[Ta],PubChem,,,,Structure_PubChem,243.016,-0.1227,1,2,37.3,5,0,0,,,,,243.016
CID_129679938,Industrial,129679938,C4H6O2,87.10,-1.3,0,2,34.1,[2H]CC(=O)C(=O)C,PubChem,,,,Structure_PubChem,87.0961,0.1644,0,2,34.14,6,0,1,,,,,87.0961
CID_129687008,Industrial,129687008,C2H7CdO-,159.49,,1,2,20.2,[CH3-].CO.[Cd],PubChem,,,,Structure_PubChem,159.489,0.0563,1,1,20.23,4,0,0,,,,,159.489
CID_129687025,Industrial,129687025,C3H9CdO-,173.52,,1,2,20.2,[CH3-].CCO.[Cd],PubChem,,,,Structure_PubChem,173.516,0.4464,1,1,20.23,5,0,0,,,,,173.516
CID_129691891,Industrial,129691891,C3H4Ag2O,271.80,,0,3,17.1,[CH2-]C(=O)[CH2-].[Ag+].[Ag+],PubChem,,,,Structure_PubChem,271.8,0.2187,0,1,17.07,6,0,0,,,,,271.8
CID_129694579,Industrial,129694579,C2H4FeO,99.90,,1,1,20.2,C(C=[Fe])O,PubChem,,,,Structure_PubChem,99.898,-0.6723,1,1,20.23,4,0,1,,,,,99.898
CID_129694914,Industrial,129694914,C2H5OZn-,110.4,,1,2,20.2,C[CH-]O.[Zn],PubChem,,,,Structure_PubChem,110.451,0.5381,1,1,20.23,4,0,0,,,,,110.451
CID_129700161,Industrial,129700161,C2H5AsO2,135.98,,1,2,37.3,CC(O)[As]=O,PubChem,,,,Structure_PubChem,135.982,-0.6256,1,2,37.3,5,0,1,,,,,135.982
CID_129711478,Industrial,129711478,CH4IrO,224.26,,1,1,20.2,CO.[Ir],PubChem,,,,Structure_PubChem,224.259,-0.394,1,1,20.23,3,0,0,,,,,224.259
CID_129717536,Industrial,129717536,C2H5AlO,72.04,,1,1,20.2,CC(O)[Al],PubChem,,,,Structure_PubChem,72.043,-0.5068,1,1,20.23,4,0,0,,,,,72.043
CID_129724209,Industrial,129724209,C2H6OSi,74.15,,1,1,20.2,CCO.[Si],PubChem,,,,Structure_PubChem,74.155,-0.3822,1,1,20.23,4,0,0,,,,,74.155
CID_129765949,Industrial,129765949,C2H5OTe,172.7,,1,1,20.2,C(C[Te])O,PubChem,,,,Structure_PubChem,172.661,-0.4345,1,1,20.23,4,0,1,,,,,172.661
CID_129781547,Industrial,129781547,C2H6CrO4,146.06,,1,4,71.4,CCO.O=[Cr](=O)=O,PubChem,,,,Structure_PubChem,146.062,-0.3603,1,4,71.44,7,0,0,,,,,146.062
CID_129801096,Industrial,129801096,C3H8O2,82.13,,1,2,18.1,[2H]C([2H])([2H])C(=O)C([2H])([2H])[2H].O,PubChem,,,,Structure_PubChem,82.1316,-0.2294,0,1,48.57,5,0,0,,,,,82.1316
CID_129809062,Industrial,129809062,C3H5AuO,254.04,,0,2,17.1,CC(=O)[CH2-].[Au+],PubChem,,,,Structure_PubChem,254.039,0.407,0,1,17.07,5,0,0,,,,,254.039
CID_129859574,Industrial,129859574,C4H10CrO,126.12,,1,1,20.2,CCO.CC=[Cr],PubChem,,,,Structure_PubChem,126.119,0.3539,1,1,20.23,6,0,0,,,,,126.119
CID_129887236,Industrial,129887236,C3H9Cl3O,167.46,,3,1,17.1,CC(=O)C.Cl.Cl.Cl,PubChem,,,,Structure_PubChem,167.463,1.8607,0,1,17.07,7,0,0,,,,,167.463
CID_129888638,Industrial,129888638,C3H5ORh-,159.98,,0,2,17.1,CC(=O)[CH2-].[Rh],PubChem,,,,Structure_PubChem,159.978,0.407,0,1,17.07,5,0,0,,,,,159.978
CID_129888744,Industrial,129888744,C2H8FeO3,135.93,,2,3,38.3,CCO.O.O=[Fe],PubChem,,,,Structure_PubChem,135.928,-0.9474,1,2,68.8,6,0,0,,,,,135.928
CID_131667386,Industrial,131667386,C4H6O2,90.060,-1.3,0,2,34.1,[13CH3][13C](=O)[13C](=O)[13CH3],PubChem,,,,Structure_PubChem,90.0594,0.1644,0,2,34.14,6,0,1,,,,,90.0594
CID_131718569,Industrial,131718569,CH6O2,56.094,,2,2,21.2,[2H]C([2H])([2H])O[2H].[2H]O[2H],PubChem,,,,Structure_PubChem,56.0936,-1.2162,1,1,51.73,3,0,0,,,,,56.0936
CID_131719842,Industrial,131719842,C2H7O2-,63.08,,1,2,43.3,CO.C[O-],PubChem,,,,Structure_PubChem,63.076,-1.415,1,2,43.29,4,0,0,,,,,63.076
CID_131730690,Industrial,131730690,C3H6OPd2,270.9,,0,1,17.1,CC(=O)C.[Pd].[Pd],PubChem,,,,Structure_PubChem,270.92,0.5903,0,1,17.07,6,0,0,,,,,270.92
CID_131731402,Industrial,131731402,C3H6I2O,311.89,,0,1,17.1,CC(=O)C.II,PubChem,,,,Structure_PubChem,311.888,2.3667,0,1,17.07,6,0,0,,,,,311.888
CID_131732651,Industrial,131732651,CH4I2O,285.851,,1,1,20.2,CO.II,PubChem,,,,Structure_PubChem,285.85,1.3799,1,1,20.23,4,0,0,,,,,285.85
CID_131872008,Industrial,131872008,CH4CsO,164.947,,1,1,20.2,CO.[Cs],PubChem,,,,Structure_PubChem,164.947,-0.7723,1,1,20.23,3,0,0,,,,,164.947
CID_132647828,Industrial,132647828,C3H6OZr+4,149.30,,0,1,17.1,CC(=O)C.[Zr+4],PubChem,,,,Structure_PubChem,149.304,0.5928,0,1,17.07,5,0,0,,,,,149.304
CID_134839750,Industrial,134839750,C2H5FeO,100.91,,1,1,20.2,C[CH]O.[Fe],PubChem,,,,Structure_PubChem,100.906,0.5381,1,1,20.23,4,0,0,,,,,100.906
CID_134866548,Industrial,134866548,C3H9OPd-,167.52,,1,2,20.2,[CH3-].CCO.[Pd],PubChem,,,,Structure_PubChem,167.524,0.4464,1,1,20.23,5,0,0,,,,,167.524
CID_134874863,Industrial,134874863,C3H7O+,65.12,-0.1,1,0,1.0,[2H]C([2H])([2H])C(=[OH+])C([2H])([2H])[2H],PubChem,,,,Structure_PubChem,65.1246,0.5711,0,0,21.4,4,0,0,,,,,65.1246
CID_135035135,Industrial,135035135,C2H7FeO-,102.92,,1,2,20.2,[CH3-].CO.[Fe],PubChem,,,,Structure_PubChem,102.922,0.0563,1,1,20.23,4,0,0,,,,,102.922
CID_135037659,Industrial,135037659,C4H6O,70.09,0.3,0,1,17.1,C[C]C(=O)C,PubChem,,,,Structure_PubChem,70.091,0.6766,0,1,17.07,5,0,1,,,,,70.091
CID_138399037,Industrial,138399037,C2H6Cl3OTi,200.29,,1,4,20.2,CCO.[Cl-].[Cl-].[Cl-].[Ti+3],PubChem,,,,Structure_PubChem,200.295,-8.9919,1,1,20.23,7,0,0,,,,,200.295
CID_139088895,Industrial,139088895,CH7NO,56.116,,2,2,21.2,[2H]C([2H])([2H])O[2H].[2H]N([2H])[2H],PubChem,,,,Structure_PubChem,56.1157,-0.2295,2,2,55.23,3,0,0,,,,,56.1157
CID_139152385,Industrial,139152385,C6H12O,100.16,0.6,0,1,1.0,C[C-](C)[O+]=C(C)C,PubChem,,,,Structure_PubChem,100.161,1.7028,0,0,11.3,7,0,1,,,,,100.161
CID_139197254,Industrial,139197254,C3H6Br2O,223.92,,0,1,17.1,[2H]C([2H])([2H])C(=O)C([2H])([2H])[2H].BrBr,PubChem,,,,Structure_PubChem,223.9246,2.2865,0,1,17.07,6,0,0,,,,,223.9246
CID_140338819,Industrial,140338819,C3H7FO,78.09,,1,2,17.1,CC(=O)C.F,PubChem,,,,Structure_PubChem,78.086,0.7478,0,1,17.07,5,0,0,,,,,78.086
CID_140445393,Industrial,140445393,CH4ClNiO,126.19,,1,1,20.2,CO.Cl[Ni],PubChem,,,,Structure_PubChem,126.188,0.2955,1,1,20.23,4,0,0,,,,,126.188
CID_140612219,Industrial,140612219,C3H3FeO,110.90,,0,1,17.1,CC(=O)C#[Fe],PubChem,,,,Structure_PubChem,110.901,0.0814,0,1,17.07,5,0,0,,,,,110.901
CID_140665310,Industrial,140665310,CH4O+,32.042,-0.5,1,0,1.0,C[OH+],PubChem,,,,Structure_PubChem,32.042,-0.3915,0,1,21.4,2,0,0,,,,,32.042
CID_141177921,Industrial,141177921,CH6O2,51.063,,2,2,21.2,[2H]CO.O,PubChem,,,,Structure_PubChem,51.0631,-1.2162,1,1,51.73,3,0,0,,,,,51.0631
CID_141185623,Industrial,141185623,CH4AuO,229.008,,1,1,20.2,CO.[Au],PubChem,,,,Structure_PubChem,229.009,-0.394,1,1,20.23,3,0,0,,,,,229.009
CID_141242800,Industrial,141242800,C3H6O3,90.08,,0,3,51.2,CC(=O)C.O=O,PubChem,,,,Structure_PubChem,90.078,0.6623,0,3,51.21,6,0,0,,,,,90.078
CID_141246728,Industrial,141246728,CH4BrCuO,175.49,,1,1,20.2,CO.[Cu]Br,PubChem,,,,Structure_PubChem,175.492,0.4516,1,1,20.23,4,0,0,,,,,175.492
CID_141296818,Industrial,141296818,C3H6N2O,86.09,,0,3,64.7,CC(=O)C.N#N,PubChem,,,,Structure_PubChem,86.094,0.6255,0,3,64.65,6,0,0,,,,,86.094
CID_141360859,Industrial,141360859,CH6OS2,98.19,,3,3,22.2,CO.SS,PubChem,,,,Structure_PubChem,98.192,0.3695,3,3,20.23,4,0,0,,,,,98.192
CID_141387710,Industrial,141387710,CH4O2V,98.983,,1,2,37.3,CO.O=[V],PubChem,,,,Structure_PubChem,98.985,-0.5128,1,2,37.3,4,0,0,,,,,98.985
CID_141620366,Industrial,141620366,CH4GeO,104.67,,1,1,20.2,CO.[Ge],PubChem,,,,Structure_PubChem,104.652,-0.7723,1,1,20.23,3,0,0,,,,,104.652
CID_142299195,Industrial,142299195,CH6Cl2O,108.99,,3,1,20.2,[2H]C([2H])([2H])O[2H].Cl.Cl,PubChem,,,,Structure_PubChem,108.9884,0.4521,1,1,20.23,4,0,0,,,,,108.9884
CID_142979148,Industrial,142979148,C7H18O,118.22,,0,1,17.1,CC.CC.CC(=O)C,PubChem,,,,Structure_PubChem,118.22,2.6477,0,1,17.07,8,0,0,,,,,118.22
